fault,depth_below_trace_m,Y_m,top_elevation_m,admissible_model_count,admissible_models,x_min_m,x_median_m,x_max_m,x_spread_m,x_single_plane_m,x_segmented_plane_m,x_quadratic_surface_m,x_trace_constrained_ruled_m
F2,100.0,-389.3249599998817,1765.7628173828125,2,single_plane;segmented_plane,-299.77033001591917,-49.85737526905723,200.0555794778047,499.8259094937239,200.0555794778047,-299.77033001591917,,
F2,100.0,-379.7110560834408,1765.7628173828125,2,single_plane;segmented_plane,-297.6512358201435,-59.40712316182908,178.83698949648533,476.4882253166288,178.83698949648533,-297.6512358201435,,
F2,100.0,-370.0971521669999,1765.7628173828125,2,single_plane;segmented_plane,-295.5321416243678,-68.95687105460092,157.61839951516595,453.15054113953374,157.61839951516595,-295.5321416243678,,
F2,100.0,-360.48324824962765,1765.7628173828125,2,single_plane;segmented_plane,-293.4130474284757,-78.50661894842051,136.3998095317511,429.8128569602268,136.3998095317511,-293.4130474284757,,
F2,100.0,-350.86934433318675,1765.7628173828125,2,single_plane;segmented_plane,-291.2939532327,-88.05636684107594,115.1812195504317,406.4751727831317,115.1812195504317,-291.2939532327,,
F2,100.0,-341.25544041674584,1765.7628173828125,2,single_plane;segmented_plane,-289.1748590369243,-97.6061147339642,93.96262956911232,383.13748860603664,93.96262956911232,-289.1748590369243,,
F2,100.0,-331.64153650030494,1765.7628173828125,2,single_plane;segmented_plane,-287.05576484114863,-107.15586262673605,72.74403958767653,359.79980442882515,72.74403958767653,-287.05576484114863,,
F2,100.0,-322.0276325829327,1765.7628173828125,2,single_plane;segmented_plane,-284.9366706452565,-116.70561052043922,51.52544960437808,336.4621202496346,51.52544960437808,-284.9366706452565,,
F2,100.0,-312.4137286664918,1765.7628173828125,2,single_plane;segmented_plane,-282.81757644948084,-126.25535841332749,30.306859622942284,313.1244360724231,30.306859622942284,-282.81757644948084,,
F2,100.0,-302.7998247500509,1765.7628173828125,2,single_plane;segmented_plane,-280.69848225370515,-135.80510630598292,9.088269641622901,289.78675189532805,9.088269641622901,-280.69848225370515,,
F2,100.0,-293.18592083361,1765.7628173828125,2,single_plane;segmented_plane,-278.57938805792946,-145.35485419887118,-12.130320339696482,266.449067718233,-12.130320339696482,-278.57938805792946,,
F2,100.0,-283.57201691623777,1765.7628173828125,2,single_plane;segmented_plane,-276.46029386203736,-154.90460209257435,-33.34891032311134,243.111383538926,-33.34891032311134,-276.46029386203736,,
F2,100.0,-273.95811299979687,1765.7628173828125,2,single_plane;segmented_plane,-274.3411996662617,-164.4543499853462,-54.56750030443072,219.77369936183092,-54.56750030443072,-274.3411996662617,,
F2,100.0,-264.34420908335596,1765.7628173828125,2,single_plane;segmented_plane,-272.222105470486,-174.00409787811805,-75.7860902857501,196.43601518473588,-75.7860902857501,-272.222105470486,,
F2,100.0,-254.73030516691506,1765.7628173828125,2,single_plane;segmented_plane,-270.1030112748267,-183.5538457708899,-97.00468026706949,173.09833100775722,-97.00468026706949,-270.1030112748267,,
F2,100.0,-245.11640124954283,1765.7628173828125,2,single_plane;segmented_plane,-267.9839170788182,-193.10359366470948,-118.22327025048435,149.76064682833385,-118.22327025048435,-267.9839170788182,,
F2,100.0,-235.50249733310193,1765.7628173828125,2,single_plane;segmented_plane,-265.8648228830425,-202.6533415573649,-139.44186023180373,126.42296265123878,-139.44186023180373,-265.8648228830425,,
F2,100.0,-225.88859341666102,1765.7628173828125,2,single_plane;segmented_plane,-263.7457286872668,-212.20308945025317,-160.6604502131231,103.0852784741437,-160.6604502131231,-263.7457286872668,,
F2,100.0,-216.27468950022012,1765.7628173828125,2,single_plane;segmented_plane,-261.62663449160755,-221.75283734302502,-181.8790401944425,79.74759429716505,-181.8790401944425,-261.62663449160755,,
F2,100.0,-206.6607855828479,1751.2409685865127,2,single_plane;segmented_plane,-237.84537075669505,-209.17012588051148,-180.49488100444432,57.35048975225072,-180.49488100444432,-237.84537075669505,,
F2,100.0,-197.046881666407,1741.8891454058305,2,single_plane;segmented_plane,-221.77620848896913,-204.46694707253482,-187.1576856561005,34.61852283286862,-187.1576856561005,-221.77620848896913,,
F2,100.0,-187.43297774996608,1745.438006443777,2,single_plane;segmented_plane,-224.95093263231684,-219.42544310656376,-213.8999535809271,11.050979051389731,-213.8999535809271,-224.95093263231684,,
F2,100.0,-177.81907383259386,1740.325076323987,2,single_plane;segmented_plane,-227.16044685838278,-221.1826764473226,-215.20490603637882,11.955540822003968,-227.16044685838278,-215.20490603637882,,
F2,100.0,-168.20516991615295,1755.751144530774,2,single_plane;segmented_plane,-272.38917186670005,-254.24298641900532,-236.096800971427,36.29237089527305,-272.38917186670005,-236.096800971427,,
F2,100.0,-158.59126599971205,1776.1252417371122,2,single_plane;segmented_plane,-325.3193307571346,-294.84448844206054,-264.3696461269865,60.94968463014811,-325.3193307571346,-264.3696461269865,,
F2,100.0,-148.97736208327115,1798.1608186997264,2,single_plane;segmented_plane,-380.8355247118743,-337.978218536824,-295.12091236177366,85.71461235010065,-380.8355247118743,-295.12091236177366,,
F2,100.0,-139.36345816683024,1796.608287769048,2,single_plane;segmented_plane,-399.6376546609681,-345.16178508428857,-290.6859155074926,108.9517391534755,-399.6376546609681,-290.6859155074926,,
F2,100.0,-129.74955424945801,1783.569364489777,2,single_plane;segmented_plane,-400.5616171139991,-334.8391707481351,-269.11672438215464,131.44489273184445,-400.5616171139991,-269.11672438215464,,
F2,100.0,-120.13565033301711,1768.2270622792578,2,single_plane;segmented_plane,-397.900450910558,-321.00602264283225,-244.1115943749901,153.7888565355679,-397.900450910558,-244.1115943749901,,
F2,100.0,-110.5217464165762,1779.9982928098184,2,single_plane;segmented_plane,-437.4405490467325,-348.49606759718154,-259.5515861476306,177.8889628991019,-437.4405490467325,-259.5515861476306,,
F2,100.0,-100.9078425001353,1788.3291906555685,2,single_plane;segmented_plane,-471.6258898212109,-370.7427703032736,-269.85965078521986,201.76623903599105,-471.6258898212109,-269.85965078521986,,
F2,100.0,-91.2939385836944,1780.4211389326983,2,single_plane;segmented_plane,-480.5358741938835,-368.240014703013,-255.9441552120261,224.5917189818574,-480.5358741938835,-255.9441552120261,,
F2,100.0,-81.68003466632217,1768.0143902683587,2,single_plane;segmented_plane,-482.44379429961555,-358.88088505587075,-235.31797581212595,247.1258184874896,-482.44379429961555,-235.31797581212595,,
F2,100.0,-72.06613074988127,1752.8053831074133,2,single_plane;segmented_plane,-479.99009717360605,-345.25088927010074,-210.51168136647902,269.478415807127,-479.99009717360605,-210.51168136647902,,
F2,100.0,-62.45222683344036,1742.4622795007294,2,single_plane;segmented_plane,-485.11000855173916,-339.03691978752613,-192.96383102342952,292.14617752830964,-485.11000855173916,-192.96383102342952,,
F2,100.0,-52.83832291699946,1749.186011941462,2,single_plane;segmented_plane,-516.79385264765,-358.83417383837514,-200.87449502910022,315.91935761854984,-516.79385264765,-200.87449502910022,,
F2,100.0,-43.22441899962723,1755.9097443828457,2,single_plane;segmented_plane,-548.4776967467042,-378.6314278912032,-208.78515903570224,339.69253771100193,-548.4776967467042,-208.78515903570224,,
F2,100.0,-33.61051508318633,1757.7866151429953,2,single_plane;segmented_plane,-572.6175703482004,-391.04167697764933,-209.46578360709827,363.1517867411021,-572.6175703482004,-209.46578360709827,,
F2,100.0,-23.996611166745424,1755.5107144234055,2,single_plane;segmented_plane,-590.2938005493488,-397.31691912875976,-204.3400377081707,385.9537628411781,-590.2938005493488,-204.3400377081707,,
F2,100.0,-14.38270725030452,1733.8638555487078,2,single_plane;segmented_plane,-577.8198126502102,-389.88600612198934,-201.95219959376846,375.86761305644177,-577.8198126502102,-201.95219959376846,,
F2,100.0,-4.768803332932293,1719.3551139862518,2,single_plane;segmented_plane,-576.4560544106644,-393.33415497199167,-210.21225553331897,366.2437988773454,-576.4560544106644,-210.21225553331897,,
F2,100.0,4.845100584439933,1732.634058682101,2,single_plane;segmented_plane,-618.3428568530362,-439.13296077377163,-259.92306469462346,358.41979215841275,-618.3428568530362,-259.92306469462346,,
F2,100.0,14.459004499949515,1739.9452758896316,2,single_plane;segmented_plane,-650.9411004178692,-475.83647244772874,-300.7318444774719,350.20925594039727,-650.9411004178692,-300.7318444774719,,
F2,100.0,24.07290841639042,1744.2818257169197,2,single_plane;segmented_plane,-678.9093783624703,-508.00635305186734,-337.10332774126437,341.80605062120594,-678.9093783624703,-337.10332774126437,,
F2,100.0,33.686812333762646,1772.210836380848,2,single_plane;segmented_plane,-743.5984955187887,-576.1330314399675,-408.6675673611462,334.9309281576425,-743.5984955187887,-408.6675673611462,,
F2,100.0,43.30071625020355,1808.149213968018,2,single_plane;segmented_plane,-820.753911843407,-656.4666257894132,-492.1793397353031,328.5745721081039,-820.753911843407,-492.1793397353031,,
F2,100.0,52.914620166644454,1829.1328527336327,2,single_plane;segmented_plane,-874.632800827967,-714.0080017517321,-553.3832026754972,321.24959815246984,-874.632800827967,-553.3832026754972,,
F2,100.0,62.52852408308536,1826.5199952327584,2,single_plane;segmented_plane,-891.7845695976866,-735.586429614923,-579.3882896321593,312.39627996552736,-891.7845695976866,-579.3882896321593,,
F2,100.0,72.14242800045758,1818.3062157893928,2,single_plane;segmented_plane,-900.2186994802905,-748.6286043497967,-597.0385092193028,303.18019026098773,-900.2186994802905,-597.0385092193028,,
F2,100.0,81.75633191689849,1805.2871677678047,2,single_plane;segmented_plane,-901.1735970739974,-754.3471653334564,-607.5207335929153,293.652863481082,-901.1735970739974,-607.5207335929153,,
F2,100.0,91.3702358333394,1788.311892233965,2,single_plane;segmented_plane,-895.9707650708733,-754.0361190786352,-612.1014730863972,283.8692919844761,-895.9707650708733,-612.1014730863972,,
F2,100.0,100.9841397497803,1806.3176858197517,2,single_plane;segmented_plane,-945.2147423011484,-807.0390207504388,-668.8632991998456,276.3514431013027,-945.2147423011484,-668.8632991998456,,
F2,100.0,110.59804366715252,1824.0746448341804,2,single_plane;segmented_plane,-994.071417236235,-859.6626786305569,-725.2539400249952,268.81747721123975,-994.071417236235,-725.2539400249952,,
F2,100.0,120.21194758359343,1836.082258238566,2,single_plane;segmented_plane,-1033.9794370386517,-903.5238738339394,-773.0683106293436,260.91112640930805,-1033.9794370386517,-773.0683106293436,,
F2,100.0,129.82585150003433,1840.457801538293,2,single_plane;segmented_plane,-1062.0084069577279,-935.753183609806,-809.4979602618841,252.5104466958437,-1062.0084069577279,-809.4979602618841,,
F2,100.0,139.43975541647524,1835.4703130723035,2,single_plane;segmented_plane,-1075.4641457770485,-953.7124839045573,-831.9608220320661,243.50332374498248,-1075.4641457770485,-831.9608220320661,,
F2,100.0,149.05365933384746,1829.8170519516552,2,single_plane;segmented_plane,-1087.883632773417,-970.6570934123592,-853.4305540513014,234.4530787221156,-1087.883632773417,-853.4305540513014,,
F2,100.0,158.66756325028837,1825.043524007647,2,single_plane;segmented_plane,-1101.6723936534254,-988.9424866600893,-876.2125796667533,225.4598139866721,-1101.6723936534254,-876.2125796667533,,
F2,100.0,168.28146716672927,1825.5286814184635,2,single_plane;segmented_plane,-1123.6461141570471,-1015.2425370989367,-906.8389600408264,216.8071541162208,-1123.6461141570471,-906.8389600408264,,
F2,100.0,177.89537108317018,1834.901425306968,2,single_plane;segmented_plane,-1159.4530518171377,-1055.0879803628195,-950.7229089083849,208.7301429087529,-1159.4530518171377,-950.7229089083849,,
F2,100.0,187.5092750005424,1848.611415492256,2,single_plane;segmented_plane,-1202.0107614729786,-1101.5437339779455,-1001.076706482796,200.93405499018263,-1202.0107614729786,-1001.076706482796,,
F2,100.0,197.1231789169833,1855.8563013961457,2,single_plane;segmented_plane,-1234.5057626862545,-1138.146151438239,-1041.7865401902236,192.71922249603085,-1234.5057626862545,-1041.7865401902236,,
F2,100.0,206.7370828334242,1855.5647153868167,2,single_plane;segmented_plane,-1255.2705092539545,-1163.2623827630887,-1071.2542562722228,184.01625298173167,-1255.2705092539545,-1071.2542562722228,,
F2,100.0,216.35098674986511,1859.1626734655213,2,single_plane;segmented_plane,-1282.0891950033838,-1194.3065904529067,-1106.5239859024296,175.56520910095423,-1282.0891950033838,-1106.5239859024296,,
F2,100.0,225.96489066630602,1883.2230127467449,2,single_plane;segmented_plane,-1340.7568606106797,-1256.5371041460894,-1172.317347681499,168.43951292918064,-1340.7568606106797,-1172.317347681499,,
F2,100.0,235.57879458367825,1902.771419686413,2,single_plane;segmented_plane,-1392.4018615144305,-1311.8910719854757,-1231.380282456521,161.02157905790955,-1392.4018615144305,-1231.380282456521,,
F2,100.0,245.19269850011915,1901.5141402791437,2,single_plane;segmented_plane,-1411.6635401215171,-1335.5355093134567,-1259.4074785052799,152.25606161623728,-1411.6635401215171,-1259.4074785052799,,
F2,100.0,254.80660241656005,1899.0041369745973,2,single_plane;segmented_plane,-1428.9753978463123,-1357.2706952003064,-1285.5659925543005,143.4094052920118,-1428.9753978463123,-1285.5659925543005,,
F2,100.0,264.42050633300096,1889.6867434819883,2,single_plane;segmented_plane,-1435.691791101941,-1368.6308738293592,-1301.569956556661,134.12183454527985,-1435.691791101941,-1301.569956556661,,
F2,100.0,274.0344102503732,1880.6655125684435,2,single_plane;segmented_plane,-1442.869151044055,-1380.4424279252999,-1318.0157048065448,124.85344623751008,-1442.869151044055,-1318.0157048065448,,
F2,100.0,283.6483141668141,1872.3427615692265,2,single_plane;segmented_plane,-1451.1336705136346,-1393.3185212886892,-1335.5033720636275,115.6302984500071,-1451.1336705136346,-1335.5033720636275,,
F2,100.0,293.262218083255,1866.912919210092,2,single_plane;segmented_plane,-1463.9009009872098,-1410.6036388606299,-1357.30637673405,106.59452425315976,-1463.9009009872098,-1357.30637673405,,
F2,100.0,302.8761219996959,1862.377277334696,2,single_plane;segmented_plane,-1478.0599232035456,-1429.2515895084944,-1380.443255813443,97.61666739010252,-1478.0599232035456,-1380.443255813443,,
F2,100.0,312.4900259170681,1858.0075800344,2,single_plane;segmented_plane,-1492.477232342586,-1448.1524529673625,-1403.8276735922555,88.64955875033047,-1492.477232342586,-1403.8276735922555,,
F2,100.0,322.103929833509,1853.535680637054,2,single_plane;segmented_plane,-1506.7354674941162,-1466.8975522513501,-1427.0596370087005,79.67583048541564,-1506.7354674941162,-1427.0596370087005,,
F2,100.0,331.71783374994993,1848.504421153322,2,single_plane;segmented_plane,-1520.1230782570783,-1484.7901420134585,-1449.4572057697223,70.66587248735595,-1520.1230782570783,-1449.4572057697223,,
F2,100.0,341.33173766639084,1843.6798048871851,2,single_plane;segmented_plane,-1533.8323219525628,-1502.9976725708693,-1472.1630231892923,61.66929876327049,-1533.8323219525628,-1472.1630231892923,,
F2,100.0,350.94564158376306,1839.981037103336,2,single_plane;segmented_plane,-1549.2939093916211,-1522.9210862892214,-1496.5482631869381,52.745646204683,-1549.2939093916211,-1496.5482631869381,,
F2,100.0,360.55954550020397,1839.1114840622597,2,single_plane;segmented_plane,-1569.1590705115814,-1547.1564496185165,-1525.1538287254516,44.00524178612977,-1569.1590705115814,-1525.1538287254516,,
F2,100.0,370.17344941664487,1849.3119628417955,2,single_plane;segmented_plane,-1606.2543485467322,-1588.2634270775598,-1570.2725056083873,35.981842938344926,-1606.2543485467322,-1570.2725056083873,,
F2,100.0,379.7873533330858,1875.488911453772,2,single_plane;segmented_plane,-1668.2164424649673,-1653.7198227257468,-1639.2232029866427,28.99323947832454,-1668.2164424649673,-1639.2232029866427,,
F2,100.0,389.401257250458,1891.8704646686128,2,single_plane;segmented_plane,-1714.9323464323534,-1704.247252130881,-1693.5621578294085,21.37018860294484,-1714.9323464323534,-1693.5621578294085,,
F2,100.0,399.0151611668989,1895.2424571685744,2,single_plane;segmented_plane,-1741.3993246705504,-1734.9470702008111,-1728.4948157310719,12.904508939478546,-1741.3993246705504,-1728.4948157310719,,
F2,100.0,408.6290650833398,1895.4366691739397,2,single_plane;segmented_plane,-1762.9201988379937,-1760.8036965652136,-1758.6871942924336,4.233004545560107,-1762.9201988379937,-1758.6871942924336,,
F2,100.0,418.2429689997807,1906.633194199697,2,single_plane;segmented_plane,-1805.2916684012162,-1803.4287281901343,-1801.5657879790524,3.7258804221637543,-1801.5657879790524,-1805.2916684012162,,
F2,100.0,427.85687291715294,1903.7069788813133,2,single_plane;segmented_plane,-1830.8293210645206,-1824.5295736722182,-1818.2298262799159,12.599494784604758,-1818.2298262799159,-1830.8293210645206,,
F2,100.0,437.47077683359385,1898.138318096104,2,single_plane;segmented_plane,-1852.4252509800717,-1841.6031208570348,-1830.780990733998,21.644260246073827,-1830.780990733998,-1852.4252509800717,,
F2,100.0,447.08468075003475,1899.5192187963823,2,single_plane;segmented_plane,-1884.3878071585204,-1869.268355730921,-1854.148904303438,30.23890285508241,-1854.148904303438,-1884.3878071585204,,
F2,100.0,456.69858466647565,1903.1779342939951,2,single_plane;segmented_plane,-1919.7481683281949,-1900.4051625882275,-1881.0621568481438,38.68601148005109,-1881.0621568481438,-1919.7481683281949,,
F2,100.0,466.3124885838479,1909.919314392084,2,single_plane;segmented_plane,-1959.7069249352207,-1936.2401969210478,-1912.7734689068748,46.93345602834597,-1912.7734689068748,-1959.7069249352207,,
F2,100.0,475.9263925002888,1916.868793662161,2,single_plane;segmented_plane,-1999.9761020379374,-1972.3923910381272,-1944.808680038317,55.167421999620274,-1944.808680038317,-1999.9761020379374,,
F2,100.0,485.5402964167297,1924.8546904430232,2,single_plane;segmented_plane,-2041.7912979809335,-2010.1241683581611,-1978.4570387353888,63.33425924554467,-1978.4570387353888,-2041.7912979809335,,
F2,100.0,495.1542003331706,1933.579706704048,2,single_plane;segmented_plane,-2084.7090347718913,-2048.982422897592,-2013.255811023293,71.45322374859825,-2013.255811023293,-2084.7090347718913,,
F2,100.0,504.7681042496115,1940.4718530429425,2,single_plane;segmented_plane,-2124.8926886266563,-2085.047237040708,-2045.2017854547594,79.69090317189693,-2045.2017854547594,-2124.8926886266563,,
F2,100.0,514.3820081669837,1946.9302015441815,2,single_plane;segmented_plane,-2164.429248409928,-2120.450908576604,-2076.47256874328,87.95667966664769,-2076.47256874328,-2164.429248409928,,
F2,100.0,523.9959120834246,1953.3885500447952,2,single_plane;segmented_plane,-2203.9658081895905,-2155.8545801092405,-2107.743352028774,96.22245616081636,-2107.743352028774,-2203.9658081895905,,
F2,100.0,533.6098159998655,1942.0986327835185,2,single_plane;segmented_plane,-2217.027368308278,-2164.208474707091,-2111.3895811057882,105.63778720248956,-2111.3895811057882,-2217.027368308278,,
F2,100.0,543.2237199163064,1926.234185391761,2,single_plane;segmented_plane,-2223.2651246099267,-2165.5904194102623,-2107.9157142104814,115.34941039944532,-2107.9157142104814,-2223.2651246099267,,
F2,100.0,552.8376238336787,1915.1185964300323,2,single_plane;segmented_plane,-2236.5867293879855,-2174.2100042859092,-2111.833279183833,124.7534502041526,-2111.833279183833,-2236.5867293879855,,
F2,100.0,562.4515277501196,1905.0154251579236,2,single_plane;segmented_plane,-2251.4185525894864,-2184.372594714514,-2117.3266368395416,134.09191574994475,-2117.3266368395416,-2251.4185525894864,,
F2,100.0,572.0654316665605,1897.2901510796005,2,single_plane;segmented_plane,-2269.797473194427,-2198.1592907052254,-2126.521108216024,143.27636497840285,-2126.521108216024,-2269.797473194427,,
F2,100.0,581.6793355830014,1892.0650513835096,2,single_plane;segmented_plane,-2291.9058914757334,-2215.7564524756745,-2139.6070134756155,152.29887800011784,-2139.6070134756155,-2291.9058914757334,,
F2,100.0,591.2932395003736,1888.277719296937,2,single_plane;segmented_plane,-2316.1590205440298,-2235.5448871112894,-2154.9307536784327,161.2282668655971,-2154.9307536784327,-2316.1590205440298,,
F2,100.0,600.9071434168145,1880.6491217888024,2,single_plane;segmented_plane,-2334.682153107249,-2249.478925929405,-2164.275698751444,170.40645435580518,-2164.275698751444,-2334.682153107249,,
F2,100.0,610.5210473332554,1868.3534737777452,2,single_plane;segmented_plane,-2346.2434696744895,-2256.300006403122,-2166.3565431317547,179.88692654273473,-2166.3565431317547,-2346.2434696744895,,
F2,100.0,620.1349512496963,1856.7519784377791,2,single_plane;segmented_plane,-2358.8402503246907,-2264.1790310819633,-2169.5178118391195,189.3224384855712,-2169.5178118391195,-2358.8402503246907,,
F2,100.0,629.7488551670685,1848.735945297204,2,single_plane;segmented_plane,-2376.785447087139,-2277.5225870027207,-2178.259726918186,198.52572016895283,-2178.259726918186,-2376.785447087139,,
F2,100.0,639.3627590844408,1848.3384586770128,2,single_plane;segmented_plane,-2406.095191755099,-2302.4774173240876,-2198.859642893076,207.23554886202328,-2198.859642893076,-2406.095191755099,,
F2,100.0,648.9766629999503,1854.1278619573168,2,single_plane;segmented_plane,-2444.6338892804924,-2336.8615628231782,-2229.0892363659805,215.544652914512,-2229.0892363659805,-2444.6338892804924,,
F2,100.0,658.5905669163913,1866.185356740552,2,single_plane;segmented_plane,-2492.522667689249,-2380.7987812386127,-2269.0748947879765,223.4477729012724,-2269.0748947879765,-2492.522667689249,,
F2,100.0,668.2044708337635,1874.6297245780763,2,single_plane;segmented_plane,-2535.0217626272934,-2419.2293051304296,-2303.436847633682,231.5849149936112,-2303.436847633682,-2535.0217626272934,,
F2,100.0,677.8183747502044,1879.7530069242375,2,single_plane;segmented_plane,-2572.5668108720565,-2452.598229034338,-2332.6296471966198,239.93716367543675,-2332.6296471966198,-2572.5668108720565,,
F2,100.0,687.4322786666453,1878.863637706528,2,single_plane;segmented_plane,-2601.1428167185513,-2476.8033909250516,-2352.463965131552,248.67885158699937,-2352.463965131552,-2601.1428167185513,,
F2,100.0,697.0461825830862,1878.7993092830093,2,single_plane;segmented_plane,-2630.9495318095433,-2502.265980991884,-2373.582430174225,257.36710163531825,-2373.582430174225,-2630.9495318095433,,
F2,100.0,706.6600865004584,1881.2040187102464,2,single_plane;segmented_plane,-2664.439298371086,-2531.4915822760668,-2398.543866180931,265.8954321901547,-2398.543866180931,-2664.439298371086,,
F2,100.0,716.2739904168993,1895.1968618013516,2,single_plane;segmented_plane,-2715.2150262137875,-2578.3784263462294,-2441.5418264786713,273.6731997351162,-2441.5418264786713,-2715.2150262137875,,
F2,100.0,725.8878943333402,1914.806098857844,2,single_plane;segmented_plane,-2774.368700968218,-2633.8251041476615,-2493.281507327105,281.0871936411131,-2493.281507327105,-2774.368700968218,,
F2,100.0,735.5017982497811,1927.7770627346144,2,single_plane;segmented_plane,-2823.6200966752367,-2679.154522541794,-2534.6889484083513,288.93114826688543,-2534.6889484083513,-2823.6200966752367,,
F2,100.0,745.1157021671534,1938.103146621917,2,single_plane;segmented_plane,-2868.9261380748358,-2720.4529322362505,-2571.9797263977816,296.94641167705413,-2571.9797263977816,-2868.9261380748358,,
F2,100.0,754.7296060835943,1937.2236921402548,2,single_plane;segmented_plane,-2897.5169336837716,-2744.6732049779966,-2591.8294762722217,305.68745741155,-2591.8294762722217,-2897.5169336837716,,
F2,100.0,764.3435100000352,1936.3442376585929,2,single_plane;segmented_plane,-2926.1077292927075,-2768.893477719743,-2611.6792261466617,314.42850314604584,-2611.6792261466617,-2926.1077292927075,,
F2,200.0,-389.3249599998817,1765.7628173828125,2,single_plane;segmented_plane,-150.60082795890048,102.55062502506189,355.7020780091407,506.3029059680412,355.7020780091407,-150.60082795890048,,
F2,200.0,-379.7110560834408,1765.7628173828125,2,single_plane;segmented_plane,-148.4817337631248,93.00087713240646,334.4834880278213,482.9652217909461,334.4834880278213,-148.4817337631248,,
F2,200.0,-370.0971521669999,1765.7628173828125,2,single_plane;segmented_plane,-146.3626395673491,83.4511292395182,313.2648980465019,459.627537613851,313.2648980465019,-146.3626395673491,,
F2,200.0,-360.48324824962765,1765.7628173828125,2,single_plane;segmented_plane,-144.243545371457,73.90138134581503,292.04630806308705,436.28985343454406,292.04630806308705,-144.243545371457,,
F2,200.0,-350.86934433318675,1765.7628173828125,2,single_plane;segmented_plane,-142.12445117568132,64.35163345304318,270.82771808176767,412.952169257449,270.82771808176767,-142.12445117568132,,
F2,200.0,-341.25544041674584,1765.7628173828125,2,single_plane;segmented_plane,-140.00535697990563,54.80188556027133,249.6091281004483,389.6144850803539,249.6091281004483,-140.00535697990563,,
F2,200.0,-331.64153650030494,1765.7628173828125,2,single_plane;segmented_plane,-137.88626278412994,45.25213766749948,228.3905381190125,366.2768009031424,228.3905381190125,-137.88626278412994,,
F2,200.0,-322.0276325829327,1765.7628173828125,2,single_plane;segmented_plane,-135.76716858823784,35.7023897736799,207.17194813571405,342.9391167239519,207.17194813571405,-135.76716858823784,,
F2,200.0,-312.4137286664918,1765.7628173828125,2,single_plane;segmented_plane,-133.64807439246215,26.15264188090805,185.95335815427825,319.6014325467404,185.95335815427825,-133.64807439246215,,
F2,200.0,-302.7998247500509,1765.7628173828125,2,single_plane;segmented_plane,-131.52898019668646,16.602893988136202,164.73476817295887,296.2637483696453,164.73476817295887,-131.52898019668646,,
F2,200.0,-293.18592083361,1765.7628173828125,2,single_plane;segmented_plane,-129.40988600091077,7.0531460953643546,143.51617819163948,272.92606419255026,143.51617819163948,-129.40988600091077,,
F2,200.0,-283.57201691623777,1765.7628173828125,2,single_plane;segmented_plane,-127.29079180501867,-2.4966017983388156,122.29758820822462,249.5883800132433,122.29758820822462,-127.29079180501867,,
F2,200.0,-273.95811299979687,1765.7628173828125,2,single_plane;segmented_plane,-125.17169760924298,-12.046349691227078,101.07899822690524,226.25069583614825,101.07899822690524,-125.17169760924298,,
F2,200.0,-264.34420908335596,1765.7628173828125,2,single_plane;segmented_plane,-123.0526034134673,-21.59609758388251,79.86040824558586,202.91301165905315,79.86040824558586,-123.0526034134673,,
F2,200.0,-254.73030516691506,1765.7628173828125,2,single_plane;segmented_plane,-120.93350921780802,-31.145845476770774,58.641818264266476,179.5753274820745,58.641818264266476,-120.93350921780802,,
F2,200.0,-245.11640124954283,1765.7628173828125,2,single_plane;segmented_plane,-118.8144150217995,-40.695593370473944,37.42322828085162,156.23764330265112,37.42322828085162,-118.8144150217995,,
F2,200.0,-235.50249733310193,1765.7628173828125,2,single_plane;segmented_plane,-116.69532082602382,-50.24534126324579,16.204638299532235,132.89995912555605,16.204638299532235,-116.69532082602382,,
F2,200.0,-225.88859341666102,1765.7628173828125,2,single_plane;segmented_plane,-114.57622663024813,-59.79508915601764,-5.013951681787148,109.56227494846098,-5.013951681787148,-114.57622663024813,,
F2,200.0,-216.27468950022012,1765.7628173828125,2,single_plane;segmented_plane,-112.45713243458886,-69.34483704878949,-26.23254166310653,86.22459077148233,-26.23254166310653,-112.45713243458886,,
F2,200.0,-206.6607855828479,1751.2409685865127,2,single_plane;segmented_plane,-88.67586869967636,-56.76212558639236,-24.848382472991943,63.827486226684414,-24.848382472991943,-88.67586869967636,,
F2,200.0,-197.046881666407,1741.8891454058305,2,single_plane;segmented_plane,-72.60670643195044,-52.05894677829929,-31.511187124764547,41.095519307185896,-31.511187124764547,-72.60670643195044,,
F2,200.0,-187.43297774996608,1745.438006443777,2,single_plane;segmented_plane,-75.78143057529815,-67.01744281244464,-58.253455049474724,17.52797552582342,-58.253455049474724,-75.78143057529815,,
F2,200.0,-177.81907383259386,1740.325076323987,2,single_plane;segmented_plane,-71.51394832704682,-68.77467615320347,-66.03540397936013,5.478544347686693,-71.51394832704682,-66.03540397936013,,
F2,200.0,-168.20516991615295,1755.751144530774,2,single_plane;segmented_plane,-116.74267333536409,-101.8349861248862,-86.92729891440831,29.815374420955777,-116.74267333536409,-86.92729891440831,,
F2,200.0,-158.59126599971205,1776.1252417371122,2,single_plane;segmented_plane,-169.6728322256822,-142.436488147825,-115.20014406985138,54.47268815583084,-169.6728322256822,-115.20014406985138,,
F2,200.0,-148.97736208327115,1798.1608186997264,2,single_plane;segmented_plane,-225.18902618053835,-185.57021824270487,-145.95141030475497,79.23761587578338,-225.18902618053835,-145.95141030475497,,
F2,200.0,-139.36345816683024,1796.608287769048,2,single_plane;segmented_plane,-243.99115612963215,-192.75378479005303,-141.51641345047392,102.47474267915824,-243.99115612963215,-141.51641345047392,,
F2,200.0,-129.74955424945801,1783.569364489777,2,single_plane;segmented_plane,-244.91511858266313,-182.43117045389954,-119.94722232513595,124.96789625752716,-244.91511858266313,-119.94722232513595,,
F2,200.0,-120.13565033301711,1768.2270622792578,2,single_plane;segmented_plane,-242.25395237922203,-168.59802234859671,-94.9420923179714,147.31186006125063,-242.25395237922203,-94.9420923179714,,
F2,200.0,-110.5217464165762,1779.9982928098184,2,single_plane;segmented_plane,-281.7940505153965,-196.088067302946,-110.3820840906119,171.41196642478462,-281.7940505153965,-110.3820840906119,,
F2,200.0,-100.9078425001353,1788.3291906555685,2,single_plane;segmented_plane,-315.9793912898749,-218.33477000903804,-120.69014872820117,195.28924256167372,-315.9793912898749,-120.69014872820117,,
F2,200.0,-91.2939385836944,1780.4211389326983,2,single_plane;segmented_plane,-324.88937566254754,-215.83201440877747,-106.7746531550074,218.1147225075401,-324.88937566254754,-106.7746531550074,,
F2,200.0,-81.68003466632217,1768.0143902683587,2,single_plane;segmented_plane,-326.7972957682796,-206.4728847616352,-86.14847375510726,240.64882201317232,-326.7972957682796,-86.14847375510726,,
F2,200.0,-72.06613074988127,1752.8053831074133,2,single_plane;segmented_plane,-324.34359864215367,-192.8428889757488,-61.342179309460334,263.00141933269333,-324.34359864215367,-61.342179309460334,,
F2,200.0,-62.45222683344036,1742.4622795007294,2,single_plane;segmented_plane,-329.4635100204032,-186.628919493407,-43.79432896641083,285.6691810539924,-329.4635100204032,-43.79432896641083,,
F2,200.0,-52.83832291699946,1749.186011941462,2,single_plane;segmented_plane,-361.1473541163141,-206.42617354425602,-51.70499297208153,309.44236114423256,-361.1473541163141,-51.70499297208153,,
F2,200.0,-43.22441899962723,1755.9097443828457,2,single_plane;segmented_plane,-392.8311982153682,-226.22342759696767,-59.615656978683546,333.21554123668466,-392.8311982153682,-59.615656978683546,,
F2,200.0,-33.61051508318633,1757.7866151429953,2,single_plane;segmented_plane,-416.971071816748,-238.6336766834138,-60.296281550079584,356.6747902666684,-416.971071816748,-60.296281550079584,,
F2,200.0,-23.996611166745424,1755.5107144234055,2,single_plane;segmented_plane,-434.64730201801285,-244.90891883452423,-55.17053565115202,379.4767663668608,-434.64730201801285,-55.17053565115202,,
F2,200.0,-14.38270725030452,1733.8638555487078,2,single_plane;segmented_plane,-422.17331411887426,-237.47800582787022,-52.782697536749765,369.3906165821245,-422.17331411887426,-52.782697536749765,,
F2,200.0,-4.768803332932293,1719.3551139862518,2,single_plane;segmented_plane,-420.8095558793284,-240.92615467775613,-61.04275347630028,359.7668024030281,-420.8095558793284,-61.04275347630028,,
F2,200.0,4.845100584439933,1732.634058682101,2,single_plane;segmented_plane,-462.69635832170025,-286.7249604796525,-110.75356263760477,351.9427956840955,-462.69635832170025,-110.75356263760477,,
F2,200.0,14.459004499949515,1739.9452758896316,2,single_plane;segmented_plane,-495.2946018865332,-323.4284721533768,-151.5623424203368,343.7322594661964,-495.2946018865332,-151.5623424203368,,
F2,200.0,24.07290841639042,1744.2818257169197,2,single_plane;segmented_plane,-523.2628798311343,-355.5983527577482,-187.93382568424568,335.32905414688867,-523.2628798311343,-187.93382568424568,,
F2,200.0,33.686812333762646,1772.210836380848,2,single_plane;segmented_plane,-587.9519969873363,-423.7250311457319,-259.4980653041275,328.4539316832088,-587.9519969873363,-259.4980653041275,,
F2,200.0,43.30071625020355,1808.149213968018,2,single_plane;segmented_plane,-665.107413312071,-504.0586254951777,-343.0098376782844,322.0975756337866,-665.107413312071,-343.0098376782844,,
F2,200.0,52.914620166644454,1829.1328527336327,2,single_plane;segmented_plane,-718.9863022965146,-561.6000014574965,-404.21370061847847,314.7726016780361,-718.9863022965146,-404.21370061847847,,
F2,200.0,62.52852408308536,1826.5199952327584,2,single_plane;segmented_plane,-736.1380710662343,-583.1784293206874,-430.2187875750242,305.9192834912101,-736.1380710662343,-430.2187875750242,,
F2,200.0,72.14242800045758,1818.3062157893928,2,single_plane;segmented_plane,-744.5722009488381,-596.2206040555611,-447.8690071622841,296.70319378655404,-744.5722009488381,-447.8690071622841,,
F2,200.0,81.75633191689849,1805.2871677678047,2,single_plane;segmented_plane,-745.527098542545,-601.9391650392208,-458.35123153589666,287.17586700664833,-745.527098542545,-458.35123153589666,,
F2,200.0,91.3702358333394,1788.311892233965,2,single_plane;segmented_plane,-740.3242665394209,-601.6281187843997,-462.93197102926206,277.3922955101589,-740.3242665394209,-462.93197102926206,,
F2,200.0,100.9841397497803,1806.3176858197517,2,single_plane;segmented_plane,-789.5682437698124,-654.6310204563197,-519.693797142827,269.87444662698545,-789.5682437698124,-519.693797142827,,
F2,200.0,110.59804366715252,1824.0746448341804,2,single_plane;segmented_plane,-838.424918704899,-707.2546783364378,-576.0844379679766,262.3404807369225,-838.424918704899,-576.0844379679766,,
F2,200.0,120.21194758359343,1836.082258238566,2,single_plane;segmented_plane,-878.3329385073157,-751.1158735398203,-623.8988085722085,254.4341299351072,-878.3329385073157,-623.8988085722085,,
F2,200.0,129.82585150003433,1840.457801538293,2,single_plane;segmented_plane,-906.3619084263919,-783.3451833155705,-660.328458204749,246.03345022164285,-906.3619084263919,-660.328458204749,,
F2,200.0,139.43975541647524,1835.4703130723035,2,single_plane;segmented_plane,-919.8176472457126,-801.3044836104382,-682.7913199750474,237.0263272706652,-919.8176472457126,-682.7913199750474,,
F2,200.0,149.05365933384746,1829.8170519516552,2,single_plane;segmented_plane,-932.2371342419647,-818.2490931181237,-704.2610519942828,227.97608224768192,-932.2371342419647,-704.2610519942828,,
F2,200.0,158.66756325028837,1825.043524007647,2,single_plane;segmented_plane,-946.0258951220894,-836.5344863659702,-727.0430776097346,218.9828175123548,-946.0258951220894,-727.0430776097346,,
F2,200.0,168.28146716672927,1825.5286814184635,2,single_plane;segmented_plane,-967.9996156257112,-862.8345368048176,-757.6694579838077,210.3301576419035,-967.9996156257112,-757.6694579838077,,
F2,200.0,177.89537108317018,1834.901425306968,2,single_plane;segmented_plane,-1003.8065532858018,-902.679980068584,-801.5534068513662,202.2531464344356,-1003.8065532858018,-801.5534068513662,,
F2,200.0,187.5092750005424,1848.611415492256,2,single_plane;segmented_plane,-1046.3642629415262,-949.1357336835936,-851.9072044256609,194.45705851586536,-1046.3642629415262,-851.9072044256609,,
F2,200.0,197.1231789169833,1855.8563013961457,2,single_plane;segmented_plane,-1078.8592641549185,-985.7381511440035,-892.6170381332049,186.2422260217136,-1078.8592641549185,-892.6170381332049,,
F2,200.0,206.7370828334242,1855.5647153868167,2,single_plane;segmented_plane,-1099.6240107226186,-1010.8543824688531,-922.0847542150877,177.5392565075308,-1099.6240107226186,-922.0847542150877,,
F2,200.0,216.35098674986511,1859.1626734655213,2,single_plane;segmented_plane,-1126.4426964720478,-1041.8985901586711,-957.3544838454109,169.08821262663696,-1126.4426964720478,-957.3544838454109,,
F2,200.0,225.96489066630602,1883.2230127467449,2,single_plane;segmented_plane,-1185.1103620793438,-1104.1291038519703,-1023.1478456244804,161.96251645486336,-1185.1103620793438,-1023.1478456244804,,
F2,200.0,235.57879458367825,1902.771419686413,2,single_plane;segmented_plane,-1236.755362982978,-1159.4830716912402,-1082.2107803995023,154.54458258347586,-1236.755362982978,-1082.2107803995023,,
F2,200.0,245.19269850011915,1901.5141402791437,2,single_plane;segmented_plane,-1256.0170415901812,-1183.1275090192212,-1110.2379764482612,145.77906514192,-1256.0170415901812,-1110.2379764482612,,
F2,200.0,254.80660241656005,1899.0041369745973,2,single_plane;segmented_plane,-1273.3288993149763,-1204.8626949060708,-1136.3964904972818,136.93240881769452,-1273.3288993149763,-1136.3964904972818,,
F2,200.0,264.42050633300096,1889.6867434819883,2,single_plane;segmented_plane,-1280.045292570605,-1216.2228735351237,-1152.4004544996424,127.64483807096258,-1280.045292570605,-1152.4004544996424,,
F2,200.0,274.0344102503732,1880.6655125684435,2,single_plane;segmented_plane,-1287.222652512719,-1228.0344276311807,-1168.8462027495261,118.3764497631928,-1287.222652512719,-1168.8462027495261,,
F2,200.0,283.6483141668141,1872.3427615692265,2,single_plane;segmented_plane,-1295.4871719821822,-1240.9105209943373,-1186.3338700066088,109.1533019755734,-1295.4871719821822,-1186.3338700066088,,
F2,200.0,293.262218083255,1866.912919210092,2,single_plane;segmented_plane,-1308.2544024557574,-1258.1956385663943,-1208.1368746770313,100.11752777872609,-1308.2544024557574,-1208.1368746770313,,
F2,200.0,302.8761219996959,1862.377277334696,2,single_plane;segmented_plane,-1322.4134246720932,-1276.8435892142588,-1231.2737537564244,91.13967091566884,-1322.4134246720932,-1231.2737537564244,,
F2,200.0,312.4900259170681,1858.0075800344,2,single_plane;segmented_plane,-1336.83073381125,-1295.7444526732434,-1254.6581715351203,82.17256227612961,-1336.83073381125,-1254.6581715351203,,
F2,200.0,322.103929833509,1853.535680637054,2,single_plane;segmented_plane,-1351.0889689626638,-1314.489551957231,-1277.8901349516818,73.19883401098195,-1351.0889689626638,-1277.8901349516818,,
F2,200.0,331.71783374994993,1848.504421153322,2,single_plane;segmented_plane,-1364.4765797257423,-1332.3821417191066,-1300.2877037125872,64.1888760131551,-1364.4765797257423,-1300.2877037125872,,
F2,200.0,341.33173766639084,1843.6798048871851,2,single_plane;segmented_plane,-1378.1858234212268,-1350.5896722767502,-1322.9935211322736,55.192302288953215,-1378.1858234212268,-1322.9935211322736,,
F2,200.0,350.94564158376306,1839.981037103336,2,single_plane;segmented_plane,-1393.6474108602852,-1370.5130859951023,-1347.3787611299194,46.26864973036572,-1393.6474108602852,-1347.3787611299194,,
F2,200.0,360.55954550020397,1839.1114840622597,2,single_plane;segmented_plane,-1413.5125719802454,-1394.7484493243974,-1375.984326668433,37.5282453118125,-1413.5125719802454,-1375.984326668433,,
F2,200.0,370.17344941664487,1849.3119628417955,2,single_plane;segmented_plane,-1450.6078500153963,-1435.8554267834406,-1421.1030035513686,29.50484646402765,-1450.6078500153963,-1421.1030035513686,,
F2,200.0,379.7873533330858,1875.488911453772,2,single_plane;segmented_plane,-1512.5699439336313,-1501.3118224316277,-1490.053700929624,22.516243004007265,-1512.5699439336313,-1490.053700929624,,
F2,200.0,389.401257250458,1891.8704646686128,2,single_plane;segmented_plane,-1559.285847900901,-1551.8392518366454,-1544.3926557723898,14.893192128511146,-1559.285847900901,-1544.3926557723898,,
F2,200.0,399.0151611668989,1895.2424571685744,2,single_plane;segmented_plane,-1585.7528261392144,-1582.5390699065756,-1579.3253136740532,6.427512465161271,-1585.7528261392144,-1579.3253136740532,,
F2,200.0,408.6290650833398,1895.4366691739397,2,single_plane;segmented_plane,-1609.5176922354149,-1608.395696270978,-1607.2737003065413,2.243991928873584,-1607.2737003065413,-1609.5176922354149,,
F2,200.0,418.2429689997807,1906.633194199697,2,single_plane;segmented_plane,-1656.122166344081,-1651.0207278958987,-1645.9192894477164,10.202876896364614,-1645.9192894477164,-1656.122166344081,,
F2,200.0,427.85687291715294,1903.7069788813133,2,single_plane;segmented_plane,-1681.659819007502,-1672.1215733780991,-1662.58332774858,19.076491258922037,-1662.58332774858,-1681.659819007502,,
F2,200.0,437.47077683359385,1898.138318096104,2,single_plane;segmented_plane,-1703.2557489229366,-1689.1951205627993,-1675.134492202662,28.121256720274687,-1675.134492202662,-1703.2557489229366,,
F2,200.0,447.08468075003475,1899.5192187963823,2,single_plane;segmented_plane,-1735.2183051015018,-1716.860355436802,-1698.502405772102,36.71589932939969,-1698.502405772102,-1735.2183051015018,,
F2,200.0,456.69858466647565,1903.1779342939951,2,single_plane;segmented_plane,-1770.5786662711762,-1747.997162293992,-1725.4156583168078,45.16300795436837,-1725.4156583168078,-1770.5786662711762,,
F2,200.0,466.3124885838479,1909.919314392084,2,single_plane;segmented_plane,-1810.5374228780856,-1783.8321966268122,-1757.1269703754224,53.41045250266325,-1757.1269703754224,-1810.5374228780856,,
F2,200.0,475.9263925002888,1916.868793662161,2,single_plane;segmented_plane,-1850.8065999809187,-1819.9843907440081,-1789.1621815069811,61.64441847393755,-1789.1621815069811,-1850.8065999809187,,
F2,200.0,485.5402964167297,1924.8546904430232,2,single_plane;segmented_plane,-1892.6217959237983,-1857.7161680639256,-1822.8105402040528,69.81125571974553,-1822.8105402040528,-1892.6217959237983,,
F2,200.0,495.1542003331706,1933.579706704048,2,single_plane;segmented_plane,-1935.5395327148726,-1896.5744226033567,-1857.6093124918407,77.93022022303194,-1857.6093124918407,-1935.5395327148726,,
F2,200.0,504.7681042496115,1940.4718530429425,2,single_plane;segmented_plane,-1975.7231865696376,-1932.6392367464723,-1889.555286923307,86.16789964633062,-1889.555286923307,-1975.7231865696376,,
F2,200.0,514.3820081669837,1946.9302015441815,2,single_plane;segmented_plane,-2015.2597463529091,-1968.0429082824849,-1920.8260702119442,94.43367614096496,-1920.8260702119442,-2015.2597463529091,,
F2,200.0,523.9959120834246,1953.3885500447952,2,single_plane;segmented_plane,-2054.7963061325718,-2003.446579815005,-1952.0968534974381,102.69945263513364,-1952.0968534974381,-2054.7963061325718,,
F2,200.0,533.6098159998655,1942.0986327835185,2,single_plane;segmented_plane,-2067.857866251259,-2011.8004744128557,-1955.7430825744523,112.11478367680684,-1955.7430825744523,-2067.857866251259,,
F2,200.0,543.2237199163064,1926.234185391761,2,single_plane;segmented_plane,-2074.095622552908,-2013.1824191160267,-1952.2692156791454,121.8264068737626,-1952.2692156791454,-2074.095622552908,,
F2,200.0,552.8376238336787,1915.1185964300323,2,single_plane;segmented_plane,-2087.4172273308504,-2021.8020039916737,-1956.186780652497,131.23044667835347,-1956.186780652497,-2087.4172273308504,,
F2,200.0,562.4515277501196,1905.0154251579236,2,single_plane;segmented_plane,-2102.2490505324677,-2031.9645944202784,-1961.6801383080892,140.56891222437844,-1961.6801383080892,-2102.2490505324677,,
F2,200.0,572.0654316665605,1897.2901510796005,2,single_plane;segmented_plane,-2120.6279711372918,-2045.75129041099,-1970.874609684688,149.7533614526037,-1970.874609684688,-2120.6279711372918,,
F2,200.0,581.6793355830014,1892.0650513835096,2,single_plane;segmented_plane,-2142.7363894187147,-2063.3484521815553,-1983.9605149442796,158.7758744744351,-1983.9605149442796,-2142.7363894187147,,
F2,200.0,591.2932395003736,1888.277719296937,2,single_plane;segmented_plane,-2166.9895184868947,-2083.1368868169375,-1999.2842551470967,167.70526333979797,-1999.2842551470967,-2166.9895184868947,,
F2,200.0,600.9071434168145,1880.6491217888024,2,single_plane;segmented_plane,-2185.512651050114,-2097.070925635053,-2008.629200220108,176.88345083000604,-2008.629200220108,-2185.512651050114,,
F2,200.0,610.5210473332554,1868.3534737777452,2,single_plane;segmented_plane,-2197.0739676173544,-2103.8920061088866,-2010.7100446004188,186.3639230169356,-2010.7100446004188,-2197.0739676173544,,
F2,200.0,620.1349512496963,1856.7519784377791,2,single_plane;segmented_plane,-2209.670748267672,-2111.771030787728,-2013.8713133077836,195.7994349598885,-2013.8713133077836,-2209.670748267672,,
F2,200.0,629.7488551670685,1848.735945297204,2,single_plane;segmented_plane,-2227.61594503012,-2125.114586708485,-2022.61322838685,205.0027166432701,-2022.61322838685,-2227.61594503012,,
F2,200.0,639.3627590844408,1848.3384586770128,2,single_plane;segmented_plane,-2256.9256896980805,-2150.069417029852,-2043.2131443616236,213.71254533645697,-2043.2131443616236,-2256.9256896980805,,
F2,200.0,648.9766629999503,1854.1278619573168,2,single_plane;segmented_plane,-2295.4643872233573,-2184.453562529059,-2073.4427378346445,222.02164938871283,-2073.4427378346445,-2295.4643872233573,,
F2,200.0,658.5905669163913,1866.185356740552,2,single_plane;segmented_plane,-2343.353165632114,-2228.390780944377,-2113.4283962566406,229.9247693754733,-2113.4283962566406,-2343.353165632114,,
F2,200.0,668.2044708337635,1874.6297245780763,2,single_plane;segmented_plane,-2385.8522605702747,-2266.8213048363104,-2147.790349102346,238.06191146792844,-2147.790349102346,-2385.8522605702747,,
F2,200.0,677.8183747502044,1879.7530069242375,2,single_plane;segmented_plane,-2423.397308815038,-2300.190228740219,-2176.983148665284,246.41416014975405,-2176.983148665284,-2423.397308815038,,
F2,200.0,687.4322786666453,1878.863637706528,2,single_plane;segmented_plane,-2451.9733146615326,-2324.3953906309325,-2196.817466600216,255.15584806131665,-2196.817466600216,-2451.9733146615326,,
F2,200.0,697.0461825830862,1878.7993092830093,2,single_plane;segmented_plane,-2481.7800297525246,-2349.8579806976486,-2217.935931642889,263.8440981096355,-2217.935931642889,-2481.7800297525246,,
F2,200.0,706.6600865004584,1881.2040187102464,2,single_plane;segmented_plane,-2515.269796314067,-2379.0835819818312,-2242.8973676495953,272.37242866447195,-2242.8973676495953,-2515.269796314067,,
F2,200.0,716.2739904168993,1895.1968618013516,2,single_plane;segmented_plane,-2566.045524156769,-2425.970426051994,-2285.895327947219,280.1501962095499,-2285.895327947219,-2566.045524156769,,
F2,200.0,725.8878943333402,1914.806098857844,2,single_plane;segmented_plane,-2625.199198911083,-2481.417103853426,-2337.635008795769,287.564190115314,-2337.635008795769,-2625.199198911083,,
F2,200.0,735.5017982497811,1927.7770627346144,2,single_plane;segmented_plane,-2674.4505946181016,-2526.7465222475585,-2379.0424498770153,295.4081447410863,-2379.0424498770153,-2674.4505946181016,,
F2,200.0,745.1157021671534,1938.103146621917,2,single_plane;segmented_plane,-2719.756636017817,-2568.0449319421314,-2416.3332278664457,303.4234081513714,-2416.3332278664457,-2719.756636017817,,
F2,200.0,754.7296060835943,1937.2236921402548,2,single_plane;segmented_plane,-2748.347431626753,-2592.2652046838775,-2436.1829777408857,312.16445388586726,-2436.1829777408857,-2748.347431626753,,
F2,200.0,764.3435100000352,1936.3442376585929,2,single_plane;segmented_plane,-2776.938227235689,-2616.4854774255073,-2456.0327276153257,320.9054996203631,-2456.0327276153257,-2776.938227235689,,
F2,300.0,-389.3249599998817,1765.7628173828125,2,single_plane;segmented_plane,-1.4313259017653763,254.95862531941384,511.34857654059306,512.7799024423584,511.34857654059306,-1.4313259017653763,,
F2,300.0,-379.7110560834408,1765.7628173828125,2,single_plane;segmented_plane,0.6877682940103114,245.408877426642,490.1299865592737,489.44221826526336,490.1299865592737,0.6877682940103114,,
F2,300.0,-370.0971521669999,1765.7628173828125,2,single_plane;segmented_plane,2.806862489785999,235.85912953387015,468.9113965779543,466.1045340881683,468.9113965779543,2.806862489785999,,
F2,300.0,-360.48324824962765,1765.7628173828125,2,single_plane;segmented_plane,4.925956685678102,226.30938164005056,447.69280659453943,442.7668499088613,447.69280659453943,4.925956685678102,,
F2,300.0,-350.86934433318675,1765.7628173828125,2,single_plane;segmented_plane,7.04505088145379,216.75963374739513,426.47421661322005,419.4291657317663,426.47421661322005,7.04505088145379,,
F2,300.0,-341.25544041674584,1765.7628173828125,2,single_plane;segmented_plane,9.164145077229477,207.20988585450687,405.25562663190067,396.0914815546712,405.25562663190067,9.164145077229477,,
F2,300.0,-331.64153650030494,1765.7628173828125,2,single_plane;segmented_plane,11.283239273005165,197.66013796173502,384.03703665046487,372.7537973774597,384.03703665046487,11.283239273005165,,
F2,300.0,-322.0276325829327,1765.7628173828125,2,single_plane;segmented_plane,13.402333468897268,188.11039006803185,362.8184466671664,349.4161131982692,362.8184466671664,13.402333468897268,,
F2,300.0,-312.4137286664918,1765.7628173828125,2,single_plane;segmented_plane,15.521427664672956,178.56064217514358,341.59985668573063,326.0784290210577,341.59985668573063,15.521427664672956,,
F2,300.0,-302.7998247500509,1765.7628173828125,2,single_plane;segmented_plane,17.640521860448644,169.01089428248815,320.38126670441125,302.7407448439626,320.38126670441125,17.640521860448644,,
F2,300.0,-293.18592083361,1765.7628173828125,2,single_plane;segmented_plane,19.75961605622433,159.4611463895999,299.16267672309186,279.40306066686753,299.16267672309186,19.75961605622433,,
F2,300.0,-283.57201691623777,1765.7628173828125,2,single_plane;segmented_plane,21.878710252116434,149.91139849589672,277.944086739677,256.06537648756057,277.944086739677,21.878710252116434,,
F2,300.0,-273.95811299979687,1765.7628173828125,2,single_plane;segmented_plane,23.997804447892122,140.36165060312487,256.7254967583576,232.7276923104655,256.7254967583576,23.997804447892122,,
F2,300.0,-264.34420908335596,1765.7628173828125,2,single_plane;segmented_plane,26.11689864366781,130.81190271035302,235.50690677703824,209.39000813337043,235.50690677703824,26.11689864366781,,
F2,300.0,-254.73030516691506,1765.7628173828125,2,single_plane;segmented_plane,28.235992839327082,121.26215481758118,214.28831679571886,186.05232395639177,214.28831679571886,28.235992839327082,,
F2,300.0,-245.11640124954283,1765.7628173828125,2,single_plane;segmented_plane,30.3550870353356,111.71240692376159,193.069726812304,162.7146397769684,193.069726812304,30.3550870353356,,
F2,300.0,-235.50249733310193,1765.7628173828125,2,single_plane;segmented_plane,32.47418123111129,102.16265903110616,171.85113683098461,139.37695559987333,171.85113683098461,32.47418123111129,,
F2,300.0,-225.88859341666102,1765.7628173828125,2,single_plane;segmented_plane,34.593275426886976,92.6129111382179,150.63254684966523,116.03927142277826,150.63254684966523,34.593275426886976,,
F2,300.0,-216.27468950022012,1765.7628173828125,2,single_plane;segmented_plane,36.71236962254625,83.06316324544605,129.41395686834585,92.7015872457996,129.41395686834585,36.71236962254625,,
F2,300.0,-206.6607855828479,1751.2409685865127,2,single_plane;segmented_plane,60.49363335745875,95.64587470795959,130.79811605834402,70.30448270088527,130.79811605834402,60.49363335745875,,
F2,300.0,-197.046881666407,1741.8891454058305,2,single_plane;segmented_plane,76.56279562506825,100.34905351581983,124.13531140657142,47.57251578150317,124.13531140657142,76.56279562506825,,
F2,300.0,-187.43297774996608,1745.438006443777,2,single_plane;segmented_plane,73.38807148172054,85.39055748179089,97.39304348186124,24.004972000140697,97.39304348186124,73.38807148172054,,
F2,300.0,-177.81907383259386,1740.325076323987,2,single_plane;segmented_plane,83.13409807777498,83.63332414103206,84.13255020428915,0.9984521265141666,84.13255020428915,83.13409807777498,,
F2,300.0,-168.20516991615295,1755.751144530774,2,single_plane;segmented_plane,38.903825195971876,50.573014169349335,62.242203142726794,23.33837794675492,38.903825195971876,62.242203142726794,,
F2,300.0,-158.59126599971205,1776.1252417371122,2,single_plane;segmented_plane,-14.026333694346249,9.971512146410532,33.969357987167314,47.99569168151356,-14.026333694346249,33.969357987167314,,
F2,300.0,-148.97736208327115,1798.1608186997264,2,single_plane;segmented_plane,-69.54252764920238,-33.16221794846933,3.2180917522637174,72.7606194014661,-69.54252764920238,3.2180917522637174,,
F2,300.0,-139.36345816683024,1796.608287769048,2,single_plane;segmented_plane,-88.34465759829618,-40.3457844958175,7.653088606661186,95.99774620495737,-88.34465759829618,7.653088606661186,,
F2,300.0,-129.74955424945801,1783.569364489777,2,single_plane;segmented_plane,-89.26862005132716,-30.023170159664005,29.222279731882736,118.4908997832099,-89.26862005132716,29.222279731882736,,
F2,300.0,-120.13565033301711,1768.2270622792578,2,single_plane;segmented_plane,-86.60745384788606,-16.19002205436118,54.227409739163704,140.83486358704977,-86.60745384788606,54.227409739163704,,
F2,300.0,-110.5217464165762,1779.9982928098184,2,single_plane;segmented_plane,-126.14755198406056,-43.68006700882688,38.78741796640679,164.93496995046735,-126.14755198406056,38.78741796640679,,
F2,300.0,-100.9078425001353,1788.3291906555685,2,single_plane;segmented_plane,-160.33289275853895,-65.9267697148025,28.479353328817524,188.81224608735647,-160.33289275853895,28.479353328817524,,
F2,300.0,-91.2939385836944,1780.4211389326983,2,single_plane;segmented_plane,-169.24287713109516,-63.42401411454193,42.39484890201129,211.63772603310645,-169.24287713109516,42.39484890201129,,
F2,300.0,-81.68003466632217,1768.0143902683587,2,single_plane;segmented_plane,-171.15079723694362,-54.064884467516094,63.021028302027844,234.17182553897143,-171.15079723694362,63.021028302027844,,
F2,300.0,-72.06613074988127,1752.8053831074133,2,single_plane;segmented_plane,-168.6971001108177,-40.43488868162967,87.82732274755836,256.52442285837606,-168.6971001108177,87.82732274755836,,
F2,300.0,-62.45222683344036,1742.4622795007294,2,single_plane;segmented_plane,-173.8170114889508,-34.22091919905506,105.37517309072427,279.1921845796751,-173.8170114889508,105.37517309072427,,
F2,300.0,-52.83832291699946,1749.186011941462,2,single_plane;segmented_plane,-205.50085558497813,-54.01817325002048,97.46450908493716,302.9653646699153,-205.50085558497813,97.46450908493716,,
F2,300.0,-43.22441899962723,1755.9097443828457,2,single_plane;segmented_plane,-237.18469968403224,-73.81542730284855,89.55384507845156,326.7385447624838,-237.18469968403224,89.55384507845156,,
F2,300.0,-33.61051508318633,1757.7866151429953,2,single_plane;segmented_plane,-261.32457328541204,-86.22567638917826,88.87322050705552,350.1977937924676,-261.32457328541204,88.87322050705552,,
F2,300.0,-23.996611166745424,1755.5107144234055,2,single_plane;segmented_plane,-279.0008034866769,-92.50091854040511,93.99896640598308,372.99976989266,-279.0008034866769,93.99896640598308,,
F2,300.0,-14.38270725030452,1733.8638555487078,2,single_plane;segmented_plane,-266.5268155875383,-85.07000553363468,96.38680452026892,362.9136201078072,-266.5268155875383,96.38680452026892,,
F2,300.0,-4.768803332932293,1719.3551139862518,2,single_plane;segmented_plane,-265.16305734799244,-88.51815438363701,88.12674858071841,353.28980592871085,-265.16305734799244,88.12674858071841,,
F2,300.0,4.845100584439933,1732.634058682101,2,single_plane;segmented_plane,-307.04985979024787,-134.31696018541697,38.41593941941392,345.4657992096618,-307.04985979024787,38.41593941941392,,
F2,300.0,14.459004499949515,1739.9452758896316,2,single_plane;segmented_plane,-339.64810335519724,-171.02047185925767,-2.3928403633181006,337.25526299187914,-339.64810335519724,-2.3928403633181006,,
F2,300.0,24.07290841639042,1744.2818257169197,2,single_plane;segmented_plane,-367.61638129968196,-203.19035246339627,-38.764323627226986,328.852057672455,-367.61638129968196,-38.764323627226986,,
F2,300.0,33.686812333762646,1772.210836380848,2,single_plane;segmented_plane,-432.30549845600035,-271.3170308514964,-110.32856324710883,321.9769352088915,-432.30549845600035,-110.32856324710883,,
F2,300.0,43.30071625020355,1808.149213968018,2,single_plane;segmented_plane,-509.46091478073504,-351.65062520094216,-193.8403356212657,315.62057915946934,-509.46091478073504,-193.8403356212657,,
F2,300.0,52.914620166644454,1829.1328527336327,2,single_plane;segmented_plane,-563.3398037651787,-409.192001163261,-255.04419856134336,308.2956052038353,-563.3398037651787,-255.04419856134336,,
F2,300.0,62.52852408308536,1826.5199952327584,2,single_plane;segmented_plane,-580.4915725348983,-430.7704290264519,-281.0492855180055,299.4422870168928,-580.4915725348983,-281.0492855180055,,
F2,300.0,72.14242800045758,1818.3062157893928,2,single_plane;segmented_plane,-588.9257024175022,-443.8126037613256,-298.699505105149,290.2261973123532,-588.9257024175022,-298.699505105149,,
F2,300.0,81.75633191689849,1805.2871677678047,2,single_plane;segmented_plane,-589.880600011209,-449.5311647451017,-309.18172947887797,280.69887053233106,-589.880600011209,-309.18172947887797,,
F2,300.0,91.3702358333394,1788.311892233965,2,single_plane;segmented_plane,-584.677768008085,-449.22011849016417,-313.76246897224337,270.9152990358416,-584.677768008085,-313.76246897224337,,
F2,300.0,100.9841397497803,1806.3176858197517,2,single_plane;segmented_plane,-633.9217452384764,-502.22302016208414,-370.52429508569185,263.3974501527846,-633.9217452384764,-370.52429508569185,,
F2,300.0,110.59804366715252,1824.0746448341804,2,single_plane;segmented_plane,-682.7784201734466,-554.8466780422023,-426.91493591095787,255.8634842624888,-682.7784201734466,-426.91493591095787,,
F2,300.0,120.21194758359343,1836.082258238566,2,single_plane;segmented_plane,-722.6864399758633,-598.7078732454684,-474.7293065151898,247.9571334606735,-722.6864399758633,-474.7293065151898,,
F2,300.0,129.82585150003433,1840.457801538293,2,single_plane;segmented_plane,-750.7154098949395,-630.9371830213349,-511.15895614773035,239.5564537472092,-750.7154098949395,-511.15895614773035,,
F2,300.0,139.43975541647524,1835.4703130723035,2,single_plane;segmented_plane,-764.1711487143766,-648.8964833162026,-533.6218179180287,230.54933079634796,-764.1711487143766,-533.6218179180287,,
F2,300.0,149.05365933384746,1829.8170519516552,2,single_plane;segmented_plane,-776.5906357106287,-665.8410928240046,-555.0915499372641,221.49908577336464,-776.5906357106287,-555.0915499372641,,
F2,300.0,158.66756325028837,1825.043524007647,2,single_plane;segmented_plane,-790.379396590637,-684.1264860716183,-577.8735755525995,212.50582103803757,-790.379396590637,-577.8735755525995,,
F2,300.0,168.28146716672927,1825.5286814184635,2,single_plane;segmented_plane,-812.3531170942588,-710.4265365104657,-608.4999559266726,203.85316116758625,-812.3531170942588,-608.4999559266726,,
F2,300.0,177.89537108317018,1834.901425306968,2,single_plane;segmented_plane,-848.1600547543494,-750.2719797743484,-652.3839047943475,195.77614996000196,-848.1600547543494,-652.3839047943475,,
F2,300.0,187.5092750005424,1848.611415492256,2,single_plane;segmented_plane,-890.7177644101903,-796.7277333894745,-702.7377023686422,187.98006204154808,-890.7177644101903,-702.7377023686422,,
F2,300.0,197.1231789169833,1855.8563013961457,2,single_plane;segmented_plane,-923.2127656234661,-833.330150849768,-743.4475360760698,179.7652295473963,-923.2127656234661,-743.4475360760698,,
F2,300.0,206.7370828334242,1855.5647153868167,2,single_plane;segmented_plane,-943.9775121911662,-858.4463821746176,-772.915252158069,171.06226003309712,-943.9775121911662,-772.915252158069,,
F2,300.0,216.35098674986511,1859.1626734655213,2,single_plane;segmented_plane,-970.7961979407119,-889.490589864552,-808.1849817883922,162.61121615231968,-970.7961979407119,-808.1849817883922,,
F2,300.0,225.96489066630602,1883.2230127467449,2,single_plane;segmented_plane,-1029.4638635480078,-951.7211035577348,-873.9783435674617,155.4855199805461,-1029.4638635480078,-873.9783435674617,,
F2,300.0,235.57879458367825,1902.771419686413,2,single_plane;segmented_plane,-1081.1088644516421,-1007.0750713970046,-933.0412783423671,148.067586109275,-1081.1088644516421,-933.0412783423671,,
F2,300.0,245.19269850011915,1901.5141402791437,2,single_plane;segmented_plane,-1100.3705430588452,-1030.7195087249856,-961.0684743911261,139.30206866771914,-1100.3705430588452,-961.0684743911261,,
F2,300.0,254.80660241656005,1899.0041369745973,2,single_plane;segmented_plane,-1117.682400783524,-1052.4546946118353,-987.2269884401467,130.45541234337725,-1117.682400783524,-987.2269884401467,,
F2,300.0,264.42050633300096,1889.6867434819883,2,single_plane;segmented_plane,-1124.398794039269,-1063.8148732408881,-1003.2309524426237,121.1678415966453,-1124.398794039269,-1003.2309524426237,,
F2,300.0,274.0344102503732,1880.6655125684435,2,single_plane;segmented_plane,-1131.5761539812665,-1075.6264273368288,-1019.6767006925074,111.8994532887591,-1131.5761539812665,-1019.6767006925074,,
F2,300.0,283.6483141668141,1872.3427615692265,2,single_plane;segmented_plane,-1139.8406734508462,-1088.5025207002182,-1037.1643679494737,102.67630550137255,-1139.8406734508462,-1037.1643679494737,,
F2,300.0,293.262218083255,1866.912919210092,2,single_plane;segmented_plane,-1152.6079039244214,-1105.7876382721588,-1058.9673726198962,93.6405313045252,-1152.6079039244214,-1058.9673726198962,,
F2,300.0,302.8761219996959,1862.377277334696,2,single_plane;segmented_plane,-1166.7669261407573,-1124.4355889200233,-1082.1042516992893,84.66267444146797,-1166.7669261407573,-1082.1042516992893,,
F2,300.0,312.4900259170681,1858.0075800344,2,single_plane;segmented_plane,-1181.1842352797976,-1143.3364523788914,-1105.4886694781017,75.69556580169592,-1181.1842352797976,-1105.4886694781017,,
F2,300.0,322.103929833509,1853.535680637054,2,single_plane;segmented_plane,-1195.4424704313278,-1162.0815516629955,-1128.7206328946631,66.72183753666468,-1195.4424704313278,-1128.7206328946631,,
F2,300.0,331.71783374994993,1848.504421153322,2,single_plane;segmented_plane,-1208.83008119429,-1179.9741414249875,-1151.1182016555686,57.711879538721405,-1208.83008119429,-1151.1182016555686,,
F2,300.0,341.33173766639084,1843.6798048871851,2,single_plane;segmented_plane,-1222.5393248897744,-1198.1816719825147,-1173.824019075255,48.715305814519525,-1222.5393248897744,-1173.824019075255,,
F2,300.0,350.94564158376306,1839.981037103336,2,single_plane;segmented_plane,-1238.0009123288328,-1218.1050857007504,-1198.2092590727843,39.79165325604845,-1238.0009123288328,-1198.2092590727843,,
F2,300.0,360.55954550020397,1839.1114840622597,2,single_plane;segmented_plane,-1257.8660734489094,-1242.3404490301618,-1226.8148246114142,31.051248837495223,-1257.8660734489094,-1226.8148246114142,,
F2,300.0,370.17344941664487,1849.3119628417955,2,single_plane;segmented_plane,-1294.9613514839439,-1283.4474264890887,-1271.9335014942335,23.027849989710376,-1294.9613514839439,-1271.9335014942335,,
F2,300.0,379.7873533330858,1875.488911453772,2,single_plane;segmented_plane,-1356.923445402179,-1348.9038221372757,-1340.884198872489,16.03924652968999,-1356.923445402179,-1340.884198872489,,
F2,300.0,389.401257250458,1891.8704646686128,2,single_plane;segmented_plane,-1403.639349369565,-1399.4312515424099,-1395.2231537153712,8.41619565419387,-1403.639349369565,-1395.2231537153712,,
F2,300.0,399.0151611668989,1895.2424571685744,2,single_plane;segmented_plane,-1430.155811616918,-1430.1310696124565,-1430.1063276078785,0.0494840090395882,-1430.1063276078785,-1430.155811616918,,
F2,300.0,408.6290650833398,1895.4366691739397,2,single_plane;segmented_plane,-1460.3481901782798,-1455.9876959767425,-1451.6272017752053,8.720988403074443,-1451.6272017752053,-1460.3481901782798,,
F2,300.0,418.2429689997807,1906.633194199697,2,single_plane;segmented_plane,-1506.9526642870624,-1498.6127276017796,-1490.2727909163805,16.67987337068189,-1490.2727909163805,-1506.9526642870624,,
F2,300.0,427.85687291715294,1903.7069788813133,2,single_plane;segmented_plane,-1532.4903169504832,-1519.7135730837472,-1506.9368292171275,25.553487733355723,-1506.9368292171275,-1532.4903169504832,,
F2,300.0,437.47077683359385,1898.138318096104,2,single_plane;segmented_plane,-1554.086246865918,-1536.7871202685637,-1519.4879936712096,34.59825319470838,-1519.4879936712096,-1554.086246865918,,
F2,300.0,447.08468075003475,1899.5192187963823,2,single_plane;segmented_plane,-1586.048803044483,-1564.4523551426828,-1542.855907240766,43.192895803716965,-1542.855907240766,-1586.048803044483,,
F2,300.0,456.69858466647565,1903.1779342939951,2,single_plane;segmented_plane,-1621.409164214041,-1595.5891619997565,-1569.7691597854719,51.64000442856923,-1569.7691597854719,-1621.409164214041,,
F2,300.0,466.3124885838479,1909.919314392084,2,single_plane;segmented_plane,-1661.367920821067,-1631.4241963325767,-1601.4804718440864,59.88744897698052,-1601.4804718440864,-1661.367920821067,,
F2,300.0,475.9263925002888,1916.868793662161,2,single_plane;segmented_plane,-1701.6370979237836,-1667.5763904496562,-1633.5156829755288,68.12141494825482,-1633.5156829755288,-1701.6370979237836,,
F2,300.0,485.5402964167297,1924.8546904430232,2,single_plane;segmented_plane,-1743.4522938667797,-1705.30816776969,-1667.1640416726004,76.28825219417922,-1667.1640416726004,-1743.4522938667797,,
F2,300.0,495.1542003331706,1933.579706704048,2,single_plane;segmented_plane,-1786.3700306577375,-1744.1664223091211,-1701.9628139605047,84.4072166972328,-1701.9628139605047,-1786.3700306577375,,
F2,300.0,504.7681042496115,1940.4718530429425,2,single_plane;segmented_plane,-1826.553684512619,-1780.2312364522368,-1733.908788391971,92.6448961206479,-1733.908788391971,-1826.553684512619,,
F2,300.0,514.3820081669837,1946.9302015441815,2,single_plane;segmented_plane,-1866.0902442958904,-1815.634907988133,-1765.1795716804918,100.91067261539864,-1765.1795716804918,-1866.0902442958904,,
F2,300.0,523.9959120834246,1953.3885500447952,2,single_plane;segmented_plane,-1905.626804075553,-1851.0385795207694,-1796.4503549659858,109.17644910956732,-1796.4503549659858,-1905.626804075553,,
F2,300.0,533.6098159998655,1942.0986327835185,2,single_plane;segmented_plane,-1918.6883641942404,-1859.3924741186202,-1800.0965840431163,118.59178015112413,-1800.0965840431163,-1918.6883641942404,,
F2,300.0,543.2237199163064,1926.234185391761,2,single_plane;segmented_plane,-1924.9261204958893,-1860.7744188217912,-1796.6227171478095,128.30340334807988,-1796.6227171478095,-1924.9261204958893,,
F2,300.0,552.8376238336787,1915.1185964300323,2,single_plane;segmented_plane,-1938.2477252738317,-1869.3940036974382,-1800.540282121161,137.70744315267075,-1800.540282121161,-1938.2477252738317,,
F2,300.0,562.4515277501196,1905.0154251579236,2,single_plane;segmented_plane,-1953.079548475449,-1879.5565941261593,-1806.0336397767533,147.0459086986957,-1806.0336397767533,-1953.079548475449,,
F2,300.0,572.0654316665605,1897.2901510796005,2,single_plane;segmented_plane,-1971.458469080273,-1893.3432901168708,-1815.228111153352,156.230357926921,-1815.228111153352,-1971.458469080273,,
F2,300.0,581.6793355830014,1892.0650513835096,2,single_plane;segmented_plane,-1993.566887361696,-1910.9404518873198,-1828.3140164129436,165.2528709487524,-1828.3140164129436,-1993.566887361696,,
F2,300.0,591.2932395003736,1888.277719296937,2,single_plane;segmented_plane,-2017.820016429876,-1930.7288865228184,-1843.6377566157607,174.18225981411524,-1843.6377566157607,-2017.820016429876,,
F2,300.0,600.9071434168145,1880.6491217888024,2,single_plane;segmented_plane,-2036.3431489930954,-1944.6629253409337,-1852.9827016886557,183.36044730443973,-1852.9827016886557,-2036.3431489930954,,
F2,300.0,610.5210473332554,1868.3534737777452,2,single_plane;segmented_plane,-2047.9044655603357,-1951.484005814651,-1855.0635460690828,192.8409194912529,-1855.0635460690828,-2047.9044655603357,,
F2,300.0,620.1349512496963,1856.7519784377791,2,single_plane;segmented_plane,-2060.501246210537,-1959.3630304934923,-1858.2248147764476,202.2764314340893,-1858.2248147764476,-2060.501246210537,,
F2,300.0,629.7488551670685,1848.735945297204,2,single_plane;segmented_plane,-2078.4464429731015,-1972.7065864142496,-1866.9667298553977,211.4797131177038,-1866.9667298553977,-2078.4464429731015,,
F2,300.0,639.3627590844408,1848.3384586770128,2,single_plane;segmented_plane,-2107.756187641062,-1997.661416735733,-1887.5666458302876,220.18954181077424,-1887.5666458302876,-2107.756187641062,,
F2,300.0,648.9766629999503,1854.1278619573168,2,single_plane;segmented_plane,-2146.2948851663386,-2032.0455622348236,-1917.7962393033085,228.4986458630301,-1917.7962393033085,-2146.2948851663386,,
F2,300.0,658.5905669163913,1866.185356740552,2,single_plane;segmented_plane,-2194.183663575095,-2075.982780650258,-1957.7818977253046,236.4017658497905,-1957.7818977253046,-2194.183663575095,,
F2,300.0,668.2044708337635,1874.6297245780763,2,single_plane;segmented_plane,-2236.682758513256,-2114.413304542075,-1992.1438505708938,244.53890794236213,-1992.1438505708938,-2236.682758513256,,
F2,300.0,677.8183747502044,1879.7530069242375,2,single_plane;segmented_plane,-2274.227806758019,-2147.7822284459835,-2021.3366501339478,252.8911566240713,-2021.3366501339478,-2274.227806758019,,
F2,300.0,687.4322786666453,1878.863637706528,2,single_plane;segmented_plane,-2302.803812604514,-2171.987390336697,-2041.17096806888,261.6328445356339,-2041.17096806888,-2302.803812604514,,
F2,300.0,697.0461825830862,1878.7993092830093,2,single_plane;segmented_plane,-2332.610527695506,-2197.4499804035295,-2062.289433111553,270.3210945839528,-2062.289433111553,-2332.610527695506,,
F2,300.0,706.6600865004584,1881.2040187102464,2,single_plane;segmented_plane,-2366.1002942570485,-2226.6755816875957,-2087.250869118143,278.84942513890564,-2087.250869118143,-2366.1002942570485,,
F2,300.0,716.2739904168993,1895.1968618013516,2,single_plane;segmented_plane,-2416.8760220996337,-2273.5624257577583,-2130.248829415883,286.6271926837508,-2130.248829415883,-2416.8760220996337,,
F2,300.0,725.8878943333402,1914.806098857844,2,single_plane;segmented_plane,-2476.0296968540642,-2329.0091035591904,-2181.9885102643166,294.04118658974767,-2181.9885102643166,-2476.0296968540642,,
F2,300.0,735.5017982497811,1927.7770627346144,2,single_plane;segmented_plane,-2525.281092561083,-2374.3385219534393,-2223.3959513456794,301.8851412154036,-2223.3959513456794,-2525.281092561083,,
F2,300.0,745.1157021671534,1938.103146621917,2,single_plane;segmented_plane,-2570.5871339607984,-2415.6369316480123,-2260.6867293351097,309.9004046256887,-2260.6867293351097,-2570.5871339607984,,
F2,300.0,754.7296060835943,1937.2236921402548,2,single_plane;segmented_plane,-2599.1779295697343,-2439.857204389642,-2280.5364792095497,318.64145036018454,-2280.5364792095497,-2599.1779295697343,,
F2,300.0,764.3435100000352,1936.3442376585929,2,single_plane;segmented_plane,-2627.76872517867,-2464.0774771312717,-2300.3862290839897,327.3824960946804,-2300.3862290839897,-2627.76872517867,,
F2,400.0,-389.3249599998817,1765.7628173828125,2,single_plane;segmented_plane,147.7381761552533,407.36662561353296,666.995075071929,519.2568989166757,666.995075071929,147.7381761552533,,
F2,400.0,-379.7110560834408,1765.7628173828125,2,single_plane;segmented_plane,149.857270351029,397.8168777208775,645.7764850906096,495.91921473958064,645.7764850906096,149.857270351029,,
F2,400.0,-370.0971521669999,1765.7628173828125,2,single_plane;segmented_plane,151.9763645468047,388.26712982798927,624.5578951092903,472.5815305624856,624.5578951092903,151.9763645468047,,
F2,400.0,-360.48324824962765,1765.7628173828125,2,single_plane;segmented_plane,154.0954587426968,378.7173819342861,603.3393051258754,449.2438463831786,603.3393051258754,154.0954587426968,,
F2,400.0,-350.86934433318675,1765.7628173828125,2,single_plane;segmented_plane,156.21455293847248,369.16763404151425,582.120715144556,425.90616220608354,582.120715144556,156.21455293847248,,
F2,400.0,-341.25544041674584,1765.7628173828125,2,single_plane;segmented_plane,158.33364713424817,359.6178861487424,560.9021251632366,402.56847802898847,560.9021251632366,158.33364713424817,,
F2,400.0,-331.64153650030494,1765.7628173828125,2,single_plane;segmented_plane,160.45274133002385,350.06813825597055,539.6835351818008,379.230793851777,539.6835351818008,160.45274133002385,,
F2,400.0,-322.0276325829327,1765.7628173828125,2,single_plane;segmented_plane,162.57183552591596,340.51839036215097,518.4649451985024,355.89310967258643,518.4649451985024,162.57183552591596,,
F2,400.0,-312.4137286664918,1765.7628173828125,2,single_plane;segmented_plane,164.69092972169165,330.9686424693791,497.2463552170666,332.55542549537495,497.2463552170666,164.69092972169165,,
F2,400.0,-302.7998247500509,1765.7628173828125,2,single_plane;segmented_plane,166.81002391746733,321.4188945766073,476.0277652357472,309.2177413182799,476.0277652357472,166.81002391746733,,
F2,400.0,-293.18592083361,1765.7628173828125,2,single_plane;segmented_plane,168.92911811324302,311.8691466838354,454.8091752544278,285.8800571411848,454.8091752544278,168.92911811324302,,
F2,400.0,-283.57201691623777,1765.7628173828125,2,single_plane;segmented_plane,171.04821230913512,302.31939879013225,433.59058527101297,262.54237296187785,433.59058527101297,171.04821230913512,,
F2,400.0,-273.95811299979687,1765.7628173828125,2,single_plane;segmented_plane,173.1673065049108,292.769650897244,412.3719952896936,239.2046887847828,412.3719952896936,173.1673065049108,,
F2,400.0,-264.34420908335596,1765.7628173828125,2,single_plane;segmented_plane,175.2864007006865,283.21990300458856,391.1534053083742,215.8670046076877,391.1534053083742,175.2864007006865,,
F2,400.0,-254.73030516691506,1765.7628173828125,2,single_plane;segmented_plane,177.40549489634577,273.6701551117003,369.9348153270548,192.52932043070905,369.9348153270548,177.40549489634577,,
F2,400.0,-245.11640124954283,1765.7628173828125,2,single_plane;segmented_plane,179.5245890923543,264.1204072179971,348.71622534363996,169.19163625128567,348.71622534363996,179.5245890923543,,
F2,400.0,-235.50249733310193,1765.7628173828125,2,single_plane;segmented_plane,181.64368328812998,254.57065932522528,327.4976353623206,145.8539520741906,327.4976353623206,181.64368328812998,,
F2,400.0,-225.88859341666102,1765.7628173828125,2,single_plane;segmented_plane,183.76277748390567,245.02091143245343,306.2790453810012,122.51626789709552,306.2790453810012,183.76277748390567,,
F2,400.0,-216.27468950022012,1765.7628173828125,2,single_plane;segmented_plane,185.88187167956494,235.47116353968158,285.0604553996818,99.17858372011688,285.0604553996818,185.88187167956494,,
F2,400.0,-206.6607855828479,1751.2409685865127,2,single_plane;segmented_plane,209.66313541447744,248.0538750020787,286.44461458968,76.78147917520255,286.44461458968,209.66313541447744,,
F2,400.0,-197.046881666407,1741.8891454058305,2,single_plane;segmented_plane,225.73229768208694,252.75705381005537,279.7818099380238,54.04951225593686,279.7818099380238,225.73229768208694,,
F2,400.0,-187.43297774996608,1745.438006443777,2,single_plane;segmented_plane,222.55757353873923,237.79855777602643,253.0395420131972,30.48196847445797,253.0395420131972,222.55757353873923,,
F2,400.0,-177.81907383259386,1740.325076323987,2,single_plane;segmented_plane,232.30360013479367,236.0413244352676,239.77904873574153,7.475448600947857,239.77904873574153,232.30360013479367,,
F2,400.0,-168.20516991615295,1755.751144530774,2,single_plane;segmented_plane,194.55032372742426,202.98101446358487,211.41170519974548,16.861381472321227,194.55032372742426,211.41170519974548,,
F2,400.0,-158.59126599971205,1776.1252417371122,2,single_plane;segmented_plane,141.62016483698972,162.37951244064607,183.138860044186,41.51869520719629,141.62016483698972,183.138860044186,,
F2,400.0,-148.97736208327115,1798.1608186997264,2,single_plane;segmented_plane,86.10397088225,119.2457823457662,152.3875938092824,66.28362292703241,86.10397088225,152.3875938092824,,
F2,400.0,-139.36345816683024,1796.608287769048,2,single_plane;segmented_plane,67.30184093303978,112.06221579830162,156.82259066367988,89.52074973064009,67.30184093303978,156.82259066367988,,
F2,400.0,-129.74955424945801,1783.569364489777,2,single_plane;segmented_plane,66.3778784800088,122.38483013445511,178.39178178901784,112.01390330900904,66.3778784800088,178.39178178901784,,
F2,400.0,-120.13565033301711,1768.2270622792578,2,single_plane;segmented_plane,69.03904468356632,136.21797823987436,203.3969117961824,134.35786711261608,69.03904468356632,203.3969117961824,,
F2,400.0,-110.5217464165762,1779.9982928098184,2,single_plane;segmented_plane,29.49894654727541,108.72793328540865,187.9569200235419,158.4579734762665,29.49894654727541,187.9569200235419,,
F2,400.0,-100.9078425001353,1788.3291906555685,2,single_plane;segmented_plane,-4.686394227086566,86.48123057943303,177.64885538595263,182.3352496130392,-4.686394227086566,177.64885538595263,,
F2,400.0,-91.2939385836944,1780.4211389326983,2,single_plane;segmented_plane,-13.596378599759191,88.9839861796936,191.5643509591464,205.1607295589056,-13.596378599759191,191.5643509591464,,
F2,400.0,-81.68003466632217,1768.0143902683587,2,single_plane;segmented_plane,-15.504298705491237,98.34311582683586,212.19053035904653,227.69482906453777,-15.504298705491237,212.19053035904653,,
F2,400.0,-72.06613074988127,1752.8053831074133,2,single_plane;segmented_plane,-13.050601579481736,111.97311161248945,236.99682480457705,250.0474263840588,-13.050601579481736,236.99682480457705,,
F2,400.0,-62.45222683344036,1742.4622795007294,2,single_plane;segmented_plane,-18.170512957614847,118.18708109506406,254.54467514774296,272.7151881053578,-18.170512957614847,254.54467514774296,,
F2,400.0,-52.83832291699946,1749.186011941462,2,single_plane;segmented_plane,-49.854357053525746,98.38982704421505,246.63401114207227,296.488368195598,-49.854357053525746,246.63401114207227,,
F2,400.0,-43.22441899962723,1755.9097443828457,2,single_plane;segmented_plane,-81.53820115257986,78.5925729915034,238.72334713547025,320.2615482880501,-81.53820115257986,238.72334713547025,,
F2,400.0,-33.61051508318633,1757.7866151429953,2,single_plane;segmented_plane,-105.67807475407608,66.18232390494086,238.0427225640742,343.7207973181503,-105.67807475407608,238.0427225640742,,
F2,400.0,-23.996611166745424,1755.5107144234055,2,single_plane;segmented_plane,-123.35430495534092,59.907081753830425,243.16846846300177,366.5227734183427,-123.35430495534092,243.16846846300177,,
F2,400.0,-14.38270725030452,1733.8638555487078,2,single_plane;segmented_plane,-110.88031705608591,67.33799476060085,245.55630657728761,356.4366236333736,-110.88031705608591,245.55630657728761,,
F2,400.0,-4.768803332932293,1719.3551139862518,2,single_plane;segmented_plane,-109.51655881665647,63.88984591048211,237.2962506377371,346.8128094543936,-109.51655881665647,237.2962506377371,,
F2,400.0,4.845100584439933,1732.634058682101,2,single_plane;segmented_plane,-151.4033612589119,18.09104010881856,187.58544147654902,338.9888027354609,-151.4033612589119,187.58544147654902,,
F2,400.0,14.459004499949515,1739.9452758896316,2,single_plane;segmented_plane,-184.00160482374486,-18.612471565022133,146.7766616937006,330.77826651744545,-184.00160482374486,146.7766616937006,,
F2,400.0,24.07290841639042,1744.2818257169197,2,single_plane;segmented_plane,-211.969882768346,-50.78235216927715,110.40517842990812,322.3750611982541,-211.969882768346,110.40517842990812,,
F2,400.0,33.686812333762646,1772.210836380848,2,single_plane;segmented_plane,-276.6589999246644,-118.90903055737726,38.84093881002627,315.49993873469066,-276.6589999246644,38.84093881002627,,
F2,400.0,43.30071625020355,1808.149213968018,2,single_plane;segmented_plane,-353.8144162493991,-199.24262490682304,-44.670833564247005,309.14358268515207,-353.8144162493991,-44.670833564247005,,
F2,400.0,52.914620166644454,1829.1328527336327,2,single_plane;segmented_plane,-407.6933052338427,-256.7840008691419,-105.87469650432467,301.818608729518,-407.6933052338427,-105.87469650432467,,
F2,400.0,62.52852408308536,1826.5199952327584,2,single_plane;segmented_plane,-424.84507400356233,-278.36242873221636,-131.8797834609868,292.9652905425756,-424.84507400356233,-131.8797834609868,,
F2,400.0,72.14242800045758,1818.3062157893928,2,single_plane;segmented_plane,-433.2792038861662,-291.40460346709006,-149.5300030481303,283.7492008380359,-433.2792038861662,-149.5300030481303,,
F2,400.0,81.75633191689849,1805.2871677678047,2,single_plane;segmented_plane,-434.23410147987306,-297.12316445074975,-160.01222742174286,274.2218740581302,-434.23410147987306,-160.01222742174286,,
F2,400.0,91.3702358333394,1788.311892233965,2,single_plane;segmented_plane,-429.031269476749,-296.81211819592863,-164.59296691522468,264.4383025615243,-429.031269476749,-164.59296691522468,,
F2,400.0,100.9841397497803,1806.3176858197517,2,single_plane;segmented_plane,-478.27524670714047,-349.8150198678486,-221.35479302867316,256.9204536784673,-478.27524670714047,-221.35479302867316,,
F2,400.0,110.59804366715252,1824.0746448341804,2,single_plane;segmented_plane,-527.1319216421107,-402.4386777479667,-277.74543385382276,249.38648778828792,-527.1319216421107,-277.74543385382276,,
F2,400.0,120.21194758359343,1836.082258238566,2,single_plane;segmented_plane,-567.0399414445274,-446.29987295134924,-325.55980445817113,241.48013698635623,-567.0399414445274,-325.55980445817113,,
F2,400.0,129.82585150003433,1840.457801538293,2,single_plane;segmented_plane,-595.0689113636035,-478.5291827272158,-361.98945409071166,233.0794572728919,-595.0689113636035,-361.98945409071166,,
F2,400.0,139.43975541647524,1835.4703130723035,2,single_plane;segmented_plane,-608.5246501829242,-496.4884830219671,-384.45231586101,224.07233432191424,-608.5246501829242,-384.45231586101,,
F2,400.0,149.05365933384746,1829.8170519516552,2,single_plane;segmented_plane,-620.9441371792927,-513.433092529769,-405.9220478802454,215.02208929904737,-620.9441371792927,-405.9220478802454,,
F2,400.0,158.66756325028837,1825.043524007647,2,single_plane;segmented_plane,-634.7328980593011,-531.7184857774992,-428.7040734955808,206.02882456372024,-634.7328980593011,-428.7040734955808,,
F2,400.0,168.28146716672927,1825.5286814184635,2,single_plane;segmented_plane,-656.7066185629228,-558.0185362163465,-459.33045386965387,197.37616469326892,-656.7066185629228,-459.33045386965387,,
F2,400.0,177.89537108317018,1834.901425306968,2,single_plane;segmented_plane,-692.5135562230134,-597.8639794801129,-503.21440273721237,189.29915348580107,-692.5135562230134,-503.21440273721237,,
F2,400.0,187.5092750005424,1848.611415492256,2,single_plane;segmented_plane,-735.0712658788543,-644.3197330952389,-553.5682003116235,181.5030655672308,-735.0712658788543,-553.5682003116235,,
F2,400.0,197.1231789169833,1855.8563013961457,2,single_plane;segmented_plane,-767.5662670921301,-680.9221505555324,-594.2780340190511,173.28823307307903,-767.5662670921301,-594.2780340190511,,
F2,400.0,206.7370828334242,1855.5647153868167,2,single_plane;segmented_plane,-788.3310136598302,-706.0383818803821,-623.7457501010504,164.58526355877984,-788.3310136598302,-623.7457501010504,,
F2,400.0,216.35098674986511,1859.1626734655213,2,single_plane;segmented_plane,-815.1496994092595,-737.0825895702001,-659.0154797312571,156.1342196780024,-815.1496994092595,-659.0154797312571,,
F2,400.0,225.96489066630602,1883.2230127467449,2,single_plane;segmented_plane,-873.8173650165554,-799.3131032634992,-724.8088415103266,149.0085235062288,-873.8173650165554,-724.8088415103266,,
F2,400.0,235.57879458367825,1902.771419686413,2,single_plane;segmented_plane,-925.4623659203062,-854.6670711028855,-783.8717762853485,141.59058963495772,-925.4623659203062,-783.8717762853485,,
F2,400.0,245.19269850011915,1901.5141402791437,2,single_plane;segmented_plane,-944.7240445273928,-878.3115084307501,-811.8989723341074,132.82507219328545,-944.7240445273928,-811.8989723341074,,
F2,400.0,254.80660241656005,1899.0041369745973,2,single_plane;segmented_plane,-962.035902252188,-900.0466943175998,-838.057486383128,123.97841586905996,-962.035902252188,-838.057486383128,,
F2,400.0,264.42050633300096,1889.6867434819883,2,single_plane;segmented_plane,-968.752295507933,-911.406872946769,-854.0614503854886,114.69084512244444,-968.752295507933,-854.0614503854886,,
F2,400.0,274.0344102503732,1880.6655125684435,2,single_plane;segmented_plane,-975.9296554499306,-923.2184270427097,-870.5071986353723,105.42245681455825,-975.9296554499306,-870.5071986353723,,
F2,400.0,283.6483141668141,1872.3427615692265,2,single_plane;segmented_plane,-984.1941749195103,-936.0945204059826,-887.994865892455,96.19930902705528,-984.1941749195103,-887.994865892455,,
F2,400.0,293.262218083255,1866.912919210092,2,single_plane;segmented_plane,-996.9614053930854,-953.3796379780397,-909.7978705628775,87.16353483020794,-996.9614053930854,-909.7978705628775,,
F2,400.0,302.8761219996959,1862.377277334696,2,single_plane;segmented_plane,-1011.1204276094213,-972.0275886259042,-932.9347496422706,78.1856779671507,-1011.1204276094213,-932.9347496422706,,
F2,400.0,312.4900259170681,1858.0075800344,2,single_plane;segmented_plane,-1025.5377367484616,-990.9284520847723,-956.319167421083,69.21856932737865,-1025.5377367484616,-956.319167421083,,
F2,400.0,322.103929833509,1853.535680637054,2,single_plane;segmented_plane,-1039.7959718999919,-1009.67355136876,-979.551130837528,60.24484106246382,-1039.7959718999919,-979.551130837528,,
F2,400.0,331.71783374994993,1848.504421153322,2,single_plane;segmented_plane,-1053.183582662954,-1027.566141130752,-1001.9486995985499,51.23488306440413,-1053.183582662954,-1001.9486995985499,,
F2,400.0,341.33173766639084,1843.6798048871851,2,single_plane;segmented_plane,-1066.8928263584385,-1045.7736716882791,-1024.6545170182362,42.23830934020225,-1066.8928263584385,-1024.6545170182362,,
F2,400.0,350.94564158376306,1839.981037103336,2,single_plane;segmented_plane,-1082.3544137974968,-1065.6970854066312,-1049.0397570157656,33.31465678173117,-1082.3544137974968,-1049.0397570157656,,
F2,400.0,360.55954550020397,1839.1114840622597,2,single_plane;segmented_plane,-1102.2195749175735,-1089.9324487359263,-1077.6453225542791,24.574252363294363,-1102.2195749175735,-1077.6453225542791,,
F2,400.0,370.17344941664487,1849.3119628417955,2,single_plane;segmented_plane,-1139.314852952608,-1131.0394261949696,-1122.7639994372148,16.5508535153931,-1139.314852952608,-1122.7639994372148,,
F2,400.0,379.7873533330858,1875.488911453772,2,single_plane;segmented_plane,-1201.276946870843,-1196.4958218431566,-1191.7146968154702,9.562250055372717,-1201.276946870843,-1191.7146968154702,,
F2,400.0,389.401257250458,1891.8704646686128,2,single_plane;segmented_plane,-1247.992850838229,-1247.0232512482908,-1246.053651658236,1.939199179993011,-1247.992850838229,-1246.053651658236,,
F2,400.0,399.0151611668989,1895.2424571685744,2,single_plane;segmented_plane,-1280.9863095598994,-1277.7230693181045,-1274.459829076426,6.526480483473279,-1274.459829076426,-1280.9863095598994,,
F2,400.0,408.6290650833398,1895.4366691739397,2,single_plane;segmented_plane,-1311.178688121261,-1303.579695682507,-1295.9807032438694,15.197984877391718,-1295.9807032438694,-1311.178688121261,,
F2,400.0,418.2429689997807,1906.633194199697,2,single_plane;segmented_plane,-1357.7831622300437,-1346.2047273074277,-1334.626292384928,23.15686984511558,-1334.626292384928,-1357.7831622300437,,
F2,400.0,427.85687291715294,1903.7069788813133,2,single_plane;segmented_plane,-1383.3208148933481,-1367.305572789628,-1351.2903306857916,32.03048420755658,-1351.2903306857916,-1383.3208148933481,,
F2,400.0,437.47077683359385,1898.138318096104,2,single_plane;segmented_plane,-1404.9167448088992,-1384.3791199743282,-1363.8414951398736,41.07524966902565,-1363.8414951398736,-1404.9167448088992,,
F2,400.0,447.08468075003475,1899.5192187963823,2,single_plane;segmented_plane,-1436.879300987348,-1412.0443548483308,-1387.2094087093137,49.66989227803424,-1387.2094087093137,-1436.879300987348,,
F2,400.0,456.69858466647565,1903.1779342939951,2,single_plane;segmented_plane,-1472.2396621570224,-1443.181161705521,-1414.1226612540195,58.11700090300292,-1414.1226612540195,-1472.2396621570224,,
F2,400.0,466.3124885838479,1909.919314392084,2,single_plane;segmented_plane,-1512.1984187640483,-1479.0161960383411,-1445.8339733127505,66.3644454512978,-1445.8339733127505,-1512.1984187640483,,
F2,400.0,475.9263925002888,1916.868793662161,2,single_plane;segmented_plane,-1552.467595866765,-1515.168390155537,-1477.8691844441928,74.5984114225721,-1477.8691844441928,-1552.467595866765,,
F2,400.0,485.5402964167297,1924.8546904430232,2,single_plane;segmented_plane,-1594.282791809761,-1552.9001674754545,-1511.5175431412645,82.7652486684965,-1511.5175431412645,-1594.282791809761,,
F2,400.0,495.1542003331706,1933.579706704048,2,single_plane;segmented_plane,-1637.2005286007188,-1591.758422015002,-1546.3163154291688,90.88421317155009,-1546.3163154291688,-1637.2005286007188,,
F2,400.0,504.7681042496115,1940.4718530429425,2,single_plane;segmented_plane,-1677.3841824554838,-1627.8232361581177,-1578.262289860635,99.12189259484876,-1578.262289860635,-1677.3841824554838,,
F2,400.0,514.3820081669837,1946.9302015441815,2,single_plane;segmented_plane,-1716.9207422388718,-1663.2269076940138,-1609.5330731491558,107.38766908971591,-1609.5330731491558,-1716.9207422388718,,
F2,400.0,523.9959120834246,1953.3885500447952,2,single_plane;segmented_plane,-1756.457302018418,-1698.6305792265339,-1640.8038564346498,115.6534455837682,-1640.8038564346498,-1756.457302018418,,
F2,400.0,533.6098159998655,1942.0986327835185,2,single_plane;segmented_plane,-1769.5188621372217,-1706.984473824501,-1644.450085511664,125.0687766255578,-1644.450085511664,-1769.5188621372217,,
F2,400.0,543.2237199163064,1926.234185391761,2,single_plane;segmented_plane,-1775.7566184388706,-1708.366418527672,-1640.976218616357,134.78039982251357,-1640.976218616357,-1775.7566184388706,,
F2,400.0,552.8376238336787,1915.1185964300323,2,single_plane;segmented_plane,-1789.078223216813,-1716.986003403319,-1644.8937835897086,144.18443962710444,-1644.8937835897086,-1789.078223216813,,
F2,400.0,562.4515277501196,1905.0154251579236,2,single_plane;segmented_plane,-1803.9100464183139,-1727.1485938318074,-1650.3871412454173,153.52290517289657,-1650.3871412454173,-1803.9100464183139,,
F2,400.0,572.0654316665605,1897.2901510796005,2,single_plane;segmented_plane,-1822.2889670232544,-1740.9352898226352,-1659.581612622016,162.70735440123826,-1659.581612622016,-1822.2889670232544,,
F2,400.0,581.6793355830014,1892.0650513835096,2,single_plane;segmented_plane,-1844.3973853045609,-1758.5324515930843,-1672.6675178816076,171.72986742295325,-1672.6675178816076,-1844.3973853045609,,
F2,400.0,591.2932395003736,1888.277719296937,2,single_plane;segmented_plane,-1868.6505143728573,-1778.3208862285828,-1687.9912580843084,180.65925628854893,-1687.9912580843084,-1868.6505143728573,,
F2,400.0,600.9071434168145,1880.6491217888024,2,single_plane;segmented_plane,-1887.1736469360767,-1792.2549250466982,-1697.3362031573197,189.837443778757,-1697.3362031573197,-1887.1736469360767,,
F2,400.0,610.5210473332554,1868.3534737777452,2,single_plane;segmented_plane,-1898.734963503317,-1799.076005520532,-1699.4170475376304,199.31791596568652,-1699.4170475376304,-1898.734963503317,,
F2,400.0,620.1349512496963,1856.7519784377791,2,single_plane;segmented_plane,-1911.3317441535182,-1806.9550301993731,-1702.5783162451116,208.7534279084066,-1702.5783162451116,-1911.3317441535182,,
F2,400.0,629.7488551670685,1848.735945297204,2,single_plane;segmented_plane,-1929.2769409159664,-1820.298586120014,-1711.3202313240618,217.95670959190463,-1711.3202313240618,-1929.2769409159664,,
F2,400.0,639.3627590844408,1848.3384586770128,2,single_plane;segmented_plane,-1958.5866855839267,-1845.253416441381,-1731.9201472989516,226.6665382849751,-1731.9201472989516,-1958.5866855839267,,
F2,400.0,648.9766629999503,1854.1278619573168,2,single_plane;segmented_plane,-1997.12538310932,-1879.637561940588,-1762.1497407718562,234.9756423374638,-1762.1497407718562,-1997.12538310932,,
F2,400.0,658.5905669163913,1866.185356740552,2,single_plane;segmented_plane,-2045.0141615180764,-1923.5747803560225,-1802.1353991939686,242.8787623241078,-1802.1353991939686,-2045.0141615180764,,
F2,400.0,668.2044708337635,1874.6297245780763,2,single_plane;segmented_plane,-2087.513256456121,-1962.0053042478394,-1836.4973520395579,251.015904416563,-1836.4973520395579,-2087.513256456121,,
F2,400.0,677.8183747502044,1879.7530069242375,2,single_plane;segmented_plane,-2125.058304700884,-1995.374228151748,-1865.6901516024955,259.3681530983886,-1865.6901516024955,-2125.058304700884,,
F2,400.0,687.4322786666453,1878.863637706528,2,single_plane;segmented_plane,-2153.6343105474953,-2019.5793900424615,-1885.524469537544,268.1098410099512,-1885.524469537544,-2153.6343105474953,,
F2,400.0,697.0461825830862,1878.7993092830093,2,single_plane;segmented_plane,-2183.441025638487,-2045.041980109294,-1906.6429345801007,276.7980910583865,-1906.6429345801007,-2183.441025638487,,
F2,400.0,706.6600865004584,1881.2040187102464,2,single_plane;segmented_plane,-2216.93079220003,-2074.2675813934766,-1931.604370586807,285.3264216132229,-1931.604370586807,-2216.93079220003,,
F2,400.0,716.2739904168993,1895.1968618013516,2,single_plane;segmented_plane,-2267.706520042615,-2121.154425463639,-1974.602330884547,293.10418915806804,-1974.602330884547,-2267.706520042615,,
F2,400.0,725.8878943333402,1914.806098857844,2,single_plane;segmented_plane,-2326.8601947970456,-2176.6011032650713,-2026.3420117329806,300.51818306406494,-2026.3420117329806,-2326.8601947970456,,
F2,400.0,735.5017982497811,1927.7770627346144,2,single_plane;segmented_plane,-2376.111590504064,-2221.9305216590874,-2067.749452814227,308.36213768983725,-2067.749452814227,-2376.111590504064,,
F2,400.0,745.1157021671534,1938.103146621917,2,single_plane;segmented_plane,-2421.4176319037797,-2263.2289313536603,-2105.0402308036573,316.3774011001224,-2105.0402308036573,-2421.4176319037797,,
F2,400.0,754.7296060835943,1937.2236921402548,2,single_plane;segmented_plane,-2450.008427512599,-2287.4492040954065,-2124.8899806780973,325.1184468345018,-2124.8899806780973,-2450.008427512599,,
F2,400.0,764.3435100000352,1936.3442376585929,2,single_plane;segmented_plane,-2478.599223121535,-2311.669476837036,-2144.7397305525374,333.85949256899767,-2144.7397305525374,-2478.599223121535,,
F7,100.0,-131.34571000002325,1817.2361762809307,2,single_plane;segmented_plane,2307.558769978117,2347.431264766725,2387.303759555449,79.74498957733158,2387.303759555449,2307.558769978117,,
F7,100.0,-128.68551400024444,1816.0081325647036,2,single_plane;segmented_plane,2307.434554564883,2345.19712775934,2382.9597009537974,75.52514638891444,2382.9597009537974,2307.434554564883,,
F7,100.0,-126.02531800046563,1815.0089246244115,2,single_plane;segmented_plane,2307.3289725205395,2342.98168776487,2378.6344030092005,71.30543048866093,2378.6344030092005,2307.3289725205395,,
F7,100.0,-123.3651219997555,1814.0097166837693,2,single_plane;segmented_plane,2307.2233904763125,2340.7662477698177,2374.3091050632065,67.08571458689403,2374.3091050632065,2307.2233904763125,,
F7,100.0,-120.7049259999767,1813.9171542507504,2,single_plane;segmented_plane,2307.191633690265,2338.624885190977,2370.0581366916886,62.86650300142355,2370.0581366916886,2307.191633690265,,
F7,100.0,-118.04473000019789,1814.8818333881816,2,single_plane;segmented_plane,2307.245964720845,2336.5699044701178,2365.8938442193903,58.64787949854508,2365.8938442193903,2307.245964720845,,
F7,100.0,-115.38453400041908,1817.570349541809,2,single_plane;segmented_plane,2307.440662313602,2334.6557697471,2361.8708771805977,54.43021486699581,2361.8708771805977,2307.440662313602,,
F7,100.0,-112.72433799970895,1821.5013347842505,2,single_plane;segmented_plane,2307.7365302104736,2332.8431508843787,2357.949771558284,50.21324134781025,2357.949771558284,2307.7365302104736,,
F7,100.0,-110.06414199993014,1824.1347893014747,2,single_plane;segmented_plane,2307.9267443093704,2330.924517353764,2353.922290398041,45.99554608867038,2353.922290398041,2307.9267443093704,,
F7,100.0,-107.40394600015134,1826.683730708666,2,single_plane;segmented_plane,2308.1100767749595,2328.9989786847727,2349.887880594586,41.77780381962657,2349.887880594586,2308.1100767749595,,
F7,100.0,-104.74375000037253,1830.2958214443704,2,single_plane;segmented_plane,2308.3799781067064,2327.1603045663796,2345.9406310261693,37.56065291946288,2345.9406310261693,2308.3799781067064,,
F7,100.0,-102.0835539996624,1833.236127262227,2,single_plane;segmented_plane,2308.595178130665,2325.266742301872,2341.9383064729627,33.34312834229786,2341.9383064729627,2308.595178130665,,
F7,100.0,-99.42335799988359,1835.4988898566744,2,single_plane;segmented_plane,2308.755207966082,2323.317821410368,2337.8804348546546,29.1252268885728,2337.8804348546546,2308.755207966082,,
F7,100.0,-96.76316200010478,1837.2978446202317,2,single_plane;segmented_plane,2308.877471406013,2321.331005128566,2333.784538851003,24.90706744499039,2333.784538851003,2308.877471406013,,
F7,100.0,-94.10296600032598,1837.052405928184,2,single_plane;segmented_plane,2308.8332663926994,2319.1771518043242,2329.5210372160655,20.68777082336601,2329.5210372160655,2308.8332663926994,,
F7,100.0,-91.44276999961585,1836.4844545014016,2,single_plane;segmented_plane,2308.7628001938574,2316.9969475963153,2325.2310949986568,16.46829480479937,2325.2310949986568,2308.7628001938574,,
F7,100.0,-88.78257399983704,1835.7403820171223,2,single_plane;segmented_plane,2308.6779930177145,2314.8023534286767,2320.926713839639,12.248720821924508,2320.926713839639,2308.6779930177145,,
F7,100.0,-86.12237800005823,1834.400115978855,2,single_plane;segmented_plane,2308.544639697997,2312.559047303279,2316.573454908561,8.028815210564062,2316.573454908561,2308.544639697997,,
F7,100.0,-83.46218200027943,1833.059849940588,2,single_plane;segmented_plane,2308.4112863780465,2310.3157411776483,2312.2201959773665,3.808909599320032,2312.2201959773665,2308.4112863780465,,
F7,100.0,-80.8019859995693,1831.719583901851,2,single_plane;segmented_plane,2307.8669370448915,2308.072435051552,2308.2779330582125,0.4109960133209824,2307.8669370448915,2308.2779330582125,,
F7,100.0,-78.14178999979049,1830.3793178635835,2,single_plane;segmented_plane,2303.5136781138135,2305.829128926038,2308.144579738262,4.630901624448597,2303.5136781138135,2308.144579738262,,
F7,100.0,-75.48159400001168,1829.1284033191905,2,single_plane;segmented_plane,2299.167744491715,2303.593123259023,2308.0185020263307,8.850757534615695,2299.167744491715,2308.0185020263307,,
F7,100.0,-72.82139800023288,1828.0813248062236,2,single_plane;segmented_plane,2294.8385219711345,2301.373772002291,2307.909022033564,13.070500062429346,2294.8385219711345,2307.909022033564,,
F7,100.0,-70.16120199952275,1827.0342462928893,2,single_plane;segmented_plane,2290.5092994490406,2299.1544207448605,2307.799542040797,17.290242591756396,2290.5092994490406,2307.799542040797,,
F7,100.0,-67.50100599974394,1826.749672143087,2,single_plane;segmented_plane,2286.2425893694162,2296.9973698605318,2307.7521503517637,21.509560982347462,2286.2425893694162,2307.7521503517637,,
F7,100.0,-64.84080999996513,1826.6947641480124,2,single_plane;segmented_plane,2281.9947080239654,2294.859083835501,2307.7234596469207,25.728751622955315,2281.9947080239654,2307.7234596469207,,
F7,100.0,-62.180614000186324,1826.8669587694171,2,single_plane;segmented_plane,2277.765445246012,2292.739353215671,2307.7132611853303,29.94781593931839,2277.765445246012,2307.7132611853303,,
F7,100.0,-59.520417999476194,1827.9069483504225,2,single_plane;segmented_plane,2273.6073269527406,2290.690525729209,2307.773724505678,34.16639755293727,2273.6073269527406,2307.773724505678,,
F7,100.0,-56.86022199969739,1828.9469379310635,2,single_plane;segmented_plane,2269.449208661099,2288.641698243562,2307.834187825909,38.38497916480992,2269.449208661099,2307.834187825909,,
F7,100.0,-54.20002599991858,1830.127652673828,2,single_plane;segmented_plane,2265.302627448691,2286.6043686985504,2307.9061099482933,42.60348249960225,2265.302627448691,2307.9061099482933,,
F7,100.0,-51.53983000013977,1831.733996628524,2,single_plane;segmented_plane,2261.190940621542,2284.6018151622266,2308.0126897029113,46.82174908136949,2261.190940621542,2308.0126897029113,,
F7,100.0,-48.879634000360966,1825.4582184458047,2,single_plane;segmented_plane,2256.433053302113,2281.955253319,2307.477453335887,51.044400033773854,2256.433053302113,2307.477453335887,,
F7,100.0,-46.219437999650836,1818.021702905983,2,single_plane;segmented_plane,2251.5800051806727,2279.2138535002014,2306.84770181973,55.26769663905725,2251.5800051806727,2306.84770181973,,
F7,100.0,-43.55924199987203,1805.4045214650068,2,single_plane;segmented_plane,2246.3022302172612,2276.04916769173,2305.796105166315,59.49387494905386,2246.3022302172612,2305.796105166315,,
F7,100.0,-40.89904600009322,1791.9872745140558,2,single_plane;segmented_plane,2240.958863434964,2272.8191125796875,2304.679361724411,63.72049828944728,2240.958863434964,2304.679361724411,,
F7,100.0,-38.238850000314415,1787.09755375659,2,single_plane;segmented_plane,2236.3146093446994,2270.285798473633,2304.2569876025664,67.94237825786695,2236.3146093446994,2304.2569876025664,,
F7,100.0,-35.578653999604285,1790.8447891857036,2,single_plane;segmented_plane,2232.3784393502865,2268.458166343509,2304.537893336732,72.15945398644544,2232.3784393502865,2304.537893336732,,
F7,100.0,-32.91845799982548,1801.7064841189815,2,single_plane;segmented_plane,2229.0255345181795,2267.2118206927553,2305.398106867331,76.3725723491516,2229.0255345181795,2305.398106867331,,
F7,100.0,-30.25826200004667,1807.6052395751897,2,single_plane;segmented_plane,2225.265752720763,2265.5599783755606,2305.8542040303582,80.58845130959526,2225.265752720763,2305.8542040303582,,
F7,100.0,-27.598066000267863,1805.472347912174,2,single_plane;segmented_plane,2220.84751191549,2263.2519108220004,2305.6563097283943,84.80879781290423,2220.84751191549,2305.6563097283943,,
F7,100.0,-24.937869999557734,1816.3704796751,2,single_plane;segmented_plane,2217.4975942847086,2262.008542239433,2306.5194901940413,89.02189590933267,2217.4975942847086,2306.5194901940413,,
F7,100.0,-22.277673999778926,1829.429384686941,2,single_plane;segmented_plane,2214.3248234582134,2260.9417195036076,2307.558615549002,93.23379209078848,2214.3248234582134,2307.558615549002,,
F7,100.0,-19.61747800000012,1842.4421568543455,2,single_plane;segmented_plane,2211.1482705200324,2259.871127486578,2308.593984453124,97.4457139330916,2211.1482705200324,2308.593984453124,,
F7,100.0,-16.957282000221312,1850.5324500414572,2,single_plane;segmented_plane,2207.5681576920906,2258.398344625719,2309.2285315592308,101.66037386714017,2207.5681576920906,2309.2285315592308,,
F7,100.0,-14.297085999511182,1858.47325668254,2,single_plane;segmented_plane,2203.9757894981885,2256.9133479748853,2309.850906451582,105.87511695339344,2203.9757894981885,2309.850906451582,,
F7,100.0,-11.636889999732375,1867.4618855080384,2,single_plane;segmented_plane,2200.469324974809,2255.513963572448,2310.558602169971,110.08927719516214,2200.469324974809,2310.558602169971,,
F7,100.0,-8.976693999953568,1877.021376371224,2,single_plane;segmented_plane,2197.009661468095,2254.1612214175984,2311.312781367218,114.30311989912298,2197.009661468095,2311.312781367218,,
F7,100.0,-6.316498000174761,1883.4471475525177,2,single_plane;segmented_plane,2193.293086032616,2252.5524388880003,2311.811791743501,118.51870571088511,2193.293086032616,2311.811791743501,,
F7,100.0,-3.656301999464631,1891.2714480682096,2,single_plane;segmented_plane,2189.691166309989,2251.057923111366,2312.4246799128596,122.73351360287052,2189.691166309989,2312.4246799128596,,
F7,100.0,-0.9961059996858239,1896.4728634561875,2,single_plane;segmented_plane,2185.8742144401185,2249.349104666733,2312.823994893348,126.94978045322932,2185.8742144401185,2312.823994893348,,
F7,100.0,1.6640900000929832,1894.4498422996217,2,single_plane;segmented_plane,2181.4649811551208,2244.5564623278333,2307.647943500546,126.18296234542504,2181.4649811551208,2307.647943500546,,
F7,100.0,4.32428599987179,1890.100417377092,2,single_plane;segmented_plane,2176.8650221705902,2238.0176124225836,2299.1702026746934,122.3051805041032,2176.8650221705902,2299.1702026746934,,
F7,100.0,6.98448200058192,1883.7216988669552,2,single_plane;segmented_plane,2172.0986954866676,2231.312959206756,2290.5272229269613,118.42852744029368,2172.0986954866676,2290.5272229269613,,
F7,100.0,9.644678000360727,1873.2021992697453,2,single_plane;segmented_plane,2166.992894899682,2224.269983727834,2281.5470725559862,114.55417765630408,2166.992894899682,2281.5470725559862,,
F7,100.0,12.304874000139534,1858.9112585366588,2,single_plane;segmented_plane,2161.57790002774,2216.9188628816046,2272.259825735353,110.68192570761312,2161.57790002774,2272.259825735353,,
F7,100.0,14.965069999918342,1846.93128453434,2,single_plane;segmented_plane,2156.3523652799195,2209.7565594306216,2263.1607535813237,106.8083883014042,2156.3523652799195,2263.1607535813237,,
F7,100.0,17.62526600062847,1838.002715291715,2,single_plane;segmented_plane,2151.376994030201,2202.84357081668,2254.310147603159,102.93315357295796,2151.376994030201,2254.310147603159,,
F7,100.0,20.28546200040728,1833.8004573814928,2,single_plane;segmented_plane,2146.789100247668,2196.316745183198,2245.8443901187275,99.05528987105936,2146.789100247668,2245.8443901187275,,
F7,100.0,22.945658000186086,1835.9384325303151,2,single_plane;segmented_plane,2142.7209981727647,2190.3079479038715,2237.894897635095,95.17389946233016,2142.7209981727647,2237.894897635095,,
F7,100.0,25.605853999964893,1842.5521664004225,2,single_plane;segmented_plane,2139.019832493621,2184.664842217113,2230.309851940605,91.29001944698392,2139.019832493621,2230.309851940605,,
F7,100.0,28.2660499997437,1856.1355001637053,2,single_plane;segmented_plane,2135.890055940952,2179.5911872631405,2223.2923185853288,87.4022626443766,2135.890055940952,2223.2923185853288,,
F7,100.0,30.92624600045383,1880.847325734841,2,single_plane;segmented_plane,2133.672627198859,2175.426785049378,2217.1809428998968,83.50831570103765,2133.672627198859,2217.1809428998968,,
F7,100.0,33.58644200023264,1900.707805081633,2,single_plane;segmented_plane,2131.0574702493614,2170.8660038912203,2210.6745375330793,79.61706728371792,2131.0574702493614,2210.6745375330793,,
F7,100.0,36.246638000011444,1909.3200558473857,2,single_plane;segmented_plane,2127.5201491010375,2165.3861869052052,2203.2522247092566,75.73207560821902,2127.5201491010375,2203.2522247092566,,
F7,100.0,38.90683399979025,1909.5170828757427,2,single_plane;segmented_plane,2123.292922159657,2159.218804578297,2195.144686997053,71.85176483739633,2123.292922159657,2195.144686997053,,
F7,100.0,41.56703000050038,1908.3626359835127,2,single_plane;segmented_plane,2118.9548972493503,2152.9410001555225,2186.9271030616947,67.97220581234433,2118.9548972493503,2186.9271030616947,,
F7,100.0,44.22722600027919,1906.589255556579,2,single_plane;segmented_plane,2114.5661302753724,2146.612625808222,2178.6591213409556,64.09299106558319,2114.5661302753724,2178.6591213409556,,
F7,100.0,46.887422000057995,1907.798086860244,2,single_plane;segmented_plane,2110.4218541446608,2140.527912887861,2170.6339716310613,60.21211748640053,2110.4218541446608,2170.6339716310613,,
F7,100.0,49.5476179998368,1909.6899499667843,2,single_plane;segmented_plane,2106.3335750513943,2134.4990070392378,2162.664439026965,56.33086397557054,2106.3335750513943,2162.664439026965,,
F7,100.0,52.20781400054693,1911.099842025082,2,single_plane;segmented_plane,2102.20578249509,2128.4307217733003,2154.6556610516272,52.44987855653744,2102.20578249509,2154.6556610516272,,
F7,100.0,54.86801000032574,1907.018518811081,2,single_plane;segmented_plane,2097.627803309122,2121.913777101785,2146.199750894564,48.5719475854421,2097.627803309122,2146.199750894564,,
F7,100.0,57.52820600010455,1902.8543714436823,2,single_plane;segmented_plane,2093.0430339454906,2115.3900652879383,2137.737096630386,44.69406268489547,2093.0430339454906,2137.737096630386,,
F7,100.0,60.188401999883354,1884.45494417814,2,single_plane;segmented_plane,2087.2912127753953,2107.703260800801,2128.115308826207,40.82409605081193,2087.2912127753953,2128.115308826207,,
F7,100.0,62.84859800059348,1868.322551019617,2,single_plane;segmented_plane,2081.7252499972237,2100.201684194617,2118.6781183921266,36.95286839490291,2081.7252499972237,2118.6781183921266,,
F7,100.0,65.50879400037229,1861.741751948268,2,single_plane;segmented_plane,2076.9423561318545,2093.480520001147,2110.018683870323,33.076327738468535,2076.9423561318545,2110.018683870323,,
F7,100.0,68.1689900001511,1851.5763097539516,2,single_plane;segmented_plane,2071.865582254366,2086.4664727605414,2101.067363266833,29.20178101246711,2071.865582254366,2101.067363266833,,
F7,100.0,70.8291859999299,1840.4799664704328,2,single_plane;segmented_plane,2066.7124902567593,2079.3763663034188,2092.040242350078,25.32775209331885,2066.7124902567593,2092.040242350078,,
F7,100.0,73.48938200064003,1829.79201038592,2,single_plane;segmented_plane,2061.592879090109,2072.3196270952467,2083.046375100501,21.453496010391973,2061.592879090109,2083.046375100501,,
F7,100.0,76.14957800041884,1823.7747085864887,2,single_plane;segmented_plane,2056.8561824554345,2065.644503411837,2074.4328243682394,17.576641912804917,2056.8561824554345,2074.4328243682394,,
F7,100.0,78.80977400019765,1822.4506590771311,2,single_plane;segmented_plane,2052.504253005027,2059.352841619635,2066.2014302343596,13.697177229332738,2052.504253005027,2066.2014302343596,,
F7,100.0,81.46996999997646,1822.225345215624,2,single_plane;segmented_plane,2048.24240126519,2053.150951956399,2058.059502647491,9.817101382301187,2048.24240126519,2058.059502647491,,
F7,100.0,84.13016600068659,1826.1915946766396,2,single_plane;segmented_plane,2044.3241867113393,2047.2915337157901,2050.2588807201246,5.9346940087853,2044.3241867113393,2050.2588807201246,,
F7,100.0,86.7903620004654,1831.448266554709,2,single_plane;segmented_plane,2040.511764937546,2041.5375493618194,2042.5633337862091,2.0515688486630097,2040.511764937546,2042.5633337862091,,
F7,100.0,89.4505580002442,1833.149348410299,2,single_plane;segmented_plane,2034.57826647209,2035.4930557426997,2036.4078450134257,1.8295785413356496,2036.4078450134257,2034.57826647209,,
F7,100.0,92.11075400002301,1830.7926984003016,2,single_plane;segmented_plane,2026.2627909654984,2029.1170253899181,2031.9712598143378,5.708468848839402,2031.9712598143378,2026.2627909654984,,
F7,100.0,94.77095000073314,1824.0914698277963,2,single_plane;segmented_plane,2017.5935502499342,2022.3860215091845,2027.1784927684348,9.584942518500611,2027.1784927684348,2017.5935502499342,,
F7,100.0,97.43114600051194,1815.5470333440007,2,single_plane;segmented_plane,2008.7742229826981,2015.5044184410945,2022.2346138993744,13.46039091667626,2022.2346138993744,2008.7742229826981,,
F7,100.0,100.09134200029075,1811.575713377671,2,single_plane;segmented_plane,2000.3272700400557,2008.9964615780627,2017.6656531160697,17.338383076013997,2017.6656531160697,2000.3272700400557,,
F7,100.0,102.75153800006956,1806.2725578689729,2,single_plane;segmented_plane,1991.7718699675752,2002.3796871736413,2012.9875043797074,21.215634412132204,2012.9875043797074,1991.7718699675752,,
F7,100.0,105.41173400077969,1801.9656982421875,2,single_plane;segmented_plane,1983.2975950954715,1995.8443150611129,2008.3910350268707,25.09343993139919,2008.3910350268707,1983.2975950954715,,
F7,100.0,108.0719300005585,1801.9656982421875,2,single_plane;segmented_plane,1975.1740140992915,1989.6608346530702,2004.1476552068489,28.97364110755734,2004.1476552068489,1975.1740140992915,,
F7,100.0,110.7321260003373,1801.9656982421875,2,single_plane;segmented_plane,1967.0504331033444,1983.477354245144,1999.9042753869435,32.85384228359908,1999.9042753869435,1967.0504331033444,,
F7,100.0,113.39232200011611,1801.9656982421875,2,single_plane;segmented_plane,1958.9268521071644,1977.2938738369849,1995.6608955669217,36.73404345975723,1995.6608955669217,1958.9268521071644,,
F7,100.0,116.05251799989492,1801.9656982421875,2,single_plane;segmented_plane,1950.803271111101,1971.1103934289422,1991.4175157468999,40.61424463579897,1991.4175157468999,1950.803271111101,,
F7,100.0,118.71271400060505,1801.9656982421875,2,single_plane;segmented_plane,1942.679690112127,1964.926913018804,1987.174135925481,44.494445813354105,1987.174135925481,1942.679690112127,,
F7,100.0,121.37291000038385,1801.9656982421875,2,single_plane;segmented_plane,1934.5561091161799,1958.7434326107614,1982.9307561054593,48.37464698927943,1982.9307561054593,1934.5561091161799,,
F7,100.0,124.03310600016266,1801.9656982421875,2,single_plane;segmented_plane,1926.43252812,1952.5599522027187,1978.687376285554,52.254848165554,1978.687376285554,1926.43252812,,
F7,100.0,126.69330199994147,1801.9656982421875,2,single_plane;segmented_plane,1918.3089471239364,1946.376471794676,1974.443996465532,56.13504934159573,1974.443996465532,1918.3089471239364,,
F7,100.0,129.3534980006516,1801.9656982421875,2,single_plane;segmented_plane,1910.1853661249625,1940.192991384538,1970.2006166441133,60.01525051915087,1970.2006166441133,1910.1853661249625,,
F7,100.0,132.0136940004304,1801.9656982421875,2,single_plane;segmented_plane,1902.0617851290153,1934.0095109764952,1965.9572368240915,63.89545169507619,1965.9572368240915,1902.0617851290153,,
F7,100.0,134.6738900002092,1801.9656982421875,2,single_plane;segmented_plane,1893.9382041328354,1927.8260305684526,1961.7138570040697,67.77565287123434,1961.7138570040697,1893.9382041328354,,
F7,100.0,137.33408599998802,1801.9656982421875,2,single_plane;segmented_plane,1885.8146231367718,1921.6425501604099,1957.4704771841643,71.6558540473925,1957.4704771841643,1885.8146231367718,,
F7,100.0,139.99428200069815,1801.9656982421875,2,single_plane;segmented_plane,1877.691042137798,1915.4590697502717,1953.2270973626291,75.53605522483122,1953.2270973626291,1877.691042137798,,
F7,100.0,142.65447800047696,1801.9656982421875,2,single_plane;segmented_plane,1869.5674611417344,1909.275589342229,1948.9837175427238,79.41625640098937,1948.9837175427238,1869.5674611417344,,
F7,100.0,145.31467400025576,1801.9656982421875,2,single_plane;segmented_plane,1861.4438801456708,1903.0921089341864,1944.740337722702,83.2964575770311,1944.740337722702,1861.4438801456708,,
F7,100.0,147.97487000003457,1801.9656982421875,2,single_plane;segmented_plane,1853.3202991496073,1896.9086285261437,1940.4969579027966,87.17665875318926,1940.4969579027966,1853.3202991496073,,
F7,100.0,150.6350660007447,1801.9656982421875,2,single_plane;segmented_plane,1845.1967181506334,1890.7251481160056,1936.2535780812614,91.05685993062798,1936.2535780812614,1845.1967181506334,,
F7,100.0,153.2952620005235,1801.9656982421875,2,single_plane;segmented_plane,1837.0731371545698,1884.541667707963,1932.010198261356,94.93706110678612,1932.010198261356,1837.0731371545698,,
F7,100.0,155.95545800030231,1801.9656982421875,2,single_plane;segmented_plane,1828.9495561585063,1878.3581872999202,1927.7668184413342,98.81726228282788,1927.7668184413342,1828.9495561585063,,
F7,100.0,158.61565400008112,1801.9656982421875,2,single_plane;segmented_plane,1820.8259751624428,1872.1747068918776,1923.5234386213124,102.6974634588696,1923.5234386213124,1820.8259751624428,,
F7,100.0,161.27585000079125,1801.9656982421875,2,single_plane;segmented_plane,1812.7023941634689,1865.9912264817394,1919.2800587998936,106.57766463642474,1919.2800587998936,1812.7023941634689,,
F7,100.0,163.93604600057006,1801.9656982421875,2,single_plane;segmented_plane,1804.5788131674053,1859.8077460736968,1915.0366789798718,110.45786581246648,1915.0366789798718,1804.5788131674053,,
F7,100.0,166.59624200034887,1801.9656982421875,2,single_plane;segmented_plane,1796.4552321713418,1853.624265665654,1910.7932991599664,114.33806698862465,1910.7932991599664,1796.4552321713418,,
F7,100.0,169.25643800012767,1801.9656982421875,2,single_plane;segmented_plane,1788.3316511752782,1847.4407852576114,1906.5499193399446,118.21826816466636,1906.5499193399446,1788.3316511752782,,
F7,100.0,171.9166340008378,1801.9656982421875,2,single_plane;segmented_plane,1780.2080701763043,1841.2573048474733,1902.3065395185258,122.0984693422215,1902.3065395185258,1780.2080701763043,,
F7,100.0,174.5768300006166,1801.9656982421875,2,single_plane;segmented_plane,1772.0844891802408,1835.0738244394306,1898.063159698504,125.97867051826324,1898.063159698504,1772.0844891802408,,
F7,100.0,177.23702600039542,1801.9656982421875,2,single_plane;segmented_plane,1763.9609081841772,1828.890344031388,1893.8197798784822,129.85887169430498,1893.8197798784822,1763.9609081841772,,
F7,100.0,179.89722200017422,1801.9656982421875,2,single_plane;segmented_plane,1755.8373271881137,1822.7068636233453,1889.5764000585768,133.73907287046313,1889.5764000585768,1755.8373271881137,,
F7,100.0,182.55741800088435,1801.9656982421875,2,single_plane;segmented_plane,1747.7137461891398,1816.5233832130907,1885.3330202370416,137.61927404790185,1885.3330202370416,1747.7137461891398,,
F7,100.0,185.21761400066316,1801.9656982421875,2,single_plane;segmented_plane,1739.5901651930762,1810.3399028051645,1881.0896404171363,141.49947522406,1881.0896404171363,1739.5901651930762,,
F7,100.0,187.87781000044197,1801.9656982421875,2,single_plane;segmented_plane,1731.4665841970127,1804.1564223971218,1876.8462605971145,145.37967640010174,1876.8462605971145,1731.4665841970127,,
F7,200.0,-131.34571000002325,1817.2361762809307,2,single_plane;segmented_plane,2299.4160882176366,2339.260770885041,2379.105453552329,79.68936533469241,2379.105453552329,2299.4160882176366,,
F7,200.0,-128.68551400024444,1816.0081325647036,2,single_plane;segmented_plane,2299.2918728044024,2337.02663387754,2374.761394950561,75.46952214615885,2374.761394950561,2299.2918728044024,,
F7,200.0,-126.02531800046563,1815.0089246244115,2,single_plane;segmented_plane,2299.186290760059,2334.81119388307,2370.4360970060807,71.24980624602176,2370.4360970060807,2299.186290760059,,
F7,200.0,-123.3651219997555,1814.0097166837693,2,single_plane;segmented_plane,2299.0807087157154,2332.595753887901,2366.1107990599703,67.03009034425486,2366.1107990599703,2299.0807087157154,,
F7,200.0,-120.7049259999767,1813.9171542507504,2,single_plane;segmented_plane,2299.048951929668,2330.45439130906,2361.8598306884523,62.81087875878438,2361.8598306884523,2299.048951929668,,
F7,200.0,-118.04473000019789,1814.8818333881816,2,single_plane;segmented_plane,2299.1032829603646,2328.3994105883176,2357.6955382162705,58.59225525590591,2357.6955382162705,2299.1032829603646,,
F7,200.0,-115.38453400041908,1817.570349541809,2,single_plane;segmented_plane,2299.2979805531213,2326.4852758652996,2353.672571177478,54.37459062435664,2353.672571177478,2299.2979805531213,,
F7,200.0,-112.72433799970895,1821.5013347842505,2,single_plane;segmented_plane,2299.5938484498765,2324.672657002462,2349.751465555164,50.1576171052875,2349.751465555164,2299.5938484498765,,
F7,200.0,-110.06414199993014,1824.1347893014747,2,single_plane;segmented_plane,2299.78406254889,2322.754023471847,2345.723984394921,45.93992184603121,2345.723984394921,2299.78406254889,,
F7,200.0,-107.40394600015134,1826.683730708666,2,single_plane;segmented_plane,2299.9673950143624,2320.828484802856,2341.68957459135,41.7221795769874,2341.68957459135,2299.9673950143624,,
F7,200.0,-104.74375000037253,1830.2958214443704,2,single_plane;segmented_plane,2300.237296346226,2318.9898106845794,2337.742325022933,37.5050286767073,2337.742325022933,2300.237296346226,,
F7,200.0,-102.0835539996624,1833.236127262227,2,single_plane;segmented_plane,2300.4524963701842,2317.0962484199554,2333.740000469843,33.28750409965869,2333.740000469843,2300.4524963701842,,
F7,200.0,-99.42335799988359,1835.4988898566744,2,single_plane;segmented_plane,2300.612526205601,2315.147327528568,2329.682128851535,29.069602645933628,2329.682128851535,2300.612526205601,,
F7,200.0,-96.76316200010478,1837.2978446202317,2,single_plane;segmented_plane,2300.7347896454157,2313.1605112466495,2325.5862328478834,24.851443202467635,2325.5862328478834,2300.7347896454157,,
F7,200.0,-94.10296600032598,1837.052405928184,2,single_plane;segmented_plane,2300.690584632219,2311.0066579226404,2321.3227312129457,20.63214658072684,2321.3227312129457,2300.690584632219,,
F7,200.0,-91.44276999961585,1836.4844545014016,2,single_plane;segmented_plane,2300.620118433377,2308.8264537143987,2317.032788995537,16.4126705621602,2317.032788995537,2300.620118433377,,
F7,200.0,-88.78257399983704,1835.7403820171223,2,single_plane;segmented_plane,2300.535311257234,2306.63185954676,2312.7284078364028,12.193096579168923,2312.7284078364028,2300.535311257234,,
F7,200.0,-86.12237800005823,1834.400115978855,2,single_plane;segmented_plane,2300.4019579374,2304.3885534213623,2308.3751489053247,7.973190967924893,2308.3751489053247,2300.4019579374,,
F7,200.0,-83.46218200027943,1833.059849940588,2,single_plane;segmented_plane,2300.268604617566,2302.1452472959645,2304.0218899742467,3.753285356680863,2304.0218899742467,2300.268604617566,,
F7,200.0,-80.8019859995693,1831.719583901851,2,single_plane;segmented_plane,2299.6686310417717,2299.901941169752,2300.135251297732,0.4666202559601515,2299.6686310417717,2300.135251297732,,
F7,200.0,-78.14178999979049,1830.3793178635835,2,single_plane;segmented_plane,2295.3153721105773,2297.6586350442376,2300.0018979777815,4.686525867204182,2295.3153721105773,2300.0018979777815,,
F7,200.0,-75.48159400001168,1829.1284033191905,2,single_plane;segmented_plane,2290.969438488595,2295.422629377106,2299.8758202657336,8.90638177713845,2290.969438488595,2299.8758202657336,,
F7,200.0,-72.82139800023288,1828.0813248062236,2,single_plane;segmented_plane,2286.6402159678983,2293.2032781203743,2299.7663402729668,13.126124305068515,2286.6402159678983,2299.7663402729668,,
F7,200.0,-70.16120199952275,1827.0342462928893,2,single_plane;segmented_plane,2282.3109934459208,2290.9839268631767,2299.6568602803163,17.345866834395565,2282.3109934459208,2299.6568602803163,,
F7,200.0,-67.50100599974394,1826.749672143087,2,single_plane;segmented_plane,2278.0442833662964,2288.826875978848,2299.609468591283,21.565185224986635,2278.0442833662964,2299.609468591283,,
F7,200.0,-64.84080999996513,1826.6947641480124,2,single_plane;segmented_plane,2273.7964020208456,2286.6885899535846,2299.58077788644,25.784375865594484,2273.7964020208456,2299.58077788644,,
F7,200.0,-62.180614000186324,1826.8669587694171,2,single_plane;segmented_plane,2269.567139242892,2284.568859333871,2299.5705794247333,30.003440181841142,2269.567139242892,2299.5705794247333,,
F7,200.0,-59.520417999476194,1827.9069483504225,2,single_plane;segmented_plane,2265.4090209496208,2282.520031847409,2299.631042745197,34.22202179557644,2265.4090209496208,2299.631042745197,,
F7,200.0,-56.86022199969739,1828.9469379310635,2,single_plane;segmented_plane,2261.2509026578628,2280.4712043616455,2299.6915060654283,38.440603407565504,2261.2509026578628,2299.6915060654283,,
F7,200.0,-54.20002599991858,1830.127652673828,2,single_plane;segmented_plane,2257.1043214455713,2278.4338748166338,2299.7634281878127,42.65910674224142,2257.1043214455713,2299.7634281878127,,
F7,200.0,-51.53983000013977,1831.733996628524,2,single_plane;segmented_plane,2252.992634618422,2276.43132128031,2299.8700079423143,46.87737332389224,2252.992634618422,2299.8700079423143,,
F7,200.0,-48.879634000360966,1825.4582184458047,2,single_plane;segmented_plane,2248.234747298993,2273.7847594371997,2299.334771575406,51.10002427641302,2248.234747298993,2299.334771575406,,
F7,200.0,-46.219437999650836,1818.021702905983,2,single_plane;segmented_plane,2243.381699177553,2271.043359618401,2298.7050200592494,55.32332088169642,2243.381699177553,2298.7050200592494,,
F7,200.0,-43.55924199987203,1805.4045214650068,2,single_plane;segmented_plane,2238.1039242141414,2267.878673810046,2297.6534234058345,59.54949919169303,2238.1039242141414,2297.6534234058345,,
F7,200.0,-40.89904600009322,1791.9872745140558,2,single_plane;segmented_plane,2232.760557431844,2264.6486186978873,2296.5366799639305,63.77612253208645,2232.760557431844,2296.5366799639305,,
F7,200.0,-38.238850000314415,1787.09755375659,2,single_plane;segmented_plane,2228.1163033415796,2262.1153045918327,2296.1143058420857,67.99800250050612,2228.1163033415796,2296.1143058420857,,
F7,200.0,-35.578653999604285,1790.8447891857036,2,single_plane;segmented_plane,2224.1801333471667,2260.287672461709,2296.3952115762513,72.21507822908461,2224.1801333471667,2296.3952115762513,,
F7,200.0,-32.91845799982548,1801.7064841189815,2,single_plane;segmented_plane,2220.8272285149433,2259.0413268108387,2297.2554251068505,76.42819659190718,2220.8272285149433,2297.2554251068505,,
F7,200.0,-30.25826200004667,1807.6052395751897,2,single_plane;segmented_plane,2217.067446717643,2257.3894844937604,2297.7115222698776,80.64407555223443,2217.067446717643,2297.7115222698776,,
F7,200.0,-27.598066000267863,1805.472347912174,2,single_plane;segmented_plane,2212.6492059123702,2255.0814169400837,2297.5136279679136,84.8644220555434,2212.6492059123702,2297.5136279679136,,
F7,200.0,-24.937869999557734,1816.3704796751,2,single_plane;segmented_plane,2209.2992882814724,2253.8380483575165,2298.3768084334442,89.07752015197184,2209.2992882814724,2298.3768084334442,,
F7,200.0,-22.277673999778926,1829.429384686941,2,single_plane;segmented_plane,2206.126517454977,2252.771225621691,2299.415933788405,93.28941633342764,2206.126517454977,2299.415933788405,,
F7,200.0,-19.61747800000012,1842.4421568543455,2,single_plane;segmented_plane,2202.9499645169126,2251.700633604778,2300.451302692527,97.50133817561436,2202.9499645169126,2300.451302692527,,
F7,200.0,-16.957282000221312,1850.5324500414572,2,single_plane;segmented_plane,2199.3698516888544,2250.2278507438023,2301.08584979875,101.71599810989574,2199.3698516888544,2301.08584979875,,
F7,200.0,-14.297085999511182,1858.47325668254,2,single_plane;segmented_plane,2195.7774834950687,2248.742854093085,2301.7082246911013,105.9307411960326,2195.7774834950687,2301.7082246911013,,
F7,200.0,-11.636889999732375,1867.4618855080384,2,single_plane;segmented_plane,2192.2710189715726,2247.3434696905315,2302.415920409374,110.14490143780132,2192.2710189715726,2302.415920409374,,
F7,200.0,-8.976693999953568,1877.021376371224,2,single_plane;segmented_plane,2188.811355464859,2245.990727535682,2303.170099606621,114.35874414176214,2188.811355464859,2303.170099606621,,
F7,200.0,-6.316498000174761,1883.4471475525177,2,single_plane;segmented_plane,2185.094780029496,2244.3819450063165,2303.6691099830205,118.57432995352428,2185.094780029496,2303.6691099830205,,
F7,200.0,-3.656301999464631,1891.2714480682096,2,single_plane;segmented_plane,2181.4928603068693,2242.8874292296823,2304.281998152379,122.78913784550969,2181.4928603068693,2304.281998152379,,
F7,200.0,-0.9961059996858239,1896.4728634561875,2,single_plane;segmented_plane,2177.6759084368823,2241.178610784933,2304.681313132867,127.00540469598492,2177.6759084368823,2304.681313132867,,
F7,200.0,1.6640900000929832,1894.4498422996217,2,single_plane;segmented_plane,2173.266675152001,2236.385968446033,2299.505261740065,126.2385865880642,2173.266675152001,2299.505261740065,,
F7,200.0,4.32428599987179,1890.100417377092,2,single_plane;segmented_plane,2168.6667161674704,2229.8471185407834,2291.0275209140964,122.36080474662594,2168.6667161674704,2291.0275209140964,,
F7,200.0,6.98448200058192,1883.7216988669552,2,single_plane;segmented_plane,2163.9003894834314,2223.142465324956,2282.3845411664806,118.48415168304928,2163.9003894834314,2282.3845411664806,,
F7,200.0,9.644678000360727,1873.2021992697453,2,single_plane;segmented_plane,2158.794588896446,2216.099489846034,2273.4043907955056,114.60980189905968,2158.794588896446,2273.4043907955056,,
F7,200.0,12.304874000139534,1858.9112585366588,2,single_plane;segmented_plane,2153.3795940245036,2208.748368999688,2264.1171439748723,110.7375499503687,2153.3795940245036,2264.1171439748723,,
F7,200.0,14.965069999918342,1846.93128453434,2,single_plane;segmented_plane,2148.1540592766833,2201.586065548705,2255.018071820843,106.86401254415978,2148.1540592766833,2255.018071820843,,
F7,200.0,17.62526600062847,1838.002715291715,2,single_plane;segmented_plane,2143.178688027081,2194.6730769348796,2246.167465842678,102.98877781559712,2143.178688027081,2246.167465842678,,
F7,200.0,20.28546200040728,1833.8004573814928,2,single_plane;segmented_plane,2138.5907942445483,2188.1462513013976,2237.701708358247,99.11091411369851,2138.5907942445483,2237.701708358247,,
F7,200.0,22.945658000186086,1835.9384325303151,2,single_plane;segmented_plane,2134.522692169645,2182.1374540221877,2229.752215874614,95.22952370496932,2134.522692169645,2229.752215874614,,
F7,200.0,25.605853999964893,1842.5521664004225,2,single_plane;segmented_plane,2130.821526490501,2176.4943483353127,2222.1671701801242,91.3456436896231,2130.821526490501,2222.1671701801242,,
F7,200.0,28.2660499997437,1856.1355001637053,2,single_plane;segmented_plane,2127.6917499378324,2171.420693381224,2215.1496368247317,87.45788688689936,2127.6917499378324,2215.1496368247317,,
F7,200.0,30.92624600045383,1880.847325734841,2,single_plane;segmented_plane,2125.4743211957393,2167.2562911675777,2209.038261139416,83.56393994367681,2125.4743211957393,2209.038261139416,,
F7,200.0,33.58644200023264,1900.707805081633,2,single_plane;segmented_plane,2122.8591642462416,2162.69551000942,2202.5318557725986,79.67269152635708,2122.8591642462416,2202.5318557725986,,
F7,200.0,36.246638000011444,1909.3200558473857,2,single_plane;segmented_plane,2119.3218430978013,2157.2156930232886,2195.109542948776,75.7876998509746,2119.3218430978013,2195.109542948776,,
F7,200.0,38.90683399979025,1909.5170828757427,2,single_plane;segmented_plane,2115.094616156537,2151.048310696613,2187.0020052365726,71.9073890800355,2115.094616156537,2187.0020052365726,,
F7,200.0,41.56703000050038,1908.3626359835127,2,single_plane;segmented_plane,2110.7565912462305,2144.7705062737223,2178.784421301214,68.0278300549835,2110.7565912462305,2178.784421301214,,
F7,200.0,44.22722600027919,1906.589255556579,2,single_plane;segmented_plane,2106.3678242722526,2138.4421319263056,2170.516439580475,64.14861530822236,2106.3678242722526,2170.516439580475,,
F7,200.0,46.887422000057995,1907.798086860244,2,single_plane;segmented_plane,2102.223548141541,2132.357419006061,2162.4912898704642,60.26774172892328,2102.223548141541,2162.4912898704642,,
F7,200.0,49.5476179998368,1909.6899499667843,2,single_plane;segmented_plane,2098.1352690482745,2126.328513157321,2154.521757266484,56.386488218209706,2098.1352690482745,2154.521757266484,,
F7,200.0,52.20781400054693,1911.099842025082,2,single_plane;segmented_plane,2094.00747649197,2120.2602278916165,2146.5129792911466,52.50550279917661,2094.00747649197,2146.5129792911466,,
F7,200.0,54.86801000032574,1907.018518811081,2,single_plane;segmented_plane,2089.4294973060023,2113.7432832199847,2138.057069133967,48.62757182796486,2089.4294973060023,2138.057069133967,,
F7,200.0,57.52820600010455,1902.8543714436823,2,single_plane;segmented_plane,2084.844727942371,2107.2195714060217,2129.594414869789,44.74968692741823,2084.844727942371,2129.594414869789,,
F7,200.0,60.188401999883354,1884.45494417814,2,single_plane;segmented_plane,2079.0929067722755,2099.532766919001,2119.9726270657266,40.8797202934511,2079.0929067722755,2119.9726270657266,,
F7,200.0,62.84859800059348,1868.322551019617,2,single_plane;segmented_plane,2073.526943994104,2092.031190312933,2110.535436631646,37.00849263754208,2073.526943994104,2110.535436631646,,
F7,200.0,65.50879400037229,1861.741751948268,2,single_plane;segmented_plane,2068.7440501287347,2085.3100261192303,2101.876002109726,33.13195198099129,2068.7440501287347,2101.876002109726,,
F7,200.0,68.1689900001511,1851.5763097539516,2,single_plane;segmented_plane,2063.667276251246,2078.2959788788576,2092.9246815063525,29.25740525510628,2063.667276251246,2092.9246815063525,,
F7,200.0,70.8291859999299,1840.4799664704328,2,single_plane;segmented_plane,2058.5141842536395,2071.2058724216186,2083.8975605895976,25.38337633595802,2058.5141842536395,2083.8975605895976,,
F7,200.0,73.48938200064003,1829.79201038592,2,single_plane;segmented_plane,2053.3945730868727,2064.1491332134465,2074.9036933400203,21.50912025314756,2053.3945730868727,2074.9036933400203,,
F7,200.0,76.14957800041884,1823.7747085864887,2,single_plane;segmented_plane,2048.6578764521983,2057.4740095299203,2066.2901426077588,17.6322661555605,2048.6578764521983,2066.2901426077588,,
F7,200.0,78.80977400019765,1822.4506590771311,2,single_plane;segmented_plane,2044.305947001907,2051.182347737951,2058.058748473879,13.752801471971908,2044.305947001907,2058.058748473879,,
F7,200.0,81.46996999997646,1822.225345215624,2,single_plane;segmented_plane,2040.0440952620702,2044.9804580744822,2049.9168208870105,9.872725624940358,2040.0440952620702,2049.9168208870105,,
F7,200.0,84.13016600068659,1826.1915946766396,2,single_plane;segmented_plane,2036.1258807082195,2039.1210398338735,2042.1161989595275,5.990318251308054,2036.1258807082195,2042.1161989595275,,
F7,200.0,86.7903620004654,1831.448266554709,2,single_plane;segmented_plane,2032.3134589344263,2033.3670554800192,2034.420652025612,2.1071930911857635,2032.3134589344263,2034.420652025612,,
F7,200.0,89.4505580002442,1833.149348410299,2,single_plane;segmented_plane,2026.4355847116094,2027.3225618610159,2028.209539010306,1.7739542986964807,2028.209539010306,2026.4355847116094,,
F7,200.0,92.11075400002301,1830.7926984003016,2,single_plane;segmented_plane,2018.1201092050178,2020.946531508118,2023.7729538111016,5.652844606083818,2023.7729538111016,2018.1201092050178,,
F7,200.0,94.77095000073314,1824.0914698277963,2,single_plane;segmented_plane,2009.4508684894536,2014.2155276273843,2018.980186765315,9.529318275861442,2018.980186765315,2009.4508684894536,,
F7,200.0,97.43114600051194,1815.5470333440007,2,single_plane;segmented_plane,2000.631541222101,2007.3339245591778,2014.0363078961382,13.404766674037091,2014.0363078961382,2000.631541222101,,
F7,200.0,100.09134200029075,1811.575713377671,2,single_plane;segmented_plane,1992.184588279575,2000.8259676962625,2009.46734711295,17.282758833374828,2009.46734711295,1992.184588279575,,
F7,200.0,102.75153800006956,1806.2725578689729,2,single_plane;segmented_plane,1983.6291882070946,1994.209193291841,2004.7891983764712,21.16001016937662,2004.7891983764712,1983.6291882070946,,
F7,200.0,105.41173400077969,1801.9656982421875,2,single_plane;segmented_plane,1975.1549133349909,1987.673821179429,2000.1927290237509,25.03781568876002,2000.1927290237509,1975.1549133349909,,
F7,200.0,108.0719300005585,1801.9656982421875,2,single_plane;segmented_plane,1967.031332338811,1981.49034077127,1995.949349203729,28.91801686491817,1995.949349203729,1967.031332338811,,
F7,200.0,110.7321260003373,1801.9656982421875,2,single_plane;segmented_plane,1958.9077513427474,1975.3068603633437,1991.7059693838237,32.798218041076325,1991.7059693838237,1958.9077513427474,,
F7,200.0,113.39232200011611,1801.9656982421875,2,single_plane;segmented_plane,1950.7841703466838,1969.123379955301,1987.4625895638019,36.67841921711806,1987.4625895638019,1950.7841703466838,,
F7,200.0,116.05251799989492,1801.9656982421875,2,single_plane;segmented_plane,1942.6605893506203,1962.9398995472584,1983.21920974378,40.5586203931598,1983.21920974378,1942.6605893506203,,
F7,200.0,118.71271400060505,1801.9656982421875,2,single_plane;segmented_plane,1934.5370083516464,1956.7564191370038,1978.9758299223613,44.438821570714936,1978.9758299223613,1934.5370083516464,,
F7,200.0,121.37291000038385,1801.9656982421875,2,single_plane;segmented_plane,1926.4134273555828,1950.5729387289612,1974.7324501023395,48.31902274675667,1974.7324501023395,1926.4134273555828,,
F7,200.0,124.03310600016266,1801.9656982421875,2,single_plane;segmented_plane,1918.2898463595193,1944.389458321035,1970.489070282434,52.199223922914825,1970.489070282434,1918.2898463595193,,
F7,200.0,126.69330199994147,1801.9656982421875,2,single_plane;segmented_plane,1910.1662653634558,1938.2059779129922,1966.2456904624123,56.07942509895656,1966.2456904624123,1910.1662653634558,,
F7,200.0,129.3534980006516,1801.9656982421875,2,single_plane;segmented_plane,1902.0426843644818,1932.0224975027377,1962.0023106409935,59.9596262765117,1962.0023106409935,1902.0426843644818,,
F7,200.0,132.0136940004304,1801.9656982421875,2,single_plane;segmented_plane,1893.9191033684183,1925.839017094695,1957.7589308209717,63.83982745255344,1957.7589308209717,1893.9191033684183,,
F7,200.0,134.6738900002092,1801.9656982421875,2,single_plane;segmented_plane,1885.7955223723548,1919.6555366866523,1953.51555100095,67.72002862859517,1953.51555100095,1885.7955223723548,,
F7,200.0,137.33408599998802,1801.9656982421875,2,single_plane;segmented_plane,1877.6719413762912,1913.472056278726,1949.2721711810445,71.60022980475333,1949.2721711810445,1877.6719413762912,,
F7,200.0,139.99428200069815,1801.9656982421875,2,single_plane;segmented_plane,1869.5483603773173,1907.288575868355,1945.0287913595093,75.48043098219205,1945.0287913595093,1869.5483603773173,,
F7,200.0,142.65447800047696,1801.9656982421875,2,single_plane;segmented_plane,1861.4247793812538,1901.1050954604289,1940.785411539604,79.3606321583502,1940.785411539604,1861.4247793812538,,
F7,200.0,145.31467400025576,1801.9656982421875,2,single_plane;segmented_plane,1853.3011983851902,1894.9216150523862,1936.5420317195822,83.24083333439194,1936.5420317195822,1853.3011983851902,,
F7,200.0,147.97487000003457,1801.9656982421875,2,single_plane;segmented_plane,1845.1776173891267,1888.73813464446,1932.2986518996768,87.12103451055009,1932.2986518996768,1845.1776173891267,,
F7,200.0,150.6350660007447,1801.9656982421875,2,single_plane;segmented_plane,1837.0540363901528,1882.554654234089,1928.0552720781416,91.0012356879888,1928.0552720781416,1837.0540363901528,,
F7,200.0,153.2952620005235,1801.9656982421875,2,single_plane;segmented_plane,1828.9304553940892,1876.3711738261627,1923.8118922582362,94.88143686414696,1923.8118922582362,1828.9304553940892,,
F7,200.0,155.95545800030231,1801.9656982421875,2,single_plane;segmented_plane,1820.8068743980257,1870.18769341812,1919.5685124382144,98.7616380401887,1919.5685124382144,1820.8068743980257,,
F7,200.0,158.61565400008112,1801.9656982421875,2,single_plane;segmented_plane,1812.6832934019621,1864.0042130100774,1915.3251326181926,102.64183921623044,1915.3251326181926,1812.6832934019621,,
F7,200.0,161.27585000079125,1801.9656982421875,2,single_plane;segmented_plane,1804.5597124029882,1857.8207325998228,1911.0817527967738,106.52204039378556,1911.0817527967738,1804.5597124029882,,
F7,200.0,163.93604600057006,1801.9656982421875,2,single_plane;segmented_plane,1796.4361314069247,1851.6372521917801,1906.838372976752,110.40224156982732,1906.838372976752,1796.4361314069247,,
F7,200.0,166.59624200034887,1801.9656982421875,2,single_plane;segmented_plane,1788.3125504108611,1845.4537717838539,1902.5949931568466,114.28244274598546,1902.5949931568466,1788.3125504108611,,
F7,200.0,169.25643800012767,1801.9656982421875,2,single_plane;segmented_plane,1780.1889694147976,1839.2702913758112,1898.3516133368248,118.1626439220272,1898.3516133368248,1780.1889694147976,,
F7,200.0,171.9166340008378,1801.9656982421875,2,single_plane;segmented_plane,1772.0653884158237,1833.0868109655567,1894.108233515406,122.04284509958234,1894.108233515406,1772.0653884158237,,
F7,200.0,174.5768300006166,1801.9656982421875,2,single_plane;segmented_plane,1763.9418074197602,1826.903330557514,1889.8648536953842,125.92304627562407,1889.8648536953842,1763.9418074197602,,
F7,200.0,177.23702600039542,1801.9656982421875,2,single_plane;segmented_plane,1755.8182264235802,1820.7198501494713,1885.6214738753624,129.80324745178223,1885.6214738753624,1755.8182264235802,,
F7,200.0,179.89722200017422,1801.9656982421875,2,single_plane;segmented_plane,1747.694645427633,1814.536369741545,1881.378094055457,133.68344862782396,1881.378094055457,1747.694645427633,,
F7,200.0,182.55741800088435,1801.9656982421875,2,single_plane;segmented_plane,1739.5710644286592,1808.3528893312905,1877.1347142339218,137.56364980526268,1877.1347142339218,1739.5710644286592,,
F7,200.0,185.21761400066316,1801.9656982421875,2,single_plane;segmented_plane,1731.4474834325956,1802.1694089232478,1872.8913344140165,141.44385098142084,1872.8913344140165,1731.4474834325956,,
F7,200.0,187.87781000044197,1801.9656982421875,2,single_plane;segmented_plane,1723.3239024364157,1795.9859285152052,1868.6479545939947,145.324052157579,1868.6479545939947,1723.3239024364157,,
F7,300.0,-131.34571000002325,1817.2361762809307,2,single_plane;segmented_plane,2291.273406457156,2331.0902770031244,2370.907147549209,79.63374109205324,2370.907147549209,2291.273406457156,,
F7,300.0,-128.68551400024444,1816.0081325647036,2,single_plane;segmented_plane,2291.1491910439217,2328.8561399956234,2366.5630889474414,75.41389790351968,2366.5630889474414,2291.1491910439217,,
F7,300.0,-126.02531800046563,1815.0089246244115,2,single_plane;segmented_plane,2291.0436089995783,2326.6407000012696,2362.2377910028445,71.19418200326618,2362.2377910028445,2291.0436089995783,,
F7,300.0,-123.3651219997555,1814.0097166837693,2,single_plane;segmented_plane,2290.938026955235,2324.4252600059845,2357.9124930568505,66.97446610161569,2357.9124930568505,2290.938026955235,,
F7,300.0,-120.7049259999767,1813.9171542507504,2,single_plane;segmented_plane,2290.9062701691873,2322.28389742726,2353.6615246853326,62.755254516145214,2353.6615246853326,2290.9062701691873,,
F7,300.0,-118.04473000019789,1814.8818333881816,2,single_plane;segmented_plane,2290.960601199884,2320.2289167065173,2349.4972322130343,58.53663101315033,2349.4972322130343,2290.960601199884,,
F7,300.0,-115.38453400041908,1817.570349541809,2,single_plane;segmented_plane,2291.1552987926407,2318.314781983383,2345.4742651742417,54.31896638160106,2345.4742651742417,2291.1552987926407,,
F7,300.0,-112.72433799970895,1821.5013347842505,2,single_plane;segmented_plane,2291.451166689396,2316.502163120662,2341.553159551928,50.10199286253192,2341.553159551928,2291.451166689396,,
F7,300.0,-110.06414199993014,1824.1347893014747,2,single_plane;segmented_plane,2291.641380788409,2314.583529590047,2337.525678391685,45.88429760327563,2337.525678391685,2291.641380788409,,
F7,300.0,-107.40394600015134,1826.683730708666,2,single_plane;segmented_plane,2291.824713253882,2312.657990921056,2333.49126858823,41.66655533434823,2333.49126858823,2291.824713253882,,
F7,300.0,-104.74375000037253,1830.2958214443704,2,single_plane;segmented_plane,2292.094614585745,2310.819316802779,2329.5440190198133,37.44940443406813,2329.5440190198133,2292.094614585745,,
F7,300.0,-102.0835539996624,1833.236127262227,2,single_plane;segmented_plane,2292.3098146097036,2308.9257545382716,2325.541694466723,33.23187985701952,2325.541694466723,2292.3098146097036,,
F7,300.0,-99.42335799988359,1835.4988898566744,2,single_plane;segmented_plane,2292.4698444451205,2306.976833646768,2321.483822848415,29.01397840329446,2321.483822848415,2292.4698444451205,,
F7,300.0,-96.76316200010478,1837.2978446202317,2,single_plane;segmented_plane,2292.592107884935,2304.9900173648493,2317.3879268447636,24.795818959828463,2317.3879268447636,2292.592107884935,,
F7,300.0,-94.10296600032598,1837.052405928184,2,single_plane;segmented_plane,2292.547902871622,2302.836164040724,2313.124425209826,20.57652233820409,2313.124425209826,2292.547902871622,,
F7,300.0,-91.44276999961585,1836.4844545014016,2,single_plane;segmented_plane,2292.477436672896,2300.6559598325985,2308.8344829923008,16.357046319404617,2308.8344829923008,2292.477436672896,,
F7,300.0,-88.78257399983704,1835.7403820171223,2,single_plane;segmented_plane,2292.392629496753,2298.4613656650763,2304.530101833283,12.137472336529754,2304.530101833283,2292.392629496753,,
F7,300.0,-86.12237800005823,1834.400115978855,2,single_plane;segmented_plane,2292.2592761769192,2296.218059539562,2300.176842902205,7.917566725285724,2300.176842902205,2292.2592761769192,,
F7,300.0,-83.46218200027943,1833.059849940588,2,single_plane;segmented_plane,2292.1259228570852,2293.974753414048,2295.823583971127,3.6976611140416935,2295.823583971127,2292.1259228570852,,
F7,300.0,-80.8019859995693,1831.719583901851,2,single_plane;segmented_plane,2291.4703250385355,2291.731447287835,2291.9925695372513,0.522244498715736,2291.4703250385355,2291.9925695372513,,
F7,300.0,-78.14178999979049,1830.3793178635835,2,single_plane;segmented_plane,2287.1170661074575,2289.488141162321,2291.859216217301,4.742150109843351,2287.1170661074575,2291.859216217301,,
F7,300.0,-75.48159400001168,1829.1284033191905,2,single_plane;segmented_plane,2282.771132485359,2287.252135495306,2291.733138505253,8.962006019894034,2282.771132485359,2291.733138505253,,
F7,300.0,-72.82139800023288,1828.0813248062236,2,single_plane;segmented_plane,2278.4419099647785,2285.0327842386905,2291.623658512486,13.181748547707684,2278.4419099647785,2291.623658512486,,
F7,300.0,-70.16120199952275,1827.0342462928893,2,single_plane;segmented_plane,2274.112687442801,2282.81343298126,2291.5141785198357,17.401491077034734,2274.112687442801,2291.5141785198357,,
F7,300.0,-67.50100599974394,1826.749672143087,2,single_plane;segmented_plane,2269.8459773631766,2280.6563820969313,2291.4667868308024,21.620809467625804,2269.8459773631766,2291.4667868308024,,
F7,300.0,-64.84080999996513,1826.6947641480124,2,single_plane;segmented_plane,2265.5980960176094,2278.5180960717844,2291.4380961259594,25.84000010835007,2265.5980960176094,2291.4380961259594,,
F7,300.0,-62.180614000186324,1826.8669587694171,2,single_plane;segmented_plane,2261.3688332397724,2276.3983654519543,2291.4278976642527,30.05906442448031,2261.3688332397724,2291.4278976642527,,
F7,300.0,-59.520417999476194,1827.9069483504225,2,single_plane;segmented_plane,2257.2107149463845,2274.3495379654923,2291.4883609846,34.27764603821561,2257.2107149463845,2291.4883609846,,
F7,300.0,-56.86022199969739,1828.9469379310635,2,single_plane;segmented_plane,2253.052596654743,2272.300710479729,2291.548824304831,38.49622765008826,2253.052596654743,2291.548824304831,,
F7,300.0,-54.20002599991858,1830.127652673828,2,single_plane;segmented_plane,2248.906015442335,2270.2633809348335,2291.620746427332,42.71473098499701,2248.906015442335,2291.620746427332,,
F7,300.0,-51.53983000013977,1831.733996628524,2,single_plane;segmented_plane,2244.794328615186,2268.2608273985097,2291.7273261818336,46.93299756664783,2244.794328615186,2291.7273261818336,,
F7,300.0,-48.879634000360966,1825.4582184458047,2,single_plane;segmented_plane,2240.036441295757,2265.614265555283,2291.1920898149256,51.15564851916861,2240.036441295757,2291.1920898149256,,
F7,300.0,-46.219437999650836,1818.021702905983,2,single_plane;segmented_plane,2235.1833931743167,2262.8728657364845,2290.5623382987687,55.378945124452,2235.1833931743167,2290.5623382987687,,
F7,300.0,-43.55924199987203,1805.4045214650068,2,single_plane;segmented_plane,2229.9056182109052,2259.7081799281295,2289.5107416452374,59.6051234343322,2229.9056182109052,2289.5107416452374,,
F7,300.0,-40.89904600009322,1791.9872745140558,2,single_plane;segmented_plane,2224.5622514287243,2256.4781248159707,2288.3939982033335,63.8317467746092,2224.5622514287243,2288.3939982033335,,
F7,300.0,-38.238850000314415,1787.09755375659,2,single_plane;segmented_plane,2219.9179973383434,2253.944810709916,2287.971624081605,68.0536267432617,2219.9179973383434,2287.971624081605,,
F7,300.0,-35.578653999604285,1790.8447891857036,2,single_plane;segmented_plane,2215.9818273439305,2252.1171785797924,2288.2525298156543,72.27070247172378,2215.9818273439305,2288.2525298156543,,
F7,300.0,-32.91845799982548,1801.7064841189815,2,single_plane;segmented_plane,2212.6289225118235,2250.870832929155,2289.11274334637,76.48382083454635,2212.6289225118235,2289.11274334637,,
F7,300.0,-30.25826200004667,1807.6052395751897,2,single_plane;segmented_plane,2208.8691407145234,2249.2189906118438,2289.5688405092806,80.69969979475718,2208.8691407145234,2289.5688405092806,,
F7,300.0,-27.598066000267863,1805.472347912174,2,single_plane;segmented_plane,2204.4508999092504,2246.9109230582835,2289.3709462073166,84.92004629806615,2204.4508999092504,2289.3709462073166,,
F7,300.0,-24.937869999557734,1816.3704796751,2,single_plane;segmented_plane,2201.1009822783526,2245.6675544756,2290.2341266729636,89.13314439461101,2201.1009822783526,2290.2341266729636,,
F7,300.0,-22.277673999778926,1829.429384686941,2,single_plane;segmented_plane,2197.9282114518574,2244.6007317398908,2291.273252027924,93.34504057606682,2197.9282114518574,2291.273252027924,,
F7,300.0,-19.61747800000012,1842.4421568543455,2,single_plane;segmented_plane,2194.7516585136764,2243.5301397228613,2292.3086209320463,97.55696241836996,2194.7516585136764,2292.3086209320463,,
F7,300.0,-16.957282000221312,1850.5324500414572,2,single_plane;segmented_plane,2191.1715456857346,2242.057356862002,2292.9431680382695,101.7716223525349,2191.1715456857346,2292.9431680382695,,
F7,300.0,-14.297085999511182,1858.47325668254,2,single_plane;segmented_plane,2187.5791774918325,2240.572360211285,2293.5655429306207,105.9863654387882,2187.5791774918325,2293.5655429306207,,
F7,300.0,-11.636889999732375,1867.4618855080384,2,single_plane;segmented_plane,2184.072712968453,2239.172975808615,2294.2732386488933,110.20052568044048,2184.072712968453,2294.2732386488933,,
F7,300.0,-8.976693999953568,1877.021376371224,2,single_plane;segmented_plane,2180.613049461739,2237.820233653998,2295.0274178461405,114.41436838440131,2180.613049461739,2295.0274178461405,,
F7,300.0,-6.316498000174761,1883.4471475525177,2,single_plane;segmented_plane,2176.8964740263764,2236.2114511244,2295.52642822254,118.62995419616344,2176.8964740263764,2295.52642822254,,
F7,300.0,-3.656301999464631,1891.2714480682096,2,single_plane;segmented_plane,2173.294554303633,2234.7169353477657,2296.1393163918983,122.84476208826528,2173.294554303633,2296.1393163918983,,
F7,300.0,-0.9961059996858239,1896.4728634561875,2,single_plane;segmented_plane,2169.4776024337625,2233.0081169030163,2296.5386313723866,127.06102893862408,2169.4776024337625,2296.5386313723866,,
F7,300.0,1.6640900000929832,1894.4498422996217,2,single_plane;segmented_plane,2165.068369148881,2228.2154745641164,2291.362579979468,126.29421083058696,2165.068369148881,2291.362579979468,,
F7,300.0,4.32428599987179,1890.100417377092,2,single_plane;segmented_plane,2160.4684101642342,2221.676624658983,2282.8848391536158,122.41642898938152,2160.4684101642342,2282.8848391536158,,
F7,300.0,6.98448200058192,1883.7216988669552,2,single_plane;segmented_plane,2155.7020834803116,2214.971971443156,2274.241859406,118.53977592568845,2155.7020834803116,2274.241859406,,
F7,300.0,9.644678000360727,1873.2021992697453,2,single_plane;segmented_plane,2150.596282893326,2207.9289959641173,2265.2617090349086,114.66542614158244,2150.596282893326,2265.2617090349086,,
F7,300.0,12.304874000139534,1858.9112585366588,2,single_plane;segmented_plane,2145.181288021384,2200.5778751178877,2255.9744622143917,110.79317419300789,2145.181288021384,2255.9744622143917,,
F7,300.0,14.965069999918342,1846.93128453434,2,single_plane;segmented_plane,2139.9557532735635,2193.415571667021,2246.8753900603624,106.91963678679896,2139.9557532735635,2246.8753900603624,,
F7,300.0,17.62526600062847,1838.002715291715,2,single_plane;segmented_plane,2134.9803820239613,2186.5025830530794,2238.0247840821976,103.0444020582363,2134.9803820239613,2238.0247840821976,,
F7,300.0,20.28546200040728,1833.8004573814928,2,single_plane;segmented_plane,2130.3924882414285,2179.9757574195974,2229.559026597766,99.1665383563377,2130.3924882414285,2229.559026597766,,
F7,300.0,22.945658000186086,1835.9384325303151,2,single_plane;segmented_plane,2126.3243861664087,2173.966960140271,2221.6095341141336,95.28514794772492,2126.3243861664087,2221.6095341141336,,
F7,300.0,25.605853999964893,1842.5521664004225,2,single_plane;segmented_plane,2122.6232204873813,2168.3238544535125,2214.0244884196436,91.40126793226229,2122.6232204873813,2214.0244884196436,,
F7,300.0,28.2660499997437,1856.1355001637053,2,single_plane;segmented_plane,2119.4934439347126,2163.25019949954,2207.006955064251,87.51351112953853,2119.4934439347126,2207.006955064251,,
F7,300.0,30.92624600045383,1880.847325734841,2,single_plane;segmented_plane,2117.276015192503,2159.085797285661,2200.895579378819,83.61956418631598,2117.276015192503,2200.895579378819,,
F7,300.0,33.58644200023264,1900.707805081633,2,single_plane;segmented_plane,2114.6608582430054,2154.5250161275035,2194.3891740120016,79.72831576899625,2114.6608582430054,2194.3891740120016,,
F7,300.0,36.246638000011444,1909.3200558473857,2,single_plane;segmented_plane,2111.1235370946815,2149.0451991414884,2186.9668611882953,75.84332409361377,2111.1235370946815,2186.9668611882953,,
F7,300.0,38.90683399979025,1909.5170828757427,2,single_plane;segmented_plane,2106.896310153301,2142.8778168146964,2178.859323476092,71.96301332279108,2106.896310153301,2178.859323476092,,
F7,300.0,41.56703000050038,1908.3626359835127,2,single_plane;segmented_plane,2102.5582852431107,2136.6000123918056,2170.641739540617,68.08345429750625,2102.5582852431107,2170.641739540617,,
F7,300.0,44.22722600027919,1906.589255556579,2,single_plane;segmented_plane,2098.1695182690164,2130.2716380445054,2162.3737578199944,64.20423955097795,2098.1695182690164,2162.3737578199944,,
F7,300.0,46.887422000057995,1907.798086860244,2,single_plane;segmented_plane,2094.0252421383047,2124.186925124144,2154.3486081099836,60.32336597167887,2094.0252421383047,2154.3486081099836,,
F7,300.0,49.5476179998368,1909.6899499667843,2,single_plane;segmented_plane,2089.9369630450383,2118.158019275521,2146.3790755060036,56.44211246096529,2089.9369630450383,2146.3790755060036,,
F7,300.0,52.20781400054693,1911.099842025082,2,single_plane;segmented_plane,2085.80917048885,2112.0897340097,2138.3702975305496,52.561127041699365,2085.80917048885,2138.3702975305496,,
F7,300.0,54.86801000032574,1907.018518811081,2,single_plane;segmented_plane,2081.2311913028825,2105.5727893381845,2129.9143873734865,48.683196070604026,2081.2311913028825,2129.9143873734865,,
F7,300.0,57.52820600010455,1902.8543714436823,2,single_plane;segmented_plane,2076.646421939251,2099.049077524338,2121.4517331093084,44.805311170057394,2076.646421939251,2121.4517331093084,,
F7,300.0,60.188401999883354,1884.45494417814,2,single_plane;segmented_plane,2070.8946007691557,2091.362273037201,2111.829945305246,40.93534453609027,2070.8946007691557,2111.829945305246,,
F7,300.0,62.84859800059348,1868.322551019617,2,single_plane;segmented_plane,2065.328637990984,2083.8606964310165,2102.392754871049,37.06411688006483,2065.328637990984,2102.392754871049,,
F7,300.0,65.50879400037229,1861.741751948268,2,single_plane;segmented_plane,2060.545744125615,2077.13953223743,2093.7333203492453,33.18757622363046,2060.545744125615,2093.7333203492453,,
F7,300.0,68.1689900001511,1851.5763097539516,2,single_plane;segmented_plane,2055.46897024801,2070.125484996941,2084.7819997457555,29.313029497745447,2055.46897024801,2084.7819997457555,,
F7,300.0,70.8291859999299,1840.4799664704328,2,single_plane;segmented_plane,2050.3158782505197,2063.035378539702,2075.7548788290005,25.439000578480773,2050.3158782505197,2075.7548788290005,,
F7,300.0,73.48938200064003,1829.79201038592,2,single_plane;segmented_plane,2045.196267083753,2055.9786393316463,2066.7610115795396,21.564744495786726,2045.196267083753,2066.7610115795396,,
F7,300.0,76.14957800041884,1823.7747085864887,2,single_plane;segmented_plane,2040.4595704490785,2049.3035156482365,2058.147460847278,17.68789039819967,2040.4595704490785,2058.147460847278,,
F7,300.0,78.80977400019765,1822.4506590771311,2,single_plane;segmented_plane,2036.1076409987872,2043.0118538560346,2049.9160667133983,13.808425714611076,2036.1076409987872,2049.9160667133983,,
F7,300.0,81.46996999997646,1822.225345215624,2,single_plane;segmented_plane,2031.8457892589504,2036.8099641927984,2041.77413912653,9.928349867579527,2031.8457892589504,2041.77413912653,,
F7,300.0,84.13016600068659,1826.1915946766396,2,single_plane;segmented_plane,2027.9275747050997,2030.9505459520733,2033.973517199047,6.045942493947223,2027.9275747050997,2033.973517199047,,
F7,300.0,86.7903620004654,1831.448266554709,2,single_plane;segmented_plane,2024.1151529313065,2025.196561598219,2026.2779702651314,2.162817333824933,2024.1151529313065,2026.2779702651314,,
F7,300.0,89.4505580002442,1833.149348410299,2,single_plane;segmented_plane,2018.2929029511288,2019.1520679790992,2020.011233007186,1.7183300560573116,2020.011233007186,2018.2929029511288,,
F7,300.0,92.11075400002301,1830.7926984003016,2,single_plane;segmented_plane,2009.9774274444208,2012.7760376262013,2015.5746478079818,5.597220363561064,2015.5746478079818,2009.9774274444208,,
F7,300.0,94.77095000073314,1824.0914698277963,2,single_plane;segmented_plane,2001.3081867288565,2006.0450337454677,2010.7818807620788,9.473694033222271,2010.7818807620788,2001.3081867288565,,
F7,300.0,97.43114600051194,1815.5470333440007,2,single_plane;segmented_plane,1992.4888594616205,1999.1634306772612,2005.8380018930184,13.349142431397922,2005.8380018930184,1992.4888594616205,,
F7,300.0,100.09134200029075,1811.575713377671,2,single_plane;segmented_plane,1984.0419065190945,1992.6554738144623,2001.2690411098301,17.22713459073566,2001.2690411098301,1984.0419065190945,,
F7,300.0,102.75153800006956,1806.2725578689729,2,single_plane;segmented_plane,1975.486506446614,1986.0386994099244,1996.5908923733514,21.10438592673745,1996.5908923733514,1975.486506446614,,
F7,300.0,105.41173400077969,1801.9656982421875,2,single_plane;segmented_plane,1967.0122315743938,1979.5033272975124,1991.994423020631,24.982191446237263,1991.994423020631,1967.0122315743938,,
F7,300.0,108.0719300005585,1801.9656982421875,2,single_plane;segmented_plane,1958.8886505783303,1973.3198468894698,1987.7510432006093,28.862392622279003,1987.7510432006093,1958.8886505783303,,
F7,300.0,110.7321260003373,1801.9656982421875,2,single_plane;segmented_plane,1950.7650695822667,1967.136366481427,1983.507663380704,32.74259379843716,1983.507663380704,1950.7650695822667,,
F7,300.0,113.39232200011611,1801.9656982421875,2,single_plane;segmented_plane,1942.6414885860868,1960.9528860733844,1979.264283560682,36.62279497459531,1979.264283560682,1942.6414885860868,,
F7,300.0,116.05251799989492,1801.9656982421875,2,single_plane;segmented_plane,1934.5179075901397,1954.7694056653418,1975.0209037406603,40.50299615052063,1975.0209037406603,1934.5179075901397,,
F7,300.0,118.71271400060505,1801.9656982421875,2,single_plane;segmented_plane,1926.3943265911657,1948.5859252552036,1970.7775239192415,44.38319732807577,1970.7775239192415,1926.3943265911657,,
F7,300.0,121.37291000038385,1801.9656982421875,2,single_plane;segmented_plane,1918.2707455951022,1942.402444847161,1966.5341440992197,48.263398504117504,1966.5341440992197,1918.2707455951022,,
F7,300.0,124.03310600016266,1801.9656982421875,2,single_plane;segmented_plane,1910.1471645989222,1936.2189644391183,1962.2907642793143,52.14359968039207,1962.2907642793143,1910.1471645989222,,
F7,300.0,126.69330199994147,1801.9656982421875,2,single_plane;segmented_plane,1902.0235836029751,1930.0354840310756,1958.0473844592925,56.02380085631739,1958.0473844592925,1902.0235836029751,,
F7,300.0,129.3534980006516,1801.9656982421875,2,single_plane;segmented_plane,1893.9000026040012,1923.8520036209375,1953.8040046378737,59.90400203387253,1953.8040046378737,1893.9000026040012,,
F7,300.0,132.0136940004304,1801.9656982421875,2,single_plane;segmented_plane,1885.7764216079377,1917.6685232128948,1949.560624817852,63.78420320991427,1949.560624817852,1885.7764216079377,,
F7,300.0,134.6738900002092,1801.9656982421875,2,single_plane;segmented_plane,1877.6528406117577,1911.4850428048521,1945.3172449978301,67.66440438607242,1945.3172449978301,1877.6528406117577,,
F7,300.0,137.33408599998802,1801.9656982421875,2,single_plane;segmented_plane,1869.5292596158106,1905.3015623968095,1941.0738651779247,71.54460556211416,1941.0738651779247,1869.5292596158106,,
F7,300.0,139.99428200069815,1801.9656982421875,2,single_plane;segmented_plane,1861.4056786168367,1899.1180819866713,1936.8304853563895,75.42480673955288,1936.8304853563895,1861.4056786168367,,
F7,300.0,142.65447800047696,1801.9656982421875,2,single_plane;segmented_plane,1853.2820976207731,1892.9346015786286,1932.5871055364842,79.30500791571103,1932.5871055364842,1853.2820976207731,,
F7,300.0,145.31467400025576,1801.9656982421875,2,single_plane;segmented_plane,1845.1585166245932,1886.751121170586,1928.3437257164624,83.18520909186918,1928.3437257164624,1845.1585166245932,,
F7,300.0,147.97487000003457,1801.9656982421875,2,single_plane;segmented_plane,1837.034935628646,1880.5676407625433,1924.100345896557,87.06541026791092,1924.100345896557,1837.034935628646,,
F7,300.0,150.6350660007447,1801.9656982421875,2,single_plane;segmented_plane,1828.9113546296721,1874.3841603524052,1919.8569660750218,90.94561144534964,1919.8569660750218,1828.9113546296721,,
F7,300.0,153.2952620005235,1801.9656982421875,2,single_plane;segmented_plane,1820.7877736336086,1868.2006799443625,1915.6135862551164,94.8258126215078,1915.6135862551164,1820.7877736336086,,
F7,300.0,155.95545800030231,1801.9656982421875,2,single_plane;segmented_plane,1812.6641926374286,1862.0171995363198,1911.3702064350946,98.70601379766596,1911.3702064350946,1812.6641926374286,,
F7,300.0,158.61565400008112,1801.9656982421875,2,single_plane;segmented_plane,1804.5406116414815,1855.8337191282772,1907.1268266150728,102.58621497359128,1907.1268266150728,1804.5406116414815,,
F7,300.0,161.27585000079125,1801.9656982421875,2,single_plane;segmented_plane,1796.4170306425076,1849.650238718139,1902.883446793654,106.4664161511464,1902.883446793654,1796.4170306425076,,
F7,300.0,163.93604600057006,1801.9656982421875,2,single_plane;segmented_plane,1788.293449646444,1843.4667583100963,1898.6400669736322,110.34661732718814,1898.6400669736322,1788.293449646444,,
F7,300.0,166.59624200034887,1801.9656982421875,2,single_plane;segmented_plane,1780.169868650264,1837.2832779020537,1894.3966871537268,114.22681850346272,1894.3966871537268,1780.169868650264,,
F7,300.0,169.25643800012767,1801.9656982421875,2,single_plane;segmented_plane,1772.046287654317,1831.099797494011,1890.153307333705,118.10701967938805,1890.153307333705,1772.046287654317,,
F7,300.0,171.9166340008378,1801.9656982421875,2,single_plane;segmented_plane,1763.922706655343,1824.9163170838729,1885.9099275122862,121.98722085694315,1885.9099275122862,1763.922706655343,,
F7,300.0,174.5768300006166,1801.9656982421875,2,single_plane;segmented_plane,1755.7991256592795,1818.7328366758302,1881.6665476922644,125.8674220329849,1881.6665476922644,1755.7991256592795,,
F7,300.0,177.23702600039542,1801.9656982421875,2,single_plane;segmented_plane,1747.6755446630996,1812.549356267671,1877.4231678722426,129.74762320914306,1877.4231678722426,1747.6755446630996,,
F7,300.0,179.89722200017422,1801.9656982421875,2,single_plane;segmented_plane,1739.5519636671524,1806.3658758597448,1873.1797880523372,133.6278243851848,1873.1797880523372,1739.5519636671524,,
F7,300.0,182.55741800088435,1801.9656982421875,2,single_plane;segmented_plane,1731.4283826681785,1800.1823954494903,1868.936408230802,137.50802556262352,1868.936408230802,1731.4283826681785,,
F7,300.0,185.21761400066316,1801.9656982421875,2,single_plane;segmented_plane,1723.304801672115,1793.998915041564,1864.6930284108967,141.38822673878167,1864.6930284108967,1723.304801672115,,
F7,300.0,187.87781000044197,1801.9656982421875,2,single_plane;segmented_plane,1715.181220675935,1787.815434633405,1860.4496485908749,145.26842791493982,1860.4496485908749,1715.181220675935,,
F7,400.0,-131.34571000002325,1817.2361762809307,2,single_plane;segmented_plane,2283.1307246966753,2322.919783121324,2362.708841545973,79.57811684929766,2362.708841545973,2283.1307246966753,,
F7,400.0,-128.68551400024444,1816.0081325647036,2,single_plane;segmented_plane,2283.006509283441,2320.6856461139396,2358.3647829443216,75.35827366088051,2358.3647829443216,2283.006509283441,,
F7,400.0,-126.02531800046563,1815.0089246244115,2,single_plane;segmented_plane,2282.9009272389812,2318.470206119353,2354.0394849997247,71.13855776074342,2354.0394849997247,2282.9009272389812,,
F7,400.0,-123.3651219997555,1814.0097166837693,2,single_plane;segmented_plane,2282.795345194754,2316.2547661243007,2349.7141870537307,66.91884185897652,2349.7141870537307,2282.795345194754,,
F7,400.0,-120.7049259999767,1813.9171542507504,2,single_plane;segmented_plane,2282.7635884087067,2314.1134035454597,2345.4632186822128,62.699630273506045,2345.4632186822128,2282.7635884087067,,
F7,400.0,-118.04473000019789,1814.8818333881816,2,single_plane;segmented_plane,2282.817919439287,2312.0584228246007,2341.2989262099145,58.48100677062757,2341.2989262099145,2282.817919439287,,
F7,400.0,-115.38453400041908,1817.570349541809,2,single_plane;segmented_plane,2283.01261703216,2310.144288101699,2337.275959171122,54.26334213896189,2337.275959171122,2283.01261703216,,
F7,400.0,-112.72433799970895,1821.5013347842505,2,single_plane;segmented_plane,2283.3084849289153,2308.3316692388617,2333.354853548808,50.046368619892746,2333.354853548808,2283.3084849289153,,
F7,400.0,-110.06414199993014,1824.1347893014747,2,single_plane;segmented_plane,2283.4986990279285,2306.4130357082468,2329.327372388565,45.82867336063646,2329.327372388565,2283.4986990279285,,
F7,400.0,-107.40394600015134,1826.683730708666,2,single_plane;segmented_plane,2283.682031493401,2304.4874970392557,2325.29296258511,41.61093109170906,2325.29296258511,2283.682031493401,,
F7,400.0,-104.74375000037253,1830.2958214443704,2,single_plane;segmented_plane,2283.9519328252645,2302.648822920979,2321.3457130166935,37.39378019142896,2321.3457130166935,2283.9519328252645,,
F7,400.0,-102.0835539996624,1833.236127262227,2,single_plane;segmented_plane,2284.167132849223,2300.755260656355,2317.343388463487,33.17625561426394,2317.343388463487,2284.167132849223,,
F7,400.0,-99.42335799988359,1835.4988898566744,2,single_plane;segmented_plane,2284.32716268464,2298.8063397649676,2313.285516845179,28.958354160538875,2313.285516845179,2284.32716268464,,
F7,400.0,-96.76316200010478,1837.2978446202317,2,single_plane;segmented_plane,2284.4494261244545,2296.819523483049,2309.1896208415274,24.74019471707288,2309.1896208415274,2284.4494261244545,,
F7,400.0,-94.10296600032598,1837.052405928184,2,single_plane;segmented_plane,2284.405221111141,2294.6656701589236,2304.926119206706,20.52089809556492,2304.926119206706,2284.405221111141,,
F7,400.0,-91.44276999961585,1836.4844545014016,2,single_plane;segmented_plane,2284.3347549124155,2292.4854659507982,2300.636176989181,16.301422076765448,2300.636176989181,2284.3347549124155,,
F7,400.0,-88.78257399983704,1835.7403820171223,2,single_plane;segmented_plane,2284.2499477362726,2290.2908717831597,2296.331795830163,12.081848093890583,2296.331795830163,2284.2499477362726,,
F7,400.0,-86.12237800005823,1834.400115978855,2,single_plane;segmented_plane,2284.1165944164386,2288.047565657762,2291.978536899085,7.861942482646555,2291.978536899085,2284.1165944164386,,
F7,400.0,-83.46218200027943,1833.059849940588,2,single_plane;segmented_plane,2283.983241096488,2285.8042595322477,2287.625277968007,3.64203687151894,2287.625277968007,2283.983241096488,,
F7,400.0,-80.8019859995693,1831.719583901851,2,single_plane;segmented_plane,2283.2720190354157,2283.560953406035,2283.849887776654,0.5778687412384897,2283.2720190354157,2283.849887776654,,
F7,400.0,-78.14178999979049,1830.3793178635835,2,single_plane;segmented_plane,2278.9187601043377,2281.317647280637,2283.71653445682,4.79777435248252,2278.9187601043377,2283.71653445682,,
F7,400.0,-75.48159400001168,1829.1284033191905,2,single_plane;segmented_plane,2274.572826482239,2279.081641613506,2283.5904567447724,9.017630262533205,2274.572826482239,2283.5904567447724,,
F7,400.0,-72.82139800023288,1828.0813248062236,2,single_plane;segmented_plane,2270.2436039616587,2276.862290356774,2283.4809767520055,13.237372790346852,2270.2436039616587,2283.4809767520055,,
F7,400.0,-70.16120199952275,1827.0342462928893,2,single_plane;segmented_plane,2265.9143814395647,2274.64293909946,2283.371496759355,17.45711531979032,2265.9143814395647,2283.371496759355,,
F7,400.0,-67.50100599974394,1826.749672143087,2,single_plane;segmented_plane,2261.6476713599404,2272.485888215131,2283.324105070322,21.67643371038139,2261.6476713599404,2283.324105070322,,
F7,400.0,-64.84080999996513,1826.6947641480124,2,single_plane;segmented_plane,2257.3997900144896,2270.347602189984,2283.2954143653624,25.895624350872826,2257.3997900144896,2283.2954143653624,,
F7,400.0,-62.180614000186324,1826.8669587694171,2,single_plane;segmented_plane,2253.170527236536,2268.227871570154,2283.285215903772,30.114688667235896,2253.170527236536,2283.285215903772,,
F7,400.0,-59.520417999476194,1827.9069483504225,2,single_plane;segmented_plane,2249.0124089432647,2266.179044083692,2283.3456792241195,34.33327028085478,2249.0124089432647,2283.3456792241195,,
F7,400.0,-56.86022199969739,1828.9469379310635,2,single_plane;segmented_plane,2244.854290651623,2264.130216598045,2283.4061425443506,38.55185189272743,2244.854290651623,2283.4061425443506,,
F7,400.0,-54.20002599991858,1830.127652673828,2,single_plane;segmented_plane,2240.7077094392153,2262.0928870530333,2283.4780646668514,42.77035522763617,2240.7077094392153,2283.4780646668514,,
F7,400.0,-51.53983000013977,1831.733996628524,2,single_plane;segmented_plane,2236.596022612066,2260.0903335167095,2283.584644421353,46.988621809287,2236.596022612066,2283.584644421353,,
F7,400.0,-48.879634000360966,1825.4582184458047,2,single_plane;segmented_plane,2231.838135292637,2257.443771673483,2283.0494080543285,51.21127276169136,2231.838135292637,2283.0494080543285,,
F7,400.0,-46.219437999650836,1818.021702905983,2,single_plane;segmented_plane,2226.985087171197,2254.7023718546843,2282.4196565381717,55.43456936697476,2226.985087171197,2282.4196565381717,,
F7,400.0,-43.55924199987203,1805.4045214650068,2,single_plane;segmented_plane,2221.7073122077854,2251.537686046213,2281.368059884757,59.66074767697137,2221.7073122077854,2281.368059884757,,
F7,400.0,-40.89904600009322,1791.9872745140558,2,single_plane;segmented_plane,2216.363945425488,2248.3076309341704,2280.251316442853,63.88737101736479,2216.363945425488,2280.251316442853,,
F7,400.0,-38.238850000314415,1787.09755375659,2,single_plane;segmented_plane,2211.7196913352236,2245.774316828116,2279.828942321008,68.10925098578446,2211.7196913352236,2279.828942321008,,
F7,400.0,-35.578653999604285,1790.8447891857036,2,single_plane;segmented_plane,2207.7835213408107,2243.946684697992,2280.1098480551736,72.32632671436295,2207.7835213408107,2280.1098480551736,,
F7,400.0,-32.91845799982548,1801.7064841189815,2,single_plane;segmented_plane,2204.4306165087037,2242.7003390472382,2280.970061585889,76.53944507718552,2204.4306165087037,2280.970061585889,,
F7,400.0,-30.25826200004667,1807.6052395751897,2,single_plane;segmented_plane,2200.670834711287,2241.0484967300436,2281.4261587488,80.75532403751276,2200.670834711287,2281.4261587488,,
F7,400.0,-27.598066000267863,1805.472347912174,2,single_plane;segmented_plane,2196.252593906014,2238.7404291764833,2281.228264446836,84.97567054082174,2196.252593906014,2281.228264446836,,
F7,400.0,-24.937869999557734,1816.3704796751,2,single_plane;segmented_plane,2192.902676275233,2237.497060593916,2282.091444912483,89.18876863725018,2192.902676275233,2282.091444912483,,
F7,400.0,-22.277673999778926,1829.429384686941,2,single_plane;segmented_plane,2189.7299054487376,2236.4302378580905,2283.1305702674435,93.400664818706,2189.7299054487376,2283.1305702674435,,
F7,400.0,-19.61747800000012,1842.4421568543455,2,single_plane;segmented_plane,2186.5533525105566,2235.359645841061,2284.1659391715657,97.61258666100912,2186.5533525105566,2284.1659391715657,,
F7,400.0,-16.957282000221312,1850.5324500414572,2,single_plane;segmented_plane,2182.973239682615,2233.886862980202,2284.800486277789,101.82724659517407,2182.973239682615,2284.800486277789,,
F7,400.0,-14.297085999511182,1858.47325668254,2,single_plane;segmented_plane,2179.3808714887127,2232.401866329368,2285.4228611700237,106.04198968131097,2179.3808714887127,2285.4228611700237,,
F7,400.0,-11.636889999732375,1867.4618855080384,2,single_plane;segmented_plane,2175.874406965333,2231.002481926931,2286.1305568884127,110.25614992307963,2175.874406965333,2286.1305568884127,,
F7,400.0,-8.976693999953568,1877.021376371224,2,single_plane;segmented_plane,2172.4147434586193,2229.6497397720814,2286.88473608566,114.46999262704048,2172.4147434586193,2286.88473608566,,
F7,400.0,-6.316498000174761,1883.4471475525177,2,single_plane;segmented_plane,2168.69816802314,2228.0409572425997,2287.383746462059,118.68557843891904,2168.69816802314,2287.383746462059,,
F7,400.0,-3.656301999464631,1891.2714480682096,2,single_plane;segmented_plane,2165.0962483005133,2226.546441465849,2287.9966346313013,122.90038633078802,2165.0962483005133,2287.9966346313013,,
F7,400.0,-0.9961059996858239,1896.4728634561875,2,single_plane;segmented_plane,2161.2792964306427,2224.8376230213325,2288.395949611906,127.11665318126325,2161.2792964306427,2288.395949611906,,
F7,400.0,1.6640900000929832,1894.4498422996217,2,single_plane;segmented_plane,2156.870063145645,2220.0449806823162,2283.2198982189875,126.34983507334256,2156.870063145645,2283.2198982189875,,
F7,400.0,4.32428599987179,1890.100417377092,2,single_plane;segmented_plane,2152.2701041611144,2213.5061307770666,2274.742157393135,122.4720532320207,2152.2701041611144,2274.742157393135,,
F7,400.0,6.98448200058192,1883.7216988669552,2,single_plane;segmented_plane,2147.5037774771918,2206.8014775613556,2266.0991776455194,118.5954001683276,2147.5037774771918,2266.0991776455194,,
F7,400.0,9.644678000360727,1873.2021992697453,2,single_plane;segmented_plane,2142.3979768902063,2199.758502082317,2257.119027274428,114.7210503842216,2142.3979768902063,2257.119027274428,,
F7,400.0,12.304874000139534,1858.9112585366588,2,single_plane;segmented_plane,2136.982982018264,2192.4073812360875,2247.8317804537946,110.84879843553064,2136.982982018264,2247.8317804537946,,
F7,400.0,14.965069999918342,1846.93128453434,2,single_plane;segmented_plane,2131.7574472704437,2185.2450777851045,2238.7327082997654,106.9752610293217,2131.7574472704437,2238.7327082997654,,
F7,400.0,17.62526600062847,1838.002715291715,2,single_plane;segmented_plane,2126.7820760208415,2178.332089171279,2229.8821023216005,103.10002630075904,2126.7820760208415,2229.8821023216005,,
F7,400.0,20.28546200040728,1833.8004573814928,2,single_plane;segmented_plane,2122.1941822381923,2171.8052635376807,2221.4163448372856,99.22216259909328,2122.1941822381923,2221.4163448372856,,
F7,400.0,22.945658000186086,1835.9384325303151,2,single_plane;segmented_plane,2118.126080163289,2165.7964662583545,2213.4668523535365,95.34077219024766,2118.126080163289,2213.4668523535365,,
F7,400.0,25.605853999964893,1842.5521664004225,2,single_plane;segmented_plane,2114.424914484145,2160.153360571596,2205.8818066590466,91.45689217490144,2114.424914484145,2205.8818066590466,,
F7,400.0,28.2660499997437,1856.1355001637053,2,single_plane;segmented_plane,2111.2951379314763,2155.0797056176234,2198.8642733037705,87.56913537229411,2111.2951379314763,2198.8642733037705,,
F7,400.0,30.92624600045383,1880.847325734841,2,single_plane;segmented_plane,2109.0777091893833,2150.915303403861,2192.7528976183385,83.67518842895515,2109.0777091893833,2192.7528976183385,,
F7,400.0,33.58644200023264,1900.707805081633,2,single_plane;segmented_plane,2106.4625522398856,2146.3545222457033,2186.246492251521,79.78394001163542,2106.4625522398856,2186.246492251521,,
F7,400.0,36.246638000011444,1909.3200558473857,2,single_plane;segmented_plane,2102.9252310915617,2140.874705259688,2178.8241794278147,75.89894833625294,2102.9252310915617,2178.8241794278147,,
F7,400.0,38.90683399979025,1909.5170828757427,2,single_plane;segmented_plane,2098.698004150181,2134.70732293278,2170.716641715495,72.01863756531384,2098.698004150181,2170.716641715495,,
F7,400.0,41.56703000050038,1908.3626359835127,2,single_plane;segmented_plane,2094.3599792398745,2128.4295185100054,2162.4990577801364,68.13907854026183,2094.3599792398745,2162.4990577801364,,
F7,400.0,44.22722600027919,1906.589255556579,2,single_plane;segmented_plane,2089.9712122658966,2122.101144162705,2154.2310760593973,64.2598637935007,2089.9712122658966,2154.2310760593973,,
F7,400.0,46.887422000057995,1907.798086860244,2,single_plane;segmented_plane,2085.826936135185,2116.016431242344,2146.205926349503,60.37899021431804,2085.826936135185,2146.205926349503,,
F7,400.0,49.5476179998368,1909.6899499667843,2,single_plane;segmented_plane,2081.7386570419185,2109.9875253937207,2138.236393745523,56.49773670360446,2081.7386570419185,2138.236393745523,,
F7,400.0,52.20781400054693,1911.099842025082,2,single_plane;segmented_plane,2077.610864485614,2103.9192401277833,2130.227615770069,52.61675128445495,2077.610864485614,2130.227615770069,,
F7,400.0,54.86801000032574,1907.018518811081,2,single_plane;segmented_plane,2073.0328852996463,2097.402295456268,2121.771705613006,48.73882031335961,2073.0328852996463,2121.771705613006,,
F7,400.0,57.52820600010455,1902.8543714436823,2,single_plane;segmented_plane,2068.448115936015,2090.8785836424213,2113.309051348828,44.86093541281298,2068.448115936015,2113.309051348828,,
F7,400.0,60.188401999883354,1884.45494417814,2,single_plane;segmented_plane,2062.696294766036,2083.191779155284,2103.687263544649,40.99096877861302,2062.696294766036,2103.687263544649,,
F7,400.0,62.84859800059348,1868.322551019617,2,single_plane;segmented_plane,2057.130331987748,2075.6902025491,2094.2500731105683,37.119741122820415,2057.130331987748,2094.2500731105683,,
F7,400.0,65.50879400037229,1861.741751948268,2,single_plane;segmented_plane,2052.347438122495,2068.96903835563,2085.5906385887647,33.24320046626963,2052.347438122495,2085.5906385887647,,
F7,400.0,68.1689900001511,1851.5763097539516,2,single_plane;segmented_plane,2047.2706642448902,2061.9549911150243,2076.639317985275,29.368653740384616,2047.2706642448902,2076.639317985275,,
F7,400.0,70.8291859999299,1840.4799664704328,2,single_plane;segmented_plane,2042.1175722472835,2054.8648846579017,2067.61219706852,25.49462482123636,2042.1175722472835,2067.61219706852,,
F7,400.0,73.48938200064003,1829.79201038592,2,single_plane;segmented_plane,2036.997961080633,2047.8081454497296,2058.6183298189426,21.62036873830948,2036.997961080633,2058.6183298189426,,
F7,400.0,76.14957800041884,1823.7747085864887,2,single_plane;segmented_plane,2032.2612644459587,2041.1330217663199,2050.0047790867975,17.74351464083884,2032.2612644459587,2050.0047790867975,,
F7,400.0,78.80977400019765,1822.4506590771311,2,single_plane;segmented_plane,2027.9093349956675,2034.8413599742344,2041.7733849528013,13.86404995713383,2027.9093349956675,2041.7733849528013,,
F7,400.0,81.46996999997646,1822.225345215624,2,single_plane;segmented_plane,2023.6474832557142,2028.6394703108817,2033.6314573660493,9.983974110335112,2023.6474832557142,2033.6314573660493,,
F7,400.0,84.13016600068659,1826.1915946766396,2,single_plane;segmented_plane,2019.7292687018635,2022.780052070273,2025.8308354385663,6.101566736702807,2019.7292687018635,2025.8308354385663,,
F7,400.0,86.7903620004654,1831.448266554709,2,single_plane;segmented_plane,2015.9168469281867,2017.0260677164188,2018.1352885046508,2.2184415764641017,2015.9168469281867,2018.1352885046508,,
F7,400.0,89.4505580002442,1833.149348410299,2,single_plane;segmented_plane,2010.1502211906482,2010.981574097299,2011.8129270039499,1.6627058133017272,2011.8129270039499,2010.1502211906482,,
F7,400.0,92.11075400002301,1830.7926984003016,2,single_plane;segmented_plane,2001.8347456839401,2004.605543744401,2007.376341804862,5.541596120921895,2007.376341804862,2001.8347456839401,,
F7,400.0,94.77095000073314,1824.0914698277963,2,single_plane;segmented_plane,1993.165504968376,1997.8745398636675,2002.583574758959,9.418069790583104,2002.583574758959,1993.165504968376,,
F7,400.0,97.43114600051194,1815.5470333440007,2,single_plane;segmented_plane,1984.3461777011398,1990.9929367955774,1997.6396958898986,13.293518188758751,1997.6396958898986,1984.3461777011398,,
F7,400.0,100.09134200029075,1811.575713377671,2,single_plane;segmented_plane,1975.8992247586139,1984.484979932662,1993.0707351067103,17.17151034809649,1993.0707351067103,1975.8992247586139,,
F7,400.0,102.75153800006956,1806.2725578689729,2,single_plane;segmented_plane,1967.3438246861333,1977.8682055282407,1988.3925863702316,21.04876168409828,1988.3925863702316,1967.3438246861333,,
F7,400.0,105.41173400077969,1801.9656982421875,2,single_plane;segmented_plane,1958.8695498139132,1971.3328334157122,1983.7961170175113,24.926567203598097,1983.7961170175113,1958.8695498139132,,
F7,400.0,108.0719300005585,1801.9656982421875,2,single_plane;segmented_plane,1950.7459688178496,1965.1493530076696,1979.5527371974895,28.806768379639838,1979.5527371974895,1950.7459688178496,,
F7,400.0,110.7321260003373,1801.9656982421875,2,single_plane;segmented_plane,1942.622387821786,1958.9658725997433,1975.309357377584,32.68696955579799,1975.309357377584,1942.622387821786,,
F7,400.0,113.39232200011611,1801.9656982421875,2,single_plane;segmented_plane,1934.4988068256062,1952.7823921915842,1971.0659775575623,36.56717073195614,1971.0659775575623,1934.4988068256062,,
F7,400.0,116.05251799989492,1801.9656982421875,2,single_plane;segmented_plane,1926.375225829659,1946.598911783658,1966.8225977375405,40.44737190788146,1966.8225977375405,1926.375225829659,,
F7,400.0,118.71271400060505,1801.9656982421875,2,single_plane;segmented_plane,1918.251644830685,1940.4154313734034,1962.5792179161217,44.3275730854366,1962.5792179161217,1918.251644830685,,
F7,400.0,121.37291000038385,1801.9656982421875,2,single_plane;segmented_plane,1910.1280638346216,1934.2319509653607,1958.3358380961,48.207774261478335,1958.3358380961,1910.1280638346216,,
F7,400.0,124.03310600016266,1801.9656982421875,2,single_plane;segmented_plane,1902.0044828384416,1928.048470557318,1954.0924582761945,52.0879754377529,1954.0924582761945,1902.0044828384416,,
F7,400.0,126.69330199994147,1801.9656982421875,2,single_plane;segmented_plane,1893.8809018424945,1921.8649901493918,1949.8490784561727,55.968176613678224,1949.8490784561727,1893.8809018424945,,
F7,400.0,129.3534980006516,1801.9656982421875,2,single_plane;segmented_plane,1885.7573208435206,1915.6815097391373,1945.605698634754,59.84837779123336,1945.605698634754,1885.7573208435206,,
F7,400.0,132.0136940004304,1801.9656982421875,2,single_plane;segmented_plane,1877.633739847457,1909.4980293310946,1941.3623188147321,63.7285789672751,1941.3623188147321,1877.633739847457,,
F7,400.0,134.6738900002092,1801.9656982421875,2,single_plane;segmented_plane,1869.510158851277,1903.3145489229355,1937.1189389947103,67.60878014343325,1937.1189389947103,1869.510158851277,,
F7,400.0,137.33408599998802,1801.9656982421875,2,single_plane;segmented_plane,1861.38657785533,1897.1310685151257,1932.875559174805,71.48898131947499,1932.875559174805,1861.38657785533,,
F7,400.0,139.99428200069815,1801.9656982421875,2,single_plane;segmented_plane,1853.2629968562396,1890.9475881047547,1928.6321793532697,75.36918249703012,1928.6321793532697,1853.2629968562396,,
F7,400.0,142.65447800047696,1801.9656982421875,2,single_plane;segmented_plane,1845.1394158602925,1884.7641076968284,1924.3887995333644,79.24938367307186,1924.3887995333644,1845.1394158602925,,
F7,400.0,145.31467400025576,1801.9656982421875,2,single_plane;segmented_plane,1837.0158348641125,1878.5806272886693,1920.1454197133426,83.12958484923001,1920.1454197133426,1837.0158348641125,,
F7,400.0,147.97487000003457,1801.9656982421875,2,single_plane;segmented_plane,1828.892253868049,1872.397146880743,1915.9020398934372,87.00978602538817,1915.9020398934372,1828.892253868049,,
F7,400.0,150.6350660007447,1801.9656982421875,2,single_plane;segmented_plane,1820.768672869075,1866.2136664704885,1911.658660071902,90.88998720282687,1911.658660071902,1820.768672869075,,
F7,400.0,153.2952620005235,1801.9656982421875,2,single_plane;segmented_plane,1812.645091873128,1860.0301860625623,1907.4152802519966,94.77018837886862,1907.4152802519966,1812.645091873128,,
F7,400.0,155.95545800030231,1801.9656982421875,2,single_plane;segmented_plane,1804.521510876948,1853.8467056544032,1903.1719004319748,98.65038955502678,1903.1719004319748,1804.521510876948,,
F7,400.0,158.61565400008112,1801.9656982421875,2,single_plane;segmented_plane,1796.3979298808845,1847.6632252463605,1898.928520611953,102.53059073106851,1898.928520611953,1796.3979298808845,,
F7,400.0,161.27585000079125,1801.9656982421875,2,single_plane;segmented_plane,1788.2743488819106,1841.4797448362224,1894.6851407905342,106.41079190862364,1894.6851407905342,1788.2743488819106,,
F7,400.0,163.93604600057006,1801.9656982421875,2,single_plane;segmented_plane,1780.1507678859634,1835.2962644281797,1890.4417609705124,110.29099308454896,1890.4417609705124,1780.1507678859634,,
F7,400.0,166.59624200034887,1801.9656982421875,2,single_plane;segmented_plane,1772.0271868897835,1829.112784020137,1886.198381150607,114.17119426082354,1886.198381150607,1772.0271868897835,,
F7,400.0,169.25643800012767,1801.9656982421875,2,single_plane;segmented_plane,1763.90360589372,1822.9293036120944,1881.9550013305852,118.05139543686528,1881.9550013305852,1763.90360589372,,
F7,400.0,171.9166340008378,1801.9656982421875,2,single_plane;segmented_plane,1755.780024894746,1816.7458232019562,1877.7116215091664,121.9315966144204,1877.7116215091664,1755.780024894746,,
F7,400.0,174.5768300006166,1801.9656982421875,2,single_plane;segmented_plane,1747.656443898799,1810.5623427939136,1873.4682416891446,125.81179779034574,1873.4682416891446,1747.656443898799,,
F7,400.0,177.23702600039542,1801.9656982421875,2,single_plane;segmented_plane,1739.532862902619,1804.378862385871,1869.2248618691228,129.6919989665039,1869.2248618691228,1739.532862902619,,
F7,400.0,179.89722200017422,1801.9656982421875,2,single_plane;segmented_plane,1731.4092819065554,1798.1953819778282,1864.9814820492174,133.57220014266204,1864.9814820492174,1731.4092819065554,,
F7,400.0,182.55741800088435,1801.9656982421875,2,single_plane;segmented_plane,1723.2857009075815,1792.01190156769,1860.7381022276822,137.45240132010076,1860.7381022276822,1723.2857009075815,,
F7,400.0,185.21761400066316,1801.9656982421875,2,single_plane;segmented_plane,1715.1621199116344,1785.8284211596474,1856.4947224077769,141.3326024961425,1856.4947224077769,1715.1621199116344,,
F7,400.0,187.87781000044197,1801.9656982421875,2,single_plane;segmented_plane,1707.0385389154544,1779.6449407516047,1852.251342587755,145.21280367230065,1852.251342587755,1707.0385389154544,,
