fault_separation,domain_distance,perturbation_level,n_competing_faults,domain_noise,replicate,seed,n_mc,median_dsi,p10_dsi,p25_dsi,percent_dsi_le_1,percent_dsi_le_1_5,percent_dsi_le_2,attribution_accuracy_baseline,monte_carlo_reversal_probability,point_level_reattribution_probability,random_fault_p_value,real_competing_fault_rank,runtime_s
100,20,low,2,low,0,2080797930,50,3.77809057248583,2.0157512322439715,2.6580155162862127,0.0125,0.025,0.1,0.9875,0.12,0.0205,0.0125,1,0.0
100,20,low,2,low,1,2102429671,50,4.17526700392466,2.3850774169331257,2.992007662815158,0.0,0.0125,0.025,1.0,0.02,0.00525,0.001,1,0.0
100,20,low,2,low,2,380639158,50,3.9418077951801673,2.225528143726133,2.7616976648401543,0.0125,0.025,0.0625,0.9875,0.0,0.014250000000000002,0.0125,1,0.0
100,20,low,2,low,3,1639099357,50,4.0504306769185625,2.2044603222768404,2.7506784974271388,0.0125,0.0375,0.075,0.9875,0.04,0.02025,0.0125,1,0.0
100,20,low,2,medium,0,57086203,50,4.229233684105489,0.7088267395308344,1.385920479022646,0.1875,0.275,0.35,0.8125,1.0,0.20350000000000001,0.1875,1,0.0
100,20,low,2,medium,1,1277773982,50,2.8320896190763323,0.7084263123069274,1.3093013187250793,0.175,0.2875,0.3625,0.825,1.0,0.201,0.175,1,0.0
100,20,low,2,medium,2,1640206305,50,2.765564293746632,0.8032251548182869,1.1360388875653316,0.175,0.3125,0.4375,0.825,0.92,0.18350000000000002,0.175,1,0.0
100,20,low,2,medium,3,1891220156,50,2.6125643636162725,0.5269917124617545,0.9876383597551552,0.2625,0.3625,0.45,0.7375,1.0,0.26225,0.2625,1,0.0
100,20,low,2,high,0,384500085,50,6.1080480141371885,0.010101010101010102,0.517711104191829,0.3125,0.3875,0.4,0.6875,1.0,0.319,0.3125,1,0.0
100,20,low,2,high,1,1552977228,50,11.224805984732452,0.010101010101010102,0.45843679305725293,0.3375,0.4,0.425,0.6625,1.0,0.34049999999999997,0.3375,1,0.0
100,20,low,2,high,2,1421170793,50,6.357740846184752,0.010101010101010102,0.762245211271242,0.275,0.3625,0.4,0.725,1.0,0.28650000000000003,0.275,1,0.0
100,20,low,2,high,3,879084702,50,2.6031984230972975,0.010101010101010102,0.44629965592951365,0.4,0.4625,0.475,0.6,1.0,0.39025,0.4,1,0.0
100,20,low,4,low,0,1107068240,50,2.283156608099916,1.2450732233441202,1.6086632674904533,0.0625,0.2,0.4125,0.9375,0.62,0.12150000000000001,0.0625,1,0.0
100,20,low,4,low,1,382351095,50,2.3021488006922635,0.7635499780172335,1.5926879378355967,0.1125,0.2375,0.35,0.8875,0.74,0.12725,0.1125,1,0.0
100,20,low,4,low,2,1250906401,50,1.1988898970837134,0.5330872859560588,0.7408145234487482,0.425,0.6375,0.6875,0.575,0.96,0.46725000000000005,0.425,1,0.0
100,20,low,4,low,3,124311831,50,0.3517052249976405,0.14181043968698287,0.2159617788108048,0.8875,0.9125,0.925,0.1125,0.98,0.73525,0.8875,2,0.0
100,20,low,4,medium,0,1752155607,50,1.9912379246761271,0.1450790572338456,0.5666203045102604,0.3625,0.45,0.5,0.6375,1.0,0.40474999999999994,0.3625,1,0.0
100,20,low,4,medium,1,1924482821,50,1.1462557242201339,0.06844143328687625,0.18928208573909386,0.4875,0.525,0.5375,0.5125,1.0,0.5165,0.4875,1,0.0
100,20,low,4,medium,2,854117339,50,3.1714611116444438,0.43594264740370153,1.2124265223627722,0.2375,0.3125,0.3625,0.7625,1.0,0.2435,0.2375,1,0.0
100,20,low,4,medium,3,1470798340,50,0.5871810080976418,0.1191094203039721,0.38595302991660996,0.6,0.6125,0.6375,0.4,1.0,0.60775,0.6,2,0.0
100,20,low,4,high,0,575666185,50,1.8755104796478559,0.01859169822137114,0.11081226764383359,0.4125,0.475,0.5125,0.5875,1.0,0.43499999999999994,0.4125,1,0.0
100,20,low,4,high,1,109215248,50,0.2470740656883724,0.010101010101010102,0.0520502998623813,0.5875,0.5875,0.6,0.4125,1.0,0.591,0.5875,2,0.0
100,20,low,4,high,2,1707602538,50,2.899782372694891,0.010101010101010102,0.44422232367811015,0.3375,0.425,0.475,0.6625,1.0,0.36824999999999997,0.3375,1,0.0
100,20,low,4,high,3,1644547491,50,2.2515857740014495,0.010101010101010102,0.0767942366196471,0.425,0.45,0.4875,0.575,1.0,0.41125,0.425,1,0.0
100,20,low,8,low,0,503513393,50,0.3230668019724455,0.08469725713122468,0.18255542793980295,0.7875,0.85,0.8875,0.2125,1.0,0.7085,0.7875,2,0.0
100,20,low,8,low,1,461413237,50,0.16366536159717543,0.042229614657195255,0.08981049362297525,0.8125,0.8625,0.9,0.1875,1.0,0.78725,0.8125,2,0.0
100,20,low,8,low,2,12033933,50,1.0417403388175215,0.2335298289323873,0.5769648914772337,0.4625,0.625,0.725,0.5375,1.0,0.47524999999999995,0.4625,1,0.0
100,20,low,8,low,3,416663834,50,0.2771610850184741,0.05779860124223393,0.12307403799946685,0.8375,0.8875,0.9,0.1625,1.0,0.7615000000000001,0.8375,2,0.0
100,20,low,8,medium,0,1465252171,50,0.8126521646053475,0.041792824854158105,0.13691950574889852,0.525,0.6,0.6125,0.475,1.0,0.5509999999999999,0.525,2,0.0
100,20,low,8,medium,1,1903986137,50,0.1735417604356716,0.03680252203234165,0.0754467418367788,0.7375,0.7625,0.775,0.2625,1.0,0.8402499999999999,0.7375,2,0.0
100,20,low,8,medium,2,79328747,50,0.18590740620199933,0.0417725498692888,0.08068554977218476,0.675,0.7375,0.75,0.325,1.0,0.67425,0.675,2,0.0
100,20,low,8,medium,3,1583388550,50,0.3708998140481018,0.050936219885649114,0.133755702918741,0.6125,0.625,0.65,0.3875,1.0,0.5974999999999999,0.6125,2,0.0
100,20,low,8,high,0,1964741323,50,0.1713892595909325,0.010101010101010102,0.04664030568777431,0.65,0.65,0.65,0.35,1.0,0.7022499999999999,0.65,2,0.0
100,20,low,8,high,1,1399189846,50,0.13490176299972292,0.010101010101010102,0.04622918834506652,0.6,0.625,0.625,0.4,1.0,0.6515,0.6,2,0.0
100,20,low,8,high,2,269959404,50,1.2015414389752663,0.010101010101010102,0.07832950130686138,0.4875,0.5125,0.5375,0.5125,1.0,0.49275,0.4875,1,0.0
100,20,low,8,high,3,1040948328,50,0.5621049033329066,0.010101010101010102,0.09904846249124333,0.525,0.55,0.55,0.475,1.0,0.5725,0.525,2,0.0
100,20,medium,2,low,0,1793941249,50,3.403508641174671,1.760901992174161,2.5253373808864703,0.0,0.025,0.1375,1.0,0.22,0.052500000000000005,0.001,1,0.0
100,20,medium,2,low,1,168888742,50,3.522917879653102,2.2800703192317955,2.8027985137672036,0.0,0.0,0.05,1.0,0.14,0.04525,0.001,1,0.0
100,20,medium,2,low,2,1783413930,50,3.513094096870236,2.0697532195965027,2.5843313057655957,0.0,0.0375,0.1,1.0,0.36,0.085,0.001,1,0.0
100,20,medium,2,low,3,1268210821,50,4.347106110968426,2.2027115717714265,3.0462366241211463,0.0,0.0,0.0375,1.0,0.14,0.037250000000000005,0.001,1,0.0
100,20,medium,2,medium,0,1652923979,50,4.394035281140317,0.6508682562253236,1.2375570778473175,0.1625,0.325,0.375,0.8375,0.78,0.2085,0.1625,1,0.0
100,20,medium,2,medium,1,835118686,50,4.854230655941407,1.0434412855341957,2.024065555374124,0.0875,0.1875,0.25,0.9125,0.7,0.13874999999999998,0.0875,1,0.0
100,20,medium,2,medium,2,174244678,50,2.9358641073324367,0.6664812597430534,1.2445741161559511,0.175,0.325,0.3625,0.825,0.88,0.21350000000000002,0.175,1,0.0
100,20,medium,2,medium,3,1904743118,50,3.6409696993334704,0.5957141930008932,1.0663957714887218,0.2375,0.3,0.35,0.7625,0.82,0.223,0.2375,1,0.0
100,20,medium,2,high,0,211996501,50,3.2382413913443266,0.010101010101010102,0.40041844965263274,0.35,0.3875,0.4375,0.65,1.0,0.36624999999999996,0.35,1,0.0
100,20,medium,2,high,1,162448691,50,11.254613291548148,0.010101010101010102,0.576765436680897,0.2875,0.35,0.3875,0.7125,1.0,0.31975,0.2875,1,0.0
100,20,medium,2,high,2,155634521,50,2.8725980480342814,0.010101010101010102,0.3379908527686434,0.375,0.425,0.475,0.625,1.0,0.34500000000000003,0.375,1,0.0
100,20,medium,2,high,3,1909335784,50,6.642394422124967,0.010101010101010102,0.8684075401853523,0.275,0.3,0.35,0.725,1.0,0.2805,0.275,1,0.0
100,20,medium,4,low,0,1485649876,50,1.8209100474349458,0.7814671191070854,1.1261211063994958,0.2,0.45,0.55,0.8,0.64,0.3505,0.2,1,0.0
100,20,medium,4,low,1,1240386050,50,1.4330572142265472,0.5165990680116733,0.9522237895523687,0.3125,0.5375,0.6875,0.6875,0.84,0.5425,0.3125,1,0.0
100,20,medium,4,low,2,882201717,50,3.853857197671248,2.065342364765639,2.643600573922061,0.0125,0.0375,0.0875,0.9875,0.36,0.1495,0.0125,1,0.0
100,20,medium,4,low,3,1212196756,50,0.8647458483963633,0.23893203855385436,0.44659432129080734,0.5375,0.625,0.7375,0.4625,0.82,0.49749999999999994,0.5375,2,0.0
100,20,medium,4,medium,0,186811576,50,0.6415424972073928,0.21662562255305645,0.3672753392837607,0.5375,0.5625,0.5875,0.4625,1.0,0.5872499999999999,0.5375,2,0.0
100,20,medium,4,medium,1,1178654058,50,0.4540198998239881,0.10305959737760027,0.22548137651104183,0.575,0.6625,0.6625,0.425,0.98,0.54125,0.575,2,0.0
100,20,medium,4,medium,2,742560306,50,0.5314156453422878,0.13129297803139756,0.2843017018566145,0.6375,0.6625,0.6625,0.3625,1.0,0.6637500000000001,0.6375,2,0.0
100,20,medium,4,medium,3,96025925,50,3.4189997885985743,0.5063943957619758,1.2632509178267242,0.175,0.275,0.3625,0.825,1.0,0.30425,0.175,1,0.0
100,20,medium,4,high,0,1204516049,50,0.428972296744518,0.010101010101010102,0.19402218579149313,0.55,0.55,0.575,0.45,1.0,0.60525,0.55,2,0.0
100,20,medium,4,high,1,2077542989,50,1.5268142961118432,0.010101010101010102,0.19230187535110024,0.5,0.5,0.5,0.5,1.0,0.75075,0.5,1,0.0
100,20,medium,4,high,2,1114691837,50,0.6327449367453936,0.010101010101010102,0.2817941567443438,0.5625,0.5875,0.6125,0.4375,1.0,0.6297499999999999,0.5625,2,0.0
100,20,medium,4,high,3,391713915,50,6.587954463641912,0.04221467406754951,0.23449694376371763,0.475,0.475,0.4875,0.525,1.0,0.6355000000000001,0.475,1,0.0
100,20,medium,8,low,0,622218267,50,0.30003085946168706,0.11444710425137469,0.16838408838888697,0.8,0.8875,0.9,0.2,1.0,0.772,0.8,2,0.0
100,20,medium,8,low,1,1273599856,50,0.2646173535865419,0.0534516236069509,0.1103080247827817,0.8,0.85,0.8875,0.2,0.96,0.6629999999999999,0.8,2,0.0
100,20,medium,8,low,2,1146221729,50,1.2287297460272804,0.2691496197995377,0.7892917680880734,0.375,0.55,0.65,0.625,0.92,0.60875,0.375,1,0.0
100,20,medium,8,low,3,1481783923,50,1.7864996579552523,0.634328056408571,0.9122190223270632,0.275,0.3875,0.55,0.725,0.92,0.64075,0.275,1,0.0
100,20,medium,8,medium,0,1927722468,50,0.21900814047911032,0.03313108621429202,0.08927017385796719,0.675,0.7125,0.725,0.325,1.0,0.83675,0.675,2,0.0
100,20,medium,8,medium,1,85808560,50,0.7175008785196892,0.0425516088401182,0.1557868016935968,0.5625,0.575,0.575,0.4375,1.0,0.70575,0.5625,2,0.0
100,20,medium,8,medium,2,2085814436,50,0.22523145832805286,0.03422579728496461,0.09537373081195769,0.7125,0.7375,0.7625,0.2875,1.0,0.88925,0.7125,2,0.0
100,20,medium,8,medium,3,1913559883,50,0.39238069023959854,0.0580953820503618,0.23796711100926088,0.6625,0.6875,0.7375,0.3375,1.0,0.738,0.6625,2,0.0
100,20,medium,8,high,0,706623035,50,0.9235141712370689,0.010101010101010102,0.0779334529317134,0.5,0.5125,0.5125,0.5,1.0,0.751,0.5,2,0.0
100,20,medium,8,high,1,958756692,50,1.4045994527012633,0.010101010101010102,0.047467305312703385,0.475,0.5,0.525,0.525,1.0,0.669,0.475,1,0.0
100,20,medium,8,high,2,836661627,50,1.4588552556717036,0.002008007070624374,0.0966005023228784,0.45,0.5,0.5375,0.55,1.0,0.5645,0.45,1,0.0
100,20,medium,8,high,3,1594176635,50,7.053472932267602,0.010101010101010102,0.035315974857391366,0.4625,0.475,0.475,0.5375,1.0,0.68725,0.4625,1,0.0
100,20,high,2,low,0,2105527292,50,4.185320097411627,2.0531300413841937,2.9224635180860807,0.0,0.0125,0.075,1.0,0.48,0.31025,0.001,1,0.0
100,20,high,2,low,1,448899181,50,4.071059929028598,2.2648784558270414,2.9333331032048164,0.0,0.0125,0.0625,1.0,0.42,0.23825,0.001,1,0.0
100,20,high,2,low,2,173383836,50,3.9097809067671494,1.986500879179265,2.7911386548079107,0.0,0.05,0.1125,1.0,0.42,0.33124999999999993,0.001,1,0.0
100,20,high,2,low,3,1218948800,50,4.599116222957072,1.9638840296999345,2.9660605743109563,0.0,0.05,0.1125,1.0,0.46,0.32925,0.001,1,0.0
100,20,high,2,medium,0,1257891969,50,5.569153816948864,0.9394676325604921,1.8401278318812724,0.125,0.1875,0.2625,0.875,0.48,0.23525000000000001,0.125,1,0.0
100,20,high,2,medium,1,1665206839,50,2.7699714914014444,0.5326992370808201,0.9606330226586796,0.2625,0.3,0.4125,0.7375,0.84,0.3975000000000001,0.2625,1,0.0
100,20,high,2,medium,2,892297329,50,4.1304580598498815,1.1836678830037792,1.9903453627286731,0.075,0.175,0.25,0.925,0.7,0.37525,0.075,1,0.0
100,20,high,2,medium,3,104639551,50,4.973979040566402,1.1053690030143692,1.5992725010210092,0.0875,0.225,0.3125,0.9125,0.6,0.36875,0.0875,1,0.0
100,20,high,2,high,0,1980618787,50,7.900790427784877,0.07474260051218884,0.8540358882936177,0.275,0.3125,0.3625,0.725,0.84,0.43674999999999997,0.275,1,0.0
100,20,high,2,high,1,1288411173,50,2.971344536313712,0.010101010101010102,0.6091974765370576,0.3375,0.35,0.4375,0.6625,0.88,0.42799999999999994,0.3375,1,0.0
100,20,high,2,high,2,1488625220,50,4.58163904151375,0.08814827603888654,0.6712026415907296,0.325,0.3375,0.35,0.675,0.86,0.39325000000000004,0.325,1,0.0
100,20,high,2,high,3,2093326648,50,2.8201314377498754,0.01656524957067784,0.43813496568945803,0.35,0.3875,0.45,0.65,0.82,0.42125,0.35,1,0.0
100,20,high,4,low,0,1663385603,50,4.781057940094495,2.1604470043898507,3.1463370593511057,0.0125,0.0625,0.075,0.9875,0.72,0.42874999999999996,0.0125,1,0.0
100,20,high,4,low,1,816948554,50,1.0128946503508653,0.4801556953620991,0.7253159376146051,0.4875,0.6375,0.7875,0.5125,0.78,0.6555,0.4875,1,0.0
100,20,high,4,low,2,2142913722,50,2.090545092217857,0.9112857562232354,1.4565168768728287,0.125,0.275,0.4875,0.875,0.84,0.6387499999999999,0.125,1,0.0
100,20,high,4,low,3,1100644230,50,1.4144474360640005,0.25744782592626136,0.8255610009349995,0.325,0.5125,0.625,0.675,0.94,0.6597500000000001,0.325,1,0.0
100,20,high,4,medium,0,1051121030,50,0.30678764583916984,0.0819201114912371,0.15742728561140226,0.675,0.6875,0.7,0.325,0.96,0.69875,0.675,2,0.0
100,20,high,4,medium,1,120056315,50,0.541101673212232,0.10260739925832102,0.29995329612410104,0.65,0.675,0.7,0.35,0.94,0.67225,0.65,2,0.0
100,20,high,4,medium,2,1983058156,50,2.0316939391744593,0.12674131947359815,0.2954238570949431,0.4,0.4625,0.5,0.6,1.0,0.7155,0.4,1,0.0
100,20,high,4,medium,3,1026963553,50,0.5183114007727967,0.07612426656277996,0.25489966302813666,0.625,0.6375,0.6625,0.375,0.98,0.68975,0.625,2,0.0
100,20,high,4,high,0,51334125,50,0.41222825334081487,0.010101010101010102,0.0287227895133534,0.5875,0.5875,0.6,0.4125,1.0,0.74525,0.5875,2,0.0
100,20,high,4,high,1,407758251,50,0.8262297410837425,0.010101010101010102,0.2447470649904791,0.5,0.5375,0.55,0.5,1.0,0.64975,0.5,2,0.0
100,20,high,4,high,2,1257116931,50,11.748192174196573,0.03330497219424107,0.13624382315124003,0.475,0.4875,0.5,0.525,1.0,0.7134999999999999,0.475,1,0.0
100,20,high,4,high,3,1060971522,50,0.548273856844664,0.010101010101010102,0.17444934721176303,0.5625,0.575,0.575,0.4375,1.0,0.7612500000000001,0.5625,2,0.0
100,20,high,8,low,0,2103735605,50,0.310954718773499,0.1448588645507998,0.21746987235507004,0.8375,0.85,0.9,0.1625,0.88,0.72675,0.8375,2,0.0
100,20,high,8,low,1,1451161760,50,0.5080266089545347,0.05282921409555793,0.20330438863726424,0.7375,0.875,0.9125,0.2625,0.94,0.77925,0.7375,2,0.0
100,20,high,8,low,2,1868800595,50,0.7535935483901517,0.09156045577292878,0.29146603605231586,0.5875,0.7125,0.7375,0.4125,0.96,0.80475,0.5875,2,0.0
100,20,high,8,low,3,1008649484,50,1.5446462538200114,0.43920093734123655,0.8339454824337456,0.3,0.5,0.5875,0.7,0.96,0.7470000000000001,0.3,1,0.0
100,20,high,8,medium,0,258370868,50,0.7744812070054521,0.06505432475328973,0.14059583062684586,0.525,0.6,0.6375,0.475,0.98,0.8125,0.525,2,0.0
100,20,high,8,medium,1,1408545066,50,0.6276987818390916,0.020058820574704848,0.1152880942737792,0.525,0.575,0.6,0.475,1.0,0.8035,0.525,2,0.0
100,20,high,8,medium,2,447861066,50,0.17227798817857748,0.024590860974274657,0.07800020709843732,0.6625,0.6875,0.7,0.3375,1.0,0.8797499999999999,0.6625,2,0.0
100,20,high,8,medium,3,2079004436,50,0.3297233465512185,0.041555408641321005,0.10031420935350555,0.5625,0.6125,0.6125,0.4375,1.0,0.83375,0.5625,2,0.0
100,20,high,8,high,0,418364114,50,0.48516119675682945,0.010101010101010102,0.044586839791462524,0.55,0.5625,0.5625,0.45,1.0,0.8327500000000001,0.55,2,0.0
100,20,high,8,high,1,150088442,50,1.722272166158389,0.010101010101010102,0.05025958535959258,0.475,0.5,0.5,0.525,1.0,0.835,0.475,1,0.0
100,20,high,8,high,2,104523337,50,0.2734485776851904,0.010101010101010102,0.041277189083449725,0.525,0.5625,0.5625,0.475,1.0,0.9125,0.525,2,0.0
100,20,high,8,high,3,152015153,50,2.497765525111477,0.008024541970802851,0.10444613874881638,0.35,0.4,0.4625,0.65,1.0,0.8057500000000001,0.35,1,0.0
100,20,extreme,2,low,0,566109599,50,4.222731083434726,1.8353058736592731,2.7412857848903087,0.0,0.025,0.1125,1.0,0.54,0.4785000000000001,0.001,1,0.0
100,20,extreme,2,low,1,196488905,50,4.366540423488161,2.2212544961035863,2.652241393326884,0.0,0.0,0.075,1.0,0.32,0.278,0.001,1,0.0
100,20,extreme,2,low,2,557952929,50,4.413848970654255,2.219892756203052,3.2511969814927744,0.0,0.0125,0.1,1.0,0.52,0.48674999999999996,0.001,1,0.0
100,20,extreme,2,low,3,148813535,50,4.103101808109914,2.1497205963630113,2.6733163309886243,0.0,0.0125,0.0625,1.0,0.5,0.40525,0.001,1,0.0
100,20,extreme,2,medium,0,1956054109,50,3.5365540585427517,0.6656520223133097,1.261152213614837,0.2125,0.3,0.35,0.7875,0.56,0.406,0.2125,1,0.0
100,20,extreme,2,medium,1,1894390743,50,5.791528340488327,0.8948813396037822,1.860261324643023,0.125,0.175,0.2625,0.875,0.48,0.3409999999999999,0.125,1,0.0
100,20,extreme,2,medium,2,791498079,50,6.670945477918897,0.6461349666353494,1.9445375097113908,0.15,0.2,0.25,0.85,0.68,0.4654999999999999,0.15,1,0.0
100,20,extreme,2,medium,3,640162721,50,3.573454880008634,0.6538045971778454,1.1746996347651253,0.2125,0.325,0.3625,0.7875,0.6,0.45549999999999996,0.2125,1,0.0
100,20,extreme,2,high,0,881490397,50,1.1988020513653608,0.010101010101010102,0.2790148335400257,0.475,0.5125,0.5125,0.525,0.78,0.52675,0.475,1,0.0
100,20,extreme,2,high,1,1910484787,50,3.148424754862238,0.027733165946872484,0.7471159942662124,0.2875,0.3375,0.4,0.7125,0.64,0.42349999999999993,0.2875,1,0.0
100,20,extreme,2,high,2,387169007,50,3.9523650482518953,0.010101010101010102,0.25229429426805156,0.4375,0.45,0.475,0.5625,0.78,0.538,0.4375,1,0.0
100,20,extreme,2,high,3,1760724872,50,27.664425993428786,0.16354500299836158,1.0381102578686323,0.225,0.275,0.3,0.775,0.68,0.38975,0.225,1,0.0
100,20,extreme,4,low,0,1446985262,50,2.6146815006401862,0.9153289148552712,1.4729746118148581,0.125,0.275,0.425,0.875,0.8,0.69375,0.125,1,0.0
100,20,extreme,4,low,1,990605932,50,0.9039594308236645,0.16059876523781003,0.3812596225056043,0.5125,0.6125,0.75,0.4875,0.78,0.70525,0.5125,2,0.0
100,20,extreme,4,low,2,287231851,50,3.837082554223251,2.1652961456508786,2.7026022878290274,0.0,0.0375,0.1,1.0,0.84,0.77875,0.001,1,0.0
100,20,extreme,4,low,3,1761457368,50,3.696154851659,2.0569022886428883,2.727434284425337,0.0,0.0125,0.0875,1.0,0.82,0.7457499999999999,0.001,1,0.0
100,20,extreme,4,medium,0,1619557866,50,2.203704242904993,0.17555887338836548,0.7245928799651482,0.3625,0.45,0.4875,0.6375,0.94,0.78925,0.3625,1,0.0
100,20,extreme,4,medium,1,1455350627,50,2.7873131097137023,0.10218174193862907,0.2994734155407372,0.375,0.45,0.4625,0.625,0.88,0.80475,0.375,1,0.0
100,20,extreme,4,medium,2,884428191,50,0.8683155117776205,0.06175054980899117,0.19092801883337449,0.5125,0.5375,0.55,0.4875,0.92,0.7625000000000001,0.5125,2,0.0
100,20,extreme,4,medium,3,673151959,50,0.5299442110546848,0.09275233292655043,0.24078715094341643,0.525,0.55,0.575,0.475,0.86,0.6562499999999999,0.525,2,0.0
100,20,extreme,4,high,0,597378532,50,1.6941966224974214,0.010101010101010102,0.23292838168256175,0.475,0.475,0.5125,0.525,0.98,0.80975,0.475,1,0.0
100,20,extreme,4,high,1,416426474,50,2.762481470774926,0.027586563555945038,0.18556770302935147,0.45,0.4875,0.4875,0.55,0.98,0.7492500000000001,0.45,1,0.0
100,20,extreme,4,high,2,1776044962,50,0.5975054471046664,0.02034430357915084,0.11274096273523287,0.5125,0.5125,0.5125,0.4875,0.98,0.7485000000000002,0.5125,2,0.0
100,20,extreme,4,high,3,28039294,50,0.2680832146042217,0.010101010101010102,0.07780360222690702,0.6,0.6125,0.6125,0.4,0.98,0.71725,0.6,2,0.0
100,20,extreme,8,low,0,1658757663,50,2.1705697972931293,1.1656590449482298,1.5303566218177889,0.0625,0.225,0.4125,0.9375,0.94,0.8,0.0625,1,0.0
100,20,extreme,8,low,1,491629030,50,0.5381189578047294,0.07281034257110085,0.22737567484236548,0.675,0.725,0.7625,0.325,0.9,0.82325,0.675,2,0.0
100,20,extreme,8,low,2,1893979729,50,0.808072344239585,0.24704027273871787,0.3920606294642574,0.5625,0.675,0.8,0.4375,0.94,0.84375,0.5625,2,0.0
100,20,extreme,8,low,3,462390451,50,0.31636858569496995,0.061439897343624345,0.1671029496066872,0.8375,0.8375,0.8375,0.1625,0.98,0.8880000000000001,0.8375,2,0.0
100,20,extreme,8,medium,0,418819485,50,0.2621154776342226,0.025658855010585048,0.1005156292448221,0.575,0.6125,0.625,0.425,0.98,0.88975,0.575,2,0.0
100,20,extreme,8,medium,1,1226936020,50,0.3985264854670001,0.03609748319381958,0.12458481631567714,0.5625,0.5625,0.575,0.4375,1.0,0.8962499999999999,0.5625,2,0.0
100,20,extreme,8,medium,2,209754894,50,0.3570041941775811,0.024637704086006067,0.08430092142564587,0.55,0.55,0.5625,0.45,0.98,0.8815000000000002,0.55,2,0.0
100,20,extreme,8,medium,3,1568063137,50,0.2759475769330284,0.05465734246975187,0.08478547888372716,0.6,0.625,0.65,0.4,0.98,0.83725,0.6,2,0.0
100,20,extreme,8,high,0,1360253402,50,0.19705491839655043,0.010101010101010102,0.057697743801821424,0.5375,0.575,0.575,0.4625,1.0,0.893,0.5375,2,0.0
100,20,extreme,8,high,1,1300552552,50,0.17447963343815137,0.010101010101010102,0.033825625067765416,0.55,0.55,0.5625,0.45,1.0,0.841,0.55,2,0.0
100,20,extreme,8,high,2,1090160341,50,0.2996187349909525,0.010101010101010102,0.07097621482886524,0.575,0.575,0.575,0.425,0.98,0.8232500000000001,0.575,2,0.0
100,20,extreme,8,high,3,1394831448,50,5.285840694933811,0.017360217696426386,0.16058363173187967,0.4,0.4125,0.4375,0.6,1.0,0.873,0.4,1,0.0
100,50,low,2,low,0,1987722088,50,1.0664319007795529,0.6230427515896899,0.8022533011842524,0.4,0.825,0.95,0.6,0.98,0.538,0.4,1,0.0
100,50,low,2,low,1,939856257,50,1.000386807728354,0.6155444025534844,0.8171351025064139,0.5,0.825,0.95,0.5,0.98,0.46375,0.5,1,0.0
100,50,low,2,low,2,360790958,50,0.9688765796702781,0.506392429255743,0.7561008020938419,0.55,0.8875,0.9625,0.45,0.96,0.54075,0.55,2,0.0
100,50,low,2,low,3,305718368,50,0.9363981229369287,0.567570740239699,0.7603833437414688,0.6,0.8875,0.95,0.4,1.0,0.5645,0.6,2,0.0
100,50,low,2,medium,0,858782980,50,0.8725281258506268,0.16956505445332437,0.38813292504779,0.525,0.675,0.7125,0.475,1.0,0.53275,0.525,2,0.0
100,50,low,2,medium,1,840484758,50,0.9931984933994544,0.16057611728830498,0.4247041307867122,0.5125,0.6875,0.8,0.4875,1.0,0.5405,0.5125,2,0.0
100,50,low,2,medium,2,817987950,50,1.005461825492917,0.14953017937394747,0.498858036411462,0.5,0.6625,0.7625,0.5,1.0,0.49574999999999997,0.5,1,0.0
100,50,low,2,medium,3,543206459,50,0.899671868743148,0.07670638172594167,0.4504124113576933,0.55,0.7,0.8375,0.45,1.0,0.5355000000000001,0.55,2,0.0
100,50,low,2,high,0,228354659,50,0.3801039738457565,0.010101010101010102,0.010101010101010102,0.6625,0.7,0.7125,0.3375,1.0,0.6380000000000001,0.6625,2,0.0
100,50,low,2,high,1,1371415006,50,0.9970940299785601,0.010101010101010102,0.049231013101259095,0.5,0.5625,0.5625,0.5,1.0,0.485,0.5,2,0.0
100,50,low,2,high,2,235164478,50,1.5015101759563767,0.010101010101010102,0.0851220510329973,0.4125,0.5,0.55,0.5875,1.0,0.41875,0.4125,1,0.0
100,50,low,2,high,3,496219951,50,0.727988346848339,0.010101010101010102,0.029565696682856336,0.55,0.5875,0.6125,0.45,1.0,0.547,0.55,2,0.0
100,50,low,4,low,0,459555136,50,0.20830571938053272,0.07309179391925402,0.1444126111665634,1.0,1.0,1.0,0.0,1.0,0.99225,1.0,2,0.0
100,50,low,4,low,1,1939752242,50,0.4002134599398752,0.14631166598954573,0.28570437450940456,1.0,1.0,1.0,0.0,1.0,0.9630000000000001,1.0,2,0.0
100,50,low,4,low,2,1397658216,50,0.2418888270675873,0.08278233307995776,0.15627849002942032,1.0,1.0,1.0,0.0,1.0,0.99,1.0,2,0.0
100,50,low,4,low,3,250835742,50,0.5690720255876479,0.3120923713560184,0.3986093478334584,0.825,0.975,1.0,0.175,1.0,0.8110000000000002,0.825,2,0.0
100,50,low,4,medium,0,1537774395,50,0.17033961978913714,0.010047546921911996,0.038410221606293135,0.7875,0.8125,0.8625,0.2125,1.0,0.776,0.7875,2,0.0
100,50,low,4,medium,1,1965947358,50,0.7256511551749969,0.03472009958206005,0.3057660622478922,0.6,0.7375,0.775,0.4,1.0,0.6325000000000001,0.6,2,0.0
100,50,low,4,medium,2,1739817359,50,0.229453149480011,0.035754301254754386,0.13480777515730596,0.7,0.75,0.8,0.3,1.0,0.709,0.7,2,0.0
100,50,low,4,medium,3,946436557,50,0.40634208589686277,0.06690443486982439,0.21721163412566183,0.8875,0.9125,0.9125,0.1125,1.0,0.8782499999999999,0.8875,2,0.0
100,50,low,4,high,0,2065677029,50,0.5560889898561423,0.010101010101010102,0.041592413759383204,0.6625,0.675,0.675,0.3375,1.0,0.7140000000000001,0.6625,2,0.0
100,50,low,4,high,1,1523852671,50,0.1868937496829535,0.010101010101010102,0.010101010101010102,0.625,0.65,0.6625,0.375,1.0,0.63425,0.625,2,0.0
100,50,low,4,high,2,537600513,50,0.8884186927871001,0.010101010101010102,0.014102056378731801,0.5125,0.5375,0.55,0.4875,1.0,0.5127499999999999,0.5125,2,0.0
100,50,low,4,high,3,1179363740,50,0.3312919028425967,0.010101010101010102,0.010101010101010102,0.725,0.725,0.7375,0.275,1.0,0.7347499999999999,0.725,2,0.0
100,50,low,8,low,0,1959868556,50,0.12368085147201519,0.02539734827044793,0.07919650443127478,1.0,1.0,1.0,0.0,1.0,1.0,1.0,2,0.0
100,50,low,8,low,1,1184994804,50,0.11451385789243067,0.021463668804424057,0.0568190034384263,1.0,1.0,1.0,0.0,1.0,0.9995,1.0,2,0.0
100,50,low,8,low,2,1453335127,50,0.5305073158105177,0.24697260915079045,0.3762547916895439,1.0,1.0,1.0,0.0,1.0,0.9574999999999999,1.0,2,0.0
100,50,low,8,low,3,1009594174,50,0.23612802883498837,0.07751829915237612,0.14719839540720792,1.0,1.0,1.0,0.0,1.0,0.9932500000000001,1.0,2,0.0
100,50,low,8,medium,0,1111742655,50,0.30185505257071155,0.02540269484810816,0.12229433978580193,0.9125,0.925,0.925,0.0875,1.0,0.9215,0.9125,2,0.0
100,50,low,8,medium,1,966232560,50,0.12180352110718987,0.010101010101010102,0.04644529559579901,0.9375,0.9375,0.95,0.0625,1.0,0.94725,0.9375,2,0.0
100,50,low,8,medium,2,1910892390,50,0.0878698968955112,0.012326860947033924,0.03326294179633384,0.925,0.925,0.95,0.075,1.0,0.9427500000000002,0.925,2,0.0
100,50,low,8,medium,3,1082910194,50,0.16349683988123437,0.02392741250233813,0.04877138444803619,0.75,0.775,0.825,0.25,1.0,0.75125,0.75,2,0.0
100,50,low,8,high,0,4596055,50,0.09796861436120871,0.010101010101010102,0.010101010101010102,0.65,0.7,0.7125,0.35,1.0,0.67475,0.65,2,0.0
100,50,low,8,high,1,713525657,50,0.06155551753415983,0.010101010101010102,0.010101010101010102,0.725,0.725,0.75,0.275,1.0,0.75575,0.725,2,0.0
100,50,low,8,high,2,1382693573,50,0.2221296779676971,0.010101010101010102,0.026156424332273526,0.575,0.575,0.5875,0.425,1.0,0.57075,0.575,2,0.0
100,50,low,8,high,3,421752112,50,0.15892909797451216,0.010101010101010102,0.010101010101010102,0.675,0.7,0.725,0.325,1.0,0.6735,0.675,2,0.0
100,50,medium,2,low,0,1666447105,50,1.0528583169818817,0.6512141977048639,0.7511414254198215,0.425,0.7875,0.95,0.575,0.84,0.49000000000000005,0.425,1,0.0
100,50,medium,2,low,1,757694104,50,0.9538432064269553,0.5489482062951249,0.726537038537589,0.5625,0.85,0.95,0.4375,0.9,0.618,0.5625,2,0.0
100,50,medium,2,low,2,590338096,50,0.9042244150144249,0.5305329838547193,0.7026694646800972,0.6125,0.9,0.975,0.3875,0.92,0.6015,0.6125,2,0.0
100,50,medium,2,low,3,577672198,50,0.9480001989607252,0.5629581339910092,0.8061169833185531,0.5125,0.8375,0.9375,0.4875,0.78,0.53575,0.5125,2,0.0
100,50,medium,2,medium,0,1247027074,50,0.8470266961496243,0.12369748410327847,0.32074620377920215,0.5375,0.65,0.675,0.4625,1.0,0.5257499999999999,0.5375,2,0.0
100,50,medium,2,medium,1,308649656,50,0.7081124116858621,0.09388296003140932,0.30201010140538304,0.575,0.6375,0.7125,0.425,1.0,0.597,0.575,2,0.0
100,50,medium,2,medium,2,1352560607,50,0.9278467287533102,0.14740795872478954,0.36595918940752087,0.5375,0.6375,0.75,0.4625,1.0,0.49874999999999997,0.5375,2,0.0
100,50,medium,2,medium,3,2030128065,50,0.7603563018690669,0.03191179570709215,0.39379033623473564,0.5875,0.675,0.775,0.4125,1.0,0.5822499999999999,0.5875,2,0.0
100,50,medium,2,high,0,2049604281,50,1.320063193404926,0.010101010101010102,0.04893604684736451,0.4625,0.5375,0.575,0.5375,1.0,0.484,0.4625,1,0.0
100,50,medium,2,high,1,1822939522,50,1.3793714296597277,0.010101010101010102,0.17619270524851044,0.45,0.5125,0.525,0.55,1.0,0.42625,0.45,1,0.0
100,50,medium,2,high,2,362602174,50,1.1604738012911997,0.010101010101010102,0.010101010101010102,0.45,0.575,0.6375,0.55,1.0,0.50675,0.45,1,0.0
100,50,medium,2,high,3,120937595,50,1.0636978417404865,0.010101010101010102,0.06143964810967421,0.4875,0.5375,0.55,0.5125,1.0,0.44875,0.4875,1,0.0
100,50,medium,4,low,0,1667784736,50,0.3195617356641506,0.16087240005834672,0.22893739669315424,1.0,1.0,1.0,0.0,1.0,0.91475,1.0,2,0.0
100,50,medium,4,low,1,833569824,50,0.13920871293398665,0.022517730206566333,0.05526481407190768,0.9875,1.0,1.0,0.0125,1.0,0.9129999999999999,0.9875,2,0.0
100,50,medium,4,low,2,844089709,50,0.8453828177970493,0.5346577821373356,0.6726784563564112,0.65,0.8875,0.9875,0.35,0.94,0.6910000000000001,0.65,2,0.0
100,50,medium,4,low,3,249367771,50,0.1795090987340149,0.037504403032472454,0.06835740936510784,1.0,1.0,1.0,0.0,0.98,0.93,1.0,2,0.0
100,50,medium,4,medium,0,1313301008,50,0.199479380302504,0.010101010101010102,0.1031483345531341,0.925,0.9375,0.9375,0.075,1.0,0.85925,0.925,2,0.0
100,50,medium,4,medium,1,297366327,50,0.18728223899292948,0.010101010101010102,0.09518036079775391,0.825,0.825,0.85,0.175,1.0,0.79025,0.825,2,0.0
100,50,medium,4,medium,2,648022855,50,0.39969253824171386,0.020303436332174057,0.1584586831114225,0.9625,0.975,0.975,0.0375,1.0,0.8225000000000001,0.9625,2,0.0
100,50,medium,4,medium,3,1155844069,50,0.23332665276820058,0.017687327868773736,0.10870300822117696,0.825,0.875,0.8875,0.175,1.0,0.777,0.825,2,0.0
100,50,medium,4,high,0,1627754985,50,0.19772475139565904,0.010101010101010102,0.010101010101010102,0.7125,0.75,0.7625,0.2875,1.0,0.7220000000000001,0.7125,2,0.0
100,50,medium,4,high,1,1657855330,50,0.6896896593051445,0.010101010101010102,0.010101010101010102,0.5625,0.6,0.6125,0.4375,1.0,0.5892499999999999,0.5625,2,0.0
100,50,medium,4,high,2,70416828,50,0.360317677904588,0.010101010101010102,0.04758351987063825,0.7,0.7125,0.7125,0.3,1.0,0.76475,0.7,2,0.0
100,50,medium,4,high,3,1427302595,50,0.19742505450762277,0.010101010101010102,0.010101010101010102,0.8,0.8125,0.8125,0.2,1.0,0.7895,0.8,2,0.0
100,50,medium,8,low,0,1099210973,50,0.1895931020370613,0.05286782525939169,0.106814338242766,1.0,1.0,1.0,0.0,1.0,0.9690000000000001,1.0,2,0.0
100,50,medium,8,low,1,1267664234,50,0.07002798161007309,0.006880027262514666,0.03093635204780846,1.0,1.0,1.0,0.0,1.0,0.9414999999999999,1.0,2,0.0
100,50,medium,8,low,2,221913620,50,0.14096899319371634,0.015725058451259353,0.04760465292750128,1.0,1.0,1.0,0.0,1.0,0.933,1.0,2,0.0
100,50,medium,8,low,3,150176897,50,0.1569105082207019,0.028398606190308456,0.07909220977073618,1.0,1.0,1.0,0.0,1.0,0.9715,1.0,2,0.0
100,50,medium,8,medium,0,688928334,50,0.18040261873883426,0.014975338215493732,0.09445827511772324,0.9,0.9,0.9,0.1,1.0,0.907,0.9,2,0.0
100,50,medium,8,medium,1,797276841,50,0.05778027115065651,0.009431534561106254,0.019536165852572607,0.8875,0.9,0.9125,0.1125,1.0,0.9199999999999999,0.8875,2,0.0
100,50,medium,8,medium,2,2029105331,50,0.1533953963321813,0.015020427149496172,0.0699315040393237,0.7625,0.8125,0.8375,0.2375,1.0,0.8775000000000001,0.7625,2,0.0
100,50,medium,8,medium,3,1889744375,50,0.12273707562768596,0.01524572516153857,0.053932779082135666,0.85,0.8875,0.9,0.15,1.0,0.8949999999999999,0.85,2,0.0
100,50,medium,8,high,0,150136764,50,0.14971290506734386,0.010101010101010102,0.024834212764387978,0.6875,0.7,0.7,0.3125,1.0,0.826,0.6875,2,0.0
100,50,medium,8,high,1,249130820,50,0.09712151922576719,0.010101010101010102,0.011593601034649709,0.725,0.725,0.725,0.275,1.0,0.8445,0.725,2,0.0
100,50,medium,8,high,2,752236109,50,0.19247433228633062,0.0054278507855039,0.015938846780554128,0.6375,0.6625,0.675,0.3625,1.0,0.8005000000000001,0.6375,2,0.0
100,50,medium,8,high,3,2006631378,50,0.132856744272136,0.010101010101010102,0.010101010101010102,0.675,0.7,0.7,0.325,1.0,0.7965000000000001,0.675,2,0.0
100,50,high,2,low,0,1745660536,50,0.9515613840188433,0.5470963068924266,0.7040340838029671,0.525,0.8125,0.95,0.475,0.72,0.48275000000000007,0.525,2,0.0
100,50,high,2,low,1,216275445,50,0.9831919095786747,0.5762457114345784,0.7879803467602262,0.5125,0.8625,0.9625,0.4875,0.52,0.4465,0.5125,2,0.0
100,50,high,2,low,2,1683454366,50,1.01820811410911,0.6212372178887832,0.785610140831233,0.4625,0.8875,0.9625,0.5375,0.66,0.53825,0.4625,1,0.0
100,50,high,2,low,3,1348775618,50,1.0445920501891424,0.6146803418940857,0.8139833275446374,0.4625,0.8,0.925,0.5375,0.68,0.42700000000000005,0.4625,1,0.0
100,50,high,2,medium,0,1052787106,50,0.82629290635523,0.08753884596770573,0.3537054713775157,0.5375,0.6625,0.75,0.4625,0.9,0.4885,0.5375,2,0.0
100,50,high,2,medium,1,2066275468,50,0.8882076509015833,0.14535966649646323,0.39516802914992954,0.5125,0.6125,0.6625,0.4875,0.9,0.537,0.5125,2,0.0
100,50,high,2,medium,2,1423747047,50,0.8149310323676334,0.04135570764864383,0.24521401827645012,0.5875,0.7,0.7625,0.4125,0.9,0.5415,0.5875,2,0.0
100,50,high,2,medium,3,1594775657,50,0.7152754711442864,0.0516694515388733,0.2964230079792634,0.625,0.7,0.8,0.375,0.86,0.5415,0.625,2,0.0
100,50,high,2,high,0,566537747,50,0.46495757352313993,0.010101010101010102,0.010101010101010102,0.65,0.6625,0.6875,0.35,0.86,0.58025,0.65,2,0.0
100,50,high,2,high,1,1152357723,50,0.9975962080169667,0.010101010101010102,0.020554580520848114,0.5,0.55,0.5875,0.5,0.8,0.507,0.5,2,0.0
100,50,high,2,high,2,1138088287,50,0.7958899767249944,0.010101010101010102,0.010101010101010102,0.5625,0.625,0.6625,0.4375,0.88,0.5112500000000001,0.5625,2,0.0
100,50,high,2,high,3,986991934,50,1.3987822106436103,0.010101010101010102,0.010101010101010102,0.45,0.5125,0.575,0.55,0.82,0.42074999999999996,0.45,1,0.0
100,50,high,4,low,0,407455582,50,0.8894541807287475,0.44703674922338155,0.6630113931925965,0.5625,0.925,0.9875,0.4375,0.92,0.7474999999999999,0.5625,2,0.0
100,50,high,4,low,1,249240541,50,0.14580528272515977,0.029531630158160446,0.060651743172029156,1.0,1.0,1.0,0.0,0.92,0.8355,1.0,2,0.0
100,50,high,4,low,2,854077991,50,0.26890690961328106,0.04043297991300025,0.13003794894763085,1.0,1.0,1.0,0.0,0.94,0.853,1.0,2,0.0
100,50,high,4,low,3,1543891499,50,0.4978113028796862,0.3240720782594916,0.4173588921566024,1.0,1.0,1.0,0.0,0.8,0.7424999999999999,1.0,2,0.0
100,50,high,4,medium,0,350551805,50,0.305957197149061,0.07238627194475275,0.15526634732874933,0.8375,0.8875,0.9,0.1625,1.0,0.759,0.8375,2,0.0
100,50,high,4,medium,1,220157736,50,0.24530420731507704,0.027512675686115252,0.09043969913806461,0.8875,0.9,0.9,0.1125,1.0,0.80425,0.8875,2,0.0
100,50,high,4,medium,2,1490846186,50,0.23731692332358323,0.020558741955286047,0.09842421282591532,0.8875,0.8875,0.9125,0.1125,1.0,0.7452500000000001,0.8875,2,0.0
100,50,high,4,medium,3,1042997982,50,0.2637087956486329,0.010101010101010102,0.030507655894280204,0.8,0.8625,0.875,0.2,0.98,0.7885,0.8,2,0.0
100,50,high,4,high,0,1148115518,50,0.9249588549617326,0.00907570503967087,0.00907570503967087,0.525,0.55,0.575,0.475,0.98,0.6760000000000002,0.525,2,0.0
100,50,high,4,high,1,2082255482,50,0.7802418662255336,0.010101010101010102,0.03421695382683964,0.5625,0.625,0.6625,0.4375,0.98,0.74,0.5625,2,0.0
100,50,high,4,high,2,111942526,50,0.15285937180042097,0.010101010101010102,0.018868123613982973,0.7,0.7125,0.7125,0.3,1.0,0.8035,0.7,2,0.0
100,50,high,4,high,3,1798014819,50,0.3206948321900772,0.007744271804532365,0.08740771449565712,0.675,0.675,0.7125,0.325,1.0,0.719,0.675,2,0.0
100,50,high,8,low,0,1520660860,50,0.2321012186801072,0.044941597765824494,0.09439485260687486,1.0,1.0,1.0,0.0,0.96,0.8522500000000001,1.0,2,0.0
100,50,high,8,low,1,1685033846,50,0.07923109038448395,0.011695413530562438,0.029574798929292354,1.0,1.0,1.0,0.0,0.98,0.9077500000000001,1.0,2,0.0
100,50,high,8,low,2,165235124,50,0.2984027230940935,0.12220839765122236,0.19576109769300826,1.0,1.0,1.0,0.0,0.98,0.8797499999999999,1.0,2,0.0
100,50,high,8,low,3,1513781045,50,0.7741454439885659,0.43863053610871827,0.5720454291874667,0.7125,0.9625,0.9875,0.2875,0.98,0.9004999999999999,0.7125,2,0.0
100,50,high,8,medium,0,859054117,50,0.08768239585907386,0.02062731399274865,0.04224574157183272,0.85,0.8875,0.925,0.15,1.0,0.88375,0.85,2,0.0
100,50,high,8,medium,1,1853473516,50,0.1037177233023354,0.010101010101010102,0.03927287746781833,0.925,0.9375,0.95,0.075,1.0,0.9055,0.925,2,0.0
100,50,high,8,medium,2,343135235,50,0.40949352764606084,0.010101010101010102,0.04833574992903988,0.6625,0.725,0.8,0.3375,1.0,0.9022500000000001,0.6625,2,0.0
100,50,high,8,medium,3,936177832,50,0.12963006962139803,0.025153036373939227,0.058224627319433384,0.8375,0.9,0.9125,0.1625,1.0,0.85825,0.8375,2,0.0
100,50,high,8,high,0,203394059,50,0.05111714036490915,0.010101010101010102,0.010101010101010102,0.8125,0.8125,0.825,0.1875,1.0,0.914,0.8125,2,0.0
100,50,high,8,high,1,1493574774,50,0.22570036408214073,0.010101010101010102,0.019796280811349418,0.625,0.675,0.7,0.375,1.0,0.8942500000000001,0.625,2,0.0
100,50,high,8,high,2,1178655709,50,0.10899924099331379,0.010101010101010102,0.019607727426784398,0.6875,0.725,0.7375,0.3125,1.0,0.85125,0.6875,2,0.0
100,50,high,8,high,3,388576244,50,0.09257286558341277,0.010101010101010102,0.010101010101010102,0.65,0.6875,0.7125,0.35,1.0,0.8324999999999999,0.65,2,0.0
100,50,extreme,2,low,0,808405261,50,0.9342627472592959,0.5864901541632782,0.7732931251839243,0.5875,0.8875,0.975,0.4125,0.64,0.5677500000000001,0.5875,2,0.0
100,50,extreme,2,low,1,897395652,50,1.0250415996220015,0.6573418779434901,0.8041568095873214,0.4875,0.8375,0.975,0.5125,0.56,0.4800000000000001,0.4875,1,0.0
100,50,extreme,2,low,2,1567901900,50,0.9551422286527602,0.5375768944474886,0.6169663620004059,0.5375,0.8375,0.9625,0.4625,0.48,0.38099999999999995,0.5375,2,0.0
100,50,extreme,2,low,3,942305513,50,0.9350250194568703,0.6723771311702695,0.7481110592206606,0.575,0.9125,0.975,0.425,0.64,0.57575,0.575,2,0.0
100,50,extreme,2,medium,0,1500019862,50,1.2301592514515867,0.21309578035825036,0.5921418384263786,0.4375,0.575,0.6375,0.5625,0.66,0.50175,0.4375,1,0.0
100,50,extreme,2,medium,1,1596616485,50,1.0508700826845696,0.023357642540542796,0.5315489273128075,0.4875,0.675,0.75,0.5125,0.66,0.4175000000000001,0.4875,1,0.0
100,50,extreme,2,medium,2,2051941108,50,0.8981996012057369,0.12183732251327606,0.39696357690432454,0.55,0.675,0.7375,0.45,0.72,0.5810000000000001,0.55,2,0.0
100,50,extreme,2,medium,3,652690688,50,1.0606353335419187,0.1807060632603258,0.3883889865271032,0.475,0.6375,0.75,0.525,0.62,0.41025,0.475,1,0.0
100,50,extreme,2,high,0,1843368281,50,0.7169853162339472,0.010101010101010102,0.029635150879473333,0.5375,0.575,0.6375,0.4625,0.68,0.5325000000000001,0.5375,2,0.0
100,50,extreme,2,high,1,631353896,50,1.223063366354562,0.010101010101010102,0.18825459867170746,0.475,0.5375,0.5625,0.525,0.76,0.5359999999999999,0.475,1,0.0
100,50,extreme,2,high,2,1742735154,50,0.447134511235451,0.010101010101010102,0.010101010101010102,0.55,0.6,0.675,0.45,0.64,0.43975,0.55,2,0.0
100,50,extreme,2,high,3,1704631900,50,1.107150819031406,0.010101010101010102,0.010101010101010102,0.475,0.525,0.55,0.525,0.7,0.469,0.475,1,0.0
100,50,extreme,4,low,0,1521414696,50,0.12316361216241012,0.02498478604706453,0.0680683069566915,1.0,1.0,1.0,0.0,0.88,0.8422499999999999,1.0,2,0.0
100,50,extreme,4,low,1,10698928,50,0.24751876677898774,0.047124694504864804,0.1532681840277586,1.0,1.0,1.0,0.0,0.68,0.6295,1.0,2,0.0
100,50,extreme,4,low,2,2015273968,50,0.15191492041164123,0.03973730801052986,0.07532762238463711,0.9875,1.0,1.0,0.0125,0.76,0.6467499999999999,0.9875,2,0.0
100,50,extreme,4,low,3,521384498,50,0.33342023342889365,0.08961991895528308,0.2464673739888973,1.0,1.0,1.0,0.0,0.84,0.7585,1.0,2,0.0
100,50,extreme,4,medium,0,1441777992,50,0.6679151673089416,0.02510123751446112,0.1163473347388688,0.6125,0.6875,0.7125,0.3875,0.98,0.71425,0.6125,2,0.0
100,50,extreme,4,medium,1,363828968,50,0.28118249404923923,0.018782478116281812,0.10238141231770582,0.7375,0.8,0.8375,0.2625,0.88,0.7532500000000001,0.7375,2,0.0
100,50,extreme,4,medium,2,1225168840,50,0.18028693800520834,0.010445096647606839,0.06523772846013609,0.8875,0.9125,0.9125,0.1125,0.92,0.8015000000000001,0.8875,2,0.0
100,50,extreme,4,medium,3,1037752449,50,1.0047476685691,0.18847062198264852,0.48811013899966366,0.5,0.6,0.6875,0.5,0.98,0.8629999999999999,0.5,1,0.0
100,50,extreme,4,high,0,28080134,50,0.5446502089585492,0.010101010101010102,0.19822348841630547,0.6875,0.7,0.7125,0.3125,0.98,0.784,0.6875,2,0.0
100,50,extreme,4,high,1,553168561,50,0.26151537238618594,0.010101010101010102,0.010247538040684326,0.675,0.6875,0.7,0.325,0.96,0.718,0.675,2,0.0
100,50,extreme,4,high,2,1560532507,50,0.4150004192746527,0.010101010101010102,0.011257131145985826,0.6,0.6375,0.675,0.4,0.98,0.75125,0.6,2,0.0
100,50,extreme,4,high,3,1679419006,50,0.2087581989157663,0.010101010101010102,0.010101010101010102,0.65,0.6625,0.675,0.35,0.92,0.7255,0.65,2,0.0
100,50,extreme,8,low,0,1864183818,50,0.0682105046062302,0.011298053632391652,0.028758611771655933,1.0,1.0,1.0,0.0,0.98,0.92025,1.0,2,0.0
100,50,extreme,8,low,1,1455430917,50,0.08621981364497311,0.033037121901854906,0.050972447154733924,1.0,1.0,1.0,0.0,0.98,0.8872500000000001,1.0,2,0.0
100,50,extreme,8,low,2,17664952,50,0.18459767607858124,0.027855884060250337,0.0899499894271168,1.0,1.0,1.0,0.0,0.98,0.9112499999999999,1.0,2,0.0
100,50,extreme,8,low,3,1743773144,50,0.07345323939029984,0.016439254268429838,0.039587011506758266,1.0,1.0,1.0,0.0,0.98,0.9215,1.0,2,0.0
100,50,extreme,8,medium,0,511358870,50,0.08287493750503072,0.010841382169277623,0.03068182782193197,0.85,0.875,0.925,0.15,0.98,0.8825000000000001,0.85,2,0.0
100,50,extreme,8,medium,1,1886418626,50,0.12295650209361311,0.010289466766464134,0.03657900213784982,0.85,0.8875,0.9125,0.15,1.0,0.8305,0.85,2,0.0
100,50,extreme,8,medium,2,1288712125,50,0.10247126946977403,0.010101010101010102,0.037658920480799635,0.8875,0.8875,0.9,0.1125,1.0,0.8627499999999999,0.8875,2,0.0
100,50,extreme,8,medium,3,1319623883,50,0.1518761782501274,0.01582151958175112,0.050970957714394596,0.875,0.9125,0.9125,0.125,1.0,0.8942500000000001,0.875,2,0.0
100,50,extreme,8,high,0,1551609746,50,0.1292779040922849,0.010101010101010102,0.040526567258645944,0.8,0.8,0.8,0.2,1.0,0.8644999999999999,0.8,2,0.0
100,50,extreme,8,high,1,2073759932,50,0.11535589542144381,0.0006627245040224961,0.014627594145930643,0.7,0.7,0.725,0.3,1.0,0.8460000000000001,0.7,2,0.0
100,50,extreme,8,high,2,375764490,50,0.049434334451764865,0.010101010101010102,0.010101010101010102,0.8125,0.825,0.825,0.1875,1.0,0.891,0.8125,2,0.0
100,50,extreme,8,high,3,1716210974,50,0.14625436800700575,0.010101010101010102,0.010101010101010102,0.825,0.8375,0.8375,0.175,1.0,0.8797499999999999,0.825,2,0.0
100,100,low,2,low,0,1745468389,50,0.010101010101010102,0.010101010101010102,0.010101010101010102,1.0,1.0,1.0,0.0,1.0,1.0,1.0,2,0.0
100,100,low,2,low,1,1092767160,50,0.02763329697101364,0.010101010101010102,0.010101010101010102,1.0,1.0,1.0,0.0,1.0,1.0,1.0,2,0.0
100,100,low,2,low,2,59306189,50,0.016300908692214823,0.010101010101010102,0.010101010101010102,1.0,1.0,1.0,0.0,1.0,1.0,1.0,2,0.0
100,100,low,2,low,3,1388163111,50,0.010101010101010102,0.010101010101010102,0.010101010101010102,1.0,1.0,1.0,0.0,1.0,1.0,1.0,2,0.0
100,100,low,2,medium,0,327480018,50,0.023613976504303323,0.010101010101010102,0.010101010101010102,0.9625,0.9875,0.9875,0.0375,1.0,0.9615,0.9625,2,0.0
100,100,low,2,medium,1,2146164289,50,0.022680537968634635,0.010101010101010102,0.010101010101010102,0.9625,0.9875,1.0,0.0375,1.0,0.9559999999999998,0.9625,2,0.0
100,100,low,2,medium,2,1504596407,50,0.010101010101010102,0.010101010101010102,0.010101010101010102,0.9875,1.0,1.0,0.0125,1.0,0.97575,0.9875,2,0.0
100,100,low,2,medium,3,1306460053,50,0.010101010101010102,0.010101010101010102,0.010101010101010102,0.9625,0.975,1.0,0.0375,1.0,0.9497499999999999,0.9625,2,0.0
100,100,low,2,high,0,862861143,50,0.010101010101010102,0.010101010101010102,0.010101010101010102,0.75,0.7625,0.775,0.25,1.0,0.741,0.75,2,0.0
100,100,low,2,high,1,334461257,50,0.010101010101010102,0.010101010101010102,0.010101010101010102,0.75,0.775,0.8,0.25,1.0,0.7542500000000001,0.75,2,0.0
100,100,low,2,high,2,1433118480,50,0.010101010101010102,0.010101010101010102,0.010101010101010102,0.8375,0.8875,0.8875,0.1625,1.0,0.8342500000000002,0.8375,2,0.0
100,100,low,2,high,3,444729800,50,0.02320806382720447,0.010101010101010102,0.010101010101010102,0.7625,0.7875,0.8125,0.2375,1.0,0.76025,0.7625,2,0.0
100,100,low,4,low,0,326235117,50,0.010101010101010102,0.010101010101010102,0.010101010101010102,1.0,1.0,1.0,0.0,1.0,1.0,1.0,2,0.0
100,100,low,4,low,1,1426992473,50,0.010101010101010102,0.010101010101010102,0.010101010101010102,1.0,1.0,1.0,0.0,1.0,1.0,1.0,2,0.0
100,100,low,4,low,2,43570156,50,0.010101010101010102,0.010101010101010102,0.010101010101010102,1.0,1.0,1.0,0.0,1.0,1.0,1.0,2,0.0
100,100,low,4,low,3,601018309,50,0.010101010101010102,0.010101010101010102,0.010101010101010102,1.0,1.0,1.0,0.0,1.0,1.0,1.0,2,0.0
100,100,low,4,medium,0,600231266,50,0.010101010101010102,0.010101010101010102,0.010101010101010102,1.0,1.0,1.0,0.0,1.0,0.9970000000000001,1.0,2,0.0
100,100,low,4,medium,1,948150372,50,0.010101010101010102,0.010101010101010102,0.010101010101010102,1.0,1.0,1.0,0.0,1.0,1.0,1.0,2,0.0
100,100,low,4,medium,2,1302763990,50,0.010101010101010102,0.010101010101010102,0.010101010101010102,1.0,1.0,1.0,0.0,1.0,0.99275,1.0,2,0.0
100,100,low,4,medium,3,1529209052,50,0.010101010101010102,0.010101010101010102,0.010101010101010102,0.975,0.975,0.9875,0.025,1.0,0.9637499999999999,0.975,2,0.0
100,100,low,4,high,0,818819690,50,0.010101010101010102,0.010101010101010102,0.010101010101010102,0.9125,0.9125,0.9125,0.0875,1.0,0.9039999999999999,0.9125,2,0.0
100,100,low,4,high,1,764016066,50,0.010101010101010102,0.010101010101010102,0.010101010101010102,0.825,0.8375,0.85,0.175,1.0,0.8205,0.825,2,0.0
100,100,low,4,high,2,765937122,50,0.010101010101010102,0.010101010101010102,0.010101010101010102,0.925,0.925,0.9375,0.075,1.0,0.924,0.925,2,0.0
100,100,low,4,high,3,647504781,50,0.010101010101010102,0.010101010101010102,0.010101010101010102,0.825,0.8625,0.875,0.175,1.0,0.83775,0.825,2,0.0
100,100,low,8,low,0,40886096,50,0.010101010101010102,0.010101010101010102,0.010101010101010102,1.0,1.0,1.0,0.0,1.0,1.0,1.0,2,0.0
100,100,low,8,low,1,1914823013,50,0.010101010101010102,0.010101010101010102,0.010101010101010102,1.0,1.0,1.0,0.0,1.0,1.0,1.0,2,0.0
100,100,low,8,low,2,898704275,50,0.010119808335281505,0.010101010101010102,0.010101010101010102,1.0,1.0,1.0,0.0,1.0,1.0,1.0,2,0.0
100,100,low,8,low,3,1205332757,50,0.010101010101010102,0.007967271144125454,0.010101010101010102,1.0,1.0,1.0,0.0,1.0,1.0,1.0,2,0.0
100,100,low,8,medium,0,1163100415,50,0.010101010101010102,0.010101010101010102,0.010101010101010102,1.0,1.0,1.0,0.0,1.0,1.0,1.0,2,0.0
100,100,low,8,medium,1,1173852849,50,0.010101010101010102,0.00910403029050879,0.010101010101010102,1.0,1.0,1.0,0.0,1.0,0.9982500000000002,1.0,2,0.0
100,100,low,8,medium,2,957866264,50,0.010101010101010102,0.010101010101010102,0.010101010101010102,0.9875,1.0,1.0,0.0125,1.0,0.9955,0.9875,2,0.0
100,100,low,8,medium,3,1946465780,50,0.010101010101010102,0.010101010101010102,0.010101010101010102,1.0,1.0,1.0,0.0,1.0,0.99975,1.0,2,0.0
100,100,low,8,high,0,396446274,50,0.010101010101010102,0.010101010101010102,0.010101010101010102,0.9125,0.95,0.9625,0.0875,1.0,0.9309999999999998,0.9125,2,0.0
100,100,low,8,high,1,1802802121,50,0.008501719933913953,0.008501719933913953,0.008501719933913953,0.9,0.9125,0.9125,0.1,1.0,0.9087500000000001,0.9,2,0.0
100,100,low,8,high,2,323822236,50,0.007392250979339713,0.007392250979339713,0.007392250979339713,0.8375,0.85,0.8625,0.1625,1.0,0.8470000000000001,0.8375,2,0.0
100,100,low,8,high,3,930471962,50,0.010101010101010102,0.010101010101010102,0.010101010101010102,0.875,0.875,0.8875,0.125,1.0,0.91525,0.875,2,0.0
100,100,medium,2,low,0,657393600,50,0.010101010101010102,0.010101010101010102,0.010101010101010102,1.0,1.0,1.0,0.0,1.0,0.9995,1.0,2,0.0
100,100,medium,2,low,1,1463788628,50,0.010101010101010102,0.010101010101010102,0.010101010101010102,1.0,1.0,1.0,0.0,1.0,0.98925,1.0,2,0.0
100,100,medium,2,low,2,438151292,50,0.010101010101010102,0.010101010101010102,0.010101010101010102,1.0,1.0,1.0,0.0,1.0,0.9940000000000001,1.0,2,0.0
100,100,medium,2,low,3,762872773,50,0.010101010101010102,0.010101010101010102,0.010101010101010102,1.0,1.0,1.0,0.0,0.98,0.97575,1.0,2,0.0
100,100,medium,2,medium,0,843879893,50,0.06551465896804101,0.010101010101010102,0.010101010101010102,0.95,0.9625,0.975,0.05,1.0,0.8809999999999999,0.95,2,0.0
100,100,medium,2,medium,1,1420786946,50,0.09378023103595369,0.010101010101010102,0.010101010101010102,0.925,0.975,0.9875,0.075,0.96,0.8495000000000001,0.925,2,0.0
100,100,medium,2,medium,2,1426688387,50,0.029733547061791966,0.010101010101010102,0.010101010101010102,0.975,0.9875,0.9875,0.025,1.0,0.9272500000000001,0.975,2,0.0
100,100,medium,2,medium,3,598658712,50,0.010101010101010102,0.010101010101010102,0.010101010101010102,0.95,0.9875,1.0,0.05,1.0,0.92275,0.95,2,0.0
100,100,medium,2,high,0,2119717418,50,0.14893287622223056,0.010101010101010102,0.010101010101010102,0.6875,0.7625,0.8125,0.3125,1.0,0.66425,0.6875,2,0.0
100,100,medium,2,high,1,1521041031,50,0.11400477994599909,0.010101010101010102,0.010101010101010102,0.775,0.8125,0.825,0.225,1.0,0.734,0.775,2,0.0
100,100,medium,2,high,2,1572800728,50,0.010101010101010102,0.010101010101010102,0.010101010101010102,0.7625,0.825,0.875,0.2375,1.0,0.74975,0.7625,2,0.0
100,100,medium,2,high,3,1552219161,50,0.1412707668599859,0.010101010101010102,0.010101010101010102,0.775,0.825,0.85,0.225,1.0,0.7512500000000001,0.775,2,0.0
100,100,medium,4,low,0,235520987,50,0.010101010101010102,0.010101010101010102,0.010101010101010102,1.0,1.0,1.0,0.0,1.0,0.998,1.0,2,0.0
100,100,medium,4,low,1,1671156333,50,0.013391396129718397,0.010101010101010102,0.010101010101010102,1.0,1.0,1.0,0.0,1.0,1.0,1.0,2,0.0
100,100,medium,4,low,2,979418577,50,0.010101010101010102,0.010101010101010102,0.010101010101010102,1.0,1.0,1.0,0.0,1.0,0.9970000000000001,1.0,2,0.0
100,100,medium,4,low,3,1717122724,50,0.010101010101010102,0.010101010101010102,0.010101010101010102,1.0,1.0,1.0,0.0,1.0,1.0,1.0,2,0.0
100,100,medium,4,medium,0,1191132418,50,0.002705723392754071,0.002705723392754071,0.002705723392754071,0.9875,1.0,1.0,0.0125,1.0,0.96925,0.9875,2,0.0
100,100,medium,4,medium,1,419155449,50,0.010101010101010102,0.010101010101010102,0.010101010101010102,1.0,1.0,1.0,0.0,1.0,0.98925,1.0,2,0.0
100,100,medium,4,medium,2,238754262,50,0.010101010101010102,0.010101010101010102,0.010101010101010102,0.975,0.9875,0.9875,0.025,1.0,0.9832500000000002,0.975,2,0.0
100,100,medium,4,medium,3,1962730269,50,0.08998143139116309,0.010101010101010102,0.010101010101010102,0.9125,0.9625,0.975,0.0875,1.0,0.946,0.9125,2,0.0
100,100,medium,4,high,0,244985574,50,0.010101010101010102,0.010101010101010102,0.010101010101010102,0.9625,0.9625,0.9625,0.0375,1.0,0.9172499999999999,0.9625,2,0.0
100,100,medium,4,high,1,112652020,50,0.04887890909830623,0.010101010101010102,0.010101010101010102,0.8,0.8125,0.825,0.2,1.0,0.8039999999999999,0.8,2,0.0
100,100,medium,4,high,2,1758337422,50,0.15420345432218532,0.010101010101010102,0.010101010101010102,0.775,0.8125,0.8125,0.225,1.0,0.8032499999999999,0.775,2,0.0
100,100,medium,4,high,3,1154859853,50,0.010101010101010102,0.010101010101010102,0.010101010101010102,0.9,0.9375,0.95,0.1,1.0,0.8965,0.9,2,0.0
100,100,medium,8,low,0,29977764,50,0.010101010101010102,0.010101010101010102,0.010101010101010102,1.0,1.0,1.0,0.0,1.0,0.9984999999999999,1.0,2,0.0
100,100,medium,8,low,1,218597003,50,0.010101010101010102,0.010101010101010102,0.010101010101010102,1.0,1.0,1.0,0.0,1.0,1.0,1.0,2,0.0
100,100,medium,8,low,2,941252364,50,0.010101010101010102,0.010101010101010102,0.010101010101010102,1.0,1.0,1.0,0.0,1.0,1.0,1.0,2,0.0
100,100,medium,8,low,3,60092704,50,0.010101010101010102,0.008075130374006317,0.010101010101010102,1.0,1.0,1.0,0.0,1.0,1.0,1.0,2,0.0
100,100,medium,8,medium,0,1240448742,50,0.02055874145742953,0.010101010101010102,0.010101010101010102,1.0,1.0,1.0,0.0,1.0,0.99025,1.0,2,0.0
100,100,medium,8,medium,1,820725846,50,0.010101010101010102,0.010101010101010102,0.010101010101010102,0.9875,0.9875,0.9875,0.0125,1.0,0.986,0.9875,2,0.0
100,100,medium,8,medium,2,1862202945,50,0.009512469807231961,0.009512469807231961,0.009512469807231961,1.0,1.0,1.0,0.0,1.0,0.9932500000000001,1.0,2,0.0
100,100,medium,8,medium,3,219733734,50,0.010101010101010102,0.010101010101010102,0.010101010101010102,0.9875,1.0,1.0,0.0125,1.0,0.9852500000000001,0.9875,2,0.0
100,100,medium,8,high,0,1370743239,50,0.010101010101010102,0.010101010101010102,0.010101010101010102,0.9125,0.925,0.925,0.0875,1.0,0.9307500000000001,0.9125,2,0.0
100,100,medium,8,high,1,157984124,50,0.010101010101010102,0.010101010101010102,0.010101010101010102,0.8625,0.875,0.875,0.1375,1.0,0.93,0.8625,2,0.0
100,100,medium,8,high,2,1583072909,50,0.010101010101010102,0.010101010101010102,0.010101010101010102,0.9375,0.9375,0.9375,0.0625,1.0,0.9492500000000001,0.9375,2,0.0
100,100,medium,8,high,3,311398445,50,0.010101010101010102,0.010101010101010102,0.010101010101010102,0.9125,0.925,0.925,0.0875,1.0,0.931,0.9125,2,0.0
100,100,high,2,low,0,1694733573,50,0.010101010101010102,0.010101010101010102,0.010101010101010102,1.0,1.0,1.0,0.0,0.84,0.821,1.0,2,0.0
100,100,high,2,low,1,145292848,50,0.02268715871669899,0.010101010101010102,0.010101010101010102,1.0,1.0,1.0,0.0,0.8,0.7924999999999999,1.0,2,0.0
100,100,high,2,low,2,14142341,50,0.010101010101010102,0.010101010101010102,0.010101010101010102,1.0,1.0,1.0,0.0,0.78,0.7599999999999999,1.0,2,0.0
100,100,high,2,low,3,678939481,50,0.02232244184375588,0.010101010101010102,0.010101010101010102,1.0,1.0,1.0,0.0,0.72,0.7002499999999998,1.0,2,0.0
100,100,high,2,medium,0,52085923,50,0.037233069879487546,0.010101010101010102,0.010101010101010102,0.95,0.975,0.975,0.05,0.86,0.76325,0.95,2,0.0
100,100,high,2,medium,1,1556316643,50,0.010101010101010102,0.010101010101010102,0.010101010101010102,0.9375,0.9875,0.9875,0.0625,0.9,0.81125,0.9375,2,0.0
100,100,high,2,medium,2,1714033754,50,0.016554275458755676,0.010101010101010102,0.010101010101010102,0.9375,0.975,0.9875,0.0625,0.82,0.6950000000000001,0.9375,2,0.0
100,100,high,2,medium,3,986575601,50,0.012134877671359446,0.010101010101010102,0.010101010101010102,0.9625,1.0,1.0,0.0375,0.78,0.7244999999999999,0.9625,2,0.0
100,100,high,2,high,0,854336918,50,0.010101010101010102,0.010101010101010102,0.010101010101010102,0.825,0.85,0.8625,0.175,0.82,0.63125,0.825,2,0.0
100,100,high,2,high,1,2072432286,50,0.1754660287263256,0.010101010101010102,0.010101010101010102,0.725,0.75,0.775,0.275,0.92,0.5900000000000001,0.725,2,0.0
100,100,high,2,high,2,1815992896,50,0.016219379442709063,0.010101010101010102,0.010101010101010102,0.725,0.775,0.7875,0.275,0.86,0.6030000000000001,0.725,2,0.0
100,100,high,2,high,3,878098707,50,0.07956667024587223,0.010101010101010102,0.010101010101010102,0.75,0.7875,0.825,0.25,0.92,0.6520000000000001,0.75,2,0.0
100,100,high,4,low,0,1021412119,50,0.010101010101010102,0.010101010101010102,0.010101010101010102,1.0,1.0,1.0,0.0,0.96,0.9307499999999997,1.0,2,0.0
100,100,high,4,low,1,31204032,50,0.010101010101010102,0.010101010101010102,0.010101010101010102,1.0,1.0,1.0,0.0,0.94,0.9025000000000001,1.0,2,0.0
100,100,high,4,low,2,107689815,50,0.010101010101010102,0.010101010101010102,0.010101010101010102,1.0,1.0,1.0,0.0,0.92,0.9055,1.0,2,0.0
100,100,high,4,low,3,2112882408,50,0.015335033909529318,0.010101010101010102,0.010101010101010102,1.0,1.0,1.0,0.0,0.82,0.8195,1.0,2,0.0
100,100,high,4,medium,0,1649550880,50,0.010294424707630194,0.010101010101010102,0.010101010101010102,0.9875,0.9875,0.9875,0.0125,1.0,0.8327500000000001,0.9875,2,0.0
100,100,high,4,medium,1,873376135,50,0.0103430763466661,0.010101010101010102,0.010101010101010102,1.0,1.0,1.0,0.0,0.98,0.92425,1.0,2,0.0
100,100,high,4,medium,2,42374649,50,0.010101010101010102,0.010101010101010102,0.010101010101010102,0.95,0.975,0.975,0.05,0.96,0.9175000000000001,0.95,2,0.0
100,100,high,4,medium,3,1205062920,50,0.08658841064725313,0.010101010101010102,0.010101010101010102,0.95,0.975,0.975,0.05,0.98,0.8245000000000001,0.95,2,0.0
100,100,high,4,high,0,1834208704,50,0.010101010101010102,0.010101010101010102,0.010101010101010102,0.9,0.9375,0.9375,0.1,0.98,0.8225000000000001,0.9,2,0.0
100,100,high,4,high,1,163993367,50,0.18213741241613596,0.010101010101010102,0.010101010101010102,0.725,0.7875,0.8375,0.275,0.98,0.76425,0.725,2,0.0
100,100,high,4,high,2,44467773,50,0.08466112803605785,0.010101010101010102,0.010101010101010102,0.6875,0.7,0.7125,0.3125,1.0,0.7877500000000001,0.6875,2,0.0
100,100,high,4,high,3,219822101,50,0.010101010101010102,0.010101010101010102,0.010101010101010102,0.9,0.9375,0.9375,0.1,1.0,0.9135000000000002,0.9,2,0.0
100,100,high,8,low,0,1882725879,50,0.010101010101010102,0.010101010101010102,0.010101010101010102,1.0,1.0,1.0,0.0,0.96,0.94675,1.0,2,0.0
100,100,high,8,low,1,1767687656,50,0.010101010101010102,0.010101010101010102,0.010101010101010102,1.0,1.0,1.0,0.0,0.94,0.9027500000000002,1.0,2,0.0
100,100,high,8,low,2,711504145,50,0.010101010101010102,0.010101010101010102,0.010101010101010102,1.0,1.0,1.0,0.0,0.98,0.9670000000000002,1.0,2,0.0
100,100,high,8,low,3,415345594,50,0.010101010101010102,0.010101010101010102,0.010101010101010102,1.0,1.0,1.0,0.0,0.96,0.9224999999999998,1.0,2,0.0
100,100,high,8,medium,0,650162397,50,0.01771598623506806,0.010054629933616945,0.010101010101010102,0.975,0.9875,0.9875,0.025,1.0,0.9685000000000002,0.975,2,0.0
100,100,high,8,medium,1,1250890940,50,0.0217568068783,0.010101010101010102,0.010101010101010102,1.0,1.0,1.0,0.0,1.0,0.9299999999999999,1.0,2,0.0
100,100,high,8,medium,2,340595181,50,0.022863341536083485,0.010101010101010102,0.010101010101010102,1.0,1.0,1.0,0.0,1.0,0.9335000000000001,1.0,2,0.0
100,100,high,8,medium,3,349558106,50,0.003537093742614338,0.003537093742614338,0.003537093742614338,0.9875,1.0,1.0,0.0125,1.0,0.92075,0.9875,2,0.0
100,100,high,8,high,0,425541658,50,0.010101010101010102,0.010101010101010102,0.010101010101010102,0.9,0.9,0.9,0.1,1.0,0.9350000000000002,0.9,2,0.0
100,100,high,8,high,1,1353826659,50,0.01351351752161926,0.010101010101010102,0.010101010101010102,0.9,0.9,0.9,0.1,1.0,0.9167500000000001,0.9,2,0.0
100,100,high,8,high,2,1642973556,50,0.010101010101010102,0.010101010101010102,0.010101010101010102,0.8625,0.9125,0.9125,0.1375,1.0,0.92675,0.8625,2,0.0
100,100,high,8,high,3,1251708945,50,0.010101010101010102,0.010101010101010102,0.010101010101010102,0.9,0.9,0.9125,0.1,1.0,0.9417500000000001,0.9,2,0.0
100,100,extreme,2,low,0,119579762,50,0.010101010101010102,0.010101010101010102,0.010101010101010102,1.0,1.0,1.0,0.0,0.6,0.5737500000000001,1.0,2,0.0
100,100,extreme,2,low,1,374699252,50,0.015751779967152973,0.010101010101010102,0.010101010101010102,1.0,1.0,1.0,0.0,0.7,0.6697500000000001,1.0,2,0.0
100,100,extreme,2,low,2,1674764987,50,0.010101010101010102,0.010101010101010102,0.010101010101010102,1.0,1.0,1.0,0.0,0.58,0.5467500000000001,1.0,2,0.0
100,100,extreme,2,low,3,420140872,50,0.01475304452097428,0.010101010101010102,0.010101010101010102,1.0,1.0,1.0,0.0,0.56,0.536,1.0,2,0.0
100,100,extreme,2,medium,0,1853303815,50,0.059896604680717766,0.010101010101010102,0.010101010101010102,0.925,0.9625,0.9875,0.075,0.56,0.48774999999999996,0.925,2,0.0
100,100,extreme,2,medium,1,1026925130,50,0.010101010101010102,0.010101010101010102,0.010101010101010102,0.9375,0.9625,0.975,0.0625,0.5,0.46425,0.9375,2,0.0
100,100,extreme,2,medium,2,2059581989,50,0.010101010101010102,0.010101010101010102,0.010101010101010102,0.975,0.975,0.975,0.025,0.74,0.6812499999999999,0.975,2,0.0
100,100,extreme,2,medium,3,1892990111,50,0.011878270970814715,0.010101010101010102,0.010101010101010102,0.9625,0.975,0.9875,0.0375,0.68,0.5549999999999999,0.9625,2,0.0
100,100,extreme,2,high,0,1969301494,50,0.010101010101010102,0.010101010101010102,0.010101010101010102,0.8125,0.875,0.875,0.1875,0.66,0.51325,0.8125,2,0.0
100,100,extreme,2,high,1,158479330,50,0.04088606889761104,0.010101010101010102,0.010101010101010102,0.7375,0.8,0.825,0.2625,0.88,0.61,0.7375,2,0.0
100,100,extreme,2,high,2,1837458342,50,0.14275190441173732,0.010101010101010102,0.010101010101010102,0.6875,0.7875,0.8,0.3125,0.74,0.57125,0.6875,2,0.0
100,100,extreme,2,high,3,1905295151,50,0.14527995499069618,0.010101010101010102,0.010101010101010102,0.6625,0.7375,0.75,0.3375,0.8,0.52575,0.6625,2,0.0
100,100,extreme,4,low,0,987606984,50,0.010101010101010102,0.010101010101010102,0.010101010101010102,1.0,1.0,1.0,0.0,0.84,0.8160000000000001,1.0,2,0.0
100,100,extreme,4,low,1,1359699825,50,0.00675677870684927,0.00675677870684927,0.00675677870684927,1.0,1.0,1.0,0.0,0.8,0.7395000000000002,1.0,2,0.0
100,100,extreme,4,low,2,1585786131,50,0.010480649455472578,0.010101010101010102,0.010101010101010102,1.0,1.0,1.0,0.0,0.9,0.8632500000000001,1.0,2,0.0
100,100,extreme,4,low,3,1260110674,50,0.010715764800138132,0.010101010101010102,0.010101010101010102,1.0,1.0,1.0,0.0,0.96,0.9347499999999996,1.0,2,0.0
100,100,extreme,4,medium,0,14045303,50,0.010101010101010102,0.010101010101010102,0.010101010101010102,1.0,1.0,1.0,0.0,0.82,0.73925,1.0,2,0.0
100,100,extreme,4,medium,1,373884634,50,0.010101010101010102,0.010101010101010102,0.010101010101010102,1.0,1.0,1.0,0.0,0.92,0.7875,1.0,2,0.0
100,100,extreme,4,medium,2,1139639588,50,0.010101010101010102,0.010101010101010102,0.010101010101010102,0.9875,0.9875,1.0,0.0125,0.94,0.81125,0.9875,2,0.0
100,100,extreme,4,medium,3,422123101,50,0.010101010101010102,0.010101010101010102,0.010101010101010102,0.95,0.975,0.9875,0.05,0.9,0.77325,0.95,2,0.0
100,100,extreme,4,high,0,1825945989,50,0.03861121079643742,0.010101010101010102,0.010101010101010102,0.7375,0.7875,0.825,0.2625,0.96,0.81175,0.7375,2,0.0
100,100,extreme,4,high,1,1686476276,50,0.08932391899797613,0.010101010101010102,0.010101010101010102,0.7875,0.825,0.8375,0.2125,0.96,0.792,0.7875,2,0.0
100,100,extreme,4,high,2,1147182349,50,0.010101010101010102,0.010101010101010102,0.010101010101010102,0.9,0.9,0.9,0.1,0.94,0.8315000000000001,0.9,2,0.0
100,100,extreme,4,high,3,1174190396,50,0.049326297005454885,0.010101010101010102,0.010101010101010102,0.8875,0.9,0.9,0.1125,0.96,0.7492500000000001,0.8875,2,0.0
100,100,extreme,8,low,0,443347430,50,0.010101010101010102,0.010101010101010102,0.010101010101010102,1.0,1.0,1.0,0.0,0.94,0.9339999999999998,1.0,2,0.0
100,100,extreme,8,low,1,1339850472,50,0.010101010101010102,0.010101010101010102,0.010101010101010102,1.0,1.0,1.0,0.0,0.92,0.8835000000000001,1.0,2,0.0
100,100,extreme,8,low,2,1126726137,50,0.010101010101010102,0.010101010101010102,0.010101010101010102,1.0,1.0,1.0,0.0,0.96,0.8850000000000001,1.0,2,0.0
100,100,extreme,8,low,3,1092678724,50,0.010101010101010102,0.010101010101010102,0.010101010101010102,1.0,1.0,1.0,0.0,0.96,0.9384999999999998,1.0,2,0.0
100,100,extreme,8,medium,0,856206756,50,0.010101010101010102,0.010101010101010102,0.010101010101010102,1.0,1.0,1.0,0.0,0.96,0.8690000000000001,1.0,2,0.0
100,100,extreme,8,medium,1,921268029,50,0.010101010101010102,0.010101010101010102,0.010101010101010102,0.9875,0.9875,0.9875,0.0125,0.96,0.8539999999999999,0.9875,2,0.0
100,100,extreme,8,medium,2,500384728,50,0.010101010101010102,0.010057421718927676,0.010101010101010102,0.9625,0.9875,1.0,0.0375,1.0,0.9135,0.9625,2,0.0
100,100,extreme,8,medium,3,893671362,50,0.010101010101010102,0.010101010101010102,0.010101010101010102,1.0,1.0,1.0,0.0,0.96,0.8275,1.0,2,0.0
100,100,extreme,8,high,0,871559784,50,0.010101010101010102,0.010101010101010102,0.010101010101010102,0.9625,0.9625,0.9625,0.0375,1.0,0.8985000000000003,0.9625,2,0.0
100,100,extreme,8,high,1,549498653,50,0.019271287221610808,0.010101010101010102,0.010101010101010102,0.825,0.8375,0.8375,0.175,1.0,0.9162500000000001,0.825,2,0.0
100,100,extreme,8,high,2,1846213037,50,0.010101010101010102,0.010101010101010102,0.010101010101010102,0.8625,0.8625,0.875,0.1375,1.0,0.9059999999999999,0.8625,2,0.0
100,100,extreme,8,high,3,850334379,50,0.010101010101010102,0.010101010101010102,0.010101010101010102,0.9625,0.9625,0.975,0.0375,1.0,0.8637499999999999,0.9625,2,0.0
100,200,low,2,low,0,692643641,50,0.010101010101010102,0.010101010101010102,0.010101010101010102,1.0,1.0,1.0,0.0,1.0,1.0,1.0,2,0.0
100,200,low,2,low,1,1680268825,50,0.010101010101010102,0.010101010101010102,0.010101010101010102,1.0,1.0,1.0,0.0,1.0,1.0,1.0,2,0.0
100,200,low,2,low,2,1415391766,50,0.010101010101010102,0.010101010101010102,0.010101010101010102,1.0,1.0,1.0,0.0,1.0,1.0,1.0,2,0.0
100,200,low,2,low,3,249652609,50,0.010101010101010102,0.010101010101010102,0.010101010101010102,1.0,1.0,1.0,0.0,1.0,1.0,1.0,2,0.0
100,200,low,2,medium,0,1748308700,50,0.010101010101010102,0.010101010101010102,0.010101010101010102,1.0,1.0,1.0,0.0,1.0,1.0,1.0,2,0.0
100,200,low,2,medium,1,622034302,50,0.010101010101010102,0.010101010101010102,0.010101010101010102,1.0,1.0,1.0,0.0,1.0,1.0,1.0,2,0.0
100,200,low,2,medium,2,1320741624,50,0.010101010101010102,0.010101010101010102,0.010101010101010102,1.0,1.0,1.0,0.0,1.0,1.0,1.0,2,0.0
100,200,low,2,medium,3,1574336050,50,0.010101010101010102,0.010101010101010102,0.010101010101010102,1.0,1.0,1.0,0.0,1.0,1.0,1.0,2,0.0
100,200,low,2,high,0,769201216,50,0.010101010101010102,0.010101010101010102,0.010101010101010102,1.0,1.0,1.0,0.0,1.0,0.9962500000000001,1.0,2,0.0
100,200,low,2,high,1,1049666255,50,0.010101010101010102,0.010101010101010102,0.010101010101010102,0.975,0.975,0.975,0.025,1.0,0.975,0.975,2,0.0
100,200,low,2,high,2,1598675772,50,0.010101010101010102,0.010101010101010102,0.010101010101010102,0.9625,0.975,0.9875,0.0375,1.0,0.9605,0.9625,2,0.0
100,200,low,2,high,3,1344385631,50,0.010101010101010102,0.010101010101010102,0.010101010101010102,0.975,0.975,0.975,0.025,1.0,0.9745000000000001,0.975,2,0.0
100,200,low,4,low,0,419842238,50,0.010101010101010102,0.010101010101010102,0.010101010101010102,1.0,1.0,1.0,0.0,1.0,1.0,1.0,2,0.0
100,200,low,4,low,1,1965488647,50,0.010101010101010102,0.010101010101010102,0.010101010101010102,1.0,1.0,1.0,0.0,1.0,1.0,1.0,2,0.0
100,200,low,4,low,2,1511347923,50,0.010101010101010102,0.010101010101010102,0.010101010101010102,1.0,1.0,1.0,0.0,1.0,1.0,1.0,2,0.0
100,200,low,4,low,3,329799929,50,0.010101010101010102,0.010101010101010102,0.010101010101010102,1.0,1.0,1.0,0.0,1.0,1.0,1.0,2,0.0
100,200,low,4,medium,0,837041767,50,0.010101010101010102,0.010101010101010102,0.010101010101010102,1.0,1.0,1.0,0.0,1.0,1.0,1.0,2,0.0
100,200,low,4,medium,1,1911831060,50,0.010101010101010102,0.010101010101010102,0.010101010101010102,1.0,1.0,1.0,0.0,1.0,1.0,1.0,2,0.0
100,200,low,4,medium,2,961262981,50,0.010101010101010102,0.010101010101010102,0.010101010101010102,1.0,1.0,1.0,0.0,1.0,1.0,1.0,2,0.0
100,200,low,4,medium,3,1460558586,50,0.010101010101010102,0.010101010101010102,0.010101010101010102,1.0,1.0,1.0,0.0,1.0,1.0,1.0,2,0.0
100,200,low,4,high,0,1025327959,50,0.010101010101010102,0.010101010101010102,0.010101010101010102,1.0,1.0,1.0,0.0,1.0,1.0,1.0,2,0.0
100,200,low,4,high,1,1786659161,50,0.010101010101010102,0.010101010101010102,0.010101010101010102,0.9875,0.9875,0.9875,0.0125,1.0,0.9875,0.9875,2,0.0
100,200,low,4,high,2,1547109657,50,0.010101010101010102,0.010101010101010102,0.010101010101010102,1.0,1.0,1.0,0.0,1.0,0.999,1.0,2,0.0
100,200,low,4,high,3,1025660366,50,0.010101010101010102,0.010101010101010102,0.010101010101010102,1.0,1.0,1.0,0.0,1.0,0.9945,1.0,2,0.0
100,200,low,8,low,0,1025772961,50,0.010101010101010102,0.010101010101010102,0.010101010101010102,1.0,1.0,1.0,0.0,1.0,1.0,1.0,2,0.0
100,200,low,8,low,1,244258082,50,0.010101010101010102,0.010101010101010102,0.010101010101010102,1.0,1.0,1.0,0.0,1.0,1.0,1.0,2,0.0
100,200,low,8,low,2,336474862,50,0.010101010101010102,0.010101010101010102,0.010101010101010102,1.0,1.0,1.0,0.0,1.0,1.0,1.0,2,0.0
100,200,low,8,low,3,282842925,50,0.010101010101010102,0.010101010101010102,0.010101010101010102,1.0,1.0,1.0,0.0,1.0,1.0,1.0,2,0.0
100,200,low,8,medium,0,851402882,50,0.002698976851987416,0.002698976851987416,0.002698976851987416,1.0,1.0,1.0,0.0,1.0,1.0,1.0,2,0.0
100,200,low,8,medium,1,1446290054,50,0.00011966396157021395,0.00011966396157021395,0.00011966396157021395,1.0,1.0,1.0,0.0,1.0,1.0,1.0,2,0.0
100,200,low,8,medium,2,2022201754,50,0.010101010101010102,0.010101010101010102,0.010101010101010102,1.0,1.0,1.0,0.0,1.0,1.0,1.0,2,0.0
100,200,low,8,medium,3,1913712791,50,0.010101010101010102,0.010101010101010102,0.010101010101010102,1.0,1.0,1.0,0.0,1.0,1.0,1.0,2,0.0
100,200,low,8,high,0,1353867972,50,0.010101010101010102,0.010101010101010102,0.010101010101010102,0.9875,0.9875,0.9875,0.0125,1.0,0.9877499999999999,0.9875,2,0.0
100,200,low,8,high,1,1979103133,50,0.010101010101010102,0.010101010101010102,0.010101010101010102,1.0,1.0,1.0,0.0,1.0,0.99975,1.0,2,0.0
100,200,low,8,high,2,1740837647,50,0.010101010101010102,0.010101010101010102,0.010101010101010102,1.0,1.0,1.0,0.0,1.0,0.99925,1.0,2,0.0
100,200,low,8,high,3,1760856111,50,0.010101010101010102,0.010101010101010102,0.010101010101010102,1.0,1.0,1.0,0.0,1.0,1.0,1.0,2,0.0
100,200,medium,2,low,0,1448035604,50,0.010101010101010102,0.010101010101010102,0.010101010101010102,1.0,1.0,1.0,0.0,1.0,1.0,1.0,2,0.0
100,200,medium,2,low,1,1351463742,50,0.010101010101010102,0.010101010101010102,0.010101010101010102,1.0,1.0,1.0,0.0,1.0,1.0,1.0,2,0.0
100,200,medium,2,low,2,1121523228,50,0.010101010101010102,0.010101010101010102,0.010101010101010102,1.0,1.0,1.0,0.0,1.0,1.0,1.0,2,0.0
100,200,medium,2,low,3,504040793,50,0.010101010101010102,0.010101010101010102,0.010101010101010102,1.0,1.0,1.0,0.0,1.0,1.0,1.0,2,0.0
100,200,medium,2,medium,0,874333556,50,0.010101010101010102,0.010101010101010102,0.010101010101010102,1.0,1.0,1.0,0.0,1.0,1.0,1.0,2,0.0
100,200,medium,2,medium,1,467032990,50,0.010101010101010102,0.010101010101010102,0.010101010101010102,1.0,1.0,1.0,0.0,1.0,1.0,1.0,2,0.0
100,200,medium,2,medium,2,839746083,50,0.010101010101010102,0.010101010101010102,0.010101010101010102,1.0,1.0,1.0,0.0,1.0,1.0,1.0,2,0.0
100,200,medium,2,medium,3,250197,50,0.010101010101010102,0.010101010101010102,0.010101010101010102,1.0,1.0,1.0,0.0,0.98,0.9800000000000002,1.0,2,0.0
100,200,medium,2,high,0,1982067969,50,0.010101010101010102,0.010101010101010102,0.010101010101010102,0.975,0.9875,0.9875,0.025,1.0,0.9747499999999999,0.975,2,0.0
100,200,medium,2,high,1,23750217,50,0.010101010101010102,0.010101010101010102,0.010101010101010102,0.95,0.975,0.975,0.05,1.0,0.954,0.95,2,0.0
100,200,medium,2,high,2,10679610,50,0.010101010101010102,0.010101010101010102,0.010101010101010102,1.0,1.0,1.0,0.0,1.0,0.9977499999999999,1.0,2,0.0
100,200,medium,2,high,3,1014628675,50,0.010101010101010102,0.010101010101010102,0.010101010101010102,1.0,1.0,1.0,0.0,1.0,0.986,1.0,2,0.0
100,200,medium,4,low,0,1363933423,50,0.010101010101010102,0.010101010101010102,0.010101010101010102,1.0,1.0,1.0,0.0,1.0,1.0,1.0,2,0.0
100,200,medium,4,low,1,1621305121,50,0.005163534721124749,0.005163534721124749,0.005163534721124749,1.0,1.0,1.0,0.0,1.0,1.0,1.0,2,0.0
100,200,medium,4,low,2,1965192162,50,0.010101010101010102,0.010101010101010102,0.010101010101010102,1.0,1.0,1.0,0.0,1.0,1.0,1.0,2,0.0
100,200,medium,4,low,3,1850510913,50,0.010101010101010102,0.010101010101010102,0.010101010101010102,1.0,1.0,1.0,0.0,1.0,1.0,1.0,2,0.0
100,200,medium,4,medium,0,1609998478,50,0.010101010101010102,0.010101010101010102,0.010101010101010102,1.0,1.0,1.0,0.0,1.0,1.0,1.0,2,0.0
100,200,medium,4,medium,1,413236439,50,0.010101010101010102,0.010101010101010102,0.010101010101010102,1.0,1.0,1.0,0.0,1.0,1.0,1.0,2,0.0
100,200,medium,4,medium,2,6039070,50,0.010101010101010102,0.010101010101010102,0.010101010101010102,1.0,1.0,1.0,0.0,1.0,1.0,1.0,2,0.0
100,200,medium,4,medium,3,1386841171,50,0.010101010101010102,0.010101010101010102,0.010101010101010102,1.0,1.0,1.0,0.0,1.0,1.0,1.0,2,0.0
100,200,medium,4,high,0,1177500739,50,0.010101010101010102,0.010101010101010102,0.010101010101010102,0.9875,1.0,1.0,0.0125,1.0,0.99,0.9875,2,0.0
100,200,medium,4,high,1,1394859513,50,0.010101010101010102,0.010101010101010102,0.010101010101010102,1.0,1.0,1.0,0.0,1.0,0.99975,1.0,2,0.0
100,200,medium,4,high,2,1306378619,50,0.010101010101010102,0.010101010101010102,0.010101010101010102,0.9875,1.0,1.0,0.0125,1.0,0.99275,0.9875,2,0.0
100,200,medium,4,high,3,653106437,50,0.010101010101010102,0.010101010101010102,0.010101010101010102,0.9875,1.0,1.0,0.0125,0.98,0.9712500000000002,0.9875,2,0.0
100,200,medium,8,low,0,1857714118,50,0.010101010101010102,0.010101010101010102,0.010101010101010102,1.0,1.0,1.0,0.0,1.0,1.0,1.0,2,0.0
100,200,medium,8,low,1,406063749,50,0.010101010101010102,0.010101010101010102,0.010101010101010102,1.0,1.0,1.0,0.0,1.0,1.0,1.0,2,0.0
100,200,medium,8,low,2,418666836,50,0.010101010101010102,0.010101010101010102,0.010101010101010102,1.0,1.0,1.0,0.0,1.0,1.0,1.0,2,0.0
100,200,medium,8,low,3,247287676,50,0.010101010101010102,0.010101010101010102,0.010101010101010102,1.0,1.0,1.0,0.0,1.0,1.0,1.0,2,0.0
100,200,medium,8,medium,0,1980742336,50,0.010101010101010102,0.010101010101010102,0.010101010101010102,1.0,1.0,1.0,0.0,1.0,1.0,1.0,2,0.0
100,200,medium,8,medium,1,2059001274,50,0.005951552799665983,0.005951552799665983,0.005951552799665983,1.0,1.0,1.0,0.0,1.0,1.0,1.0,2,0.0
100,200,medium,8,medium,2,1632342153,50,0.010101010101010102,0.010101010101010102,0.010101010101010102,1.0,1.0,1.0,0.0,1.0,1.0,1.0,2,0.0
100,200,medium,8,medium,3,729971143,50,0.010101010101010102,0.010101010101010102,0.010101010101010102,1.0,1.0,1.0,0.0,1.0,1.0,1.0,2,0.0
100,200,medium,8,high,0,1611319938,50,0.010101010101010102,0.010101010101010102,0.010101010101010102,1.0,1.0,1.0,0.0,1.0,1.0,1.0,2,0.0
100,200,medium,8,high,1,884754271,50,0.002130687306265772,0.002130687306265772,0.002130687306265772,1.0,1.0,1.0,0.0,1.0,0.9957499999999999,1.0,2,0.0
100,200,medium,8,high,2,1452732937,50,0.006130386308368807,0.006130386308368807,0.006130386308368807,1.0,1.0,1.0,0.0,1.0,1.0,1.0,2,0.0
100,200,medium,8,high,3,881829752,50,0.010101010101010102,0.010101010101010102,0.010101010101010102,1.0,1.0,1.0,0.0,1.0,0.99125,1.0,2,0.0
100,200,high,2,low,0,13959189,50,0.010101010101010102,0.010101010101010102,0.010101010101010102,1.0,1.0,1.0,0.0,0.78,0.7800000000000001,1.0,2,0.0
100,200,high,2,low,1,717762512,50,0.010101010101010102,0.010101010101010102,0.010101010101010102,1.0,1.0,1.0,0.0,0.8,0.7999999999999999,1.0,2,0.0
100,200,high,2,low,2,962190143,50,0.010101010101010102,0.010101010101010102,0.010101010101010102,1.0,1.0,1.0,0.0,0.84,0.8400000000000001,1.0,2,0.0
100,200,high,2,low,3,1890947071,50,0.010101010101010102,0.010101010101010102,0.010101010101010102,1.0,1.0,1.0,0.0,0.86,0.8600000000000001,1.0,2,0.0
100,200,high,2,medium,0,1919033078,50,0.010101010101010102,0.010101010101010102,0.010101010101010102,1.0,1.0,1.0,0.0,0.78,0.7800000000000001,1.0,2,0.0
100,200,high,2,medium,1,1441118977,50,0.010101010101010102,0.010101010101010102,0.010101010101010102,1.0,1.0,1.0,0.0,0.86,0.8600000000000001,1.0,2,0.0
100,200,high,2,medium,2,978074958,50,0.010101010101010102,0.010101010101010102,0.010101010101010102,1.0,1.0,1.0,0.0,0.72,0.7199999999999999,1.0,2,0.0
100,200,high,2,medium,3,293044557,50,0.010101010101010102,0.010101010101010102,0.010101010101010102,1.0,1.0,1.0,0.0,0.78,0.7800000000000001,1.0,2,0.0
100,200,high,2,high,0,1169781539,50,0.010101010101010102,0.010101010101010102,0.010101010101010102,0.9875,0.9875,0.9875,0.0125,0.82,0.8089999999999999,0.9875,2,0.0
100,200,high,2,high,1,1109448858,50,0.010101010101010102,0.010101010101010102,0.010101010101010102,0.975,0.9875,1.0,0.025,0.84,0.8240000000000001,0.975,2,0.0
100,200,high,2,high,2,1751209010,50,0.010101010101010102,0.010101010101010102,0.010101010101010102,0.9375,0.975,0.9875,0.0625,0.82,0.7465000000000002,0.9375,2,0.0
100,200,high,2,high,3,1545779955,50,0.010101010101010102,0.010101010101010102,0.010101010101010102,0.9875,0.9875,0.9875,0.0125,0.8,0.7895,0.9875,2,0.0
100,200,high,4,low,0,736230569,50,0.010101010101010102,0.010101010101010102,0.010101010101010102,1.0,1.0,1.0,0.0,0.96,0.9600000000000002,1.0,2,0.0
100,200,high,4,low,1,54471766,50,0.010101010101010102,0.010101010101010102,0.010101010101010102,1.0,1.0,1.0,0.0,0.96,0.9600000000000002,1.0,2,0.0
100,200,high,4,low,2,931835663,50,0.010101010101010102,0.010101010101010102,0.010101010101010102,1.0,1.0,1.0,0.0,0.88,0.8800000000000001,1.0,2,0.0
100,200,high,4,low,3,222091717,50,0.010101010101010102,0.010101010101010102,0.010101010101010102,1.0,1.0,1.0,0.0,0.92,0.9200000000000002,1.0,2,0.0
100,200,high,4,medium,0,671292830,50,0.010101010101010102,0.010101010101010102,0.010101010101010102,1.0,1.0,1.0,0.0,0.94,0.9399999999999997,1.0,2,0.0
100,200,high,4,medium,1,764627997,50,0.010101010101010102,0.010101010101010102,0.010101010101010102,1.0,1.0,1.0,0.0,0.98,0.9800000000000002,1.0,2,0.0
100,200,high,4,medium,2,1272686794,50,0.006725225789069506,0.006725225789069506,0.006725225789069506,1.0,1.0,1.0,0.0,0.94,0.9399999999999997,1.0,2,0.0
100,200,high,4,medium,3,1427487823,50,0.010101010101010102,0.010101010101010102,0.010101010101010102,1.0,1.0,1.0,0.0,0.96,0.9600000000000002,1.0,2,0.0
100,200,high,4,high,0,426183221,50,0.010101010101010102,0.010101010101010102,0.010101010101010102,1.0,1.0,1.0,0.0,0.94,0.9394999999999996,1.0,2,0.0
100,200,high,4,high,1,1029644890,50,0.010101010101010102,0.010101010101010102,0.010101010101010102,1.0,1.0,1.0,0.0,0.92,0.8920000000000001,1.0,2,0.0
100,200,high,4,high,2,1759054553,50,0.010101010101010102,0.010101010101010102,0.010101010101010102,0.9875,0.9875,0.9875,0.0125,0.92,0.8557500000000001,0.9875,2,0.0
100,200,high,4,high,3,1508512321,50,0.010101010101010102,0.010101010101010102,0.010101010101010102,0.9875,0.9875,0.9875,0.0125,0.94,0.9334999999999998,0.9875,2,0.0
100,200,high,8,low,0,628403002,50,0.010101010101010102,0.010101010101010102,0.010101010101010102,1.0,1.0,1.0,0.0,0.98,0.9800000000000002,1.0,2,0.0
100,200,high,8,low,1,787396952,50,0.010101010101010102,0.010101010101010102,0.010101010101010102,1.0,1.0,1.0,0.0,0.96,0.9600000000000002,1.0,2,0.0
100,200,high,8,low,2,1922372105,50,0.010101010101010102,0.010101010101010102,0.010101010101010102,1.0,1.0,1.0,0.0,0.94,0.9399999999999997,1.0,2,0.0
100,200,high,8,low,3,933610480,50,0.010101010101010102,0.010101010101010102,0.010101010101010102,1.0,1.0,1.0,0.0,0.96,0.9600000000000002,1.0,2,0.0
100,200,high,8,medium,0,1430289592,50,0.010101010101010102,0.010101010101010102,0.010101010101010102,1.0,1.0,1.0,0.0,0.98,0.9800000000000002,1.0,2,0.0
100,200,high,8,medium,1,15227932,50,0.010101010101010102,0.010101010101010102,0.010101010101010102,1.0,1.0,1.0,0.0,0.98,0.9800000000000002,1.0,2,0.0
100,200,high,8,medium,2,277527060,50,0.010101010101010102,0.010101010101010102,0.010101010101010102,1.0,1.0,1.0,0.0,0.9,0.9000000000000001,1.0,2,0.0
100,200,high,8,medium,3,1840323610,50,0.010101010101010102,0.010101010101010102,0.010101010101010102,1.0,1.0,1.0,0.0,1.0,1.0,1.0,2,0.0
100,200,high,8,high,0,877709528,50,0.002773638241848893,0.002773638241848893,0.002773638241848893,1.0,1.0,1.0,0.0,0.94,0.9402499999999996,1.0,2,0.0
100,200,high,8,high,1,112596733,50,0.010101010101010102,0.010101010101010102,0.010101010101010102,1.0,1.0,1.0,0.0,0.98,0.9770000000000003,1.0,2,0.0
100,200,high,8,high,2,1339466166,50,0.010101010101010102,0.010101010101010102,0.010101010101010102,1.0,1.0,1.0,0.0,1.0,0.9565000000000001,1.0,2,0.0
100,200,high,8,high,3,510999435,50,0.010101010101010102,0.010101010101010102,0.010101010101010102,1.0,1.0,1.0,0.0,0.96,0.9550000000000001,1.0,2,0.0
100,200,extreme,2,low,0,1818183085,50,0.010101010101010102,0.010101010101010102,0.010101010101010102,1.0,1.0,1.0,0.0,0.56,0.5600000000000002,1.0,2,0.0
100,200,extreme,2,low,1,1838577724,50,0.010101010101010102,0.010101010101010102,0.010101010101010102,1.0,1.0,1.0,0.0,0.68,0.6799999999999999,1.0,2,0.0
100,200,extreme,2,low,2,2083045278,50,0.010101010101010102,0.010101010101010102,0.010101010101010102,1.0,1.0,1.0,0.0,0.62,0.62,1.0,2,0.0
100,200,extreme,2,low,3,332111035,50,0.010101010101010102,0.010101010101010102,0.010101010101010102,1.0,1.0,1.0,0.0,0.54,0.54,1.0,2,0.0
100,200,extreme,2,medium,0,1358173436,50,0.010101010101010102,0.010101010101010102,0.010101010101010102,1.0,1.0,1.0,0.0,0.68,0.6799999999999999,1.0,2,0.0
100,200,extreme,2,medium,1,2103698684,50,0.010101010101010102,0.010101010101010102,0.010101010101010102,1.0,1.0,1.0,0.0,0.68,0.6799999999999999,1.0,2,0.0
100,200,extreme,2,medium,2,1699590672,50,0.010101010101010102,0.010101010101010102,0.010101010101010102,1.0,1.0,1.0,0.0,0.52,0.5199999999999999,1.0,2,0.0
100,200,extreme,2,medium,3,1064270834,50,0.010101010101010102,0.010101010101010102,0.010101010101010102,1.0,1.0,1.0,0.0,0.64,0.6399999999999999,1.0,2,0.0
100,200,extreme,2,high,0,1432700033,50,0.010101010101010102,0.010101010101010102,0.010101010101010102,0.9875,1.0,1.0,0.0125,0.76,0.7009999999999998,0.9875,2,0.0
100,200,extreme,2,high,1,1626001162,50,0.010101010101010102,0.010101010101010102,0.010101010101010102,1.0,1.0,1.0,0.0,0.56,0.5425,1.0,2,0.0
100,200,extreme,2,high,2,514903511,50,0.010101010101010102,0.010101010101010102,0.010101010101010102,0.9875,1.0,1.0,0.0125,0.6,0.5562500000000001,0.9875,2,0.0
100,200,extreme,2,high,3,465272787,50,0.010101010101010102,0.010101010101010102,0.010101010101010102,0.9875,0.9875,1.0,0.0125,0.64,0.6372499999999999,0.9875,2,0.0
100,200,extreme,4,low,0,1395791247,50,0.010101010101010102,0.010101010101010102,0.010101010101010102,1.0,1.0,1.0,0.0,0.84,0.8400000000000001,1.0,2,0.0
100,200,extreme,4,low,1,1256986229,50,0.010101010101010102,0.010101010101010102,0.010101010101010102,1.0,1.0,1.0,0.0,0.72,0.7199999999999999,1.0,2,0.0
100,200,extreme,4,low,2,963195467,50,0.010101010101010102,0.010101010101010102,0.010101010101010102,1.0,1.0,1.0,0.0,0.88,0.8800000000000001,1.0,2,0.0
100,200,extreme,4,low,3,89486560,50,0.010101010101010102,0.010101010101010102,0.010101010101010102,1.0,1.0,1.0,0.0,0.82,0.8200000000000001,1.0,2,0.0
100,200,extreme,4,medium,0,2115676416,50,0.010101010101010102,0.010101010101010102,0.010101010101010102,1.0,1.0,1.0,0.0,0.94,0.9399999999999997,1.0,2,0.0
100,200,extreme,4,medium,1,1579038083,50,0.010101010101010102,0.010101010101010102,0.010101010101010102,1.0,1.0,1.0,0.0,0.84,0.8402499999999999,1.0,2,0.0
100,200,extreme,4,medium,2,1089111063,50,0.010101010101010102,0.010101010101010102,0.010101010101010102,1.0,1.0,1.0,0.0,0.76,0.7599999999999999,1.0,2,0.0
100,200,extreme,4,medium,3,373917409,50,0.010101010101010102,0.010101010101010102,0.010101010101010102,1.0,1.0,1.0,0.0,0.76,0.7599999999999999,1.0,2,0.0
100,200,extreme,4,high,0,1584491128,50,0.010101010101010102,0.010101010101010102,0.010101010101010102,1.0,1.0,1.0,0.0,0.84,0.7994999999999999,1.0,2,0.0
100,200,extreme,4,high,1,1399331196,50,0.010101010101010102,0.010101010101010102,0.010101010101010102,1.0,1.0,1.0,0.0,0.86,0.8570000000000002,1.0,2,0.0
100,200,extreme,4,high,2,1396330325,50,0.010101010101010102,0.010101010101010102,0.010101010101010102,1.0,1.0,1.0,0.0,0.76,0.7602499999999999,1.0,2,0.0
100,200,extreme,4,high,3,1901409482,50,0.010101010101010102,0.010101010101010102,0.010101010101010102,0.9875,0.9875,0.9875,0.0125,0.82,0.79825,0.9875,2,0.0
100,200,extreme,8,low,0,1776825259,50,0.002968395664671757,0.002968395664671757,0.002968395664671757,1.0,1.0,1.0,0.0,0.92,0.9200000000000002,1.0,2,0.0
100,200,extreme,8,low,1,1259966844,50,0.010101010101010102,0.010101010101010102,0.010101010101010102,1.0,1.0,1.0,0.0,0.86,0.8600000000000001,1.0,2,0.0
100,200,extreme,8,low,2,706691423,50,0.010101010101010102,0.010101010101010102,0.010101010101010102,1.0,1.0,1.0,0.0,0.92,0.9200000000000002,1.0,2,0.0
100,200,extreme,8,low,3,1218710590,50,0.010101010101010102,0.010101010101010102,0.010101010101010102,1.0,1.0,1.0,0.0,0.96,0.9600000000000002,1.0,2,0.0
100,200,extreme,8,medium,0,727221698,50,0.010101010101010102,0.010101010101010102,0.010101010101010102,1.0,1.0,1.0,0.0,0.92,0.9200000000000002,1.0,2,0.0
100,200,extreme,8,medium,1,1510756088,50,0.010101010101010102,0.010101010101010102,0.010101010101010102,1.0,1.0,1.0,0.0,0.9,0.9000000000000001,1.0,2,0.0
100,200,extreme,8,medium,2,1400394337,50,0.010101010101010102,0.010101010101010102,0.010101010101010102,1.0,1.0,1.0,0.0,0.92,0.9200000000000002,1.0,2,0.0
100,200,extreme,8,medium,3,1988718784,50,0.010101010101010102,0.010101010101010102,0.010101010101010102,1.0,1.0,1.0,0.0,0.92,0.9200000000000002,1.0,2,0.0
100,200,extreme,8,high,0,1069456299,50,0.003391750469932784,0.003391750469932784,0.003391750469932784,0.9875,0.9875,0.9875,0.0125,0.96,0.9550000000000001,0.9875,2,0.0
100,200,extreme,8,high,1,677691208,50,0.010101010101010102,0.010101010101010102,0.010101010101010102,1.0,1.0,1.0,0.0,0.88,0.8800000000000001,1.0,2,0.0
100,200,extreme,8,high,2,1492369298,50,0.010101010101010102,0.010101010101010102,0.010101010101010102,0.9875,1.0,1.0,0.0125,1.0,0.9572500000000002,0.9875,2,0.0
100,200,extreme,8,high,3,39553352,50,0.010101010101010102,0.010101010101010102,0.010101010101010102,1.0,1.0,1.0,0.0,0.94,0.8642500000000002,1.0,2,0.0
100,400,low,2,low,0,169483978,50,0.010101010101010102,0.010101010101010102,0.010101010101010102,1.0,1.0,1.0,0.0,1.0,1.0,1.0,2,0.0
100,400,low,2,low,1,1121752118,50,0.010101010101010102,0.010101010101010102,0.010101010101010102,1.0,1.0,1.0,0.0,1.0,1.0,1.0,2,0.0
100,400,low,2,low,2,184671986,50,0.010101010101010102,0.010101010101010102,0.010101010101010102,1.0,1.0,1.0,0.0,1.0,1.0,1.0,2,0.0
100,400,low,2,low,3,1167454250,50,0.010101010101010102,0.010101010101010102,0.010101010101010102,1.0,1.0,1.0,0.0,1.0,1.0,1.0,2,0.0
100,400,low,2,medium,0,1850506998,50,0.010101010101010102,0.010101010101010102,0.010101010101010102,1.0,1.0,1.0,0.0,1.0,1.0,1.0,2,0.0
100,400,low,2,medium,1,2056703713,50,0.010101010101010102,0.010101010101010102,0.010101010101010102,1.0,1.0,1.0,0.0,1.0,1.0,1.0,2,0.0
100,400,low,2,medium,2,1667791804,50,0.010101010101010102,0.010101010101010102,0.010101010101010102,1.0,1.0,1.0,0.0,1.0,1.0,1.0,2,0.0
100,400,low,2,medium,3,1850605045,50,0.010101010101010102,0.010101010101010102,0.010101010101010102,1.0,1.0,1.0,0.0,1.0,1.0,1.0,2,0.0
100,400,low,2,high,0,1838297276,50,0.010101010101010102,0.010101010101010102,0.010101010101010102,1.0,1.0,1.0,0.0,1.0,1.0,1.0,2,0.0
100,400,low,2,high,1,31069510,50,0.010101010101010102,0.010101010101010102,0.010101010101010102,1.0,1.0,1.0,0.0,1.0,1.0,1.0,2,0.0
100,400,low,2,high,2,1524283956,50,0.010101010101010102,0.010101010101010102,0.010101010101010102,1.0,1.0,1.0,0.0,1.0,1.0,1.0,2,0.0
100,400,low,2,high,3,1168706963,50,0.010101010101010102,0.010101010101010102,0.010101010101010102,1.0,1.0,1.0,0.0,1.0,1.0,1.0,2,0.0
100,400,low,4,low,0,76368416,50,0.010101010101010102,0.010101010101010102,0.010101010101010102,1.0,1.0,1.0,0.0,1.0,1.0,1.0,2,0.0
100,400,low,4,low,1,2006883316,50,0.007138633961373253,0.007138633961373253,0.007138633961373253,1.0,1.0,1.0,0.0,1.0,1.0,1.0,2,0.0
100,400,low,4,low,2,2037516658,50,0.010101010101010102,0.010101010101010102,0.010101010101010102,1.0,1.0,1.0,0.0,1.0,1.0,1.0,2,0.0
100,400,low,4,low,3,1787435176,50,0.010101010101010102,0.010101010101010102,0.010101010101010102,1.0,1.0,1.0,0.0,1.0,1.0,1.0,2,0.0
100,400,low,4,medium,0,510994082,50,0.010101010101010102,0.010101010101010102,0.010101010101010102,1.0,1.0,1.0,0.0,1.0,1.0,1.0,2,0.0
100,400,low,4,medium,1,293455149,50,0.010101010101010102,0.010101010101010102,0.010101010101010102,1.0,1.0,1.0,0.0,1.0,1.0,1.0,2,0.0
100,400,low,4,medium,2,1043333867,50,0.010101010101010102,0.010101010101010102,0.010101010101010102,1.0,1.0,1.0,0.0,1.0,1.0,1.0,2,0.0
100,400,low,4,medium,3,1428378753,50,0.010101010101010102,0.010101010101010102,0.010101010101010102,1.0,1.0,1.0,0.0,1.0,1.0,1.0,2,0.0
100,400,low,4,high,0,687431112,50,0.010101010101010102,0.010101010101010102,0.010101010101010102,1.0,1.0,1.0,0.0,1.0,1.0,1.0,2,0.0
100,400,low,4,high,1,334040305,50,0.010101010101010102,0.010101010101010102,0.010101010101010102,1.0,1.0,1.0,0.0,1.0,1.0,1.0,2,0.0
100,400,low,4,high,2,1523635031,50,0.010101010101010102,0.010101010101010102,0.010101010101010102,1.0,1.0,1.0,0.0,1.0,1.0,1.0,2,0.0
100,400,low,4,high,3,1719524175,50,0.010101010101010102,0.010101010101010102,0.010101010101010102,1.0,1.0,1.0,0.0,1.0,1.0,1.0,2,0.0
100,400,low,8,low,0,1489647934,50,0.00642225936147357,0.00642225936147357,0.00642225936147357,1.0,1.0,1.0,0.0,1.0,1.0,1.0,2,0.0
100,400,low,8,low,1,232411775,50,0.010101010101010102,0.010101010101010102,0.010101010101010102,1.0,1.0,1.0,0.0,1.0,1.0,1.0,2,0.0
100,400,low,8,low,2,1095737734,50,0.010101010101010102,0.010101010101010102,0.010101010101010102,1.0,1.0,1.0,0.0,1.0,1.0,1.0,2,0.0
100,400,low,8,low,3,212930296,50,0.006745480431085223,0.006745480431085223,0.006745480431085223,1.0,1.0,1.0,0.0,1.0,1.0,1.0,2,0.0
100,400,low,8,medium,0,1858089452,50,0.010101010101010102,0.010101010101010102,0.010101010101010102,1.0,1.0,1.0,0.0,1.0,1.0,1.0,2,0.0
100,400,low,8,medium,1,1963605278,50,0.010101010101010102,0.010101010101010102,0.010101010101010102,1.0,1.0,1.0,0.0,1.0,1.0,1.0,2,0.0
100,400,low,8,medium,2,1042475409,50,0.010101010101010102,0.010101010101010102,0.010101010101010102,1.0,1.0,1.0,0.0,1.0,1.0,1.0,2,0.0
100,400,low,8,medium,3,892596244,50,0.010101010101010102,0.010101010101010102,0.010101010101010102,1.0,1.0,1.0,0.0,1.0,1.0,1.0,2,0.0
100,400,low,8,high,0,1498184299,50,0.008569323598962916,0.008569323598962916,0.008569323598962916,1.0,1.0,1.0,0.0,1.0,1.0,1.0,2,0.0
100,400,low,8,high,1,473352972,50,0.010101010101010102,0.010101010101010102,0.010101010101010102,1.0,1.0,1.0,0.0,1.0,1.0,1.0,2,0.0
100,400,low,8,high,2,1960527794,50,0.010101010101010102,0.010101010101010102,0.010101010101010102,1.0,1.0,1.0,0.0,1.0,1.0,1.0,2,0.0
100,400,low,8,high,3,1124305212,50,0.010101010101010102,0.010101010101010102,0.010101010101010102,1.0,1.0,1.0,0.0,1.0,1.0,1.0,2,0.0
100,400,medium,2,low,0,122065646,50,0.010101010101010102,0.010101010101010102,0.010101010101010102,1.0,1.0,1.0,0.0,1.0,1.0,1.0,2,0.0
100,400,medium,2,low,1,1403008667,50,0.010101010101010102,0.010101010101010102,0.010101010101010102,1.0,1.0,1.0,0.0,1.0,1.0,1.0,2,0.0
100,400,medium,2,low,2,2014235817,50,0.010101010101010102,0.010101010101010102,0.010101010101010102,1.0,1.0,1.0,0.0,1.0,1.0,1.0,2,0.0
100,400,medium,2,low,3,981869336,50,0.010101010101010102,0.010101010101010102,0.010101010101010102,1.0,1.0,1.0,0.0,1.0,1.0,1.0,2,0.0
100,400,medium,2,medium,0,1021747236,50,0.010101010101010102,0.010101010101010102,0.010101010101010102,1.0,1.0,1.0,0.0,1.0,1.0,1.0,2,0.0
100,400,medium,2,medium,1,1324714136,50,0.010101010101010102,0.010101010101010102,0.010101010101010102,1.0,1.0,1.0,0.0,1.0,1.0,1.0,2,0.0
100,400,medium,2,medium,2,1892406874,50,0.010101010101010102,0.010101010101010102,0.010101010101010102,1.0,1.0,1.0,0.0,1.0,1.0,1.0,2,0.0
100,400,medium,2,medium,3,1128590867,50,0.010101010101010102,0.010101010101010102,0.010101010101010102,1.0,1.0,1.0,0.0,0.98,0.9800000000000002,1.0,2,0.0
100,400,medium,2,high,0,702522726,50,0.010101010101010102,0.010101010101010102,0.010101010101010102,1.0,1.0,1.0,0.0,1.0,1.0,1.0,2,0.0
100,400,medium,2,high,1,1766412765,50,0.010101010101010102,0.010101010101010102,0.010101010101010102,1.0,1.0,1.0,0.0,0.98,0.9800000000000002,1.0,2,0.0
100,400,medium,2,high,2,2014381696,50,0.010101010101010102,0.010101010101010102,0.010101010101010102,1.0,1.0,1.0,0.0,1.0,1.0,1.0,2,0.0
100,400,medium,2,high,3,1102466114,50,0.010101010101010102,0.010101010101010102,0.010101010101010102,1.0,1.0,1.0,0.0,1.0,1.0,1.0,2,0.0
100,400,medium,4,low,0,818396181,50,0.010101010101010102,0.010101010101010102,0.010101010101010102,1.0,1.0,1.0,0.0,1.0,1.0,1.0,2,0.0
100,400,medium,4,low,1,1952238062,50,0.010101010101010102,0.010101010101010102,0.010101010101010102,1.0,1.0,1.0,0.0,1.0,1.0,1.0,2,0.0
100,400,medium,4,low,2,20945351,50,0.010101010101010102,0.010101010101010102,0.010101010101010102,1.0,1.0,1.0,0.0,1.0,1.0,1.0,2,0.0
100,400,medium,4,low,3,824914928,50,0.010101010101010102,0.010101010101010102,0.010101010101010102,1.0,1.0,1.0,0.0,1.0,1.0,1.0,2,0.0
100,400,medium,4,medium,0,1644018348,50,0.010101010101010102,0.010101010101010102,0.010101010101010102,1.0,1.0,1.0,0.0,1.0,1.0,1.0,2,0.0
100,400,medium,4,medium,1,1987412453,50,0.010101010101010102,0.010101010101010102,0.010101010101010102,1.0,1.0,1.0,0.0,1.0,1.0,1.0,2,0.0
100,400,medium,4,medium,2,2030365247,50,0.010101010101010102,0.010101010101010102,0.010101010101010102,1.0,1.0,1.0,0.0,1.0,1.0,1.0,2,0.0
100,400,medium,4,medium,3,1446901656,50,0.010101010101010102,0.010101010101010102,0.010101010101010102,1.0,1.0,1.0,0.0,1.0,1.0,1.0,2,0.0
100,400,medium,4,high,0,461944454,50,0.010101010101010102,0.010101010101010102,0.010101010101010102,1.0,1.0,1.0,0.0,1.0,1.0,1.0,2,0.0
100,400,medium,4,high,1,1068809738,50,0.010101010101010102,0.010101010101010102,0.010101010101010102,1.0,1.0,1.0,0.0,1.0,1.0,1.0,2,0.0
100,400,medium,4,high,2,1437882522,50,0.0008784910208472317,0.0008784910208472317,0.0008784910208472317,1.0,1.0,1.0,0.0,1.0,1.0,1.0,2,0.0
100,400,medium,4,high,3,788633567,50,0.010101010101010102,0.010101010101010102,0.010101010101010102,1.0,1.0,1.0,0.0,1.0,1.0,1.0,2,0.0
100,400,medium,8,low,0,733545207,50,0.010101010101010102,0.010101010101010102,0.010101010101010102,1.0,1.0,1.0,0.0,1.0,1.0,1.0,2,0.0
100,400,medium,8,low,1,149069356,50,0.010101010101010102,0.010101010101010102,0.010101010101010102,1.0,1.0,1.0,0.0,1.0,1.0,1.0,2,0.0
100,400,medium,8,low,2,1009223115,50,0.010101010101010102,0.010101010101010102,0.010101010101010102,1.0,1.0,1.0,0.0,1.0,1.0,1.0,2,0.0
100,400,medium,8,low,3,830424162,50,0.010101010101010102,0.010101010101010102,0.010101010101010102,1.0,1.0,1.0,0.0,1.0,1.0,1.0,2,0.0
100,400,medium,8,medium,0,1366639534,50,0.010101010101010102,0.010101010101010102,0.010101010101010102,1.0,1.0,1.0,0.0,1.0,1.0,1.0,2,0.0
100,400,medium,8,medium,1,726622441,50,0.010101010101010102,0.010101010101010102,0.010101010101010102,1.0,1.0,1.0,0.0,1.0,1.0,1.0,2,0.0
100,400,medium,8,medium,2,1175409536,50,0.010101010101010102,0.010101010101010102,0.010101010101010102,1.0,1.0,1.0,0.0,1.0,1.0,1.0,2,0.0
100,400,medium,8,medium,3,230165539,50,0.010101010101010102,0.010101010101010102,0.010101010101010102,1.0,1.0,1.0,0.0,1.0,1.0,1.0,2,0.0
100,400,medium,8,high,0,211529799,50,0.010101010101010102,0.010101010101010102,0.010101010101010102,1.0,1.0,1.0,0.0,1.0,1.0,1.0,2,0.0
100,400,medium,8,high,1,2023426904,50,0.010101010101010102,0.010101010101010102,0.010101010101010102,1.0,1.0,1.0,0.0,1.0,1.0,1.0,2,0.0
100,400,medium,8,high,2,959671930,50,0.010101010101010102,0.010101010101010102,0.010101010101010102,1.0,1.0,1.0,0.0,1.0,1.0,1.0,2,0.0
100,400,medium,8,high,3,953235997,50,0.010101010101010102,0.010101010101010102,0.010101010101010102,1.0,1.0,1.0,0.0,1.0,1.0,1.0,2,0.0
100,400,high,2,low,0,394488704,50,0.010101010101010102,0.010101010101010102,0.010101010101010102,1.0,1.0,1.0,0.0,0.76,0.7599999999999999,1.0,2,0.0
100,400,high,2,low,1,1264496674,50,0.010101010101010102,0.010101010101010102,0.010101010101010102,1.0,1.0,1.0,0.0,0.7,0.7000000000000001,1.0,2,0.0
100,400,high,2,low,2,737540184,50,0.010101010101010102,0.010101010101010102,0.010101010101010102,1.0,1.0,1.0,0.0,0.74,0.7400000000000001,1.0,2,0.0
100,400,high,2,low,3,1409957191,50,0.010101010101010102,0.010101010101010102,0.010101010101010102,1.0,1.0,1.0,0.0,0.78,0.7800000000000001,1.0,2,0.0
100,400,high,2,medium,0,424901965,50,0.010101010101010102,0.010101010101010102,0.010101010101010102,1.0,1.0,1.0,0.0,0.8,0.7999999999999999,1.0,2,0.0
100,400,high,2,medium,1,1320588324,50,0.010101010101010102,0.010101010101010102,0.010101010101010102,1.0,1.0,1.0,0.0,0.82,0.8200000000000001,1.0,2,0.0
100,400,high,2,medium,2,1153352385,50,0.010101010101010102,0.010101010101010102,0.010101010101010102,1.0,1.0,1.0,0.0,0.9,0.9000000000000001,1.0,2,0.0
100,400,high,2,medium,3,542534267,50,0.010101010101010102,0.010101010101010102,0.010101010101010102,1.0,1.0,1.0,0.0,0.82,0.8200000000000001,1.0,2,0.0
100,400,high,2,high,0,1796339466,50,0.010101010101010102,0.010101010101010102,0.010101010101010102,1.0,1.0,1.0,0.0,0.82,0.8200000000000001,1.0,2,0.0
100,400,high,2,high,1,1795115059,50,0.010101010101010102,0.010101010101010102,0.010101010101010102,1.0,1.0,1.0,0.0,0.86,0.8600000000000001,1.0,2,0.0
100,400,high,2,high,2,1890186494,50,0.010101010101010102,0.010101010101010102,0.010101010101010102,1.0,1.0,1.0,0.0,0.78,0.7800000000000001,1.0,2,0.0
100,400,high,2,high,3,448777945,50,0.010101010101010102,0.010101010101010102,0.010101010101010102,1.0,1.0,1.0,0.0,0.68,0.6799999999999999,1.0,2,0.0
100,400,high,4,low,0,718357895,50,0.010101010101010102,0.010101010101010102,0.010101010101010102,1.0,1.0,1.0,0.0,0.94,0.9399999999999997,1.0,2,0.0
100,400,high,4,low,1,281979763,50,0.010101010101010102,0.010101010101010102,0.010101010101010102,1.0,1.0,1.0,0.0,0.82,0.8200000000000001,1.0,2,0.0
100,400,high,4,low,2,869652888,50,0.010101010101010102,0.010101010101010102,0.010101010101010102,1.0,1.0,1.0,0.0,0.9,0.9000000000000001,1.0,2,0.0
100,400,high,4,low,3,71173265,50,0.010101010101010102,0.010101010101010102,0.010101010101010102,1.0,1.0,1.0,0.0,0.8,0.7999999999999999,1.0,2,0.0
100,400,high,4,medium,0,1108943455,50,0.010101010101010102,0.010101010101010102,0.010101010101010102,1.0,1.0,1.0,0.0,0.9,0.9000000000000001,1.0,2,0.0
100,400,high,4,medium,1,1230589593,50,0.010101010101010102,0.010101010101010102,0.010101010101010102,1.0,1.0,1.0,0.0,0.94,0.9399999999999997,1.0,2,0.0
100,400,high,4,medium,2,37684301,50,0.010101010101010102,0.010101010101010102,0.010101010101010102,1.0,1.0,1.0,0.0,0.94,0.9399999999999997,1.0,2,0.0
100,400,high,4,medium,3,1018852116,50,0.010101010101010102,0.010101010101010102,0.010101010101010102,1.0,1.0,1.0,0.0,0.92,0.9200000000000002,1.0,2,0.0
100,400,high,4,high,0,1533253869,50,0.010101010101010102,0.010101010101010102,0.010101010101010102,1.0,1.0,1.0,0.0,0.94,0.9399999999999997,1.0,2,0.0
100,400,high,4,high,1,1509925442,50,0.010101010101010102,0.010101010101010102,0.010101010101010102,1.0,1.0,1.0,0.0,0.9,0.9000000000000001,1.0,2,0.0
100,400,high,4,high,2,495462895,50,0.010101010101010102,0.010101010101010102,0.010101010101010102,1.0,1.0,1.0,0.0,0.96,0.9600000000000002,1.0,2,0.0
100,400,high,4,high,3,1662991569,50,0.010101010101010102,0.010101010101010102,0.010101010101010102,1.0,1.0,1.0,0.0,0.92,0.9200000000000002,1.0,2,0.0
100,400,high,8,low,0,928289046,50,0.010101010101010102,0.010101010101010102,0.010101010101010102,1.0,1.0,1.0,0.0,0.98,0.9800000000000002,1.0,2,0.0
100,400,high,8,low,1,1854162396,50,0.010101010101010102,0.010101010101010102,0.010101010101010102,1.0,1.0,1.0,0.0,0.96,0.9600000000000002,1.0,2,0.0
100,400,high,8,low,2,158312071,50,0.010101010101010102,0.010101010101010102,0.010101010101010102,1.0,1.0,1.0,0.0,0.9,0.9000000000000001,1.0,2,0.0
100,400,high,8,low,3,100415229,50,0.010101010101010102,0.010101010101010102,0.010101010101010102,1.0,1.0,1.0,0.0,0.96,0.9600000000000002,1.0,2,0.0
100,400,high,8,medium,0,1194659126,50,0.010101010101010102,0.010101010101010102,0.010101010101010102,1.0,1.0,1.0,0.0,1.0,1.0,1.0,2,0.0
100,400,high,8,medium,1,887122290,50,0.010101010101010102,0.010101010101010102,0.010101010101010102,1.0,1.0,1.0,0.0,0.96,0.9600000000000002,1.0,2,0.0
100,400,high,8,medium,2,1753637526,50,0.010101010101010102,0.010101010101010102,0.010101010101010102,1.0,1.0,1.0,0.0,0.96,0.9600000000000002,1.0,2,0.0
100,400,high,8,medium,3,1304231700,50,0.010101010101010102,0.010101010101010102,0.010101010101010102,1.0,1.0,1.0,0.0,1.0,1.0,1.0,2,0.0
100,400,high,8,high,0,1044971598,50,0.010101010101010102,0.010101010101010102,0.010101010101010102,1.0,1.0,1.0,0.0,1.0,1.0,1.0,2,0.0
100,400,high,8,high,1,1051344842,50,0.010101010101010102,0.010101010101010102,0.010101010101010102,1.0,1.0,1.0,0.0,0.94,0.9399999999999997,1.0,2,0.0
100,400,high,8,high,2,221616696,50,0.010101010101010102,0.010101010101010102,0.010101010101010102,1.0,1.0,1.0,0.0,0.92,0.9200000000000002,1.0,2,0.0
100,400,high,8,high,3,898190970,50,0.010101010101010102,0.010101010101010102,0.010101010101010102,1.0,1.0,1.0,0.0,1.0,1.0,1.0,2,0.0
100,400,extreme,2,low,0,27857609,50,0.010101010101010102,0.010101010101010102,0.010101010101010102,1.0,1.0,1.0,0.0,0.56,0.5600000000000002,1.0,2,0.0
100,400,extreme,2,low,1,1817371590,50,0.010101010101010102,0.010101010101010102,0.010101010101010102,1.0,1.0,1.0,0.0,0.64,0.6399999999999999,1.0,2,0.0
100,400,extreme,2,low,2,1718509793,50,0.010101010101010102,0.010101010101010102,0.010101010101010102,1.0,1.0,1.0,0.0,0.56,0.5600000000000002,1.0,2,0.0
100,400,extreme,2,low,3,358015481,50,0.010101010101010102,0.010101010101010102,0.010101010101010102,1.0,1.0,1.0,0.0,0.56,0.5600000000000002,1.0,2,0.0
100,400,extreme,2,medium,0,511128305,50,0.010101010101010102,0.010101010101010102,0.010101010101010102,1.0,1.0,1.0,0.0,0.64,0.6399999999999999,1.0,2,0.0
100,400,extreme,2,medium,1,1554405198,50,0.010101010101010102,0.010101010101010102,0.010101010101010102,1.0,1.0,1.0,0.0,0.62,0.62,1.0,2,0.0
100,400,extreme,2,medium,2,2136874242,50,0.010101010101010102,0.010101010101010102,0.010101010101010102,1.0,1.0,1.0,0.0,0.64,0.6399999999999999,1.0,2,0.0
100,400,extreme,2,medium,3,1593010712,50,0.010101010101010102,0.010101010101010102,0.010101010101010102,1.0,1.0,1.0,0.0,0.66,0.66,1.0,2,0.0
100,400,extreme,2,high,0,960448340,50,0.010101010101010102,0.010101010101010102,0.010101010101010102,1.0,1.0,1.0,0.0,0.62,0.62,1.0,2,0.0
100,400,extreme,2,high,1,1720422729,50,0.010101010101010102,0.010101010101010102,0.010101010101010102,1.0,1.0,1.0,0.0,0.62,0.62,1.0,2,0.0
100,400,extreme,2,high,2,535406767,50,0.010101010101010102,0.010101010101010102,0.010101010101010102,1.0,1.0,1.0,0.0,0.64,0.6399999999999999,1.0,2,0.0
100,400,extreme,2,high,3,1891950286,50,0.010101010101010102,0.010101010101010102,0.010101010101010102,1.0,1.0,1.0,0.0,0.6,0.5999999999999999,1.0,2,0.0
100,400,extreme,4,low,0,2041760913,50,0.010101010101010102,0.010101010101010102,0.010101010101010102,1.0,1.0,1.0,0.0,0.78,0.7800000000000001,1.0,2,0.0
100,400,extreme,4,low,1,1808718527,50,0.010101010101010102,0.010101010101010102,0.010101010101010102,1.0,1.0,1.0,0.0,0.72,0.7199999999999999,1.0,2,0.0
100,400,extreme,4,low,2,1594782890,50,0.010101010101010102,0.010101010101010102,0.010101010101010102,1.0,1.0,1.0,0.0,0.86,0.8600000000000001,1.0,2,0.0
100,400,extreme,4,low,3,1535053859,50,0.010101010101010102,0.010101010101010102,0.010101010101010102,1.0,1.0,1.0,0.0,0.88,0.8800000000000001,1.0,2,0.0
100,400,extreme,4,medium,0,1568295733,50,0.010101010101010102,0.010101010101010102,0.010101010101010102,1.0,1.0,1.0,0.0,0.86,0.8600000000000001,1.0,2,0.0
100,400,extreme,4,medium,1,1636624462,50,0.010101010101010102,0.010101010101010102,0.010101010101010102,1.0,1.0,1.0,0.0,0.86,0.8600000000000001,1.0,2,0.0
100,400,extreme,4,medium,2,128077679,50,0.010101010101010102,0.010101010101010102,0.010101010101010102,1.0,1.0,1.0,0.0,0.94,0.9399999999999997,1.0,2,0.0
100,400,extreme,4,medium,3,1821055837,50,0.010101010101010102,0.010101010101010102,0.010101010101010102,1.0,1.0,1.0,0.0,0.94,0.9399999999999997,1.0,2,0.0
100,400,extreme,4,high,0,155417413,50,0.010101010101010102,0.010101010101010102,0.010101010101010102,1.0,1.0,1.0,0.0,0.82,0.8200000000000001,1.0,2,0.0
100,400,extreme,4,high,1,2098502972,50,0.010101010101010102,0.010101010101010102,0.010101010101010102,1.0,1.0,1.0,0.0,0.74,0.7400000000000001,1.0,2,0.0
100,400,extreme,4,high,2,346824969,50,0.010101010101010102,0.010101010101010102,0.010101010101010102,1.0,1.0,1.0,0.0,0.8,0.7999999999999999,1.0,2,0.0
100,400,extreme,4,high,3,1409323511,50,0.010101010101010102,0.010101010101010102,0.010101010101010102,1.0,1.0,1.0,0.0,0.84,0.8400000000000001,1.0,2,0.0
100,400,extreme,8,low,0,193577977,50,0.010101010101010102,0.010101010101010102,0.010101010101010102,1.0,1.0,1.0,0.0,0.88,0.8800000000000001,1.0,2,0.0
100,400,extreme,8,low,1,1976456901,50,0.010101010101010102,0.010101010101010102,0.010101010101010102,1.0,1.0,1.0,0.0,0.9,0.9000000000000001,1.0,2,0.0
100,400,extreme,8,low,2,471785278,50,0.010101010101010102,0.010101010101010102,0.010101010101010102,1.0,1.0,1.0,0.0,0.94,0.9399999999999997,1.0,2,0.0
100,400,extreme,8,low,3,1883960450,50,0.010101010101010102,0.010101010101010102,0.010101010101010102,1.0,1.0,1.0,0.0,0.96,0.9600000000000002,1.0,2,0.0
100,400,extreme,8,medium,0,392535303,50,0.010101010101010102,0.010101010101010102,0.010101010101010102,1.0,1.0,1.0,0.0,0.86,0.8600000000000001,1.0,2,0.0
100,400,extreme,8,medium,1,914264324,50,0.001684792390561813,0.001684792390561813,0.001684792390561813,1.0,1.0,1.0,0.0,0.84,0.8400000000000001,1.0,2,0.0
100,400,extreme,8,medium,2,29116956,50,0.010101010101010102,0.010101010101010102,0.010101010101010102,1.0,1.0,1.0,0.0,0.9,0.9000000000000001,1.0,2,0.0
100,400,extreme,8,medium,3,1148529080,50,0.0015236178860846513,0.0015236178860846513,0.0015236178860846513,1.0,1.0,1.0,0.0,0.82,0.8200000000000001,1.0,2,0.0
100,400,extreme,8,high,0,915198714,50,0.010101010101010102,0.010101010101010102,0.010101010101010102,1.0,1.0,1.0,0.0,0.86,0.8600000000000001,1.0,2,0.0
100,400,extreme,8,high,1,486842744,50,0.010101010101010102,0.010101010101010102,0.010101010101010102,1.0,1.0,1.0,0.0,0.88,0.8800000000000001,1.0,2,0.0
100,400,extreme,8,high,2,1657261874,50,0.010101010101010102,0.010101010101010102,0.010101010101010102,1.0,1.0,1.0,0.0,0.96,0.9600000000000002,1.0,2,0.0
100,400,extreme,8,high,3,1553324353,50,0.010101010101010102,0.010101010101010102,0.010101010101010102,1.0,1.0,1.0,0.0,0.9,0.9000000000000001,1.0,2,0.0
200,20,low,2,low,0,1307505908,50,9.548949138856852,5.160957067467344,6.714862690503715,0.0,0.0,0.0,1.0,0.0,0.0,0.001,1,0.0
200,20,low,2,low,1,1752446356,50,8.950698772333684,4.969707823081361,6.731154171516655,0.0,0.0,0.0,1.0,0.0,0.0,0.001,1,0.0
200,20,low,2,low,2,1583858021,50,9.400196785600428,5.402101800902405,7.083020004493424,0.0,0.0,0.0,1.0,0.0,0.0,0.001,1,0.0
200,20,low,2,low,3,1302036995,50,9.424248890390045,4.789667088998029,6.312691640885314,0.0,0.0,0.0,1.0,0.0,0.0,0.001,1,0.0
200,20,low,2,medium,0,1056598055,50,12.848812760718488,3.535477772752339,5.397536958672221,0.0,0.0125,0.025,1.0,0.0,0.00025,0.001,1,0.0
200,20,low,2,medium,1,502249955,50,6.260307530017694,1.9686081275664025,3.1947341104946,0.0,0.05,0.1125,1.0,0.0,0.0045,0.001,1,0.0
200,20,low,2,medium,2,1063243884,50,9.220484958165002,3.514949076680032,4.6615941128264815,0.0,0.0,0.0125,1.0,0.0,0.0,0.001,1,0.0
200,20,low,2,medium,3,2139686550,50,10.155128632804622,2.676271085912199,3.6950898423781044,0.0,0.0125,0.0375,1.0,0.0,0.0,0.001,1,0.0
200,20,low,2,high,0,365403883,50,11.4510545797697,1.0357553693806913,2.5516306402820206,0.1,0.15,0.225,0.9,1.0,0.09675,0.1,1,0.0
200,20,low,2,high,1,1143289917,50,140.4155942791256,1.0360959604822482,2.8868225349928167,0.1,0.15,0.225,0.9,1.0,0.1,0.1,1,0.0
200,20,low,2,high,2,2057876987,50,13.770935301672743,1.2334014595487797,2.376295225172094,0.075,0.1625,0.2,0.925,0.98,0.08425,0.075,1,0.0
200,20,low,2,high,3,1860629887,50,7.12542737851126,0.8654842423760932,2.3128270829744837,0.1125,0.1625,0.225,0.8875,1.0,0.11200000000000002,0.1125,1,0.0
200,20,low,4,low,0,1508963628,50,9.072007888593774,5.165088111945333,6.127542101796856,0.0,0.0,0.0,1.0,0.0,0.0,0.001,1,0.0
200,20,low,4,low,1,2007227120,50,6.086094916422246,3.7050323590580994,4.839169238430963,0.0,0.0,0.0,1.0,0.0,0.0,0.001,1,0.0
200,20,low,4,low,2,840016895,50,7.54811561401547,4.3263749809474525,5.619907585862284,0.0,0.0,0.0,1.0,0.0,0.0,0.001,1,0.0
200,20,low,4,low,3,1604961520,50,4.299926693991415,2.130019333768187,2.7778673998724184,0.0,0.0125,0.05,1.0,0.0,0.002,0.001,1,0.0
200,20,low,4,medium,0,802648951,50,4.195118336567111,0.2250280999101152,0.9182560050063425,0.275,0.3375,0.3875,0.725,1.0,0.24850000000000003,0.275,1,0.0
200,20,low,4,medium,1,1680515677,50,5.98618836356454,1.421450065534481,2.808359137173568,0.0375,0.1125,0.1375,0.9625,0.5,0.053500000000000006,0.0375,1,0.0
200,20,low,4,medium,2,1460064215,50,4.032446593380403,0.6903193343935212,1.4919746622083547,0.175,0.25,0.2875,0.825,1.0,0.17825,0.175,1,0.0
200,20,low,4,medium,3,1853672160,50,2.9519396821256048,0.6803697653758487,1.466131129621646,0.175,0.2625,0.35,0.825,1.0,0.167,0.175,1,0.0
200,20,low,4,high,0,728630599,50,1.689247372219693,0.14910218583819324,0.3259845304296779,0.4625,0.4875,0.5125,0.5375,1.0,0.47475000000000006,0.4625,1,0.0
200,20,low,4,high,1,464864236,50,8.16530273755796,0.8890437388459447,2.128571896011802,0.1375,0.1875,0.2375,0.8625,1.0,0.12875,0.1375,1,0.0
200,20,low,4,high,2,355996717,50,4.84706506722488,0.7687670450508653,1.4588784771895398,0.15,0.2625,0.375,0.85,1.0,0.16475,0.15,1,0.0
200,20,low,4,high,3,261513563,50,14.018981678389949,0.15916889241518803,0.9047386005757356,0.275,0.35,0.375,0.725,1.0,0.27025,0.275,1,0.0
200,20,low,8,low,0,310496637,50,1.429410438755309,0.45824067220394954,0.7948252313123848,0.375,0.5125,0.7125,0.625,0.96,0.409,0.375,1,0.0
200,20,low,8,low,1,448377914,50,1.0722182910531988,0.20691209753604722,0.6911726053531769,0.4375,0.6,0.75,0.5625,1.0,0.44175000000000003,0.4375,1,0.0
200,20,low,8,low,2,1605828731,50,2.1976255548097345,1.025831862559663,1.382884548579863,0.1,0.275,0.4625,0.9,0.76,0.16925,0.1,1,0.0
200,20,low,8,low,3,1499901440,50,2.870100747291355,1.6541142235747375,2.046736398261994,0.0,0.075,0.2375,1.0,0.16,0.0395,0.001,1,0.0
200,20,low,8,medium,0,1662265570,50,3.146195907428657,0.6142315550025231,1.2578924619865761,0.175,0.325,0.3875,0.825,1.0,0.20975000000000002,0.175,1,0.0
200,20,low,8,medium,1,1179103267,50,0.6025078131228079,0.03170277848279716,0.11155053460276299,0.575,0.625,0.625,0.425,1.0,0.57875,0.575,2,0.0
200,20,low,8,medium,2,1220851685,50,0.643326096440499,0.1263370663468626,0.29163041871013606,0.5625,0.6,0.625,0.4375,1.0,0.5227499999999999,0.5625,2,0.0
200,20,low,8,medium,3,709309229,50,1.3143882473956539,0.058489052049069484,0.16084882943626028,0.4125,0.55,0.6125,0.5875,1.0,0.47575,0.4125,1,0.0
200,20,low,8,high,0,1490482390,50,4.78454593508232,0.19325639273065026,0.49260706829885553,0.3375,0.3875,0.4125,0.6625,1.0,0.35700000000000004,0.3375,1,0.0
200,20,low,8,high,1,1521868875,50,14.229870588044976,0.05001510525083496,0.42368282441496313,0.325,0.375,0.425,0.675,1.0,0.3255,0.325,1,0.0
200,20,low,8,high,2,131124724,50,3.7583881847374503,0.048008418936638396,0.2568778551227054,0.4,0.4125,0.425,0.6,1.0,0.39175,0.4,1,0.0
200,20,low,8,high,3,1652605705,50,0.4071614185679314,0.04121978821738142,0.13179976859280002,0.5625,0.575,0.5875,0.4375,1.0,0.579,0.5625,2,0.0
200,20,medium,2,low,0,144291528,50,9.552599658921668,5.293346181497886,6.797583597697889,0.0,0.0,0.0,1.0,0.0,0.0,0.001,1,0.0
200,20,medium,2,low,1,1731435899,50,10.179887068334875,5.178724758865016,6.222590421967296,0.0,0.0,0.0,1.0,0.0,0.0,0.001,1,0.0
200,20,medium,2,low,2,158838744,50,8.417838347813614,4.930130498307835,5.745868497778731,0.0,0.0,0.0,1.0,0.0,0.0,0.001,1,0.0
200,20,medium,2,low,3,1395114504,50,8.080282132391265,5.526609799266347,6.532964226424818,0.0,0.0,0.0,1.0,0.0,0.0,0.001,1,0.0
200,20,medium,2,medium,0,845830659,50,11.930757108537456,2.4452845008741835,3.9496871424456956,0.0125,0.05,0.05,0.9875,0.04,0.025,0.0125,1,0.0
200,20,medium,2,medium,1,367712768,50,7.945826915232933,2.8143795968011864,3.668942148013165,0.0,0.0125,0.025,1.0,0.04,0.0155,0.001,1,0.0
200,20,medium,2,medium,2,517589703,50,9.996955105471162,2.675589254901453,4.306352352917372,0.0,0.025,0.05,1.0,0.02,0.00875,0.001,1,0.0
200,20,medium,2,medium,3,1450044819,50,8.855027721421308,2.695393925976326,3.9155661335177676,0.0,0.0375,0.0375,1.0,0.02,0.011000000000000001,0.001,1,0.0
200,20,medium,2,high,0,629058474,50,10.057365921085585,1.1304524377727798,2.3072820874618416,0.0625,0.1375,0.2125,0.9375,0.54,0.081,0.0625,1,0.0
200,20,medium,2,high,1,1557508417,50,15.518797666079193,1.0640004121680977,2.5847116729505726,0.1,0.15,0.2125,0.9,1.0,0.1125,0.1,1,0.0
200,20,medium,2,high,2,183971320,50,7.6495011813607885,1.343785749481203,2.490642842901527,0.075,0.1375,0.2,0.925,0.96,0.09525,0.075,1,0.0
200,20,medium,2,high,3,1618819534,50,11.073397420691187,1.0533385666544606,2.3143133635933983,0.1,0.1625,0.2125,0.9,0.92,0.12125,0.1,1,0.0
200,20,medium,4,low,0,1177560377,50,3.3718001759702823,1.7930408665270547,2.602314276065959,0.0,0.0375,0.1625,1.0,0.34,0.13075,0.001,1,0.0
200,20,medium,4,low,1,1756662667,50,1.824057508909441,0.5059462557047327,0.9771041690061876,0.275,0.3875,0.525,0.725,0.68,0.33775000000000005,0.275,1,0.0
200,20,medium,4,low,2,811312721,50,8.973496077924612,5.094083635791935,6.516424908073681,0.0,0.0,0.0,1.0,0.0,0.0,0.001,1,0.0
200,20,medium,4,low,3,762789614,50,1.3455007872330715,0.5030513399368812,0.6823042723814285,0.4,0.525,0.6375,0.6,0.84,0.49625,0.4,1,0.0
200,20,medium,4,medium,0,475419315,50,2.0736787672441013,0.29114195183064784,0.806960364168757,0.2875,0.4,0.5,0.7125,1.0,0.3955,0.2875,1,0.0
200,20,medium,4,medium,1,588836392,50,1.2024426188300161,0.033291521269738715,0.26116161681283045,0.4875,0.55,0.6125,0.5125,1.0,0.54525,0.4875,1,0.0
200,20,medium,4,medium,2,1987371135,50,6.651233651965173,2.1873779291759163,3.5772011518871873,0.0125,0.0625,0.075,0.9875,0.24,0.0225,0.0125,1,0.0
200,20,medium,4,medium,3,2094144232,50,2.2445756469977463,0.1576078728065608,0.6652942604170117,0.3375,0.45,0.475,0.6625,1.0,0.31475,0.3375,1,0.0
200,20,medium,4,high,0,224439121,50,0.4756014279421299,0.0788740560238423,0.22786393053566376,0.5625,0.6,0.625,0.4375,1.0,0.64225,0.5625,2,0.0
200,20,medium,4,high,1,1716613866,50,12.619411331603125,0.07719977646463769,0.39676396415383974,0.3125,0.3625,0.3875,0.6875,1.0,0.3135,0.3125,1,0.0
200,20,medium,4,high,2,1575191433,50,1.2288053150782736,0.0389622443521124,0.22819900481858005,0.4875,0.525,0.55,0.5125,1.0,0.5039999999999999,0.4875,1,0.0
200,20,medium,4,high,3,883961259,50,3.7285968672860186,0.28326015541988825,0.5594986209634625,0.3375,0.375,0.425,0.6625,1.0,0.3675,0.3375,1,0.0
200,20,medium,8,low,0,576342388,50,0.8547577774677119,0.11432784341312796,0.32626053482149675,0.525,0.7125,0.7875,0.475,0.86,0.5895,0.525,2,0.0
200,20,medium,8,low,1,1159903735,50,2.3197323415667865,1.013723558650088,1.5824002090897928,0.075,0.25,0.3875,0.925,0.7,0.39025,0.075,1,0.0
200,20,medium,8,low,2,1668148939,50,2.0003420940238748,0.7854653121523993,1.3356641282939838,0.175,0.3625,0.5,0.825,0.68,0.35425000000000006,0.175,1,0.0
200,20,medium,8,low,3,1879608130,50,0.6637656270849508,0.0902834059490584,0.2678635897175594,0.5875,0.7125,0.7875,0.4125,0.92,0.5582500000000001,0.5875,2,0.0
200,20,medium,8,medium,0,1715669544,50,3.3970010158917123,0.5222222490691361,1.4323537884772044,0.175,0.2625,0.3875,0.825,0.94,0.25125000000000003,0.175,1,0.0
200,20,medium,8,medium,1,1831336035,50,3.2719313602863327,0.5373856887393467,1.338806172411662,0.1625,0.275,0.35,0.8375,0.9,0.3235,0.1625,1,0.0
200,20,medium,8,medium,2,220043980,50,1.1487114759886827,0.12001582667284358,0.3423672295677265,0.4875,0.5375,0.55,0.5125,1.0,0.5807499999999999,0.4875,1,0.0
200,20,medium,8,medium,3,1084161905,50,3.4355348684639653,0.21274427650914626,0.4479399451767645,0.325,0.3875,0.45,0.675,1.0,0.34800000000000003,0.325,1,0.0
200,20,medium,8,high,0,1258913154,50,4.898474218686906,0.06513867864010457,0.18701144647787007,0.3875,0.4125,0.45,0.6125,1.0,0.47675,0.3875,1,0.0
200,20,medium,8,high,1,298404202,50,1.4100262621788295,0.0374453054307949,0.11500621359318047,0.475,0.5,0.525,0.525,1.0,0.5425000000000001,0.475,1,0.0
200,20,medium,8,high,2,1284620321,50,0.6417672560133212,0.024249378547839474,0.07100207717906684,0.5375,0.575,0.575,0.4625,1.0,0.60575,0.5375,2,0.0
200,20,medium,8,high,3,1565182463,50,0.7717083570332941,0.054786860567302795,0.29332138356845106,0.525,0.5625,0.5875,0.475,1.0,0.5885,0.525,2,0.0
200,20,high,2,low,0,1950456291,50,9.065897010154309,5.053419593451667,6.765041075867899,0.0,0.0,0.0,1.0,0.12,0.0495,0.001,1,0.0
200,20,high,2,low,1,1575427619,50,10.391993334017766,5.339689723603016,6.51657847706518,0.0,0.0,0.0,1.0,0.08,0.028249999999999997,0.001,1,0.0
200,20,high,2,low,2,1765645946,50,8.965923017430587,4.557432203915919,6.17174976864569,0.0,0.0,0.0,1.0,0.04,0.026250000000000002,0.001,1,0.0
200,20,high,2,low,3,971807673,50,10.375138483651709,5.4397139285456975,7.2921789180969725,0.0,0.0,0.0,1.0,0.02,0.006500000000000001,0.001,1,0.0
200,20,high,2,medium,0,1949287655,50,6.763155636746683,1.8897848476412868,3.4875405974371283,0.0,0.025,0.1125,1.0,0.32,0.11850000000000001,0.001,1,0.0
200,20,high,2,medium,1,1183331355,50,12.82223795188036,2.918336568725942,5.331603653293024,0.0,0.025,0.0625,1.0,0.3,0.08225,0.001,1,0.0
200,20,high,2,medium,2,1508525664,50,7.053783662942157,2.6518105375492174,3.5513620807365696,0.0,0.0,0.025,1.0,0.14,0.0305,0.001,1,0.0
200,20,high,2,medium,3,948989409,50,11.933852355192942,2.509159292565676,4.161532129405293,0.0,0.0125,0.0625,1.0,0.32,0.08475000000000002,0.001,1,0.0
200,20,high,2,high,0,133108573,50,9.520282055943397,0.7253452191535005,2.253391401317767,0.125,0.225,0.225,0.875,0.86,0.1705,0.125,1,0.0
200,20,high,2,high,1,1663085228,50,7.441544809400318,0.9269168784774902,1.6282681881817012,0.1375,0.225,0.3,0.8625,0.74,0.17725,0.1375,1,0.0
200,20,high,2,high,2,642353257,50,8.531870874796606,0.934137667691106,2.000544882006765,0.1125,0.1875,0.25,0.8875,0.66,0.18175000000000002,0.1125,1,0.0
200,20,high,2,high,3,68756849,50,7.438411912642699,0.7295022946408801,1.832336971008097,0.15,0.2,0.2625,0.85,0.8,0.179,0.15,1,0.0
200,20,high,4,low,0,518842757,50,9.269543470721946,5.567559503645875,6.6690104405618875,0.0,0.0,0.0,1.0,0.06,0.0365,0.001,1,0.0
200,20,high,4,low,1,1664557203,50,9.70951974665034,5.601107758516949,6.788314932143646,0.0,0.0,0.0,1.0,0.18,0.11700000000000002,0.001,1,0.0
200,20,high,4,low,2,2042349304,50,2.5349358702841776,1.2415760639862983,1.7228695549319681,0.05,0.2,0.325,0.95,0.54,0.41850000000000004,0.05,1,0.0
200,20,high,4,low,3,1473508040,50,2.59069316259829,1.369900219007757,1.6362815959684691,0.0625,0.1875,0.4,0.9375,0.44,0.37074999999999997,0.0625,1,0.0
200,20,high,4,medium,0,1305077317,50,0.8266909345297057,0.04618318762080837,0.1672915839448085,0.5125,0.55,0.5625,0.4875,0.88,0.5740000000000001,0.5125,2,0.0
200,20,high,4,medium,1,891275482,50,6.362331956811894,1.646436960105723,2.637206406706776,0.075,0.1,0.1875,0.925,0.74,0.21150000000000002,0.075,1,0.0
200,20,high,4,medium,2,1887761977,50,1.2410920342955645,0.15732198742229556,0.3747110551795598,0.475,0.5375,0.6125,0.525,0.92,0.65725,0.475,1,0.0
200,20,high,4,medium,3,914689977,50,3.0119144907066104,0.6850176946757477,1.4319339278100405,0.1625,0.2875,0.3875,0.8375,0.88,0.44699999999999995,0.1625,1,0.0
200,20,high,4,high,0,1847124183,50,2.2562982339798703,0.15380586158529866,0.34976097203910855,0.425,0.45,0.475,0.575,1.0,0.5229999999999999,0.425,1,0.0
200,20,high,4,high,1,1890691516,50,3.811718797136022,0.10566691090996509,0.40810658345068146,0.3625,0.4,0.425,0.6375,1.0,0.51475,0.3625,1,0.0
200,20,high,4,high,2,73912036,50,4.3343405458910125,0.10472370928505331,0.40169651239430815,0.3625,0.4,0.425,0.6375,1.0,0.5650000000000001,0.3625,1,0.0
200,20,high,4,high,3,492428389,50,3.844377691921025,0.09258220556876105,0.3224370803554049,0.3125,0.3625,0.425,0.6875,0.98,0.391,0.3125,1,0.0
200,20,high,8,low,0,1375615287,50,6.071511898006795,2.742540713986366,3.750144463003821,0.0,0.0,0.0,1.0,0.62,0.4494999999999999,0.001,1,0.0
200,20,high,8,low,1,1896468741,50,2.4326150013015617,1.0711216891177864,1.4025822714642513,0.075,0.275,0.3375,0.925,0.74,0.60625,0.075,1,0.0
200,20,high,8,low,2,135263364,50,1.3767414388853738,0.23532666949075282,0.6997447582250663,0.4125,0.5375,0.6875,0.5875,0.76,0.67,0.4125,1,0.0
200,20,high,8,low,3,1474254558,50,1.5760741578177462,0.608747374236226,0.9960298498324379,0.2625,0.45,0.675,0.7375,0.72,0.5817500000000001,0.2625,1,0.0
200,20,high,8,medium,0,998364601,50,3.792120247455861,0.28207140366614264,0.7291077367154637,0.325,0.4,0.4,0.675,1.0,0.7095,0.325,1,0.0
200,20,high,8,medium,1,1442327970,50,5.828151185051058,1.2983364636747736,1.905351203683367,0.025,0.1625,0.2625,0.975,0.74,0.43624999999999997,0.025,1,0.0
200,20,high,8,medium,2,1107675524,50,0.8996413967778829,0.06475814506536032,0.1999311550972124,0.5125,0.6,0.6125,0.4875,0.88,0.6555,0.5125,2,0.0
200,20,high,8,medium,3,1128201025,50,2.461560248177726,0.21067985786232188,1.0413484515111664,0.25,0.3375,0.3875,0.75,1.0,0.64,0.25,1,0.0
200,20,high,8,high,0,1415633205,50,6.939959653328126,0.07318145329467278,0.2591810801241727,0.375,0.425,0.4375,0.625,1.0,0.601,0.375,1,0.0
200,20,high,8,high,1,1453897774,50,2.5686026260152115,0.059875460623426385,0.34205110860276355,0.3875,0.425,0.475,0.6125,1.0,0.7150000000000001,0.3875,1,0.0
200,20,high,8,high,2,161726293,50,1.6247206156756913,0.07861602988601014,0.26212361776543136,0.4875,0.5,0.5,0.5125,1.0,0.748,0.4875,1,0.0
200,20,high,8,high,3,803891727,50,0.40232655584705757,0.041432506914863554,0.11899252384497111,0.55,0.5625,0.5625,0.45,1.0,0.77675,0.55,2,0.0
200,20,extreme,2,low,0,551298678,50,9.728776709018714,5.457571767880454,7.26980468071105,0.0,0.0,0.0,1.0,0.36,0.3005,0.001,1,0.0
200,20,extreme,2,low,1,1019712803,50,7.928385939625807,4.543299632059485,5.386038321311714,0.0,0.0,0.0,1.0,0.28,0.192,0.001,1,0.0
200,20,extreme,2,low,2,1867754693,50,7.363708827536478,4.558011608653632,5.792872050016534,0.0,0.0,0.0,1.0,0.38,0.32849999999999996,0.001,1,0.0
200,20,extreme,2,low,3,276726372,50,8.869380019319095,4.946427927765549,5.883350876706423,0.0,0.0,0.0,1.0,0.26,0.22699999999999995,0.001,1,0.0
200,20,extreme,2,medium,0,34586734,50,12.719250679055904,2.3800372483163015,4.93917534702747,0.0,0.0,0.05,1.0,0.4,0.2605,0.001,1,0.0
200,20,extreme,2,medium,1,1854281744,50,12.505794458554906,2.737343852093272,5.1666298084809466,0.0,0.0125,0.025,1.0,0.46,0.29575000000000007,0.001,1,0.0
200,20,extreme,2,medium,2,1069052335,50,6.665525727267654,2.372113789368373,3.2887221313280697,0.0,0.0125,0.075,1.0,0.48,0.28625,0.001,1,0.0
200,20,extreme,2,medium,3,1011908599,50,7.448642482021721,1.9292678023574974,3.0015583658482363,0.0125,0.05,0.1125,0.9875,0.48,0.265,0.0125,1,0.0
200,20,extreme,2,high,0,1556533066,50,15.063810441862953,0.8088495355614481,1.595988701084974,0.15,0.2375,0.275,0.85,0.8,0.39449999999999996,0.15,1,0.0
200,20,extreme,2,high,1,235672511,50,6.980451480702548,1.060389385962881,1.8893725547229723,0.0875,0.175,0.275,0.9125,0.64,0.2895,0.0875,1,0.0
200,20,extreme,2,high,2,2014112218,50,6.915640728884389,0.707916803166307,1.5302010678830436,0.1875,0.25,0.325,0.8125,0.72,0.29675,0.1875,1,0.0
200,20,extreme,2,high,3,1494458583,50,7.159258178531477,0.9310219208885512,2.173042285774247,0.1375,0.1625,0.25,0.8625,0.66,0.37249999999999994,0.1375,1,0.0
200,20,extreme,4,low,0,13340339,50,7.260439024122833,4.814345002814735,5.717462697480585,0.0,0.0,0.0,1.0,0.64,0.6267499999999999,0.001,1,0.0
200,20,extreme,4,low,1,7588400,50,7.098421715322843,3.950334452014862,5.323986298078052,0.0,0.0,0.0,1.0,0.64,0.5725,0.001,1,0.0
200,20,extreme,4,low,2,427849605,50,0.8416220532219969,0.08467451289300335,0.31956482726525026,0.5625,0.6875,0.7875,0.4375,0.74,0.64825,0.5625,2,0.0
200,20,extreme,4,low,3,563581046,50,6.675479683924428,3.5882982837486654,4.781193576238728,0.0,0.0,0.0,1.0,0.56,0.46275000000000005,0.001,1,0.0
200,20,extreme,4,medium,0,587013127,50,2.477238385285223,0.36486137216326187,0.9991607744028825,0.25,0.3625,0.475,0.75,0.76,0.6057500000000001,0.25,1,0.0
200,20,extreme,4,medium,1,283118207,50,7.809358076785739,1.8834642056993156,3.155358670094953,0.025,0.0625,0.15,0.975,0.86,0.7045,0.025,1,0.0
200,20,extreme,4,medium,2,1359702542,50,6.001899682467238,1.5407832135917974,2.6823342607422838,0.025,0.1,0.2,0.975,0.66,0.508,0.025,1,0.0
200,20,extreme,4,medium,3,793992623,50,4.383531605494258,0.8880031440493137,1.6550489758339773,0.1375,0.2,0.3,0.8625,0.8,0.6,0.1375,1,0.0
200,20,extreme,4,high,0,1883473873,50,4.304101718442034,0.06841342171214938,0.6209479920323895,0.3125,0.35,0.4125,0.6875,1.0,0.6540000000000001,0.3125,1,0.0
200,20,extreme,4,high,1,2027768950,50,4.075199234044684,0.2311556003469889,0.2986934947812004,0.3875,0.4125,0.475,0.6125,1.0,0.646,0.3875,1,0.0
200,20,extreme,4,high,2,1009097803,50,2.0720472500118103,0.16721809799341025,0.35494968219699163,0.375,0.425,0.5,0.625,0.98,0.6695,0.375,1,0.0
200,20,extreme,4,high,3,258331138,50,2.2414120267855746,0.11816760939507256,0.274504505555753,0.35,0.4125,0.45,0.65,0.94,0.7084999999999999,0.35,1,0.0
200,20,extreme,8,low,0,1797482854,50,2.169857083969238,1.3983958386442554,1.6038912973620219,0.0625,0.2125,0.4375,0.9375,0.86,0.7797499999999999,0.0625,1,0.0
200,20,extreme,8,low,1,1212917356,50,1.3838770505586466,0.6213720099902504,0.8354802532341595,0.3125,0.575,0.775,0.6875,0.86,0.8079999999999998,0.3125,1,0.0
200,20,extreme,8,low,2,681509665,50,2.345468988291633,1.1675058754199064,1.5185041209610293,0.0625,0.25,0.4,0.9375,0.8,0.7887500000000001,0.0625,1,0.0
200,20,extreme,8,low,3,247640910,50,3.062033284545386,1.648934220220653,1.9835861574842975,0.0125,0.0625,0.2625,0.9875,0.82,0.7377499999999999,0.0125,1,0.0
200,20,extreme,8,medium,0,1638229619,50,1.820899341367134,0.2470196772091975,0.735379699179243,0.325,0.425,0.5125,0.675,0.96,0.8085000000000001,0.325,1,0.0
200,20,extreme,8,medium,1,71430945,50,0.8031622166450023,0.11958972467897003,0.30956743591281466,0.5375,0.6,0.6375,0.4625,1.0,0.787,0.5375,2,0.0
200,20,extreme,8,medium,2,1089945513,50,7.110106408183355,1.248973424989868,2.584597105061892,0.075,0.15,0.2,0.925,0.94,0.7055,0.075,1,0.0
200,20,extreme,8,medium,3,1408513555,50,3.3356039980416594,0.1479961287509205,0.5969259247534966,0.35,0.3875,0.4375,0.65,0.96,0.8630000000000001,0.35,1,0.0
200,20,extreme,8,high,0,1058980946,50,12.74145459574961,0.09416169951246695,0.3413810580082684,0.4125,0.4375,0.4375,0.5875,1.0,0.788,0.4125,1,0.0
200,20,extreme,8,high,1,1981579282,50,1.3399162619475085,0.032675491277555056,0.08182035687756967,0.4875,0.525,0.5375,0.5125,0.98,0.8850000000000001,0.4875,1,0.0
200,20,extreme,8,high,2,863103778,50,0.6655274183953199,0.07114573661860901,0.14599542078184838,0.525,0.575,0.5875,0.475,1.0,0.7837500000000001,0.525,2,0.0
200,20,extreme,8,high,3,1639163115,50,0.5125924190138513,0.09692807631046307,0.24853966382507892,0.55,0.5875,0.5875,0.45,1.0,0.8405000000000001,0.55,2,0.0
200,50,low,2,low,0,1639525077,50,3.0321596868920686,2.216380456875117,2.477476828674159,0.0,0.0,0.0625,1.0,0.0,0.0,0.001,1,0.0
200,50,low,2,low,1,2066621899,50,2.9803966736771486,2.3051439758555463,2.5887302967835746,0.0,0.0,0.025,1.0,0.0,0.0,0.001,1,0.0
200,50,low,2,low,2,553683720,50,2.963620948263672,2.1078777881534476,2.4751156641250005,0.0,0.0,0.05,1.0,0.0,0.0,0.001,1,0.0
200,50,low,2,low,3,1353389580,50,3.073651570629756,2.214804437611199,2.628020834999307,0.0,0.0,0.0375,1.0,0.0,0.0,0.001,1,0.0
200,50,low,2,medium,0,1657852599,50,3.604335438242872,1.3389399905034212,2.052765569129294,0.0625,0.1625,0.2375,0.9375,0.56,0.0605,0.0625,1,0.0
200,50,low,2,medium,1,700067581,50,3.2453996252089494,1.2996270107483248,1.9934464621596222,0.0375,0.15,0.2625,0.9625,0.32,0.04925,0.0375,1,0.0
200,50,low,2,medium,2,1120024474,50,2.9363306381403973,1.1604661365812043,1.7168694091212975,0.0625,0.175,0.325,0.9375,0.78,0.071,0.0625,1,0.0
200,50,low,2,medium,3,1677550116,50,3.8174774517117145,1.3102745926091592,1.8963355474783947,0.0125,0.1625,0.2625,0.9875,0.12,0.0165,0.0125,1,0.0
200,50,low,2,high,0,235159050,50,4.615858060798926,0.31115477418886744,1.142348041282686,0.2,0.2625,0.2875,0.8,1.0,0.21974999999999997,0.2,1,0.0
200,50,low,2,high,1,401131949,50,2.6920673586516712,0.5410999609966168,1.2158211655769118,0.225,0.325,0.3875,0.775,1.0,0.21875,0.225,1,0.0
200,50,low,2,high,2,1956599240,50,2.5573919976017283,0.5373566982542141,1.1515917715818365,0.15,0.35,0.45,0.85,1.0,0.18375,0.15,1,0.0
200,50,low,2,high,3,597652278,50,1.5753704251532468,0.44690196194234116,0.7817337275204956,0.3125,0.4875,0.55,0.6875,1.0,0.32849999999999996,0.3125,1,0.0
200,50,low,4,low,0,1066137073,50,0.3345642146462553,0.06998880920280891,0.1891750017472476,0.9375,0.9875,1.0,0.0625,1.0,0.9182500000000001,0.9375,2,0.0
200,50,low,4,low,1,1874592269,50,1.3732803536760851,0.998729491802029,1.084072874348775,0.125,0.6,0.8125,0.875,0.78,0.21825,0.125,1,0.0
200,50,low,4,low,2,1676995491,50,1.84172529737396,1.3988774392335372,1.582114429825486,0.0,0.175,0.6,1.0,0.12,0.028749999999999998,0.001,1,0.0
200,50,low,4,low,3,426875951,50,2.5946043219658135,1.814340088243108,2.161760025246415,0.0,0.025,0.1625,1.0,0.0,0.0005,0.001,1,0.0
200,50,low,4,medium,0,1642730766,50,0.2978527551236704,0.0751481575144242,0.17412960009345388,0.7875,0.8375,0.8625,0.2125,1.0,0.7967500000000001,0.7875,2,0.0
200,50,low,4,medium,1,202377542,50,3.266998886915248,1.2640485632483676,2.0381303717684256,0.0375,0.1375,0.25,0.9625,0.12,0.0395,0.0375,1,0.0
200,50,low,4,medium,2,1629988206,50,0.3429616184550406,0.04302030314499026,0.11501361649962273,0.7,0.75,0.7875,0.3,1.0,0.6925000000000001,0.7,2,0.0
200,50,low,4,medium,3,569523156,50,0.9876044876662258,0.26040641250145674,0.5960189104188187,0.5,0.6625,0.7625,0.5,1.0,0.51775,0.5,2,0.0
200,50,low,4,high,0,1195139779,50,4.801988963015042,0.6793724301765436,1.0776303447987838,0.2125,0.3625,0.375,0.7875,1.0,0.23075,0.2125,1,0.0
200,50,low,4,high,1,2018222500,50,0.4306922658377976,0.09772945643915945,0.23190076119397435,0.7625,0.7875,0.8,0.2375,1.0,0.7665,0.7625,2,0.0
200,50,low,4,high,2,866412032,50,0.6570598236542311,0.34126788935690866,0.48171332847186193,0.575,0.6,0.6625,0.425,1.0,0.5912499999999999,0.575,2,0.0
200,50,low,4,high,3,119355118,50,0.6921502062468705,0.1597944723153708,0.3410266967822243,0.55,0.575,0.575,0.45,1.0,0.54125,0.55,2,0.0
200,50,low,8,low,0,1416039051,50,0.451490851488591,0.1112117627883838,0.24532978643582865,0.9,0.975,0.9875,0.1,1.0,0.9010000000000001,0.9,2,0.0
200,50,low,8,low,1,1402697998,50,0.08699102904207366,0.019817384598400323,0.048596280807743336,1.0,1.0,1.0,0.0,1.0,0.9950000000000001,1.0,2,0.0
200,50,low,8,low,2,1866239887,50,0.129772252375359,0.022202354004966354,0.04826554959522732,0.9875,1.0,1.0,0.0125,1.0,0.97,0.9875,2,0.0
200,50,low,8,low,3,1026626193,50,0.0809195558321178,0.01589608206663368,0.038247173548269106,1.0,1.0,1.0,0.0,1.0,0.9850000000000001,1.0,2,0.0
200,50,low,8,medium,0,713957022,50,0.23742773964579594,0.04828499800751767,0.10795098959661008,0.9125,0.925,0.9375,0.0875,1.0,0.88325,0.9125,2,0.0
200,50,low,8,medium,1,978268622,50,0.17307377595818893,0.018820870012774948,0.06308378081234048,0.775,0.8,0.8125,0.225,1.0,0.7595000000000001,0.775,2,0.0
200,50,low,8,medium,2,1074455193,50,0.38446727336411607,0.09863705882222126,0.20552652927217852,0.8625,0.9125,0.925,0.1375,1.0,0.8692499999999999,0.8625,2,0.0
200,50,low,8,medium,3,2022958634,50,0.13271516122552635,0.03139772914130617,0.08231939711095183,0.8875,0.95,0.95,0.1125,1.0,0.90675,0.8875,2,0.0
200,50,low,8,high,0,27442689,50,0.3560975711686882,0.007398097128358586,0.19436963044373465,0.5625,0.6125,0.6375,0.4375,1.0,0.5827500000000001,0.5625,2,0.0
200,50,low,8,high,1,1373782050,50,0.709300172892356,0.08581651893221351,0.20417470154413908,0.55,0.6375,0.6625,0.45,1.0,0.567,0.55,2,0.0
200,50,low,8,high,2,2147394511,50,0.2895313885701374,0.0302837040265464,0.09214308297513382,0.7,0.7,0.7375,0.3,1.0,0.706,0.7,2,0.0
200,50,low,8,high,3,984852511,50,0.4990482141612035,0.02649305158464445,0.09327857521940983,0.6,0.6625,0.6875,0.4,1.0,0.60725,0.6,2,0.0
200,50,medium,2,low,0,1684344293,50,3.021123254810803,2.1540620716707854,2.5305042060093674,0.0,0.0,0.0375,1.0,0.04,0.0245,0.001,1,0.0
200,50,medium,2,low,1,564014220,50,2.8476957710018067,2.149733617191313,2.3987325558769523,0.0,0.0,0.0625,1.0,0.06,0.024,0.001,1,0.0
200,50,medium,2,low,2,1229950785,50,2.8697842554384763,2.015507165082496,2.449794304157959,0.0,0.0,0.1,1.0,0.08,0.00975,0.001,1,0.0
200,50,medium,2,low,3,1327627697,50,2.9329822481255783,2.1101153883248354,2.527056741530575,0.0,0.0,0.0625,1.0,0.08,0.011,0.001,1,0.0
200,50,medium,2,medium,0,1789641528,50,3.2502832091941523,1.1812501048271309,1.7432166174588377,0.075,0.2,0.2875,0.925,0.52,0.097,0.075,1,0.0
200,50,medium,2,medium,1,1626724309,50,3.0423033559438206,1.0099097668798136,1.7375244205676033,0.1,0.2375,0.3375,0.9,0.72,0.1315,0.1,1,0.0
200,50,medium,2,medium,2,842210379,50,2.477123417679139,1.4372658752568643,1.6504332769822079,0.025,0.15,0.3625,0.975,0.22,0.06775,0.025,1,0.0
200,50,medium,2,medium,3,955216523,50,3.251144029701771,1.1610866123331927,1.8533140351753303,0.075,0.2,0.3125,0.925,0.72,0.10425,0.075,1,0.0
200,50,medium,2,high,0,470456963,50,3.3384265099688206,0.4312452914201677,1.1204381263402956,0.2125,0.3375,0.4,0.7875,1.0,0.24225000000000002,0.2125,1,0.0
200,50,medium,2,high,1,385118176,50,2.0656883137064472,0.47430619187557754,0.7158826045364199,0.325,0.4375,0.4875,0.675,1.0,0.33475,0.325,1,0.0
200,50,medium,2,high,2,1781914210,50,3.7460230179280005,0.5152375482997475,1.007928715208912,0.2375,0.3375,0.375,0.7625,1.0,0.23975,0.2375,1,0.0
200,50,medium,2,high,3,1748384979,50,4.729983199982934,0.6089059469389891,1.2613914972821596,0.1625,0.275,0.325,0.8375,1.0,0.19624999999999998,0.1625,1,0.0
200,50,medium,4,low,0,1650149498,50,2.166751295417361,1.5416455239881943,1.766059989533685,0.0,0.0875,0.4125,1.0,0.18,0.06925,0.001,1,0.0
200,50,medium,4,low,1,170039264,50,0.14319881054882472,0.03952988643827977,0.07559202626711392,0.9875,0.9875,1.0,0.0125,1.0,0.8402499999999999,0.9875,2,0.0
200,50,medium,4,low,2,1533715995,50,0.5569591664644777,0.27618801676111393,0.3975722942580252,0.825,0.95,0.975,0.175,0.94,0.68925,0.825,2,0.0
200,50,medium,4,low,3,617340018,50,1.584880965452668,1.0600433056005563,1.2130484223818827,0.0875,0.4625,0.7875,0.9125,0.82,0.35724999999999996,0.0875,1,0.0
200,50,medium,4,medium,0,1350800620,50,2.3756887492481944,0.7991070422719291,1.2651975324953322,0.2,0.3375,0.4625,0.8,0.74,0.213,0.2,1,0.0
200,50,medium,4,medium,1,744583989,50,0.32662725599665693,0.05315043941703687,0.1353181632779917,0.875,0.8875,0.9,0.125,1.0,0.755,0.875,2,0.0
200,50,medium,4,medium,2,965773877,50,1.8239101800767643,0.469789713483517,0.8679913296085804,0.3,0.4375,0.5625,0.7,0.96,0.34225000000000005,0.3,1,0.0
200,50,medium,4,medium,3,1081022851,50,1.8851277856333497,0.6896835790883432,1.146634737018768,0.2125,0.4,0.525,0.7875,0.98,0.28049999999999997,0.2125,1,0.0
200,50,medium,4,high,0,1260200040,50,0.7436610699749462,0.0551095862317836,0.14005732849634522,0.5375,0.5625,0.5625,0.4625,1.0,0.5417500000000001,0.5375,2,0.0
200,50,medium,4,high,1,2061283473,50,2.5507294413748847,0.2564507246816719,0.8102762223032786,0.3,0.35,0.425,0.7,1.0,0.32,0.3,1,0.0
200,50,medium,4,high,2,982142691,50,1.6280696224067244,0.03343858584134278,0.5194694736972387,0.35,0.4625,0.55,0.65,1.0,0.38275000000000003,0.35,1,0.0
200,50,medium,4,high,3,1539649703,50,0.4826809051914269,0.06457927305716718,0.26047594300275995,0.6125,0.6375,0.6625,0.3875,1.0,0.61175,0.6125,2,0.0
200,50,medium,8,low,0,1686180142,50,0.13198644987709374,0.018600336205329103,0.05255200888717711,1.0,1.0,1.0,0.0,0.98,0.95075,1.0,2,0.0
200,50,medium,8,low,1,1051387970,50,0.6606808571987706,0.3687230795024732,0.45848514516834116,0.7125,0.9,0.9625,0.2875,0.96,0.7157500000000001,0.7125,2,0.0
200,50,medium,8,low,2,1688473093,50,0.1378853589378889,0.03796055345883888,0.07603479369834887,1.0,1.0,1.0,0.0,1.0,0.9499999999999998,1.0,2,0.0
200,50,medium,8,low,3,179143038,50,0.1368189535640556,0.021404634039715018,0.04635489731049429,1.0,1.0,1.0,0.0,1.0,0.942,1.0,2,0.0
200,50,medium,8,medium,0,1492455779,50,0.19592828236499205,0.033272398338021085,0.08217327424751156,0.875,0.8875,0.9,0.125,1.0,0.74875,0.875,2,0.0
200,50,medium,8,medium,1,1084809099,50,0.15718933494573395,0.039323447220293725,0.09596869587531329,0.8,0.8625,0.8875,0.2,1.0,0.8287500000000001,0.8,2,0.0
200,50,medium,8,medium,2,1562161009,50,0.2928413964426127,0.08909749243898428,0.16649743989474286,0.725,0.75,0.7875,0.275,1.0,0.6992499999999999,0.725,2,0.0
200,50,medium,8,medium,3,1289518462,50,0.1783072600039689,0.025446935221923202,0.06584563924411224,0.75,0.85,0.8625,0.25,1.0,0.8315000000000001,0.75,2,0.0
200,50,medium,8,high,0,1107817651,50,0.3044163248239018,0.032821704778383864,0.10644237021282317,0.575,0.6375,0.7125,0.425,1.0,0.665,0.575,2,0.0
200,50,medium,8,high,1,1513393598,50,1.2882235342663693,0.018407137099039548,0.18023050065014432,0.45,0.525,0.55,0.55,1.0,0.48525,0.45,1,0.0
200,50,medium,8,high,2,1622402125,50,0.4295083082928627,0.0667958510681696,0.15819069569234112,0.6,0.625,0.625,0.4,1.0,0.6297499999999999,0.6,2,0.0
200,50,medium,8,high,3,696156752,50,0.2718229729126217,0.08817624518561248,0.15338706340226538,0.775,0.7875,0.7875,0.225,1.0,0.78725,0.775,2,0.0
200,50,high,2,low,0,300173990,50,3.179271309987566,2.253163446938837,2.7201075132168944,0.0,0.0,0.0375,1.0,0.16,0.09824999999999998,0.001,1,0.0
200,50,high,2,low,1,111573722,50,2.8460624170462125,2.1160326010136052,2.385593270623242,0.0,0.0,0.0375,1.0,0.22,0.14350000000000002,0.001,1,0.0
200,50,high,2,low,2,508519171,50,3.170485050462113,2.0878168869546245,2.5522987916393522,0.0,0.0,0.0625,1.0,0.2,0.12675,0.001,1,0.0
200,50,high,2,low,3,1837608722,50,2.819375827536643,2.1953631377680334,2.357368718162419,0.0,0.0,0.0625,1.0,0.18,0.1045,0.001,1,0.0
200,50,high,2,medium,0,59304896,50,3.751940746830595,1.5596914040941081,2.3007529900747414,0.05,0.1,0.2,0.95,0.46,0.138,0.05,1,0.0
200,50,high,2,medium,1,1424380079,50,3.0159662329014836,1.3765544592813521,1.9046782940346474,0.0375,0.15,0.2875,0.9625,0.42,0.17775000000000002,0.0375,1,0.0
200,50,high,2,medium,2,1005945371,50,2.9908066872474217,1.3811516504253756,1.9624293185344646,0.0125,0.1375,0.2625,0.9875,0.4,0.15750000000000003,0.0125,1,0.0
200,50,high,2,medium,3,1734223070,50,2.922888267857107,1.405470955635678,1.8662329730993203,0.0375,0.1125,0.275,0.9625,0.38,0.14425,0.0375,1,0.0
200,50,high,2,high,0,1255450907,50,2.9311974939599885,0.4734978743010204,1.2350117838964518,0.175,0.325,0.375,0.825,0.9,0.24575,0.175,1,0.0
200,50,high,2,high,1,159571586,50,6.161264599599236,0.43136500698013847,1.1669807935597292,0.25,0.2875,0.3125,0.75,0.9,0.26325,0.25,1,0.0
200,50,high,2,high,2,1681281438,50,2.2616066966667456,0.6423868178696603,1.1865163298088275,0.1875,0.3875,0.4625,0.8125,0.74,0.264,0.1875,1,0.0
200,50,high,2,high,3,947835246,50,2.9441855599926487,0.3302074609415095,0.9201377396414672,0.2625,0.35,0.3875,0.7375,0.98,0.26625,0.2625,1,0.0
200,50,high,4,low,0,1046683366,50,0.682208174645275,0.3175307028519024,0.4308145470777687,0.7875,0.9125,0.975,0.2125,0.74,0.5955,0.7875,2,0.0
200,50,high,4,low,1,1974437489,50,2.379821345233141,1.6632921147147748,2.0318486130057116,0.0,0.0625,0.25,1.0,0.56,0.32425000000000004,0.001,1,0.0
200,50,high,4,low,2,911797524,50,2.8672316838597567,1.9681792337846509,2.3387305737772497,0.0,0.0,0.125,1.0,0.38,0.26475,0.001,1,0.0
200,50,high,4,low,3,724263636,50,1.3303659780789012,0.9261167559194557,1.0878969487130754,0.175,0.6875,0.8875,0.825,0.62,0.47025000000000006,0.175,1,0.0
200,50,high,4,medium,0,1475840759,50,1.3675457764716987,0.18460882195238382,0.6104988861631666,0.4,0.5375,0.6125,0.6,0.86,0.49874999999999997,0.4,1,0.0
200,50,high,4,medium,1,151407071,50,2.332216344737774,0.5330318910430735,0.9676280077303707,0.2625,0.375,0.45,0.7375,0.9,0.4505,0.2625,1,0.0
200,50,high,4,medium,2,1533299437,50,0.45706087501357473,0.1588378822727118,0.26305422629979597,0.9,0.925,0.925,0.1,0.98,0.61625,0.9,2,0.0
200,50,high,4,medium,3,238477142,50,2.8359370852180463,1.2134646284170152,1.835001800187489,0.0875,0.1625,0.2875,0.9125,0.76,0.32199999999999995,0.0875,1,0.0
200,50,high,4,high,0,477891896,50,0.4206846036344293,0.0824472417584961,0.17653983978980717,0.7125,0.7125,0.7125,0.2875,1.0,0.74125,0.7125,2,0.0
200,50,high,4,high,1,1086253733,50,1.5950591750122154,0.10076671684786317,0.3972140215562365,0.425,0.4875,0.55,0.575,1.0,0.5155,0.425,1,0.0
200,50,high,4,high,2,981146781,50,0.7743737018955952,0.059226194490602437,0.26080929098953304,0.55,0.5875,0.65,0.45,1.0,0.585,0.55,2,0.0
200,50,high,4,high,3,1821982307,50,1.0068845779353168,0.08688824008293829,0.20457416706123452,0.5,0.575,0.6125,0.5,1.0,0.60975,0.5,1,0.0
200,50,high,8,low,0,917399613,50,0.2827673654455163,0.11011173407571749,0.1968334154844152,1.0,1.0,1.0,0.0,1.0,0.9395,1.0,2,0.0
200,50,high,8,low,1,852246549,50,0.17831604717304367,0.037703933360468254,0.08565518455323076,1.0,1.0,1.0,0.0,0.8,0.72475,1.0,2,0.0
200,50,high,8,low,2,583242812,50,0.8370337610583003,0.5117805605663416,0.6683376923534112,0.625,0.9,0.9875,0.375,0.92,0.758,0.625,2,0.0
200,50,high,8,low,3,2071023519,50,1.2443420335376967,0.8004802809551229,0.9224440004437813,0.3,0.7,0.8875,0.7,0.78,0.652,0.3,1,0.0
200,50,high,8,medium,0,1771487339,50,1.2155541816408557,0.2618883377569278,0.4388619260174084,0.4625,0.5625,0.65,0.5375,1.0,0.50525,0.4625,1,0.0
200,50,high,8,medium,1,382686480,50,0.42443088230723897,0.08195001507441081,0.18867214715545505,0.675,0.7,0.7875,0.325,1.0,0.7144999999999999,0.675,2,0.0
200,50,high,8,medium,2,1212219035,50,0.22168909827070324,0.060093161101841944,0.10250128309000572,0.85,0.8625,0.8875,0.15,1.0,0.77325,0.85,2,0.0
200,50,high,8,medium,3,388649725,50,0.2325139537099824,0.037109377857363936,0.09279444679900874,0.8375,0.875,0.8875,0.1625,1.0,0.77575,0.8375,2,0.0
200,50,high,8,high,0,695578290,50,0.24113747447395728,0.030115755087660647,0.07737483638855942,0.625,0.675,0.7,0.375,1.0,0.7795,0.625,2,0.0
200,50,high,8,high,1,1459257738,50,0.21597341975122675,0.030980823752006954,0.08342906451933632,0.65,0.6875,0.6875,0.35,1.0,0.8055,0.65,2,0.0
200,50,high,8,high,2,149398627,50,0.1529072041360492,0.03916484104832498,0.07758074494316734,0.675,0.7,0.7125,0.325,1.0,0.7997500000000001,0.675,2,0.0
200,50,high,8,high,3,680970204,50,0.2267604502730608,0.031646367478822914,0.0923626782093383,0.675,0.7125,0.725,0.325,1.0,0.8115,0.675,2,0.0
200,50,extreme,2,low,0,1911831440,50,2.982853788325828,2.3023166452625157,2.7080215662144376,0.0,0.0,0.0125,1.0,0.44,0.3637499999999999,0.001,1,0.0
200,50,extreme,2,low,1,2087048466,50,3.3345071854947514,2.211208908370907,2.6614416004114227,0.0,0.0,0.0375,1.0,0.38,0.31649999999999995,0.001,1,0.0
200,50,extreme,2,low,2,431853162,50,2.9848321653393315,2.1941130398998947,2.5132841594349498,0.0,0.0,0.0625,1.0,0.46,0.37525,0.001,1,0.0
200,50,extreme,2,low,3,535572354,50,3.071746089995849,2.394480042197092,2.591827029844647,0.0,0.0,0.0125,1.0,0.34,0.3065,0.001,1,0.0
200,50,extreme,2,medium,0,1738746016,50,2.7310054872365237,1.1157810948166187,1.7900587706902764,0.0625,0.1875,0.3,0.9375,0.54,0.319,0.0625,1,0.0
200,50,extreme,2,medium,1,1676445082,50,2.9409626182081654,1.1690348730593298,1.8860096564373714,0.0625,0.175,0.3125,0.9375,0.54,0.39374999999999993,0.0625,1,0.0
200,50,extreme,2,medium,2,2140482373,50,2.9398403765409595,1.3489719648271494,1.7329293434235078,0.05,0.15,0.3375,0.95,0.48,0.3675,0.05,1,0.0
200,50,extreme,2,medium,3,966773423,50,2.8862714993141694,1.397554628717214,1.7474136097890642,0.0125,0.15,0.3625,0.9875,0.42,0.32775,0.0125,1,0.0
200,50,extreme,2,high,0,1742170052,50,6.4459158645425365,0.6233935094173955,1.547629178760539,0.1875,0.25,0.3375,0.8125,0.76,0.36250000000000004,0.1875,1,0.0
200,50,extreme,2,high,1,2026069966,50,3.9467090342288147,0.3666270057677107,1.1111343723652407,0.225,0.3375,0.3875,0.775,0.78,0.39125,0.225,1,0.0
200,50,extreme,2,high,2,1610756805,50,2.966070144691782,0.7848666698144044,1.3245746158479217,0.175,0.275,0.3625,0.825,0.76,0.3245,0.175,1,0.0
200,50,extreme,2,high,3,244056464,50,2.3515658852643075,0.384266609737229,0.9374979336127294,0.275,0.325,0.425,0.725,0.76,0.354,0.275,1,0.0
200,50,extreme,4,low,0,399869051,50,3.1518621706714365,2.136096512168569,2.5618453346269887,0.0,0.0,0.0625,1.0,0.72,0.6054999999999999,0.001,1,0.0
200,50,extreme,4,low,1,615933434,50,1.8511338565063322,1.26260500289631,1.4902911672922996,0.025,0.2625,0.625,0.975,0.82,0.7245,0.025,1,0.0
200,50,extreme,4,low,2,910270424,50,0.4637899270753125,0.18058605487518448,0.34053657127273657,0.8625,0.9875,1.0,0.1375,0.86,0.7815000000000001,0.8625,2,0.0
200,50,extreme,4,low,3,1303076283,50,0.11189252452976951,0.023095080691758575,0.05589623996494296,1.0,1.0,1.0,0.0,0.76,0.7024999999999999,1.0,2,0.0
200,50,extreme,4,medium,0,2087483954,50,0.36811611671257627,0.07898923600295701,0.1725690986203786,0.875,0.925,0.9375,0.125,0.94,0.74175,0.875,2,0.0
200,50,extreme,4,medium,1,1729674072,50,1.2575989430549521,0.24472279946835251,0.5365240525172705,0.4375,0.5375,0.6,0.5625,0.98,0.671,0.4375,1,0.0
200,50,extreme,4,medium,2,160402394,50,2.0203078507715784,0.4547967225654758,1.007362552231818,0.25,0.3875,0.4875,0.75,0.88,0.663,0.25,1,0.0
200,50,extreme,4,medium,3,154947660,50,0.4450111430940721,0.12248140707116442,0.24200981209963207,0.825,0.8625,0.875,0.175,0.86,0.67675,0.825,2,0.0
200,50,extreme,4,high,0,220680069,50,0.357038527215372,0.06471439588879244,0.19043762437102466,0.575,0.5875,0.5875,0.425,0.98,0.7550000000000001,0.575,2,0.0
200,50,extreme,4,high,1,2033217315,50,0.5023089249364208,0.04435766990058043,0.1658977993555601,0.625,0.675,0.675,0.375,1.0,0.7070000000000001,0.625,2,0.0
200,50,extreme,4,high,2,1460213245,50,1.2514620989449412,0.03586546951237023,0.1943020678127469,0.4375,0.525,0.55,0.5625,1.0,0.771,0.4375,1,0.0
200,50,extreme,4,high,3,1934246254,50,1.2566057554947592,0.071270400793288,0.27132327758319563,0.4625,0.55,0.6375,0.5375,1.0,0.7532500000000001,0.4625,1,0.0
200,50,extreme,8,low,0,988314117,50,0.5621572173630923,0.25905553414921473,0.4264643603164928,0.9375,0.975,1.0,0.0625,0.88,0.7855000000000001,0.9375,2,0.0
200,50,extreme,8,low,1,735490047,50,0.24406192569116877,0.03975619510369534,0.10757723125404801,0.975,0.9875,1.0,0.025,0.98,0.8957499999999999,0.975,2,0.0
200,50,extreme,8,low,2,1843311051,50,0.0437388217645942,0.009614908518472388,0.024128293138464985,1.0,1.0,1.0,0.0,0.9,0.8487500000000001,1.0,2,0.0
200,50,extreme,8,low,3,1153976709,50,0.16816996727988393,0.017597151241473277,0.053340718185526,0.9625,0.975,1.0,0.0375,0.96,0.8859999999999999,0.9625,2,0.0
200,50,extreme,8,medium,0,342433315,50,0.3910984648307043,0.04197407805924552,0.09940067718548752,0.7125,0.7875,0.8,0.2875,1.0,0.81175,0.7125,2,0.0
200,50,extreme,8,medium,1,664238828,50,0.804921388746719,0.08081420388437079,0.36493536446335567,0.625,0.6875,0.75,0.375,0.98,0.86425,0.625,2,0.0
200,50,extreme,8,medium,2,306897578,50,1.2088390008021932,0.28465647208278777,0.6389005959519913,0.425,0.55,0.7125,0.575,0.98,0.843,0.425,1,0.0
200,50,extreme,8,medium,3,1891331018,50,0.17012877067519633,0.02542176848408256,0.08711080247117084,0.8625,0.8625,0.875,0.1375,1.0,0.866,0.8625,2,0.0
200,50,extreme,8,high,0,503198121,50,0.2473454135025646,0.04229283030636263,0.14537091624943965,0.65,0.6625,0.6625,0.35,1.0,0.7849999999999999,0.65,2,0.0
200,50,extreme,8,high,1,946542028,50,0.7252950971605634,0.03901604937715895,0.12823545910728767,0.5375,0.575,0.5875,0.4625,1.0,0.8472500000000001,0.5375,2,0.0
200,50,extreme,8,high,2,437350012,50,1.1435011553108505,0.030902253880588777,0.11704252751338015,0.4625,0.5375,0.55,0.5375,0.98,0.8177499999999999,0.4625,1,0.0
200,50,extreme,8,high,3,616949908,50,0.21999265647067462,0.027523905812353592,0.08336769256411693,0.65,0.6875,0.6875,0.35,1.0,0.8615000000000002,0.65,2,0.0
200,100,low,2,low,0,1112309128,50,1.0510816632015532,0.7909492719145162,0.9118859168964689,0.4375,0.975,1.0,0.5625,0.96,0.43550000000000005,0.4375,1,0.0
200,100,low,2,low,1,922121014,50,1.02871791428557,0.8164793960482017,0.9176053462548832,0.4625,0.9875,1.0,0.5375,1.0,0.45975,0.4625,1,0.0
200,100,low,2,low,2,324395228,50,1.0255294044686276,0.784950525998622,0.8584262813868921,0.45,0.9875,1.0,0.55,1.0,0.425,0.45,1,0.0
200,100,low,2,low,3,245641227,50,0.9715443253029457,0.7371352086743925,0.8600547132025083,0.5625,0.975,1.0,0.4375,1.0,0.58725,0.5625,2,0.0
200,100,low,2,medium,0,1271854454,50,1.1096334940672903,0.456046515944992,0.6392281703159575,0.45,0.7,0.875,0.55,1.0,0.45150000000000007,0.45,1,0.0
200,100,low,2,medium,1,1595209091,50,1.0390890551134553,0.4594684217197098,0.652523214724729,0.475,0.7375,0.8875,0.525,1.0,0.4965,0.475,1,0.0
200,100,low,2,medium,2,355531876,50,0.8617194728045012,0.3864933487389935,0.6038500661766646,0.575,0.7625,0.9125,0.425,1.0,0.56125,0.575,2,0.0
200,100,low,2,medium,3,218316975,50,0.9141828217368374,0.43208807640747715,0.7216961456372725,0.55,0.7375,0.825,0.45,1.0,0.53025,0.55,2,0.0
200,100,low,2,high,0,1465663523,50,0.9353878803321314,0.07332095683600234,0.3994790245118272,0.5375,0.6875,0.7875,0.4625,1.0,0.537,0.5375,2,0.0
200,100,low,2,high,1,2082376461,50,0.827076655898093,0.1545807323982299,0.2911942227167832,0.525,0.675,0.7125,0.475,1.0,0.5305,0.525,2,0.0
200,100,low,2,high,2,1115938494,50,0.975204896870002,0.009928797893746203,0.2684532908384217,0.5125,0.65,0.7375,0.4875,1.0,0.5127499999999999,0.5125,2,0.0
200,100,low,2,high,3,2071783293,50,1.3742419409074116,0.07164370020665359,0.46786739810792277,0.3625,0.5375,0.65,0.6375,1.0,0.37925,0.3625,1,0.0
200,100,low,4,low,0,835804684,50,0.31501754460687414,0.22421337505779892,0.2758373411413717,1.0,1.0,1.0,0.0,1.0,1.0,1.0,2,0.0
200,100,low,4,low,1,1195194700,50,0.42159510781077014,0.3657229773310281,0.3862577462941237,1.0,1.0,1.0,0.0,1.0,1.0,1.0,2,0.0
200,100,low,4,low,2,226452447,50,0.9778357456204336,0.7546556120673272,0.8545815420818775,0.55,0.9625,1.0,0.45,1.0,0.6525000000000001,0.55,2,0.0
200,100,low,4,low,3,931587827,50,0.04270955519544994,0.013970214517338049,0.02603059605742912,1.0,1.0,1.0,0.0,1.0,1.0,1.0,2,0.0
200,100,low,4,medium,0,814168233,50,0.3678036178492481,0.12950722167206555,0.2656040587660779,1.0,1.0,1.0,0.0,1.0,0.99875,1.0,2,0.0
200,100,low,4,medium,1,2014257334,50,0.2335219571792046,0.030725661696733682,0.08105429920808314,0.975,0.9875,1.0,0.025,1.0,0.9737500000000001,0.975,2,0.0
200,100,low,4,medium,2,1687720193,50,0.17227437310740673,0.0369695634784065,0.07206142262732783,0.9625,0.975,0.975,0.0375,1.0,0.9572500000000002,0.9625,2,0.0
200,100,low,4,medium,3,1686190564,50,0.5541191077502582,0.3185619986990702,0.45349086038228203,1.0,1.0,1.0,0.0,1.0,0.99975,1.0,2,0.0
200,100,low,4,high,0,1317214109,50,1.2101048397152643,0.13302367212097446,0.35250888711756545,0.425,0.575,0.6625,0.575,1.0,0.45599999999999996,0.425,1,0.0
200,100,low,4,high,1,306305857,50,0.2787607649174466,0.02321479657093024,0.12971632135336308,0.7625,0.775,0.7875,0.2375,1.0,0.737,0.7625,2,0.0
200,100,low,4,high,2,1572980336,50,0.24279141866920348,0.005025125628140704,0.07464402047284133,0.825,0.8625,0.8625,0.175,1.0,0.84175,0.825,2,0.0
200,100,low,4,high,3,1963370345,50,0.6104725923433159,0.005025125628140704,0.11372339594884123,0.6375,0.725,0.7625,0.3625,1.0,0.63525,0.6375,2,0.0
200,100,low,8,low,0,867069996,50,0.07961769525314363,0.00468411749816583,0.03258248126053697,1.0,1.0,1.0,0.0,1.0,1.0,1.0,2,0.0
200,100,low,8,low,1,435397723,50,0.08040142222090246,0.02835042332921039,0.04978600753736221,1.0,1.0,1.0,0.0,1.0,1.0,1.0,2,0.0
200,100,low,8,low,2,575708145,50,0.03525509301868399,0.011414531848036966,0.017796603674800824,1.0,1.0,1.0,0.0,1.0,1.0,1.0,2,0.0
200,100,low,8,low,3,1870171970,50,0.4538197909492373,0.33723046939231793,0.4128626297357407,1.0,1.0,1.0,0.0,1.0,1.0,1.0,2,0.0
200,100,low,8,medium,0,1717802217,50,0.12047425097617417,0.02960746854667204,0.05790188018852241,0.9875,0.9875,0.9875,0.0125,1.0,0.975,0.9875,2,0.0
200,100,low,8,medium,1,1853473201,50,0.18558493875092585,0.022557436755300947,0.09656072570343535,1.0,1.0,1.0,0.0,1.0,0.9970000000000001,1.0,2,0.0
200,100,low,8,medium,2,149892997,50,0.05636275919962391,0.012721859944660753,0.02573364371585277,0.95,0.9875,0.9875,0.05,1.0,0.9515,0.95,2,0.0
200,100,low,8,medium,3,1329784823,50,0.12052422284079725,0.015314516104596785,0.06661485008965716,1.0,1.0,1.0,0.0,1.0,0.9995,1.0,2,0.0
200,100,low,8,high,0,1974260741,50,0.2906896554065281,0.021564586431482746,0.07369442185881012,0.9,0.9125,0.925,0.1,1.0,0.9112500000000001,0.9,2,0.0
200,100,low,8,high,1,1773588786,50,0.06784426705462154,0.006867529988399258,0.023364384374368864,0.85,0.875,0.9,0.15,1.0,0.8532499999999998,0.85,2,0.0
200,100,low,8,high,2,84878918,50,0.15352981725516013,0.0234643550082124,0.06961660711125539,0.775,0.8,0.8,0.225,1.0,0.7755,0.775,2,0.0
200,100,low,8,high,3,2009958341,50,0.6917231008766631,0.012800567329955931,0.23293543939509814,0.5875,0.7,0.725,0.4125,1.0,0.622,0.5875,2,0.0
200,100,medium,2,low,0,1783165073,50,1.0089040563339449,0.7493102627615629,0.8689153476670757,0.4875,0.975,1.0,0.5125,0.8,0.41025,0.4875,1,0.0
200,100,medium,2,low,1,943083,50,1.0060254356265999,0.7982839215333742,0.8861839729424964,0.4875,0.9875,1.0,0.5125,0.86,0.60825,0.4875,1,0.0
200,100,medium,2,low,2,1758844495,50,1.0042377992023126,0.7890330729772279,0.922255468669977,0.4875,0.975,1.0,0.5125,0.82,0.49024999999999996,0.4875,1,0.0
200,100,medium,2,low,3,1881323257,50,0.9827472020507367,0.7607047789471493,0.8686817552498954,0.525,1.0,1.0,0.475,0.84,0.43274999999999997,0.525,2,0.0
200,100,medium,2,medium,0,705709936,50,1.0530740460069912,0.557267042760209,0.7905932002733752,0.45,0.65,0.8125,0.55,0.94,0.3935,0.45,1,0.0
200,100,medium,2,medium,1,716036924,50,1.2069811691608354,0.5160107007412955,0.9000871294333918,0.325,0.6875,0.7875,0.675,0.94,0.317,0.325,1,0.0
200,100,medium,2,medium,2,903936401,50,1.1932011802137357,0.6150302281451464,0.837158590743464,0.375,0.725,0.8625,0.625,0.98,0.41425,0.375,1,0.0
200,100,medium,2,medium,3,972230474,50,1.0707487935471605,0.5419544858827766,0.7310210229336835,0.45,0.7,0.85,0.55,1.0,0.45625,0.45,1,0.0
200,100,medium,2,high,0,1355235446,50,0.9477836970724463,0.08509354707623491,0.35968302813099734,0.5125,0.6375,0.7125,0.4875,1.0,0.5125,0.5125,2,0.0
200,100,medium,2,high,1,1986865198,50,1.0544824756663513,0.005025125628140704,0.4616045582438347,0.45,0.6375,0.7125,0.55,1.0,0.46375,0.45,1,0.0
200,100,medium,2,high,2,1304671896,50,1.0294676442371173,0.07164665910077336,0.27257251411447075,0.4875,0.65,0.7,0.5125,1.0,0.5075,0.4875,1,0.0
200,100,medium,2,high,3,52676694,50,0.8252553253612281,0.005025125628140704,0.2290984312057134,0.525,0.6125,0.675,0.475,1.0,0.5599999999999999,0.525,2,0.0
200,100,medium,4,low,0,891107272,50,0.04730869184031301,0.009198151235240247,0.020978014453934258,1.0,1.0,1.0,0.0,1.0,0.9975000000000002,1.0,2,0.0
200,100,medium,4,low,1,1229922125,50,0.25218524205349657,0.14069211298736256,0.1993406857029382,1.0,1.0,1.0,0.0,0.98,0.9780000000000003,1.0,2,0.0
200,100,medium,4,low,2,1602797120,50,0.9734965379040638,0.7735185404737094,0.8605857182469905,0.575,0.975,1.0,0.425,0.98,0.7737499999999999,0.575,2,0.0
200,100,medium,4,low,3,1512505336,50,0.45578078349092876,0.25808998430412966,0.36023076424744643,1.0,1.0,1.0,0.0,1.0,0.9309999999999998,1.0,2,0.0
200,100,medium,4,medium,0,1833379458,50,0.16249910020161587,0.05456463154316791,0.09190962534503504,0.9625,0.975,0.9875,0.0375,1.0,0.94725,0.9625,2,0.0
200,100,medium,4,medium,1,381145989,50,0.2728557686499884,0.038167486050476866,0.09563443946927129,0.8625,0.925,0.95,0.1375,1.0,0.8612500000000001,0.8625,2,0.0
200,100,medium,4,medium,2,1207290105,50,0.44219180141385994,0.27209720952208716,0.3356945448136665,1.0,1.0,1.0,0.0,1.0,0.968,1.0,2,0.0
200,100,medium,4,medium,3,1360126630,50,0.1964562106180423,0.048117457253869456,0.11620881203901218,0.9875,1.0,1.0,0.0125,1.0,0.95425,0.9875,2,0.0
200,100,medium,4,high,0,586845827,50,0.22209055847471995,0.00839283892779361,0.07559931520890345,0.725,0.7625,0.775,0.275,1.0,0.7449999999999999,0.725,2,0.0
200,100,medium,4,high,1,241450792,50,0.23451423558676215,0.04505408647854005,0.11361642190707914,0.8,0.85,0.875,0.2,1.0,0.835,0.8,2,0.0
200,100,medium,4,high,2,1821372875,50,0.18360683082384488,0.032915560626539185,0.06955102995642468,0.875,0.9,0.9,0.125,1.0,0.84825,0.875,2,0.0
200,100,medium,4,high,3,1075579122,50,0.22767355170879075,0.03394978336848689,0.10733396688650898,0.7,0.7875,0.8125,0.3,1.0,0.72275,0.7,2,0.0
200,100,medium,8,low,0,1567960631,50,0.06843022531595985,0.012127433831576922,0.03497978600695112,1.0,1.0,1.0,0.0,1.0,1.0,1.0,2,0.0
200,100,medium,8,low,1,1769895319,50,0.055206882481554136,0.008189336372485673,0.025537268744888483,1.0,1.0,1.0,0.0,1.0,1.0,1.0,2,0.0
200,100,medium,8,low,2,259724680,50,0.11266859697759339,0.03292654355926451,0.07003302771137923,1.0,1.0,1.0,0.0,1.0,0.991,1.0,2,0.0
200,100,medium,8,low,3,443262179,50,0.07425912819751887,0.01937020548673887,0.03903179990242539,1.0,1.0,1.0,0.0,1.0,1.0,1.0,2,0.0
200,100,medium,8,medium,0,1383181455,50,0.17627714775595243,0.02820778059572806,0.046661513275863764,1.0,1.0,1.0,0.0,1.0,0.97,1.0,2,0.0
200,100,medium,8,medium,1,1061664598,50,0.18175557238899606,0.011665093760763058,0.10301865517131503,1.0,1.0,1.0,0.0,1.0,0.97875,1.0,2,0.0
200,100,medium,8,medium,2,1004905442,50,0.10772196361153799,0.019651965127192927,0.05083472341295558,1.0,1.0,1.0,0.0,1.0,0.9974999999999999,1.0,2,0.0
200,100,medium,8,medium,3,1737563936,50,0.322836236673151,0.04815930146605815,0.14155232467572784,0.9875,1.0,1.0,0.0125,1.0,0.9942499999999999,0.9875,2,0.0
200,100,medium,8,high,0,1905832317,50,0.15953282540533797,0.005025125628140704,0.03496914613533903,0.7625,0.775,0.8,0.2375,1.0,0.7942500000000001,0.7625,2,0.0
200,100,medium,8,high,1,1417181939,50,0.16332159547794556,0.005025125628140704,0.027431542531375967,0.775,0.825,0.825,0.225,1.0,0.74625,0.775,2,0.0
200,100,medium,8,high,2,1139696483,50,0.22449603608984692,0.005025125628140704,0.0874266524610779,0.85,0.85,0.8625,0.15,1.0,0.8939999999999999,0.85,2,0.0
200,100,medium,8,high,3,2142586095,50,0.0899148135775496,0.005025125628140704,0.025135399291955345,0.8875,0.9,0.9,0.1125,1.0,0.868,0.8875,2,0.0
200,100,high,2,low,0,591100379,50,0.9995486053872346,0.7394050750364795,0.864924819623258,0.5,0.9875,1.0,0.5,0.82,0.559,0.5,2,0.0
200,100,high,2,low,1,1108185368,50,1.0038916891078546,0.764017008273827,0.8856472209127959,0.4875,1.0,1.0,0.5125,0.68,0.584,0.4875,1,0.0
200,100,high,2,low,2,78425874,50,0.9933994411103526,0.7310337567018594,0.8537978580473038,0.525,0.975,1.0,0.475,0.66,0.514,0.525,2,0.0
200,100,high,2,low,3,1372960487,50,0.9878460006616417,0.7968784022407395,0.8672452201627795,0.5375,1.0,1.0,0.4625,0.68,0.49974999999999997,0.5375,2,0.0
200,100,high,2,medium,0,1702755448,50,0.968588383000546,0.36033506175080093,0.6286204317943788,0.525,0.7625,0.9,0.475,0.9,0.5105000000000001,0.525,2,0.0
200,100,high,2,medium,1,593311297,50,1.1146087148259056,0.4933370983149004,0.7357139745277478,0.3875,0.7125,0.8125,0.6125,0.8,0.48424999999999996,0.3875,1,0.0
200,100,high,2,medium,2,1445632766,50,1.0651153573049077,0.4621670792779842,0.6644706277456116,0.45,0.725,0.8,0.55,0.82,0.47400000000000003,0.45,1,0.0
200,100,high,2,medium,3,49413620,50,0.9086748530400657,0.44980903449750065,0.6557332600857575,0.575,0.8125,0.8625,0.425,0.88,0.524,0.575,2,0.0
200,100,high,2,high,0,1242848064,50,1.182429197915587,0.09019635192516878,0.5758494782882513,0.4375,0.5625,0.625,0.5625,0.98,0.4685,0.4375,1,0.0
200,100,high,2,high,1,1975764813,50,1.0415473205844656,0.005025125628140704,0.15262847537910434,0.4875,0.625,0.675,0.5125,1.0,0.5790000000000001,0.4875,1,0.0
200,100,high,2,high,2,788150674,50,0.7270638048973753,0.005025125628140704,0.21132487106873243,0.5875,0.65,0.725,0.4125,0.94,0.51125,0.5875,2,0.0
200,100,high,2,high,3,980015400,50,1.3591073844816286,0.08776053412423004,0.5863068743148949,0.4,0.525,0.625,0.6,1.0,0.4325,0.4,1,0.0
200,100,high,4,low,0,1709728777,50,0.20906739560310175,0.1253198281333465,0.17119352424999082,1.0,1.0,1.0,0.0,0.94,0.8714999999999999,1.0,2,0.0
200,100,high,4,low,1,67410710,50,0.15603182835888046,0.03765646445778885,0.0771724299567352,1.0,1.0,1.0,0.0,0.88,0.8677500000000002,1.0,2,0.0
200,100,high,4,low,2,2103508852,50,0.5115370019564518,0.44257275250106526,0.4665253472406551,1.0,1.0,1.0,0.0,0.92,0.8335000000000001,1.0,2,0.0
200,100,high,4,low,3,141530822,50,0.08040814340258656,0.013190381727548063,0.0307466034550301,1.0,1.0,1.0,0.0,0.94,0.8045,1.0,2,0.0
200,100,high,4,medium,0,2111144626,50,0.32127776243898,0.05795904028812912,0.17835383272998345,1.0,1.0,1.0,0.0,1.0,0.8767500000000001,1.0,2,0.0
200,100,high,4,medium,1,1741123565,50,0.1967613228937556,0.05313624781749436,0.08346848188606995,0.925,0.9625,0.975,0.075,1.0,0.8167500000000001,0.925,2,0.0
200,100,high,4,medium,2,422708521,50,0.4702537680731798,0.257585539291883,0.36871571502204636,0.9875,0.9875,0.9875,0.0125,0.98,0.8375,0.9875,2,0.0
200,100,high,4,medium,3,1186098721,50,0.4817666094077956,0.21706883910175345,0.35371308371837595,1.0,1.0,1.0,0.0,0.98,0.7949999999999999,1.0,2,0.0
200,100,high,4,high,0,1551064836,50,0.5357849519131186,0.08208811522166848,0.33617908009485914,0.8375,0.8625,0.8625,0.1625,1.0,0.7255,0.8375,2,0.0
200,100,high,4,high,1,2041041126,50,0.1642847081455478,0.008132067017623548,0.06211190930107657,0.7875,0.875,0.9125,0.2125,1.0,0.80725,0.7875,2,0.0
200,100,high,4,high,2,696212610,50,0.32579171015591746,0.005025125628140704,0.15886202520774578,0.725,0.775,0.8,0.275,1.0,0.7292500000000001,0.725,2,0.0
200,100,high,4,high,3,638036187,50,0.24679566352375273,0.005025125628140704,0.07628410591332194,0.85,0.875,0.8875,0.15,1.0,0.8419999999999999,0.85,2,0.0
200,100,high,8,low,0,613946471,50,0.11221870126214281,0.01763277947804458,0.04648010670198089,1.0,1.0,1.0,0.0,1.0,0.9459999999999997,1.0,2,0.0
200,100,high,8,low,1,1508460393,50,0.04961957680172965,0.009949878661231157,0.027344823498699784,1.0,1.0,1.0,0.0,1.0,0.9705,1.0,2,0.0
200,100,high,8,low,2,1387051823,50,0.06266699407752492,0.011968625679248094,0.027636182367722105,1.0,1.0,1.0,0.0,1.0,0.9879999999999999,1.0,2,0.0
200,100,high,8,low,3,320088175,50,0.08258665187654013,0.018439150377777023,0.04644743601964893,1.0,1.0,1.0,0.0,1.0,0.9877500000000001,1.0,2,0.0
200,100,high,8,medium,0,675739989,50,0.08889743651750893,0.031657160141172556,0.054279081475932814,1.0,1.0,1.0,0.0,1.0,0.9317499999999999,1.0,2,0.0
200,100,high,8,medium,1,757235783,50,0.11259316874733455,0.022653007626903653,0.04743636890413547,1.0,1.0,1.0,0.0,1.0,0.9012500000000001,1.0,2,0.0
200,100,high,8,medium,2,1754167334,50,0.06438664450897412,0.013078669916414046,0.0350720030050133,0.9875,0.9875,0.9875,0.0125,1.0,0.9412499999999999,0.9875,2,0.0
200,100,high,8,medium,3,1483881354,50,0.30001633606428096,0.05647104844381787,0.1809018902005251,1.0,1.0,1.0,0.0,1.0,0.9465,1.0,2,0.0
200,100,high,8,high,0,1516301170,50,0.09130305875241765,0.010374985405258132,0.042414014237745545,0.8875,0.8875,0.8875,0.1125,1.0,0.9017500000000002,0.8875,2,0.0
200,100,high,8,high,1,919204104,50,0.14615222719162557,0.005025125628140704,0.034788550204605244,0.9,0.9125,0.9125,0.1,1.0,0.9075000000000001,0.9,2,0.0
200,100,high,8,high,2,583999189,50,0.2331560762518357,0.02645517313465869,0.12312039511652459,0.8875,0.8875,0.8875,0.1125,1.0,0.84175,0.8875,2,0.0
200,100,high,8,high,3,758243266,50,0.12429718742979022,0.005025125628140704,0.024640837874622512,0.75,0.7875,0.8125,0.25,1.0,0.8245000000000001,0.75,2,0.0
200,100,extreme,2,low,0,1173488471,50,1.0176462885467268,0.7450429861944977,0.8610734040800121,0.475,0.9875,1.0,0.525,0.68,0.5362500000000001,0.475,1,0.0
200,100,extreme,2,low,1,1054926768,50,0.9988670645782891,0.7962956453401637,0.8841148656519902,0.5,0.975,1.0,0.5,0.6,0.5805,0.5,2,0.0
200,100,extreme,2,low,2,1934566748,50,0.9955553120224404,0.8107192340647384,0.8970768638871236,0.5125,0.9875,1.0,0.4875,0.54,0.44075,0.5125,2,0.0
200,100,extreme,2,low,3,1783774327,50,1.0247491992614008,0.7647712054862256,0.8628752509462656,0.475,0.9875,1.0,0.525,0.62,0.55975,0.475,1,0.0
200,100,extreme,2,medium,0,510939055,50,0.9916667255382672,0.5700564264980469,0.7259717669370462,0.5125,0.7375,0.8125,0.4875,0.7,0.5247499999999999,0.5125,2,0.0
200,100,extreme,2,medium,1,544298656,50,1.1774725935479688,0.466294618755802,0.689888766559768,0.4125,0.7,0.8625,0.5875,0.72,0.51575,0.4125,1,0.0
200,100,extreme,2,medium,2,283456278,50,1.0390119446578705,0.5325763035567445,0.7939317546981393,0.475,0.7,0.8,0.525,0.82,0.5685,0.475,1,0.0
200,100,extreme,2,medium,3,564047322,50,1.047177009456104,0.451183264441897,0.5981950703577246,0.475,0.7375,0.9125,0.525,0.74,0.5715,0.475,1,0.0
200,100,extreme,2,high,0,1752915688,50,1.0878945705418408,0.21803128799152913,0.4689553271387646,0.45,0.625,0.7,0.55,0.86,0.499,0.45,1,0.0
200,100,extreme,2,high,1,1563992954,50,1.0153201750895238,0.2465271358928666,0.5222417311566254,0.475,0.6125,0.7,0.525,0.86,0.492,0.475,1,0.0
200,100,extreme,2,high,2,1114140082,50,0.8454423477883954,0.005025125628140704,0.27270187937255275,0.5625,0.7375,0.775,0.4375,0.98,0.6262500000000001,0.5625,2,0.0
200,100,extreme,2,high,3,1571182443,50,1.0348958873644227,0.040850440593043914,0.39772623824193654,0.4875,0.6125,0.7125,0.5125,0.94,0.50375,0.4875,1,0.0
200,100,extreme,4,low,0,589360406,50,0.44376912439401195,0.2916324934384118,0.35074335404860413,1.0,1.0,1.0,0.0,0.78,0.7282499999999998,1.0,2,0.0
200,100,extreme,4,low,1,15240080,50,0.13768875563487493,0.020827699213963213,0.041116204266061745,1.0,1.0,1.0,0.0,0.82,0.72775,1.0,2,0.0
200,100,extreme,4,low,2,632799655,50,0.24991357048222163,0.12675138493978108,0.19673022752722388,1.0,1.0,1.0,0.0,0.84,0.7432500000000001,1.0,2,0.0
200,100,extreme,4,low,3,1992602054,50,0.48528301378447447,0.34659934290907096,0.41136176817715664,1.0,1.0,1.0,0.0,0.9,0.8477499999999999,1.0,2,0.0
200,100,extreme,4,medium,0,258297672,50,0.794367684779502,0.2894400528659445,0.480349380076645,0.725,0.8875,0.95,0.275,0.9,0.70875,0.725,2,0.0
200,100,extreme,4,medium,1,1427593230,50,0.20216087763010998,0.03723812160664173,0.08659167868159567,0.9625,1.0,1.0,0.0375,0.9,0.79425,0.9625,2,0.0
200,100,extreme,4,medium,2,623194901,50,0.3107222362520656,0.05597488598845256,0.11590701969573233,0.825,0.925,0.9625,0.175,0.98,0.8019999999999999,0.825,2,0.0
200,100,extreme,4,medium,3,1911020508,50,0.19298159053245656,0.03326616571403778,0.07738984361278545,0.9875,0.9875,0.9875,0.0125,0.98,0.7897500000000001,0.9875,2,0.0
200,100,extreme,4,high,0,1505976228,50,0.349724205520356,0.005025125628140704,0.07008313111446274,0.675,0.75,0.8,0.325,0.98,0.7837500000000001,0.675,2,0.0
200,100,extreme,4,high,1,1401384769,50,0.2844874736573346,0.017651467182192904,0.06756214232726003,0.6875,0.7125,0.7125,0.3125,1.0,0.74775,0.6875,2,0.0
200,100,extreme,4,high,2,343942857,50,1.4495207109369534,0.04489221820453323,0.4169962642237264,0.4625,0.5125,0.575,0.5375,0.98,0.71425,0.4625,1,0.0
200,100,extreme,4,high,3,1420619178,50,0.9619449685389082,0.12489774114459622,0.4085160795938086,0.5125,0.625,0.725,0.4875,0.98,0.732,0.5125,2,0.0
200,100,extreme,8,low,0,1211625740,50,0.06361941980347371,0.014531075456444763,0.031950831386763245,1.0,1.0,1.0,0.0,1.0,0.93825,1.0,2,0.0
200,100,extreme,8,low,1,1695154357,50,0.05236541360082471,0.009379402881110936,0.017062951700609875,1.0,1.0,1.0,0.0,0.96,0.9492499999999999,1.0,2,0.0
200,100,extreme,8,low,2,2009798190,50,0.03865562304304465,0.008781588177860886,0.020803159612571683,1.0,1.0,1.0,0.0,0.96,0.8797499999999999,1.0,2,0.0
200,100,extreme,8,low,3,98910385,50,0.13381897609999424,0.038684363712625805,0.07767381019689248,1.0,1.0,1.0,0.0,1.0,0.9237500000000001,1.0,2,0.0
200,100,extreme,8,medium,0,1709520713,50,0.17788302767400865,0.021965630024173653,0.07526747993778998,1.0,1.0,1.0,0.0,1.0,0.9170000000000001,1.0,2,0.0
200,100,extreme,8,medium,1,2131218331,50,0.19257188808913256,0.019385627177114527,0.03668653907008939,0.9875,0.9875,0.9875,0.0125,0.98,0.8880000000000002,0.9875,2,0.0
200,100,extreme,8,medium,2,1378261544,50,0.10516560470522121,0.014982071090383253,0.033084331255895154,0.9875,1.0,1.0,0.0125,1.0,0.8815000000000002,0.9875,2,0.0
200,100,extreme,8,medium,3,1283954103,50,0.13534232009809688,0.0248852208192369,0.06198700876580289,0.9875,1.0,1.0,0.0125,1.0,0.9274999999999999,0.9875,2,0.0
200,100,extreme,8,high,0,2011206549,50,0.10541318094938919,0.006276882715675525,0.034269054850635826,0.85,0.85,0.85,0.15,1.0,0.87775,0.85,2,0.0
200,100,extreme,8,high,1,505651604,50,0.06080707631055307,0.013837446182756152,0.031112162966909808,0.8125,0.8625,0.8625,0.1875,1.0,0.89275,0.8125,2,0.0
200,100,extreme,8,high,2,614715561,50,0.19488818816833958,0.007557586101392485,0.10654989848075033,0.8,0.875,0.875,0.2,1.0,0.9287500000000002,0.8,2,0.0
200,100,extreme,8,high,3,57678112,50,0.1679321316935128,0.005025125628140704,0.052734514669337366,0.9,0.9,0.9,0.1,1.0,0.8815000000000002,0.9,2,0.0
200,200,low,2,low,0,1447284296,50,0.005025125628140704,0.005025125628140704,0.005025125628140704,1.0,1.0,1.0,0.0,1.0,1.0,1.0,2,0.0
200,200,low,2,low,1,591727524,50,0.005025125628140704,0.005025125628140704,0.005025125628140704,1.0,1.0,1.0,0.0,1.0,1.0,1.0,2,0.0
200,200,low,2,low,2,1005987255,50,0.005025125628140704,0.005025125628140704,0.005025125628140704,1.0,1.0,1.0,0.0,1.0,1.0,1.0,2,0.0
200,200,low,2,low,3,142269297,50,0.0057304960823055355,0.005025125628140704,0.005025125628140704,1.0,1.0,1.0,0.0,1.0,1.0,1.0,2,0.0
200,200,low,2,medium,0,1448244076,50,0.005025125628140704,0.005025125628140704,0.005025125628140704,1.0,1.0,1.0,0.0,1.0,1.0,1.0,2,0.0
200,200,low,2,medium,1,1786607745,50,0.015360278860579085,0.005025125628140704,0.005025125628140704,1.0,1.0,1.0,0.0,1.0,1.0,1.0,2,0.0
200,200,low,2,medium,2,1782758990,50,0.005025125628140704,0.005025125628140704,0.005025125628140704,1.0,1.0,1.0,0.0,1.0,1.0,1.0,2,0.0
200,200,low,2,medium,3,2076773995,50,0.005025125628140704,0.005025125628140704,0.005025125628140704,1.0,1.0,1.0,0.0,1.0,1.0,1.0,2,0.0
200,200,low,2,high,0,586358317,50,0.005025125628140704,0.005025125628140704,0.005025125628140704,0.925,0.9375,0.95,0.075,1.0,0.917,0.925,2,0.0
200,200,low,2,high,1,252658811,50,0.0085175653419834,0.005025125628140704,0.005025125628140704,0.9375,0.9625,0.975,0.0625,1.0,0.92925,0.9375,2,0.0
200,200,low,2,high,2,270018541,50,0.07430347196679793,0.005025125628140704,0.005025125628140704,0.8875,0.9375,0.95,0.1125,1.0,0.8942500000000001,0.8875,2,0.0
200,200,low,2,high,3,1221268081,50,0.008258917786543285,0.005025125628140704,0.005025125628140704,0.925,0.9375,0.95,0.075,1.0,0.925,0.925,2,0.0
200,200,low,4,low,0,1022567773,50,0.005025125628140704,0.005025125628140704,0.005025125628140704,1.0,1.0,1.0,0.0,1.0,1.0,1.0,2,0.0
200,200,low,4,low,1,921871254,50,0.005025125628140704,0.005025125628140704,0.005025125628140704,1.0,1.0,1.0,0.0,1.0,1.0,1.0,2,0.0
200,200,low,4,low,2,313851964,50,0.005025125628140704,0.005025125628140704,0.005025125628140704,1.0,1.0,1.0,0.0,1.0,1.0,1.0,2,0.0
200,200,low,4,low,3,1672585837,50,0.005025125628140704,0.005025125628140704,0.005025125628140704,1.0,1.0,1.0,0.0,1.0,1.0,1.0,2,0.0
200,200,low,4,medium,0,1370025361,50,0.005025125628140704,0.005025125628140704,0.005025125628140704,1.0,1.0,1.0,0.0,1.0,1.0,1.0,2,0.0
200,200,low,4,medium,1,1302539487,50,0.005025125628140704,0.005025125628140704,0.005025125628140704,1.0,1.0,1.0,0.0,1.0,1.0,1.0,2,0.0
200,200,low,4,medium,2,11104141,50,0.005025125628140704,0.005025125628140704,0.005025125628140704,1.0,1.0,1.0,0.0,1.0,1.0,1.0,2,0.0
200,200,low,4,medium,3,1481995436,50,0.005025125628140704,0.005025125628140704,0.005025125628140704,1.0,1.0,1.0,0.0,1.0,1.0,1.0,2,0.0
200,200,low,4,high,0,1383785546,50,0.02022351690835281,0.005025125628140704,0.005025125628140704,1.0,1.0,1.0,0.0,1.0,0.9995,1.0,2,0.0
200,200,low,4,high,1,1133211121,50,0.005025125628140704,0.005025125628140704,0.005025125628140704,0.9625,0.9875,0.9875,0.0375,1.0,0.97425,0.9625,2,0.0
200,200,low,4,high,2,1345934477,50,0.005025125628140704,0.005025125628140704,0.005025125628140704,1.0,1.0,1.0,0.0,1.0,0.9952500000000001,1.0,2,0.0
200,200,low,4,high,3,460643631,50,0.005025125628140704,0.005025125628140704,0.005025125628140704,0.9875,1.0,1.0,0.0125,1.0,0.9942499999999999,0.9875,2,0.0
200,200,low,8,low,0,1302752576,50,0.005025125628140704,0.005025125628140704,0.005025125628140704,1.0,1.0,1.0,0.0,1.0,1.0,1.0,2,0.0
200,200,low,8,low,1,1668954145,50,0.005025125628140704,0.003688543638799943,0.005025125628140704,1.0,1.0,1.0,0.0,1.0,1.0,1.0,2,0.0
200,200,low,8,low,2,2003907971,50,0.005025125628140704,0.005025125628140704,0.005025125628140704,1.0,1.0,1.0,0.0,1.0,1.0,1.0,2,0.0
200,200,low,8,low,3,752194400,50,0.005116677725125569,0.005025125628140704,0.005025125628140704,1.0,1.0,1.0,0.0,1.0,1.0,1.0,2,0.0
200,200,low,8,medium,0,279298253,50,0.005025125628140704,0.005025125628140704,0.005025125628140704,1.0,1.0,1.0,0.0,1.0,1.0,1.0,2,0.0
200,200,low,8,medium,1,1878123944,50,0.018235054576857528,0.005025125628140704,0.005025125628140704,1.0,1.0,1.0,0.0,1.0,1.0,1.0,2,0.0
200,200,low,8,medium,2,276540579,50,0.018162668878727264,0.005025125628140704,0.005025125628140704,1.0,1.0,1.0,0.0,1.0,1.0,1.0,2,0.0
200,200,low,8,medium,3,1486831556,50,0.005025125628140704,0.005025125628140704,0.005025125628140704,1.0,1.0,1.0,0.0,1.0,1.0,1.0,2,0.0
200,200,low,8,high,0,386917934,50,0.005025125628140704,0.005025125628140704,0.005025125628140704,0.975,0.9875,0.9875,0.025,1.0,0.9780000000000001,0.975,2,0.0
200,200,low,8,high,1,706453030,50,0.005025125628140704,0.005025125628140704,0.005025125628140704,0.9875,0.9875,0.9875,0.0125,1.0,0.9879999999999999,0.9875,2,0.0
200,200,low,8,high,2,826037147,50,0.005025125628140704,0.005025125628140704,0.005025125628140704,0.975,0.975,0.9875,0.025,1.0,0.9702500000000001,0.975,2,0.0
200,200,low,8,high,3,649625263,50,0.005025125628140704,0.005025125628140704,0.005025125628140704,0.9625,0.9625,0.9625,0.0375,1.0,0.9625,0.9625,2,0.0
200,200,medium,2,low,0,21309693,50,0.005025125628140704,0.005025125628140704,0.005025125628140704,1.0,1.0,1.0,0.0,1.0,1.0,1.0,2,0.0
200,200,medium,2,low,1,1677755709,50,0.005025125628140704,0.005025125628140704,0.005025125628140704,1.0,1.0,1.0,0.0,1.0,1.0,1.0,2,0.0
200,200,medium,2,low,2,1099600591,50,0.005025125628140704,0.005025125628140704,0.005025125628140704,1.0,1.0,1.0,0.0,1.0,1.0,1.0,2,0.0
200,200,medium,2,low,3,677545007,50,0.006580110237739778,0.005025125628140704,0.005025125628140704,1.0,1.0,1.0,0.0,1.0,1.0,1.0,2,0.0
200,200,medium,2,medium,0,722639319,50,0.0066070267188563896,0.005025125628140704,0.005025125628140704,1.0,1.0,1.0,0.0,1.0,0.9982500000000002,1.0,2,0.0
200,200,medium,2,medium,1,631876061,50,0.005025125628140704,0.005025125628140704,0.005025125628140704,1.0,1.0,1.0,0.0,1.0,1.0,1.0,2,0.0
200,200,medium,2,medium,2,1517740019,50,0.005025125628140704,0.005025125628140704,0.005025125628140704,1.0,1.0,1.0,0.0,1.0,0.9995,1.0,2,0.0
200,200,medium,2,medium,3,1067985775,50,0.005025125628140704,0.005025125628140704,0.005025125628140704,1.0,1.0,1.0,0.0,1.0,0.9995,1.0,2,0.0
200,200,medium,2,high,0,1704201745,50,0.005025125628140704,0.005025125628140704,0.005025125628140704,0.9375,0.975,0.975,0.0625,1.0,0.9422499999999999,0.9375,2,0.0
200,200,medium,2,high,1,1531886926,50,0.005025125628140704,0.005025125628140704,0.005025125628140704,0.9625,0.975,0.9875,0.0375,1.0,0.9510000000000002,0.9625,2,0.0
200,200,medium,2,high,2,603517963,50,0.005025125628140704,0.005025125628140704,0.005025125628140704,0.9375,0.95,0.95,0.0625,1.0,0.931,0.9375,2,0.0
200,200,medium,2,high,3,1622852274,50,0.034891599504895204,0.005025125628140704,0.005025125628140704,0.9125,0.9375,0.95,0.0875,1.0,0.90675,0.9125,2,0.0
200,200,medium,4,low,0,591680030,50,0.005025125628140704,0.005025125628140704,0.005025125628140704,1.0,1.0,1.0,0.0,1.0,1.0,1.0,2,0.0
200,200,medium,4,low,1,138783519,50,0.005025125628140704,0.005025125628140704,0.005025125628140704,1.0,1.0,1.0,0.0,1.0,1.0,1.0,2,0.0
200,200,medium,4,low,2,2011468546,50,0.005025125628140704,0.005025125628140704,0.005025125628140704,1.0,1.0,1.0,0.0,1.0,1.0,1.0,2,0.0
200,200,medium,4,low,3,1886751674,50,0.005025125628140704,0.005025125628140704,0.005025125628140704,1.0,1.0,1.0,0.0,1.0,1.0,1.0,2,0.0
200,200,medium,4,medium,0,1384625212,50,0.010713135170639428,0.005025125628140704,0.005025125628140704,1.0,1.0,1.0,0.0,1.0,1.0,1.0,2,0.0
200,200,medium,4,medium,1,1213129641,50,0.005025125628140704,0.005025125628140704,0.005025125628140704,1.0,1.0,1.0,0.0,1.0,1.0,1.0,2,0.0
200,200,medium,4,medium,2,2070102686,50,0.005025125628140704,0.005025125628140704,0.005025125628140704,1.0,1.0,1.0,0.0,1.0,0.9995,1.0,2,0.0
200,200,medium,4,medium,3,1027346303,50,0.005025125628140704,0.005025125628140704,0.005025125628140704,1.0,1.0,1.0,0.0,1.0,1.0,1.0,2,0.0
200,200,medium,4,high,0,682927287,50,0.005025125628140704,0.005025125628140704,0.005025125628140704,0.9875,0.9875,1.0,0.0125,1.0,0.99175,0.9875,2,0.0
200,200,medium,4,high,1,463558835,50,0.01960101529650501,0.005025125628140704,0.005025125628140704,1.0,1.0,1.0,0.0,1.0,0.99375,1.0,2,0.0
200,200,medium,4,high,2,1041353422,50,0.033899988869262584,0.005025125628140704,0.005025125628140704,0.975,0.975,0.9875,0.025,1.0,0.9707500000000001,0.975,2,0.0
200,200,medium,4,high,3,1771157010,50,0.005025125628140704,0.005025125628140704,0.005025125628140704,1.0,1.0,1.0,0.0,1.0,0.99725,1.0,2,0.0
200,200,medium,8,low,0,1530154346,50,0.0065635050845362225,0.005025125628140704,0.005025125628140704,1.0,1.0,1.0,0.0,1.0,1.0,1.0,2,0.0
200,200,medium,8,low,1,1296166028,50,0.005025125628140704,0.005025125628140704,0.005025125628140704,1.0,1.0,1.0,0.0,1.0,1.0,1.0,2,0.0
200,200,medium,8,low,2,1793503907,50,0.005614102587208389,0.005025125628140704,0.005025125628140704,1.0,1.0,1.0,0.0,1.0,1.0,1.0,2,0.0
200,200,medium,8,low,3,1835975956,50,0.005025125628140704,0.005025125628140704,0.005025125628140704,1.0,1.0,1.0,0.0,1.0,1.0,1.0,2,0.0
200,200,medium,8,medium,0,1912430552,50,0.0051012718890066245,0.005025125628140704,0.005025125628140704,1.0,1.0,1.0,0.0,1.0,0.99975,1.0,2,0.0
200,200,medium,8,medium,1,1374934360,50,0.015177384877708304,0.0047541303965081124,0.0047541303965081124,1.0,1.0,1.0,0.0,1.0,1.0,1.0,2,0.0
200,200,medium,8,medium,2,1987942939,50,0.005338018033251667,0.005025125628140704,0.005025125628140704,1.0,1.0,1.0,0.0,1.0,1.0,1.0,2,0.0
200,200,medium,8,medium,3,1377028994,50,0.005025125628140704,0.005025125628140704,0.005025125628140704,1.0,1.0,1.0,0.0,1.0,1.0,1.0,2,0.0
200,200,medium,8,high,0,683218227,50,0.005025125628140704,0.005025125628140704,0.005025125628140704,0.9875,0.9875,0.9875,0.0125,1.0,0.9804999999999999,0.9875,2,0.0
200,200,medium,8,high,1,1672709524,50,0.003417463635597202,0.003417463635597202,0.003417463635597202,1.0,1.0,1.0,0.0,1.0,0.9984999999999999,1.0,2,0.0
200,200,medium,8,high,2,46501002,50,0.005025125628140704,0.005025125628140704,0.005025125628140704,1.0,1.0,1.0,0.0,1.0,1.0,1.0,2,0.0
200,200,medium,8,high,3,1621712104,50,0.0029049330994084027,0.001239666105907155,0.001239666105907155,0.9875,0.9875,0.9875,0.0125,1.0,0.98325,0.9875,2,0.0
200,200,high,2,low,0,1923555432,50,0.005025125628140704,0.005025125628140704,0.005025125628140704,1.0,1.0,1.0,0.0,0.98,0.9800000000000002,1.0,2,0.0
200,200,high,2,low,1,1408336351,50,0.005025125628140704,0.005025125628140704,0.005025125628140704,1.0,1.0,1.0,0.0,0.98,0.9592500000000002,1.0,2,0.0
200,200,high,2,low,2,1321491182,50,0.005025125628140704,0.005025125628140704,0.005025125628140704,1.0,1.0,1.0,0.0,0.94,0.9354999999999999,1.0,2,0.0
200,200,high,2,low,3,1839090423,50,0.005025125628140704,0.005025125628140704,0.005025125628140704,1.0,1.0,1.0,0.0,0.98,0.977,1.0,2,0.0
200,200,high,2,medium,0,969057484,50,0.005025125628140704,0.005025125628140704,0.005025125628140704,1.0,1.0,1.0,0.0,0.98,0.9615,1.0,2,0.0
200,200,high,2,medium,1,851587671,50,0.01965207073572297,0.005025125628140704,0.005025125628140704,1.0,1.0,1.0,0.0,0.92,0.8957500000000002,1.0,2,0.0
200,200,high,2,medium,2,1453616454,50,0.02675882084344698,0.005025125628140704,0.005025125628140704,1.0,1.0,1.0,0.0,0.98,0.9577500000000001,1.0,2,0.0
200,200,high,2,medium,3,2083632825,50,0.005025125628140704,0.005025125628140704,0.005025125628140704,1.0,1.0,1.0,0.0,1.0,0.9887499999999999,1.0,2,0.0
200,200,high,2,high,0,1216618285,50,0.005025125628140704,0.005025125628140704,0.005025125628140704,0.9125,0.9375,0.9625,0.0875,0.94,0.83775,0.9125,2,0.0
200,200,high,2,high,1,1374785573,50,0.007002903797324017,0.005025125628140704,0.005025125628140704,0.9,0.9625,0.975,0.1,1.0,0.891,0.9,2,0.0
200,200,high,2,high,2,1765218547,50,0.005025125628140704,0.005025125628140704,0.005025125628140704,0.95,0.975,0.9875,0.05,0.98,0.852,0.95,2,0.0
200,200,high,2,high,3,540297726,50,0.005025125628140704,0.005025125628140704,0.005025125628140704,0.9375,0.95,0.975,0.0625,1.0,0.885,0.9375,2,0.0
200,200,high,4,low,0,218465103,50,0.005025125628140704,0.005025125628140704,0.005025125628140704,1.0,1.0,1.0,0.0,1.0,1.0,1.0,2,0.0
200,200,high,4,low,1,336307485,50,0.005025125628140704,0.005025125628140704,0.005025125628140704,1.0,1.0,1.0,0.0,0.98,0.9795000000000001,1.0,2,0.0
200,200,high,4,low,2,1176455025,50,0.005025125628140704,0.005025125628140704,0.005025125628140704,1.0,1.0,1.0,0.0,1.0,1.0,1.0,2,0.0
200,200,high,4,low,3,983225257,50,0.005025125628140704,0.005025125628140704,0.005025125628140704,1.0,1.0,1.0,0.0,1.0,0.9952500000000001,1.0,2,0.0
200,200,high,4,medium,0,318631118,50,0.005025125628140704,0.005025125628140704,0.005025125628140704,1.0,1.0,1.0,0.0,1.0,0.9952500000000001,1.0,2,0.0
200,200,high,4,medium,1,1315415933,50,0.023470556402743932,0.005025125628140704,0.005025125628140704,1.0,1.0,1.0,0.0,1.0,0.99875,1.0,2,0.0
200,200,high,4,medium,2,293247836,50,0.005025125628140704,0.005025125628140704,0.005025125628140704,1.0,1.0,1.0,0.0,1.0,0.9945,1.0,2,0.0
200,200,high,4,medium,3,58508359,50,0.005025125628140704,0.005025125628140704,0.005025125628140704,1.0,1.0,1.0,0.0,0.98,0.9785000000000004,1.0,2,0.0
200,200,high,4,high,0,1131342153,50,0.005025125628140704,0.005025125628140704,0.005025125628140704,1.0,1.0,1.0,0.0,1.0,0.95175,1.0,2,0.0
200,200,high,4,high,1,1644390461,50,0.005025125628140704,0.005025125628140704,0.005025125628140704,0.975,0.975,0.975,0.025,1.0,0.9610000000000003,0.975,2,0.0
200,200,high,4,high,2,139672128,50,0.005025125628140704,0.005025125628140704,0.005025125628140704,0.9875,0.9875,0.9875,0.0125,1.0,0.94025,0.9875,2,0.0
200,200,high,4,high,3,307438525,50,0.005025125628140704,0.005025125628140704,0.005025125628140704,1.0,1.0,1.0,0.0,1.0,0.9890000000000001,1.0,2,0.0
200,200,high,8,low,0,100526505,50,0.005936740808572217,0.005025125628140704,0.005025125628140704,1.0,1.0,1.0,0.0,0.96,0.9600000000000002,1.0,2,0.0
200,200,high,8,low,1,1719962648,50,0.005025125628140704,0.005025125628140704,0.005025125628140704,1.0,1.0,1.0,0.0,1.0,1.0,1.0,2,0.0
200,200,high,8,low,2,1115867726,50,0.005025125628140704,0.004421683561640535,0.005025125628140704,1.0,1.0,1.0,0.0,1.0,1.0,1.0,2,0.0
200,200,high,8,low,3,710272028,50,0.005025125628140704,0.005025125628140704,0.005025125628140704,1.0,1.0,1.0,0.0,1.0,0.9962500000000001,1.0,2,0.0
200,200,high,8,medium,0,1682365567,50,0.005025125628140704,0.005025125628140704,0.005025125628140704,1.0,1.0,1.0,0.0,1.0,0.9957499999999999,1.0,2,0.0
200,200,high,8,medium,1,1792487873,50,0.014339758023329818,0.005025125628140704,0.005025125628140704,1.0,1.0,1.0,0.0,1.0,0.99725,1.0,2,0.0
200,200,high,8,medium,2,2097484740,50,0.012234508734891163,0.005025125628140704,0.005025125628140704,1.0,1.0,1.0,0.0,1.0,0.99375,1.0,2,0.0
200,200,high,8,medium,3,2114625539,50,0.005025125628140704,0.005025125628140704,0.005025125628140704,1.0,1.0,1.0,0.0,1.0,0.99175,1.0,2,0.0
200,200,high,8,high,0,1869265192,50,0.011424513543559833,0.005025125628140704,0.005025125628140704,0.975,0.975,0.975,0.025,1.0,0.9717499999999999,0.975,2,0.0
200,200,high,8,high,1,1229864621,50,0.015425792308269282,0.005025125628140704,0.005025125628140704,0.9875,0.9875,0.9875,0.0125,1.0,0.99025,0.9875,2,0.0
200,200,high,8,high,2,1688414947,50,0.005025125628140704,0.005025125628140704,0.005025125628140704,0.975,0.975,0.975,0.025,1.0,0.9802500000000001,0.975,2,0.0
200,200,high,8,high,3,1691263256,50,0.005025125628140704,0.005025125628140704,0.005025125628140704,1.0,1.0,1.0,0.0,1.0,0.9807499999999999,1.0,2,0.0
200,200,extreme,2,low,0,170738551,50,0.005025125628140704,0.005025125628140704,0.005025125628140704,1.0,1.0,1.0,0.0,0.74,0.7382500000000001,1.0,2,0.0
200,200,extreme,2,low,1,1815359818,50,0.005025125628140704,0.005025125628140704,0.005025125628140704,1.0,1.0,1.0,0.0,0.8,0.7894999999999999,1.0,2,0.0
200,200,extreme,2,low,2,1941886139,50,0.005025125628140704,0.005025125628140704,0.005025125628140704,1.0,1.0,1.0,0.0,0.72,0.7197499999999998,1.0,2,0.0
200,200,extreme,2,low,3,933763436,50,0.005025125628140704,0.005025125628140704,0.005025125628140704,1.0,1.0,1.0,0.0,0.84,0.83825,1.0,2,0.0
200,200,extreme,2,medium,0,400752062,50,0.005025125628140704,0.005025125628140704,0.005025125628140704,1.0,1.0,1.0,0.0,0.74,0.69025,1.0,2,0.0
200,200,extreme,2,medium,1,1283641496,50,0.005025125628140704,0.005025125628140704,0.005025125628140704,1.0,1.0,1.0,0.0,0.78,0.7665000000000001,1.0,2,0.0
200,200,extreme,2,medium,2,687268530,50,0.024633905288412725,0.005025125628140704,0.005025125628140704,1.0,1.0,1.0,0.0,0.76,0.7379999999999999,1.0,2,0.0
200,200,extreme,2,medium,3,1017398732,50,0.005025125628140704,0.005025125628140704,0.005025125628140704,1.0,1.0,1.0,0.0,0.86,0.8352499999999999,1.0,2,0.0
200,200,extreme,2,high,0,151946078,50,0.026196126563627496,0.005025125628140704,0.005025125628140704,0.8875,0.9,0.9375,0.1125,0.8,0.6740000000000002,0.8875,2,0.0
200,200,extreme,2,high,1,1765438321,50,0.005438751861816738,0.005025125628140704,0.005025125628140704,0.925,0.9375,0.9875,0.075,0.74,0.609,0.925,2,0.0
200,200,extreme,2,high,2,1259247082,50,0.01739959229453289,0.005025125628140704,0.005025125628140704,0.9125,0.9375,0.9375,0.0875,0.9,0.75775,0.9125,2,0.0
200,200,extreme,2,high,3,780462399,50,0.005025125628140704,0.005025125628140704,0.005025125628140704,0.9,0.975,0.975,0.1,0.8,0.6827500000000001,0.9,2,0.0
200,200,extreme,4,low,0,1367303664,50,0.005025125628140704,0.005025125628140704,0.005025125628140704,1.0,1.0,1.0,0.0,0.9,0.8705,1.0,2,0.0
200,200,extreme,4,low,1,1758066352,50,0.005025125628140704,0.005025125628140704,0.005025125628140704,1.0,1.0,1.0,0.0,0.88,0.8795,1.0,2,0.0
200,200,extreme,4,low,2,889696833,50,0.005025125628140704,0.005025125628140704,0.005025125628140704,1.0,1.0,1.0,0.0,0.94,0.9347499999999996,1.0,2,0.0
200,200,extreme,4,low,3,2076460574,50,0.005025125628140704,0.005025125628140704,0.005025125628140704,1.0,1.0,1.0,0.0,0.94,0.9399999999999997,1.0,2,0.0
200,200,extreme,4,medium,0,1894823510,50,0.006653762798981503,0.005025125628140704,0.005025125628140704,1.0,1.0,1.0,0.0,0.92,0.8925000000000001,1.0,2,0.0
200,200,extreme,4,medium,1,1497215083,50,0.005025125628140704,0.005025125628140704,0.005025125628140704,1.0,1.0,1.0,0.0,0.94,0.9267499999999999,1.0,2,0.0
200,200,extreme,4,medium,2,2069622897,50,0.005025125628140704,0.005025125628140704,0.005025125628140704,1.0,1.0,1.0,0.0,0.92,0.8615,1.0,2,0.0
200,200,extreme,4,medium,3,519072054,50,0.005025125628140704,0.005025125628140704,0.005025125628140704,1.0,1.0,1.0,0.0,0.98,0.96325,1.0,2,0.0
200,200,extreme,4,high,0,42802235,50,0.005025125628140704,0.005025125628140704,0.005025125628140704,0.975,0.9875,0.9875,0.025,0.96,0.87375,0.975,2,0.0
200,200,extreme,4,high,1,11555919,50,0.005025125628140704,0.005025125628140704,0.005025125628140704,0.9,0.9625,0.975,0.1,1.0,0.8600000000000001,0.9,2,0.0
200,200,extreme,4,high,2,1774223334,50,0.005025125628140704,0.005025125628140704,0.005025125628140704,0.975,0.9875,0.9875,0.025,1.0,0.8552500000000001,0.975,2,0.0
200,200,extreme,4,high,3,1694898355,50,0.005025125628140704,0.005025125628140704,0.005025125628140704,1.0,1.0,1.0,0.0,0.92,0.8720000000000002,1.0,2,0.0
200,200,extreme,8,low,0,1743524883,50,0.007140507706440246,0.005025125628140704,0.005025125628140704,1.0,1.0,1.0,0.0,1.0,1.0,1.0,2,0.0
200,200,extreme,8,low,1,1848379868,50,0.007578791119582479,0.005025125628140704,0.005025125628140704,1.0,1.0,1.0,0.0,0.92,0.9200000000000002,1.0,2,0.0
200,200,extreme,8,low,2,1025202537,50,0.005025125628140704,0.005025125628140704,0.005025125628140704,1.0,1.0,1.0,0.0,0.96,0.9600000000000002,1.0,2,0.0
200,200,extreme,8,low,3,1474051957,50,0.005025125628140704,0.0024387875527551485,0.005025125628140704,1.0,1.0,1.0,0.0,0.98,0.9800000000000002,1.0,2,0.0
200,200,extreme,8,medium,0,1270105195,50,0.005025125628140704,0.005025125628140704,0.005025125628140704,1.0,1.0,1.0,0.0,1.0,0.9790000000000003,1.0,2,0.0
200,200,extreme,8,medium,1,434747340,50,0.005025125628140704,0.005025125628140704,0.005025125628140704,1.0,1.0,1.0,0.0,0.94,0.9272499999999999,1.0,2,0.0
200,200,extreme,8,medium,2,371693752,50,0.005025125628140704,0.005025125628140704,0.005025125628140704,1.0,1.0,1.0,0.0,1.0,0.9237500000000001,1.0,2,0.0
200,200,extreme,8,medium,3,997847638,50,0.005025125628140704,0.005025125628140704,0.005025125628140704,1.0,1.0,1.0,0.0,1.0,0.952,1.0,2,0.0
200,200,extreme,8,high,0,1783623204,50,0.005090660271571679,0.005025125628140704,0.005025125628140704,1.0,1.0,1.0,0.0,1.0,0.9132500000000002,1.0,2,0.0
200,200,extreme,8,high,1,77002828,50,0.012685166345708288,0.005025125628140704,0.005025125628140704,1.0,1.0,1.0,0.0,1.0,0.9442499999999999,1.0,2,0.0
200,200,extreme,8,high,2,336456086,50,0.01407993249493509,0.005025125628140704,0.005025125628140704,1.0,1.0,1.0,0.0,1.0,0.9492499999999999,1.0,2,0.0
200,200,extreme,8,high,3,1614962709,50,0.005025125628140704,0.005025125628140704,0.005025125628140704,0.9875,1.0,1.0,0.0125,1.0,0.9247499999999998,0.9875,2,0.0
200,400,low,2,low,0,1934358962,50,0.005025125628140704,0.005025125628140704,0.005025125628140704,1.0,1.0,1.0,0.0,1.0,1.0,1.0,2,0.0
200,400,low,2,low,1,148704963,50,0.005025125628140704,0.005025125628140704,0.005025125628140704,1.0,1.0,1.0,0.0,1.0,1.0,1.0,2,0.0
200,400,low,2,low,2,458910144,50,0.005025125628140704,0.005025125628140704,0.005025125628140704,1.0,1.0,1.0,0.0,1.0,1.0,1.0,2,0.0
200,400,low,2,low,3,1763538024,50,0.005025125628140704,0.005025125628140704,0.005025125628140704,1.0,1.0,1.0,0.0,1.0,1.0,1.0,2,0.0
200,400,low,2,medium,0,572027465,50,0.005025125628140704,0.005025125628140704,0.005025125628140704,1.0,1.0,1.0,0.0,1.0,1.0,1.0,2,0.0
200,400,low,2,medium,1,1768088357,50,0.005025125628140704,0.005025125628140704,0.005025125628140704,1.0,1.0,1.0,0.0,1.0,1.0,1.0,2,0.0
200,400,low,2,medium,2,799042932,50,0.005025125628140704,0.005025125628140704,0.005025125628140704,1.0,1.0,1.0,0.0,1.0,1.0,1.0,2,0.0
200,400,low,2,medium,3,79993836,50,0.005025125628140704,0.005025125628140704,0.005025125628140704,1.0,1.0,1.0,0.0,1.0,1.0,1.0,2,0.0
200,400,low,2,high,0,1836193922,50,0.005025125628140704,0.005025125628140704,0.005025125628140704,1.0,1.0,1.0,0.0,1.0,1.0,1.0,2,0.0
200,400,low,2,high,1,1640440086,50,0.005025125628140704,0.005025125628140704,0.005025125628140704,1.0,1.0,1.0,0.0,1.0,1.0,1.0,2,0.0
200,400,low,2,high,2,489752322,50,0.005025125628140704,0.005025125628140704,0.005025125628140704,1.0,1.0,1.0,0.0,1.0,1.0,1.0,2,0.0
200,400,low,2,high,3,701672915,50,0.005025125628140704,0.005025125628140704,0.005025125628140704,1.0,1.0,1.0,0.0,1.0,1.0,1.0,2,0.0
200,400,low,4,low,0,1036954012,50,0.005025125628140704,0.005025125628140704,0.005025125628140704,1.0,1.0,1.0,0.0,1.0,1.0,1.0,2,0.0
200,400,low,4,low,1,581118471,50,0.005025125628140704,0.005025125628140704,0.005025125628140704,1.0,1.0,1.0,0.0,1.0,1.0,1.0,2,0.0
200,400,low,4,low,2,1290452586,50,0.005025125628140704,0.005025125628140704,0.005025125628140704,1.0,1.0,1.0,0.0,1.0,1.0,1.0,2,0.0
200,400,low,4,low,3,859106463,50,0.005025125628140704,0.005025125628140704,0.005025125628140704,1.0,1.0,1.0,0.0,1.0,1.0,1.0,2,0.0
200,400,low,4,medium,0,1804090878,50,0.005025125628140704,0.005025125628140704,0.005025125628140704,1.0,1.0,1.0,0.0,1.0,1.0,1.0,2,0.0
200,400,low,4,medium,1,2115650219,50,0.005025125628140704,0.005025125628140704,0.005025125628140704,1.0,1.0,1.0,0.0,1.0,1.0,1.0,2,0.0
200,400,low,4,medium,2,2003238973,50,0.005025125628140704,0.005025125628140704,0.005025125628140704,1.0,1.0,1.0,0.0,1.0,1.0,1.0,2,0.0
200,400,low,4,medium,3,460835811,50,0.005025125628140704,0.005025125628140704,0.005025125628140704,1.0,1.0,1.0,0.0,1.0,1.0,1.0,2,0.0
200,400,low,4,high,0,1254082756,50,0.005025125628140704,0.005025125628140704,0.005025125628140704,1.0,1.0,1.0,0.0,1.0,1.0,1.0,2,0.0
200,400,low,4,high,1,1100371153,50,0.005025125628140704,0.005025125628140704,0.005025125628140704,1.0,1.0,1.0,0.0,1.0,1.0,1.0,2,0.0
200,400,low,4,high,2,1595232742,50,0.0006877854851205398,0.0006877854851205398,0.0006877854851205398,1.0,1.0,1.0,0.0,1.0,1.0,1.0,2,0.0
200,400,low,4,high,3,1788732676,50,0.005025125628140704,0.005025125628140704,0.005025125628140704,1.0,1.0,1.0,0.0,1.0,1.0,1.0,2,0.0
200,400,low,8,low,0,1238467696,50,0.005025125628140704,0.005025125628140704,0.005025125628140704,1.0,1.0,1.0,0.0,1.0,1.0,1.0,2,0.0
200,400,low,8,low,1,1225357059,50,0.005025125628140704,0.005025125628140704,0.005025125628140704,1.0,1.0,1.0,0.0,1.0,1.0,1.0,2,0.0
200,400,low,8,low,2,944631414,50,0.005025125628140704,0.005025125628140704,0.005025125628140704,1.0,1.0,1.0,0.0,1.0,1.0,1.0,2,0.0
200,400,low,8,low,3,1281123379,50,0.005025125628140704,0.005025125628140704,0.005025125628140704,1.0,1.0,1.0,0.0,1.0,1.0,1.0,2,0.0
200,400,low,8,medium,0,69941251,50,0.005025125628140704,0.005025125628140704,0.005025125628140704,1.0,1.0,1.0,0.0,1.0,1.0,1.0,2,0.0
200,400,low,8,medium,1,757053874,50,0.005025125628140704,0.005025125628140704,0.005025125628140704,1.0,1.0,1.0,0.0,1.0,1.0,1.0,2,0.0
200,400,low,8,medium,2,206378998,50,0.005025125628140704,0.005025125628140704,0.005025125628140704,1.0,1.0,1.0,0.0,1.0,1.0,1.0,2,0.0
200,400,low,8,medium,3,2067763513,50,0.005025125628140704,0.005025125628140704,0.005025125628140704,1.0,1.0,1.0,0.0,1.0,1.0,1.0,2,0.0
200,400,low,8,high,0,542123086,50,0.005025125628140704,0.005025125628140704,0.005025125628140704,1.0,1.0,1.0,0.0,1.0,1.0,1.0,2,0.0
200,400,low,8,high,1,2099908322,50,0.005025125628140704,0.005025125628140704,0.005025125628140704,1.0,1.0,1.0,0.0,1.0,1.0,1.0,2,0.0
200,400,low,8,high,2,1035311545,50,0.005025125628140704,0.005025125628140704,0.005025125628140704,1.0,1.0,1.0,0.0,1.0,1.0,1.0,2,0.0
200,400,low,8,high,3,328240254,50,0.005025125628140704,0.005025125628140704,0.005025125628140704,1.0,1.0,1.0,0.0,1.0,1.0,1.0,2,0.0
200,400,medium,2,low,0,1293333880,50,0.005025125628140704,0.005025125628140704,0.005025125628140704,1.0,1.0,1.0,0.0,1.0,1.0,1.0,2,0.0
200,400,medium,2,low,1,586381290,50,0.005025125628140704,0.005025125628140704,0.005025125628140704,1.0,1.0,1.0,0.0,1.0,1.0,1.0,2,0.0
200,400,medium,2,low,2,2042407732,50,0.005025125628140704,0.005025125628140704,0.005025125628140704,1.0,1.0,1.0,0.0,1.0,1.0,1.0,2,0.0
200,400,medium,2,low,3,2099149104,50,0.005025125628140704,0.005025125628140704,0.005025125628140704,1.0,1.0,1.0,0.0,1.0,1.0,1.0,2,0.0
200,400,medium,2,medium,0,1086357741,50,0.005025125628140704,0.005025125628140704,0.005025125628140704,1.0,1.0,1.0,0.0,1.0,1.0,1.0,2,0.0
200,400,medium,2,medium,1,2077888889,50,0.005025125628140704,0.005025125628140704,0.005025125628140704,1.0,1.0,1.0,0.0,1.0,1.0,1.0,2,0.0
200,400,medium,2,medium,2,1606840675,50,0.005025125628140704,0.005025125628140704,0.005025125628140704,1.0,1.0,1.0,0.0,1.0,1.0,1.0,2,0.0
200,400,medium,2,medium,3,1509900442,50,0.005025125628140704,0.005025125628140704,0.005025125628140704,1.0,1.0,1.0,0.0,1.0,1.0,1.0,2,0.0
200,400,medium,2,high,0,307427034,50,0.005025125628140704,0.005025125628140704,0.005025125628140704,1.0,1.0,1.0,0.0,1.0,1.0,1.0,2,0.0
200,400,medium,2,high,1,1810557134,50,0.005025125628140704,0.005025125628140704,0.005025125628140704,1.0,1.0,1.0,0.0,1.0,1.0,1.0,2,0.0
200,400,medium,2,high,2,404278553,50,0.005025125628140704,0.005025125628140704,0.005025125628140704,1.0,1.0,1.0,0.0,1.0,1.0,1.0,2,0.0
200,400,medium,2,high,3,289857731,50,0.005025125628140704,0.005025125628140704,0.005025125628140704,1.0,1.0,1.0,0.0,1.0,1.0,1.0,2,0.0
200,400,medium,4,low,0,89922337,50,0.005025125628140704,0.005025125628140704,0.005025125628140704,1.0,1.0,1.0,0.0,1.0,1.0,1.0,2,0.0
200,400,medium,4,low,1,1397798045,50,0.005025125628140704,0.005025125628140704,0.005025125628140704,1.0,1.0,1.0,0.0,1.0,1.0,1.0,2,0.0
200,400,medium,4,low,2,1855225036,50,0.005025125628140704,0.005025125628140704,0.005025125628140704,1.0,1.0,1.0,0.0,1.0,1.0,1.0,2,0.0
200,400,medium,4,low,3,1395594739,50,0.005025125628140704,0.005025125628140704,0.005025125628140704,1.0,1.0,1.0,0.0,1.0,1.0,1.0,2,0.0
200,400,medium,4,medium,0,2024162405,50,0.005025125628140704,0.005025125628140704,0.005025125628140704,1.0,1.0,1.0,0.0,1.0,1.0,1.0,2,0.0
200,400,medium,4,medium,1,365073384,50,0.005025125628140704,0.005025125628140704,0.005025125628140704,1.0,1.0,1.0,0.0,1.0,1.0,1.0,2,0.0
200,400,medium,4,medium,2,1588920634,50,0.005025125628140704,0.005025125628140704,0.005025125628140704,1.0,1.0,1.0,0.0,1.0,1.0,1.0,2,0.0
200,400,medium,4,medium,3,25086930,50,0.005025125628140704,0.005025125628140704,0.005025125628140704,1.0,1.0,1.0,0.0,1.0,1.0,1.0,2,0.0
200,400,medium,4,high,0,16903021,50,0.005025125628140704,0.005025125628140704,0.005025125628140704,1.0,1.0,1.0,0.0,1.0,1.0,1.0,2,0.0
200,400,medium,4,high,1,1103180285,50,0.005025125628140704,0.005025125628140704,0.005025125628140704,1.0,1.0,1.0,0.0,1.0,1.0,1.0,2,0.0
200,400,medium,4,high,2,516892865,50,0.005025125628140704,0.005025125628140704,0.005025125628140704,1.0,1.0,1.0,0.0,1.0,1.0,1.0,2,0.0
200,400,medium,4,high,3,1871275880,50,0.005025125628140704,0.005025125628140704,0.005025125628140704,1.0,1.0,1.0,0.0,1.0,1.0,1.0,2,0.0
200,400,medium,8,low,0,1789330866,50,0.005025125628140704,0.005025125628140704,0.005025125628140704,1.0,1.0,1.0,0.0,1.0,1.0,1.0,2,0.0
200,400,medium,8,low,1,966485696,50,0.005025125628140704,0.005025125628140704,0.005025125628140704,1.0,1.0,1.0,0.0,1.0,1.0,1.0,2,0.0
200,400,medium,8,low,2,574844051,50,0.005025125628140704,0.005025125628140704,0.005025125628140704,1.0,1.0,1.0,0.0,1.0,1.0,1.0,2,0.0
200,400,medium,8,low,3,967683973,50,0.005025125628140704,0.005025125628140704,0.005025125628140704,1.0,1.0,1.0,0.0,1.0,1.0,1.0,2,0.0
200,400,medium,8,medium,0,244166338,50,0.005025125628140704,0.005025125628140704,0.005025125628140704,1.0,1.0,1.0,0.0,1.0,1.0,1.0,2,0.0
200,400,medium,8,medium,1,1885686033,50,0.005025125628140704,0.005025125628140704,0.005025125628140704,1.0,1.0,1.0,0.0,1.0,1.0,1.0,2,0.0
200,400,medium,8,medium,2,1171198424,50,0.005025125628140704,0.005025125628140704,0.005025125628140704,1.0,1.0,1.0,0.0,1.0,1.0,1.0,2,0.0
200,400,medium,8,medium,3,1447419048,50,0.005025125628140704,0.005025125628140704,0.005025125628140704,1.0,1.0,1.0,0.0,1.0,1.0,1.0,2,0.0
200,400,medium,8,high,0,1073093468,50,0.005025125628140704,0.005025125628140704,0.005025125628140704,1.0,1.0,1.0,0.0,1.0,1.0,1.0,2,0.0
200,400,medium,8,high,1,1950557846,50,0.005025125628140704,0.005025125628140704,0.005025125628140704,1.0,1.0,1.0,0.0,1.0,1.0,1.0,2,0.0
200,400,medium,8,high,2,462483723,50,0.005025125628140704,0.005025125628140704,0.005025125628140704,1.0,1.0,1.0,0.0,1.0,1.0,1.0,2,0.0
200,400,medium,8,high,3,1538633301,50,0.005025125628140704,0.005025125628140704,0.005025125628140704,1.0,1.0,1.0,0.0,1.0,1.0,1.0,2,0.0
200,400,high,2,low,0,25674891,50,0.005025125628140704,0.005025125628140704,0.005025125628140704,1.0,1.0,1.0,0.0,1.0,1.0,1.0,2,0.0
200,400,high,2,low,1,1778368631,50,0.005025125628140704,0.005025125628140704,0.005025125628140704,1.0,1.0,1.0,0.0,0.96,0.9600000000000002,1.0,2,0.0
200,400,high,2,low,2,690436997,50,0.005025125628140704,0.005025125628140704,0.005025125628140704,1.0,1.0,1.0,0.0,1.0,1.0,1.0,2,0.0
200,400,high,2,low,3,1293402054,50,0.005025125628140704,0.005025125628140704,0.005025125628140704,1.0,1.0,1.0,0.0,0.98,0.9800000000000002,1.0,2,0.0
200,400,high,2,medium,0,1171424769,50,0.005025125628140704,0.005025125628140704,0.005025125628140704,1.0,1.0,1.0,0.0,1.0,1.0,1.0,2,0.0
200,400,high,2,medium,1,1519344183,50,0.005025125628140704,0.005025125628140704,0.005025125628140704,1.0,1.0,1.0,0.0,0.96,0.9600000000000002,1.0,2,0.0
200,400,high,2,medium,2,1863043636,50,0.005025125628140704,0.005025125628140704,0.005025125628140704,1.0,1.0,1.0,0.0,0.94,0.9399999999999997,1.0,2,0.0
200,400,high,2,medium,3,1704106414,50,0.005025125628140704,0.005025125628140704,0.005025125628140704,1.0,1.0,1.0,0.0,0.94,0.9399999999999997,1.0,2,0.0
200,400,high,2,high,0,1131521365,50,0.005025125628140704,0.005025125628140704,0.005025125628140704,1.0,1.0,1.0,0.0,1.0,1.0,1.0,2,0.0
200,400,high,2,high,1,636278883,50,0.005025125628140704,0.005025125628140704,0.005025125628140704,1.0,1.0,1.0,0.0,1.0,1.0,1.0,2,0.0
200,400,high,2,high,2,804838442,50,0.005025125628140704,0.005025125628140704,0.005025125628140704,1.0,1.0,1.0,0.0,1.0,1.0,1.0,2,0.0
200,400,high,2,high,3,1950250253,50,0.005025125628140704,0.005025125628140704,0.005025125628140704,1.0,1.0,1.0,0.0,1.0,1.0,1.0,2,0.0
200,400,high,4,low,0,1557079297,50,0.005025125628140704,0.005025125628140704,0.005025125628140704,1.0,1.0,1.0,0.0,1.0,1.0,1.0,2,0.0
200,400,high,4,low,1,607721033,50,0.005025125628140704,0.005025125628140704,0.005025125628140704,1.0,1.0,1.0,0.0,0.98,0.9800000000000002,1.0,2,0.0
200,400,high,4,low,2,499356996,50,0.005025125628140704,0.005025125628140704,0.005025125628140704,1.0,1.0,1.0,0.0,1.0,1.0,1.0,2,0.0
200,400,high,4,low,3,1785235926,50,0.005025125628140704,0.005025125628140704,0.005025125628140704,1.0,1.0,1.0,0.0,1.0,1.0,1.0,2,0.0
200,400,high,4,medium,0,1119371503,50,0.005025125628140704,0.005025125628140704,0.005025125628140704,1.0,1.0,1.0,0.0,1.0,1.0,1.0,2,0.0
200,400,high,4,medium,1,631198571,50,0.005025125628140704,0.005025125628140704,0.005025125628140704,1.0,1.0,1.0,0.0,1.0,1.0,1.0,2,0.0
200,400,high,4,medium,2,529113554,50,0.005025125628140704,0.005025125628140704,0.005025125628140704,1.0,1.0,1.0,0.0,1.0,1.0,1.0,2,0.0
200,400,high,4,medium,3,1361991581,50,0.005025125628140704,0.005025125628140704,0.005025125628140704,1.0,1.0,1.0,0.0,1.0,1.0,1.0,2,0.0
200,400,high,4,high,0,1164848944,50,0.005025125628140704,0.005025125628140704,0.005025125628140704,1.0,1.0,1.0,0.0,1.0,1.0,1.0,2,0.0
200,400,high,4,high,1,328164666,50,0.005025125628140704,0.005025125628140704,0.005025125628140704,1.0,1.0,1.0,0.0,0.98,0.9800000000000002,1.0,2,0.0
200,400,high,4,high,2,2095723363,50,0.005025125628140704,0.005025125628140704,0.005025125628140704,1.0,1.0,1.0,0.0,1.0,1.0,1.0,2,0.0
200,400,high,4,high,3,378679285,50,0.005025125628140704,0.005025125628140704,0.005025125628140704,1.0,1.0,1.0,0.0,1.0,1.0,1.0,2,0.0
200,400,high,8,low,0,1858155189,50,0.005025125628140704,0.005025125628140704,0.005025125628140704,1.0,1.0,1.0,0.0,1.0,1.0,1.0,2,0.0
200,400,high,8,low,1,544598787,50,0.005025125628140704,0.005025125628140704,0.005025125628140704,1.0,1.0,1.0,0.0,1.0,1.0,1.0,2,0.0
200,400,high,8,low,2,1193288791,50,0.005025125628140704,0.005025125628140704,0.005025125628140704,1.0,1.0,1.0,0.0,1.0,1.0,1.0,2,0.0
200,400,high,8,low,3,417513241,50,0.004015371241363529,0.004015371241363529,0.004015371241363529,1.0,1.0,1.0,0.0,1.0,1.0,1.0,2,0.0
200,400,high,8,medium,0,570247410,50,0.005025125628140704,0.005025125628140704,0.005025125628140704,1.0,1.0,1.0,0.0,1.0,1.0,1.0,2,0.0
200,400,high,8,medium,1,526273715,50,0.005025125628140704,0.005025125628140704,0.005025125628140704,1.0,1.0,1.0,0.0,1.0,1.0,1.0,2,0.0
200,400,high,8,medium,2,239010166,50,0.005025125628140704,0.005025125628140704,0.005025125628140704,1.0,1.0,1.0,0.0,1.0,1.0,1.0,2,0.0
200,400,high,8,medium,3,811665024,50,0.005025125628140704,0.005025125628140704,0.005025125628140704,1.0,1.0,1.0,0.0,1.0,1.0,1.0,2,0.0
200,400,high,8,high,0,313874796,50,0.005025125628140704,0.005025125628140704,0.005025125628140704,1.0,1.0,1.0,0.0,1.0,1.0,1.0,2,0.0
200,400,high,8,high,1,1089322800,50,0.005025125628140704,0.005025125628140704,0.005025125628140704,1.0,1.0,1.0,0.0,1.0,1.0,1.0,2,0.0
200,400,high,8,high,2,756701412,50,0.005025125628140704,0.005025125628140704,0.005025125628140704,1.0,1.0,1.0,0.0,1.0,1.0,1.0,2,0.0
200,400,high,8,high,3,1738051539,50,0.005025125628140704,0.005025125628140704,0.005025125628140704,1.0,1.0,1.0,0.0,1.0,1.0,1.0,2,0.0
200,400,extreme,2,low,0,502515465,50,0.005025125628140704,0.005025125628140704,0.005025125628140704,1.0,1.0,1.0,0.0,0.74,0.7400000000000001,1.0,2,0.0
200,400,extreme,2,low,1,1618369917,50,0.005025125628140704,0.005025125628140704,0.005025125628140704,1.0,1.0,1.0,0.0,0.78,0.7800000000000001,1.0,2,0.0
200,400,extreme,2,low,2,1300980932,50,0.005025125628140704,0.005025125628140704,0.005025125628140704,1.0,1.0,1.0,0.0,0.82,0.8200000000000001,1.0,2,0.0
200,400,extreme,2,low,3,380682057,50,0.005025125628140704,0.005025125628140704,0.005025125628140704,1.0,1.0,1.0,0.0,0.76,0.7599999999999999,1.0,2,0.0
200,400,extreme,2,medium,0,1022454599,50,0.005025125628140704,0.005025125628140704,0.005025125628140704,1.0,1.0,1.0,0.0,0.76,0.7599999999999999,1.0,2,0.0
200,400,extreme,2,medium,1,1012278371,50,0.005025125628140704,0.005025125628140704,0.005025125628140704,1.0,1.0,1.0,0.0,0.74,0.7400000000000001,1.0,2,0.0
200,400,extreme,2,medium,2,47127568,50,0.005025125628140704,0.005025125628140704,0.005025125628140704,1.0,1.0,1.0,0.0,0.9,0.9000000000000001,1.0,2,0.0
200,400,extreme,2,medium,3,1742175857,50,0.005025125628140704,0.005025125628140704,0.005025125628140704,1.0,1.0,1.0,0.0,0.86,0.8600000000000001,1.0,2,0.0
200,400,extreme,2,high,0,532812954,50,0.005025125628140704,0.005025125628140704,0.005025125628140704,1.0,1.0,1.0,0.0,0.78,0.7800000000000001,1.0,2,0.0
200,400,extreme,2,high,1,621361276,50,0.005025125628140704,0.005025125628140704,0.005025125628140704,1.0,1.0,1.0,0.0,0.84,0.8400000000000001,1.0,2,0.0
200,400,extreme,2,high,2,1601200746,50,0.005025125628140704,0.005025125628140704,0.005025125628140704,1.0,1.0,1.0,0.0,0.72,0.7199999999999999,1.0,2,0.0
200,400,extreme,2,high,3,1938123224,50,0.005025125628140704,0.005025125628140704,0.005025125628140704,1.0,1.0,1.0,0.0,0.82,0.8200000000000001,1.0,2,0.0
200,400,extreme,4,low,0,893571348,50,0.005025125628140704,0.005025125628140704,0.005025125628140704,1.0,1.0,1.0,0.0,0.94,0.9399999999999997,1.0,2,0.0
200,400,extreme,4,low,1,645860960,50,0.005025125628140704,0.005025125628140704,0.005025125628140704,1.0,1.0,1.0,0.0,0.88,0.8800000000000001,1.0,2,0.0
200,400,extreme,4,low,2,1527869884,50,0.005025125628140704,0.005025125628140704,0.005025125628140704,1.0,1.0,1.0,0.0,0.88,0.8800000000000001,1.0,2,0.0
200,400,extreme,4,low,3,309944294,50,0.005025125628140704,0.005025125628140704,0.005025125628140704,1.0,1.0,1.0,0.0,0.94,0.9399999999999997,1.0,2,0.0
200,400,extreme,4,medium,0,951436827,50,0.005025125628140704,0.005025125628140704,0.005025125628140704,1.0,1.0,1.0,0.0,0.92,0.9200000000000002,1.0,2,0.0
200,400,extreme,4,medium,1,1083156822,50,0.005025125628140704,0.005025125628140704,0.005025125628140704,1.0,1.0,1.0,0.0,0.98,0.9800000000000002,1.0,2,0.0
200,400,extreme,4,medium,2,617649062,50,0.005025125628140704,0.005025125628140704,0.005025125628140704,1.0,1.0,1.0,0.0,0.9,0.9000000000000001,1.0,2,0.0
200,400,extreme,4,medium,3,1356355873,50,0.005025125628140704,0.005025125628140704,0.005025125628140704,1.0,1.0,1.0,0.0,0.82,0.8200000000000001,1.0,2,0.0
200,400,extreme,4,high,0,89119082,50,0.005025125628140704,0.005025125628140704,0.005025125628140704,1.0,1.0,1.0,0.0,0.88,0.8800000000000001,1.0,2,0.0
200,400,extreme,4,high,1,377768710,50,0.005025125628140704,0.005025125628140704,0.005025125628140704,1.0,1.0,1.0,0.0,0.92,0.9200000000000002,1.0,2,0.0
200,400,extreme,4,high,2,171487637,50,0.005025125628140704,0.005025125628140704,0.005025125628140704,1.0,1.0,1.0,0.0,0.94,0.9399999999999997,1.0,2,0.0
200,400,extreme,4,high,3,342785343,50,0.005025125628140704,0.005025125628140704,0.005025125628140704,1.0,1.0,1.0,0.0,0.92,0.9200000000000002,1.0,2,0.0
200,400,extreme,8,low,0,568296005,50,0.005025125628140704,0.005025125628140704,0.005025125628140704,1.0,1.0,1.0,0.0,0.98,0.9800000000000002,1.0,2,0.0
200,400,extreme,8,low,1,1240878110,50,0.005025125628140704,0.005025125628140704,0.005025125628140704,1.0,1.0,1.0,0.0,0.98,0.9800000000000002,1.0,2,0.0
200,400,extreme,8,low,2,185387928,50,0.005025125628140704,0.005025125628140704,0.005025125628140704,1.0,1.0,1.0,0.0,0.94,0.9399999999999997,1.0,2,0.0
200,400,extreme,8,low,3,1870519320,50,0.005025125628140704,0.005025125628140704,0.005025125628140704,1.0,1.0,1.0,0.0,0.96,0.9600000000000002,1.0,2,0.0
200,400,extreme,8,medium,0,1078030264,50,0.005025125628140704,0.005025125628140704,0.005025125628140704,1.0,1.0,1.0,0.0,0.94,0.9399999999999997,1.0,2,0.0
200,400,extreme,8,medium,1,81294133,50,0.005025125628140704,0.005025125628140704,0.005025125628140704,1.0,1.0,1.0,0.0,0.98,0.9800000000000002,1.0,2,0.0
200,400,extreme,8,medium,2,1096373766,50,0.005025125628140704,0.005025125628140704,0.005025125628140704,1.0,1.0,1.0,0.0,0.9,0.9000000000000001,1.0,2,0.0
200,400,extreme,8,medium,3,768511130,50,0.005025125628140704,0.005025125628140704,0.005025125628140704,1.0,1.0,1.0,0.0,0.96,0.9600000000000002,1.0,2,0.0
200,400,extreme,8,high,0,976500587,50,0.005025125628140704,0.005025125628140704,0.005025125628140704,1.0,1.0,1.0,0.0,0.92,0.9200000000000002,1.0,2,0.0
200,400,extreme,8,high,1,209115269,50,0.0011474814086720262,0.0011474814086720262,0.0011474814086720262,1.0,1.0,1.0,0.0,0.98,0.9797500000000003,1.0,2,0.0
200,400,extreme,8,high,2,686153707,50,0.005025125628140704,0.005025125628140704,0.005025125628140704,1.0,1.0,1.0,0.0,0.98,0.9800000000000002,1.0,2,0.0
200,400,extreme,8,high,3,1437597781,50,0.005025125628140704,0.005025125628140704,0.005025125628140704,1.0,1.0,1.0,0.0,0.98,0.9800000000000002,1.0,2,0.0
400,20,low,2,low,0,302191042,50,18.204037298992198,11.637560322979638,14.121384483897472,0.0,0.0,0.0,1.0,0.0,0.0,0.001,1,0.0
400,20,low,2,low,1,913463339,50,18.719842010392583,11.283285069959945,13.748752049248584,0.0,0.0,0.0,1.0,0.0,0.0,0.001,1,0.0
400,20,low,2,low,2,2121893013,50,19.413076122832372,11.926295596933805,14.80381449469903,0.0,0.0,0.0,1.0,0.0,0.0,0.001,1,0.0
400,20,low,2,low,3,371269162,50,18.259312266640467,10.963143102626496,13.09500817088823,0.0,0.0,0.0,1.0,0.0,0.0,0.001,1,0.0
400,20,low,2,medium,0,831008529,50,12.997235060066334,4.95648404386712,7.429817571525973,0.0,0.0,0.0,1.0,0.0,0.0,0.001,1,0.0
400,20,low,2,medium,1,394549072,50,25.487281114418867,6.814974856403559,10.434798282363369,0.0,0.0,0.0,1.0,0.0,0.0,0.001,1,0.0
400,20,low,2,medium,2,394304578,50,17.489804410464217,6.434477292013199,8.451032423933547,0.0,0.0,0.0125,1.0,0.0,0.0,0.001,1,0.0
400,20,low,2,medium,3,200108549,50,12.19347405975548,5.7638705769833685,7.619244797329992,0.0,0.0,0.0,1.0,0.0,0.0,0.001,1,0.0
400,20,low,2,high,0,1912129465,50,19.308840990531685,2.4487764304856596,4.600043965102358,0.0,0.0125,0.05,1.0,0.0,0.00425,0.001,1,0.0
400,20,low,2,high,1,1307477703,50,9.925728397621516,2.4114700404109226,3.686430121107452,0.0125,0.0375,0.0625,0.9875,0.0,0.0125,0.0125,1,0.0
400,20,low,2,high,2,342079189,50,14.2514148754032,2.550249088766103,5.217056647822592,0.0,0.0,0.0625,1.0,0.0,0.0,0.001,1,0.0
400,20,low,2,high,3,837736861,50,13.949881184609211,2.1614151236529047,4.411107296992256,0.0125,0.0125,0.075,0.9875,0.0,0.0125,0.0125,1,0.0
400,20,low,4,low,0,161274737,50,6.0077100477026075,3.1924291211871596,4.117351162641043,0.0,0.0,0.0,1.0,0.0,0.0,0.001,1,0.0
400,20,low,4,low,1,1710957840,50,8.200260335093903,5.028553980108642,6.282364278432754,0.0,0.0,0.0,1.0,0.0,0.0,0.001,1,0.0
400,20,low,4,low,2,1383896967,50,3.1842783903475045,1.4283994095664005,2.172516545775908,0.0375,0.1125,0.2,0.9625,0.14,0.0485,0.0375,1,0.0
400,20,low,4,low,3,1093190237,50,8.60652455255498,4.795105859870285,5.67809709950453,0.0,0.0,0.0,1.0,0.0,0.0,0.001,1,0.0
400,20,low,4,medium,0,1268916208,50,9.367129395956423,2.914711809698981,4.673154856412369,0.0,0.0,0.0375,1.0,0.0,0.0,0.001,1,0.0
400,20,low,4,medium,1,235877985,50,5.913546639102033,1.4801940947642236,2.4956141780625978,0.025,0.1125,0.2125,0.975,0.1,0.03425,0.025,1,0.0
400,20,low,4,medium,2,1158813031,50,7.58701111880906,1.630208682171571,2.6767821427728244,0.025,0.1,0.1625,0.975,0.26,0.027000000000000003,0.025,1,0.0
400,20,low,4,medium,3,1654436963,50,3.3871654017851904,0.44199459693182763,1.0323176113020835,0.2375,0.3,0.3875,0.7625,1.0,0.24325000000000002,0.2375,1,0.0
400,20,low,4,high,0,2008910818,50,1.6018193603386877,0.16839410044201367,0.3858570047377788,0.4125,0.4875,0.5375,0.5875,1.0,0.425,0.4125,1,0.0
400,20,low,4,high,1,173134093,50,8.855693679873763,0.789009614579271,3.0900432229439136,0.125,0.1625,0.175,0.875,1.0,0.12625,0.125,1,0.0
400,20,low,4,high,2,1725557805,50,10.338282329793348,0.6917732998991144,1.3249404361323311,0.1625,0.2625,0.325,0.8375,1.0,0.173,0.1625,1,0.0
400,20,low,4,high,3,1955249792,50,12.221162409910654,2.5222059209219423,3.9206805529871462,0.0,0.0125,0.075,1.0,0.0,0.0,0.001,1,0.0
400,20,low,8,low,0,898073554,50,2.8895171771870416,1.2731338172814737,1.7775052738766757,0.05,0.125,0.275,0.95,0.5,0.088,0.05,1,0.0
400,20,low,8,low,1,1559755762,50,3.358321100795883,1.6543317239464035,2.644779628489334,0.025,0.1,0.15,0.975,0.2,0.03425,0.025,1,0.0
400,20,low,8,low,2,1534532791,50,2.201319465496561,1.0549333457391674,1.5243147043112,0.1,0.2375,0.4375,0.9,0.66,0.1505,0.1,1,0.0
400,20,low,8,low,3,130957353,50,4.812212913963325,2.707929874363094,3.687755874377891,0.0,0.0125,0.025,1.0,0.0,0.001,0.001,1,0.0
400,20,low,8,medium,0,909202000,50,7.026163463556733,2.0272808737899486,2.981952113988245,0.0125,0.0375,0.1,0.9875,0.02,0.0165,0.0125,1,0.0
400,20,low,8,medium,1,2020515630,50,3.7658362054568357,0.7453384812511366,1.372057082250892,0.125,0.2625,0.3375,0.875,1.0,0.16699999999999998,0.125,1,0.0
400,20,low,8,medium,2,576142507,50,4.681956130028389,1.5311587376732971,2.6131870304172327,0.0375,0.1,0.1375,0.9625,0.0,0.03225,0.0375,1,0.0
400,20,low,8,medium,3,670535781,50,6.370984156563208,0.9968446900605648,1.936261389820472,0.1,0.2125,0.2625,0.9,1.0,0.128,0.1,1,0.0
400,20,low,8,high,0,422882102,50,71.38000900152447,0.12568452824824575,1.0401663410972875,0.25,0.3,0.325,0.75,1.0,0.24825,0.25,1,0.0
400,20,low,8,high,1,2072419271,50,4.1417326406297255,0.6415591281178131,1.5930949691073162,0.175,0.2375,0.3,0.825,1.0,0.1785,0.175,1,0.0
400,20,low,8,high,2,1697979125,50,23.789373493797633,0.06103118256034186,0.5655312234464818,0.2875,0.35,0.375,0.7125,1.0,0.29450000000000004,0.2875,1,0.0
400,20,low,8,high,3,1945358242,50,3.160303921883192,0.2578960562418212,0.5402609705861987,0.35,0.4125,0.425,0.65,1.0,0.35,0.35,1,0.0
400,20,medium,2,low,0,1883101810,50,18.86501557535326,11.628946057360546,13.830118542787874,0.0,0.0,0.0,1.0,0.0,0.0,0.001,1,0.0
400,20,medium,2,low,1,1981048919,50,19.6977697264306,12.469345017683494,13.837410180743271,0.0,0.0,0.0,1.0,0.0,0.0,0.001,1,0.0
400,20,medium,2,low,2,1830333363,50,19.45062084996968,11.272236191564396,13.343742641157203,0.0,0.0,0.0,1.0,0.0,0.0,0.001,1,0.0
400,20,medium,2,low,3,1654388391,50,22.607938191743294,13.329591726214293,15.838909753010029,0.0,0.0,0.0,1.0,0.0,0.0,0.001,1,0.0
400,20,medium,2,medium,0,231742976,50,13.219689314434447,5.041929592268743,7.149649001271256,0.0,0.0,0.0,1.0,0.0,0.0,0.001,1,0.0
400,20,medium,2,medium,1,1197810431,50,15.371005548130608,6.186204988061285,9.39023671554665,0.0,0.0,0.0,1.0,0.0,0.0,0.001,1,0.0
400,20,medium,2,medium,2,810946655,50,18.436821266565794,5.973435238838938,9.040452597501867,0.0,0.0,0.0,1.0,0.0,0.0,0.001,1,0.0
400,20,medium,2,medium,3,427618416,50,19.34296785437899,6.129009490618696,9.3235208401968,0.0,0.0,0.0,1.0,0.0,0.0,0.001,1,0.0
400,20,medium,2,high,0,1248819787,50,14.329872285614854,2.763347521080822,4.917729397770048,0.0125,0.025,0.05,0.9875,0.0,0.013000000000000001,0.0125,1,0.0
400,20,medium,2,high,1,2071999739,50,20.67952604923449,2.4679134903038866,4.472740585852439,0.0125,0.0125,0.0625,0.9875,0.0,0.0085,0.0125,1,0.0
400,20,medium,2,high,2,1387850696,50,5.878275082581524,1.7522010572622337,2.990467977961162,0.0,0.05,0.125,1.0,0.02,0.0055,0.001,1,0.0
400,20,medium,2,high,3,1114116851,50,22.675541690773592,2.3958392695094117,4.608059268379052,0.0125,0.0125,0.05,0.9875,0.0,0.0125,0.0125,1,0.0
400,20,medium,4,low,0,1199310516,50,14.344369697248903,7.666805155487882,9.80684423588921,0.0,0.0,0.0,1.0,0.0,0.0,0.001,1,0.0
400,20,medium,4,low,1,190960366,50,7.370646490664878,4.259217919440143,5.246731398514324,0.0,0.0,0.0,1.0,0.0,0.0,0.001,1,0.0
400,20,medium,4,low,2,750342912,50,10.930512757258683,7.148126159299114,8.745462419120484,0.0,0.0,0.0,1.0,0.0,0.0,0.001,1,0.0
400,20,medium,4,low,3,367314493,50,5.358777916956621,3.0425126019650484,3.9102878577892826,0.0,0.0,0.0,1.0,0.04,0.016749999999999998,0.001,1,0.0
400,20,medium,4,medium,0,1691463263,50,10.610683411560768,4.167473153780437,6.165159081164339,0.0,0.0,0.0,1.0,0.0,0.0,0.001,1,0.0
400,20,medium,4,medium,1,1279966471,50,24.26163884630241,6.372127619602029,9.152232337086016,0.0,0.0,0.0,1.0,0.0,0.0,0.001,1,0.0
400,20,medium,4,medium,2,561138205,50,11.308132264063365,3.5879781691539807,4.861664332362089,0.0,0.0125,0.025,1.0,0.0,0.001,0.001,1,0.0
400,20,medium,4,medium,3,1969674312,50,4.352540798934106,1.1077609197533094,1.920945010190643,0.0875,0.175,0.2625,0.9125,0.66,0.14425,0.0875,1,0.0
400,20,medium,4,high,0,414570961,50,5.31817304637262,0.5336608918700265,1.6931931395681596,0.1625,0.2375,0.3125,0.8375,1.0,0.19624999999999998,0.1625,1,0.0
400,20,medium,4,high,1,83019169,50,7.741367211602016,1.1269445645075236,2.6125699159828373,0.075,0.125,0.1875,0.925,0.6,0.07024999999999999,0.075,1,0.0
400,20,medium,4,high,2,70785966,50,7.2057768336990975,0.877976421058616,1.668163677019887,0.1125,0.2,0.2625,0.8875,0.96,0.147,0.1125,1,0.0
400,20,medium,4,high,3,756589088,50,18.115730154360712,2.2430213453944647,3.5061504037807336,0.0,0.0125,0.075,1.0,0.0,0.00025,0.001,1,0.0
400,20,medium,8,low,0,1067075847,50,12.250445582901158,7.09486191875248,9.015097720478074,0.0,0.0,0.0,1.0,0.0,0.0,0.001,1,0.0
400,20,medium,8,low,1,1099338771,50,3.9536578402308216,2.1657904389487306,2.8037798194173815,0.0,0.025,0.075,1.0,0.36,0.13125,0.001,1,0.0
400,20,medium,8,low,2,1598688410,50,7.812416081108769,4.067642771866173,5.305724889624409,0.0,0.0,0.0,1.0,0.02,0.0045000000000000005,0.001,1,0.0
400,20,medium,8,low,3,2084114019,50,3.6184613503703167,2.0151822747074433,2.7275565036331497,0.0,0.025,0.1,1.0,0.24,0.10350000000000001,0.001,1,0.0
400,20,medium,8,medium,0,923547357,50,2.545405065488308,0.05811722096542855,0.7346192596187441,0.3,0.4,0.45,0.7,1.0,0.37975000000000003,0.3,1,0.0
400,20,medium,8,medium,1,1269898206,50,1.9668490730996144,0.07608558154549841,0.5295108409554856,0.35,0.4625,0.5,0.65,1.0,0.49874999999999997,0.35,1,0.0
400,20,medium,8,medium,2,926994514,50,4.70256699803843,0.7816280461771853,1.546633149193437,0.1375,0.2375,0.3,0.8625,0.92,0.1815,0.1375,1,0.0
400,20,medium,8,medium,3,1603408990,50,3.2340830269893255,0.4891434253557984,1.0244658571936016,0.25,0.2875,0.4375,0.75,0.84,0.25575000000000003,0.25,1,0.0
400,20,medium,8,high,0,15796298,50,4.340859897910907,0.0960835404536263,0.6806108755230789,0.325,0.375,0.425,0.675,1.0,0.3255,0.325,1,0.0
400,20,medium,8,high,1,1478816970,50,8.132724135359442,1.355950269713485,2.3611272845667104,0.0375,0.125,0.2,0.9625,0.48,0.07050000000000001,0.0375,1,0.0
400,20,medium,8,high,2,416333422,50,9.012077977921052,0.14345173848303783,0.44273615302129127,0.3625,0.4,0.4375,0.6375,1.0,0.37424999999999997,0.3625,1,0.0
400,20,medium,8,high,3,1024354902,50,96.16111730873831,0.11340158789408732,1.743582346753784,0.2125,0.2375,0.2875,0.7875,1.0,0.23075,0.2125,1,0.0
400,20,high,2,low,0,1915501087,50,20.908151690028006,12.625346121152434,16.32245754524927,0.0,0.0,0.0,1.0,0.0,0.0,0.001,1,0.0
400,20,high,2,low,1,1981605578,50,18.39749589652693,10.616408668902707,15.556022138009602,0.0,0.0,0.0,1.0,0.0,0.0,0.001,1,0.0
400,20,high,2,low,2,1672812304,50,16.27161124310163,10.11420078781259,12.881078488399904,0.0,0.0,0.0,1.0,0.0,0.0,0.001,1,0.0
400,20,high,2,low,3,2142356311,50,19.99598741226327,12.249534382396575,14.386566525419347,0.0,0.0,0.0,1.0,0.0,0.0,0.001,1,0.0
400,20,high,2,medium,0,1826278282,50,24.65966903993078,5.575188145170738,11.123403784763234,0.0,0.0,0.0,1.0,0.0,0.0,0.001,1,0.0
400,20,high,2,medium,1,1530778015,50,15.71067571239275,5.785873166470827,8.507839759752455,0.0,0.0,0.0,1.0,0.0,0.0,0.001,1,0.0
400,20,high,2,medium,2,824971142,50,27.723801469713905,5.727230682229549,8.132710531149462,0.0,0.0,0.0,1.0,0.0,0.0,0.001,1,0.0
400,20,high,2,medium,3,1399156122,50,21.341826836322014,5.8219947241815095,9.283654000681459,0.0,0.0,0.0,1.0,0.0,0.0,0.001,1,0.0
400,20,high,2,high,0,520514321,50,13.10559792410023,2.2575345017477133,4.214419089355825,0.0,0.0125,0.075,1.0,0.06,0.009,0.001,1,0.0
400,20,high,2,high,1,2005053983,50,40.019122819918636,2.463013012379881,4.987493681741953,0.0125,0.0375,0.075,0.9875,0.06,0.022250000000000002,0.0125,1,0.0
400,20,high,2,high,2,1364730389,50,16.55050380821973,3.1220510970667976,5.63376767403361,0.0125,0.025,0.0375,0.9875,0.02,0.014000000000000002,0.0125,1,0.0
400,20,high,2,high,3,450549500,50,40.5129095399073,3.475599049206954,6.059697895277439,0.0,0.0125,0.025,1.0,0.04,0.01225,0.001,1,0.0
400,20,high,4,low,0,566131519,50,16.019097863126817,8.546944841712353,10.173045816250278,0.0,0.0,0.0,1.0,0.0,0.0,0.001,1,0.0
400,20,high,4,low,1,959086314,50,14.84665547077187,9.55366665988861,11.485515839874264,0.0,0.0,0.0,1.0,0.0,0.0,0.001,1,0.0
400,20,high,4,low,2,825320959,50,3.8545013614684382,2.0244307379623554,2.8052866602671616,0.0,0.025,0.1,1.0,0.58,0.47174999999999995,0.001,1,0.0
400,20,high,4,low,3,1246113741,50,9.661829091061009,5.7160850667314795,7.3842747135516325,0.0,0.0,0.0,1.0,0.04,0.040499999999999994,0.001,1,0.0
400,20,high,4,medium,0,1615457203,50,5.715925821667796,1.6272241402132046,2.239153718441254,0.0375,0.0875,0.2,0.9625,0.44,0.21950000000000003,0.0375,1,0.0
400,20,high,4,medium,1,970996418,50,10.925090071089429,3.1928449951491524,5.695622474122096,0.0,0.0125,0.0375,1.0,0.16,0.052000000000000005,0.001,1,0.0
400,20,high,4,medium,2,1828471095,50,8.07090537485276,1.9155099680271368,2.7970201760122233,0.0375,0.0375,0.1125,0.9625,0.4,0.20325000000000001,0.0375,1,0.0
400,20,high,4,medium,3,1129835446,50,13.599878219701633,3.783707323546816,5.409078378782824,0.0,0.0,0.0125,1.0,0.06,0.008249999999999999,0.001,1,0.0
400,20,high,4,high,0,228068226,50,1.9978384166660428,0.04604058863415522,0.29233944187375394,0.425,0.4875,0.5,0.575,0.98,0.59,0.425,1,0.0
400,20,high,4,high,1,1994998709,50,13.960340175860225,0.6616198516184385,1.7284053751546204,0.175,0.2375,0.275,0.825,0.74,0.21900000000000003,0.175,1,0.0
400,20,high,4,high,2,2067407496,50,1.0053191147767029,0.17493136995922037,0.3505628956315894,0.5,0.55,0.5875,0.5,1.0,0.5742499999999999,0.5,1,0.0
400,20,high,4,high,3,511076251,50,9.263993266374284,0.8252572822761874,1.7648851305208817,0.1375,0.2125,0.275,0.8625,0.82,0.139,0.1375,1,0.0
400,20,high,8,low,0,1324947089,50,1.7527851083989674,1.0073239797268017,1.3308531372503776,0.1,0.35,0.5625,0.9,0.44,0.33099999999999996,0.1,1,0.0
400,20,high,8,low,1,494572096,50,3.554886203966163,2.0422213439883268,2.7170126812133515,0.0,0.025,0.1,1.0,0.44,0.35324999999999995,0.001,1,0.0
400,20,high,8,low,2,1639610802,50,4.531325593884185,2.6472728535889862,3.4414151812562643,0.0,0.0,0.0375,1.0,0.56,0.41374999999999995,0.001,1,0.0
400,20,high,8,low,3,1912333833,50,8.599139448217727,4.212056518554892,5.67453194441526,0.0,0.0,0.0,1.0,0.18,0.09425,0.001,1,0.0
400,20,high,8,medium,0,58009976,50,1.8120382355180458,0.3725444465302212,0.6617334359618429,0.3375,0.475,0.525,0.6625,0.9,0.5375,0.3375,1,0.0
400,20,high,8,medium,1,1697122455,50,11.061413987913939,2.6748476824642546,4.1237339346115265,0.0,0.0,0.025,1.0,0.14,0.06900000000000002,0.001,1,0.0
400,20,high,8,medium,2,1306546224,50,8.41759919958794,2.9446946482248664,4.12920752160771,0.0,0.0375,0.05,1.0,0.28,0.059250000000000004,0.001,1,0.0
400,20,high,8,medium,3,1786522007,50,2.744286926010002,0.3266409636452558,0.7981268483055959,0.3,0.425,0.4375,0.7,0.86,0.52925,0.3,1,0.0
400,20,high,8,high,0,1881217567,50,3.6771029824516197,0.06855375521032121,0.21594310106150774,0.325,0.4125,0.45,0.675,1.0,0.5320000000000001,0.325,1,0.0
400,20,high,8,high,1,650676650,50,4.873154330934,0.058814744432994705,0.18089416981382545,0.4125,0.4375,0.45,0.5875,1.0,0.5860000000000001,0.4125,1,0.0
400,20,high,8,high,2,32093295,50,11.211600153654459,1.1495268601244202,2.590507587715586,0.0875,0.1875,0.2125,0.9125,0.62,0.12675,0.0875,1,0.0
400,20,high,8,high,3,90448227,50,1.9070010119153253,0.17776399932848932,0.34533102181163916,0.4625,0.4875,0.5,0.5375,0.98,0.50375,0.4625,1,0.0
400,20,extreme,2,low,0,1543150915,50,23.408508655918347,11.904082506524567,14.588503330905839,0.0,0.0,0.0,1.0,0.04,0.028750000000000005,0.001,1,0.0
400,20,extreme,2,low,1,652129274,50,16.599774213862815,11.04336262966166,13.571961671809373,0.0,0.0,0.0,1.0,0.02,0.01,0.001,1,0.0
400,20,extreme,2,low,2,721322253,50,21.08357821309974,11.632282738837954,15.21312838915884,0.0,0.0,0.0,1.0,0.04,0.0225,0.001,1,0.0
400,20,extreme,2,low,3,1071475385,50,20.45627099402292,12.012683250006182,14.571014143198775,0.0,0.0,0.0,1.0,0.04,0.016249999999999997,0.001,1,0.0
400,20,extreme,2,medium,0,2081227974,50,16.562554907651148,6.330813789478802,8.773768389528929,0.0,0.0,0.0,1.0,0.08,0.052750000000000005,0.001,1,0.0
400,20,extreme,2,medium,1,1770800166,50,17.095518083314623,5.164574565188508,8.590435468281,0.0,0.0,0.0,1.0,0.02,0.0195,0.001,1,0.0
400,20,extreme,2,medium,2,1616051758,50,16.82339013369257,6.090251206137501,8.630112966201194,0.0,0.0,0.0,1.0,0.08,0.0385,0.001,1,0.0
400,20,extreme,2,medium,3,840101243,50,11.594327573683673,5.37279799842933,7.165252447474827,0.0,0.0,0.0,1.0,0.12,0.0475,0.001,1,0.0
400,20,extreme,2,high,0,502423501,50,27.706774664266185,1.9540961223671802,3.9545885065736863,0.0125,0.0375,0.1125,0.9875,0.4,0.15800000000000003,0.0125,1,0.0
400,20,extreme,2,high,1,962637499,50,11.878074938939061,2.921696865895104,5.042367934008395,0.0,0.0125,0.0375,1.0,0.14,0.07100000000000002,0.001,1,0.0
400,20,extreme,2,high,2,964888765,50,9.990424687498738,2.6609831334427523,3.893811179201921,0.0125,0.0375,0.0625,0.9875,0.22,0.05075,0.0125,1,0.0
400,20,extreme,2,high,3,224955357,50,9.849677652452485,2.8258164583787635,4.423190887151651,0.0125,0.0375,0.0875,0.9875,0.2,0.06200000000000001,0.0125,1,0.0
400,20,extreme,4,low,0,1192356665,50,11.339857782815844,6.759395304129589,8.779713182608237,0.0,0.0,0.0,1.0,0.18,0.12550000000000003,0.001,1,0.0
400,20,extreme,4,low,1,669236165,50,15.001232136315917,8.955133241338796,11.192849582139985,0.0,0.0,0.0,1.0,0.14,0.09999999999999999,0.001,1,0.0
400,20,extreme,4,low,2,1531418766,50,5.5338143747165685,3.082693682067392,4.069853906985481,0.0,0.0,0.0,1.0,0.56,0.479,0.001,1,0.0
400,20,extreme,4,low,3,546884407,50,1.9746365458671038,1.2006197390457942,1.532845552598453,0.0375,0.2375,0.5125,0.9625,0.52,0.471,0.0375,1,0.0
400,20,extreme,4,medium,0,701864209,50,5.826633217325741,1.327654377671396,2.392719256986253,0.075,0.125,0.175,0.925,0.7,0.4625,0.075,1,0.0
400,20,extreme,4,medium,1,1336300861,50,17.3599408207132,6.2543370263076845,8.054549533410318,0.0,0.0,0.0,1.0,0.1,0.03924999999999999,0.001,1,0.0
400,20,extreme,4,medium,2,544747018,50,4.331790451821841,1.378058066604362,2.51816105717019,0.0375,0.125,0.2125,0.9625,0.58,0.4365,0.0375,1,0.0
400,20,extreme,4,medium,3,2098539538,50,2.808116606883846,0.547461579945175,1.0694436179091031,0.2,0.3375,0.3875,0.8,0.62,0.523,0.2,1,0.0
400,20,extreme,4,high,0,7290807,50,4.082950533276476,0.3486067983922383,0.9489921799869787,0.275,0.375,0.4,0.725,0.82,0.51075,0.275,1,0.0
400,20,extreme,4,high,1,658504392,50,7.469496525078895,0.3422903355418979,1.1293076468372911,0.225,0.3,0.375,0.775,0.96,0.48725000000000007,0.225,1,0.0
400,20,extreme,4,high,2,1248775908,50,9.331793435903599,1.2872933898387477,2.7915967081265434,0.075,0.1625,0.1875,0.925,0.76,0.34325,0.075,1,0.0
400,20,extreme,4,high,3,115977741,50,3.725143192213383,0.11079026067919176,0.35180519203887073,0.3875,0.425,0.4375,0.6125,0.82,0.4845,0.3875,1,0.0
400,20,extreme,8,low,0,624922440,50,4.488056929696123,1.7466304729093343,2.8808160891151466,0.0,0.05,0.1375,1.0,0.7,0.609,0.001,1,0.0
400,20,extreme,8,low,1,1175240177,50,10.128559512138274,5.779887487035542,7.404003065681746,0.0,0.0,0.0,1.0,0.38,0.34974999999999995,0.001,1,0.0
400,20,extreme,8,low,2,1714689064,50,5.712371805999934,3.0265467438657567,3.867354605194032,0.0,0.0,0.0125,1.0,0.5,0.39699999999999996,0.001,1,0.0
400,20,extreme,8,low,3,1646118510,50,2.480998634694826,1.0244279864847017,1.4298223403302117,0.1,0.2625,0.4125,0.9,0.82,0.7605000000000001,0.1,1,0.0
400,20,extreme,8,medium,0,335746248,50,5.710090452774622,0.664806220311621,1.73215882483006,0.1375,0.225,0.3125,0.8625,0.84,0.622,0.1375,1,0.0
400,20,extreme,8,medium,1,362773471,50,3.2184608813912994,0.5880890416978689,0.8982050927463752,0.275,0.325,0.425,0.725,0.98,0.8109999999999999,0.275,1,0.0
400,20,extreme,8,medium,2,1942907010,50,3.923917787094762,0.5497867105665376,1.328444918158272,0.2125,0.3,0.35,0.7875,0.82,0.6637500000000001,0.2125,1,0.0
400,20,extreme,8,medium,3,851085499,50,5.974678583326712,1.7988513333580365,3.1346784288637695,0.0125,0.0625,0.15,0.9875,0.8,0.5995000000000001,0.0125,1,0.0
400,20,extreme,8,high,0,694972358,50,4.295496320964564,0.3661458907431518,1.1256748200277014,0.2375,0.3,0.3875,0.7625,1.0,0.68625,0.2375,1,0.0
400,20,extreme,8,high,1,657479147,50,7.938764176580387,0.3162419450948174,0.6444386129895427,0.275,0.3125,0.4125,0.725,1.0,0.63375,0.275,1,0.0
400,20,extreme,8,high,2,1681105132,50,5.178847470777758,0.14973137247482668,0.3169484678085674,0.3375,0.3875,0.4125,0.6625,1.0,0.72875,0.3375,1,0.0
400,20,extreme,8,high,3,41212921,50,4.208663119577022,0.7041925541231936,1.4245579326939404,0.175,0.275,0.325,0.825,0.92,0.6025,0.175,1,0.0
400,50,low,2,low,0,362709117,50,6.510703920885539,5.074370754842425,5.686313650564899,0.0,0.0,0.0,1.0,0.0,0.0,0.001,1,0.0
400,50,low,2,low,1,555100903,50,6.869425909790184,5.2514539717215065,5.979166838480407,0.0,0.0,0.0,1.0,0.0,0.0,0.001,1,0.0
400,50,low,2,low,2,196502744,50,7.095143602468784,5.590816830480084,6.014409775154911,0.0,0.0,0.0,1.0,0.0,0.0,0.001,1,0.0
400,50,low,2,low,3,1086370441,50,7.101648565847924,5.163384603386817,6.0110768284808955,0.0,0.0,0.0,1.0,0.0,0.0,0.001,1,0.0
400,50,low,2,medium,0,1233447795,50,6.6218947483598285,3.425693953172804,4.820006815720687,0.0,0.0,0.0125,1.0,0.0,0.0,0.001,1,0.0
400,50,low,2,medium,1,1971243056,50,6.457802156945085,3.363588774378856,4.494911634118841,0.0,0.0,0.0,1.0,0.0,0.0,0.001,1,0.0
400,50,low,2,medium,2,2090406676,50,6.241688596181797,3.3055629250968432,4.497108675455639,0.0,0.0,0.0,1.0,0.0,0.0,0.001,1,0.0
400,50,low,2,medium,3,2125593342,50,8.458143926847141,3.632566454357234,5.1598694721403815,0.0,0.0,0.0125,1.0,0.0,0.0,0.001,1,0.0
400,50,low,2,high,0,1768544293,50,5.989070950971579,2.0376894222801454,2.892532750419715,0.0,0.0375,0.0875,1.0,0.0,0.00575,0.001,1,0.0
400,50,low,2,high,1,1263116810,50,8.77574102193444,2.1809058255309393,3.8036250030027605,0.025,0.0625,0.0875,0.975,0.0,0.027249999999999996,0.025,1,0.0
400,50,low,2,high,2,2088336130,50,6.885593304429399,1.4882331695485425,3.2620155010909215,0.0125,0.1125,0.1625,0.9875,0.0,0.012750000000000001,0.0125,1,0.0
400,50,low,2,high,3,935461531,50,7.385961619760186,2.4925858288416647,3.749844304948577,0.0125,0.0125,0.0625,0.9875,0.0,0.01225,0.0125,1,0.0
400,50,low,4,low,0,1210020807,50,1.2431312242653263,0.7313344427821202,0.937463610319715,0.2875,0.6375,0.9625,0.7125,0.98,0.3145,0.2875,1,0.0
400,50,low,4,low,1,1628213065,50,1.8079285253942106,1.2740487872794564,1.5712626683274304,0.0,0.1625,0.6,1.0,0.22,0.023,0.001,1,0.0
400,50,low,4,low,2,981214302,50,5.285412758695188,4.020479295039741,4.581342393361808,0.0,0.0,0.0,1.0,0.0,0.0,0.001,1,0.0
400,50,low,4,low,3,245422878,50,4.090602705897613,3.109203340156848,3.527566633615727,0.0,0.0,0.0,1.0,0.0,0.0,0.001,1,0.0
400,50,low,4,medium,0,389547246,50,4.975883239217744,2.240537472711867,3.6556108229293165,0.0,0.0125,0.0625,1.0,0.0,0.0,0.001,1,0.0
400,50,low,4,medium,1,445226325,50,5.3483214399434935,2.806430891545996,3.9040144230577547,0.0,0.0,0.0125,1.0,0.0,0.0,0.001,1,0.0
400,50,low,4,medium,2,99205907,50,1.778755228707892,0.5608147744918117,1.0187281177451055,0.225,0.425,0.5375,0.775,1.0,0.2615,0.225,1,0.0
400,50,low,4,medium,3,1523134226,50,0.30265153017347113,0.04602249976398533,0.09998724642778997,0.825,0.8875,0.9,0.175,1.0,0.8107499999999999,0.825,2,0.0
400,50,low,4,high,0,418854724,50,12.326053458970517,1.3235274173017875,2.4927600583503704,0.075,0.1125,0.175,0.925,1.0,0.07175000000000001,0.075,1,0.0
400,50,low,4,high,1,874283117,50,2.9942074998729726,0.3280151145514105,0.7839240472384643,0.2875,0.375,0.425,0.7125,1.0,0.298,0.2875,1,0.0
400,50,low,4,high,2,1553573267,50,7.489404979925897,1.7925888421939626,3.799016812280008,0.025,0.075,0.1125,0.975,0.0,0.026750000000000003,0.025,1,0.0
400,50,low,4,high,3,1049474367,50,1.1925235844960356,0.13647212356633137,0.33263641233903063,0.45,0.5375,0.5625,0.55,1.0,0.46525,0.45,1,0.0
400,50,low,8,low,0,840628930,50,1.2735102358395736,0.743156748165385,0.8960594685232279,0.3625,0.75,0.9,0.6375,0.92,0.35,0.3625,1,0.0
400,50,low,8,low,1,781865788,50,0.5329233667847906,0.28495609675414146,0.35661120374940486,0.8375,0.9875,1.0,0.1625,1.0,0.841,0.8375,2,0.0
400,50,low,8,low,2,290036637,50,0.6171779988105544,0.36406122064670715,0.4382923043328595,0.7875,0.9625,0.9875,0.2125,1.0,0.77325,0.7875,2,0.0
400,50,low,8,low,3,1894711474,50,1.4201288404978982,0.8468596981907025,0.9912145305229625,0.275,0.5375,0.8625,0.725,0.94,0.2435,0.275,1,0.0
400,50,low,8,medium,0,1865357024,50,1.6212141227992225,0.5496321680646907,0.756559230915279,0.4,0.475,0.5625,0.6,1.0,0.3915,0.4,1,0.0
400,50,low,8,medium,1,340971024,50,4.928538612573941,2.5127424819716047,3.130841961588593,0.0,0.025,0.0375,1.0,0.0,0.0,0.001,1,0.0
400,50,low,8,medium,2,679781215,50,2.302854083699523,0.7587949336497443,1.4376666873894766,0.175,0.2625,0.4375,0.825,0.98,0.1855,0.175,1,0.0
400,50,low,8,medium,3,149100044,50,1.689438158324456,0.5567506117151861,1.0808747770534826,0.2,0.4,0.575,0.8,1.0,0.25325,0.2,1,0.0
400,50,low,8,high,0,1306342444,50,0.26184437068655375,0.03538137667959238,0.12949391639585026,0.6125,0.625,0.6375,0.3875,1.0,0.6127499999999999,0.6125,2,0.0
400,50,low,8,high,1,927320085,50,1.8334698923917694,0.1843433922560274,0.6295489768788798,0.35,0.425,0.525,0.65,1.0,0.3375,0.35,1,0.0
400,50,low,8,high,2,895361928,50,1.6744236089043378,0.19083533563560187,0.5187439995485196,0.3625,0.4625,0.5375,0.6375,1.0,0.3755,0.3625,1,0.0
400,50,low,8,high,3,799084468,50,0.7336710014325636,0.051933854853599394,0.1323851193568597,0.5125,0.575,0.625,0.4875,1.0,0.5225,0.5125,2,0.0
400,50,medium,2,low,0,1730004503,50,6.904263344969025,5.319188672942322,5.864421440553565,0.0,0.0,0.0,1.0,0.0,0.0,0.001,1,0.0
400,50,medium,2,low,1,1985666768,50,6.996324440033954,5.2818457869653965,5.813696497751738,0.0,0.0,0.0,1.0,0.0,0.0,0.001,1,0.0
400,50,medium,2,low,2,1624620562,50,7.464445728192299,5.633257373051098,5.972010876076887,0.0,0.0,0.0,1.0,0.0,0.0,0.001,1,0.0
400,50,medium,2,low,3,943826209,50,7.4469033905980275,5.467377222862429,6.113222452166478,0.0,0.0,0.0,1.0,0.0,0.0,0.001,1,0.0
400,50,medium,2,medium,0,1405920695,50,7.0206277657571565,3.3613949188902006,4.5155809305727,0.0,0.0,0.0,1.0,0.0,0.0,0.001,1,0.0
400,50,medium,2,medium,1,1443179618,50,8.260885068740418,3.277163164094879,4.412499644006955,0.0,0.0,0.0125,1.0,0.0,0.0,0.001,1,0.0
400,50,medium,2,medium,2,1771037285,50,6.36946398567443,3.3971536258289703,4.558225139050922,0.0,0.0,0.0,1.0,0.0,0.0,0.001,1,0.0
400,50,medium,2,medium,3,1905968227,50,6.4659238030412505,3.489041633204322,4.659420116112813,0.0,0.0,0.0,1.0,0.0,0.0,0.001,1,0.0
400,50,medium,2,high,0,764803170,50,6.80198468297089,1.8645486954028088,2.8263538730025832,0.0125,0.0625,0.1375,0.9875,0.1,0.015000000000000003,0.0125,1,0.0
400,50,medium,2,high,1,122228304,50,7.242219647888215,1.7183857000908052,3.0174675746353783,0.0125,0.0625,0.175,0.9875,0.04,0.0175,0.0125,1,0.0
400,50,medium,2,high,2,887554815,50,6.251203566405422,1.97945837136539,2.7683347316556737,0.0125,0.0375,0.1125,0.9875,0.0,0.013250000000000001,0.0125,1,0.0
400,50,medium,2,high,3,1824685907,50,9.729974066243553,1.8548067297895612,3.413979811695034,0.0375,0.0375,0.1125,0.9625,0.0,0.03175,0.0375,1,0.0
400,50,medium,4,low,0,577196459,50,1.5973172888009661,0.9914038660428546,1.2442807927114348,0.1125,0.45,0.7125,0.8875,0.54,0.32525000000000004,0.1125,1,0.0
400,50,medium,4,low,1,1600777838,50,0.5357612883989411,0.22910018036578775,0.34282802901895487,0.8875,0.975,0.9875,0.1125,0.9,0.7335,0.8875,2,0.0
400,50,medium,4,low,2,675902294,50,0.2910830391781094,0.05628723949714934,0.1532194163610528,0.95,1.0,1.0,0.05,0.94,0.8065,0.95,2,0.0
400,50,medium,4,low,3,867732827,50,3.5835539945686445,2.789714668801565,3.0607204617914996,0.0,0.0,0.0,1.0,0.0,0.0,0.001,1,0.0
400,50,medium,4,medium,0,1901165824,50,2.9506653320682714,1.0611969731024797,2.052333362817291,0.0625,0.1375,0.2375,0.9375,0.6,0.08450000000000002,0.0625,1,0.0
400,50,medium,4,medium,1,14045111,50,2.401622036933773,1.0683017746256451,1.5067379213661594,0.1,0.25,0.3625,0.9,0.72,0.13874999999999998,0.1,1,0.0
400,50,medium,4,medium,2,1308384200,50,2.652414627192175,0.9361916707339787,1.5933253663049793,0.1125,0.2375,0.375,0.8875,0.66,0.11575000000000002,0.1125,1,0.0
400,50,medium,4,medium,3,257350344,50,0.478590057102235,0.04858603499610518,0.17089898579641896,0.7,0.775,0.8125,0.3,1.0,0.6372500000000001,0.7,2,0.0
400,50,medium,4,high,0,489039324,50,1.2980830080738845,0.10476621857005357,0.30938042855332565,0.45,0.525,0.5625,0.55,1.0,0.4727499999999999,0.45,1,0.0
400,50,medium,4,high,1,897448108,50,2.353955107704624,0.4640012525854931,0.9176483681482072,0.2875,0.4125,0.475,0.7125,1.0,0.29524999999999996,0.2875,1,0.0
400,50,medium,4,high,2,1263895010,50,2.9790327302431274,0.48642696442062394,1.083936972852345,0.225,0.3375,0.425,0.775,1.0,0.24525000000000002,0.225,1,0.0
400,50,medium,4,high,3,55106729,50,2.828584813933523,0.5684260306369441,1.0340270007039314,0.2375,0.3375,0.4,0.7625,1.0,0.2565,0.2375,1,0.0
400,50,medium,8,low,0,1171435596,50,2.67132926726062,2.025288270792591,2.281643202084015,0.0,0.0125,0.0875,1.0,0.06,0.027249999999999996,0.001,1,0.0
400,50,medium,8,low,1,1594360497,50,0.2692555567125893,0.03814470022036262,0.10075943542583915,0.9625,1.0,1.0,0.0375,0.94,0.77425,0.9625,2,0.0
400,50,medium,8,low,2,911367370,50,0.6507682590792206,0.31716786646896583,0.47458213049488807,0.7625,0.9625,0.9875,0.2375,0.84,0.616,0.7625,2,0.0
400,50,medium,8,low,3,106175237,50,0.943729802339127,0.5154954708684805,0.6889924575531398,0.5625,0.8625,0.9875,0.4375,0.84,0.57225,0.5625,2,0.0
400,50,medium,8,medium,0,1763505454,50,0.3607820590165781,0.02853959321664338,0.07973260137736674,0.7,0.7375,0.7875,0.3,1.0,0.72775,0.7,2,0.0
400,50,medium,8,medium,1,914815916,50,0.48852956513209855,0.05390818377137631,0.18828090878443554,0.675,0.775,0.8375,0.325,1.0,0.66625,0.675,2,0.0
400,50,medium,8,medium,2,596751277,50,3.3925051448694923,1.1869184131940114,1.9159610407186256,0.0375,0.1875,0.2625,0.9625,0.4,0.06575,0.0375,1,0.0
400,50,medium,8,medium,3,5986716,50,0.6812713427901007,0.07990839581189171,0.19907859032277342,0.5875,0.7,0.775,0.4125,1.0,0.5912499999999999,0.5875,2,0.0
400,50,medium,8,high,0,576665169,50,2.429975365473502,0.1724876386793575,0.4384676248215346,0.4125,0.4625,0.5,0.5875,1.0,0.4487500000000001,0.4125,1,0.0
400,50,medium,8,high,1,815020845,50,1.3466252700691594,0.051895335832920005,0.4145223986594752,0.45,0.5375,0.6,0.55,1.0,0.5045,0.45,1,0.0
400,50,medium,8,high,2,1641109547,50,0.4451626109612765,0.11882110508606587,0.25637669174746996,0.575,0.5875,0.6125,0.425,1.0,0.55475,0.575,2,0.0
400,50,medium,8,high,3,261002022,50,1.0019786597342477,0.0722583117474238,0.14047664974421337,0.5,0.5375,0.5875,0.5,1.0,0.55575,0.5,1,0.0
400,50,high,2,low,0,1733063420,50,7.013756502139899,5.619869916015909,6.174686350438531,0.0,0.0,0.0,1.0,0.0,0.0,0.001,1,0.0
400,50,high,2,low,1,1485210940,50,6.87144023200489,5.500091600835052,6.161679133640332,0.0,0.0,0.0,1.0,0.0,0.0,0.001,1,0.0
400,50,high,2,low,2,676044930,50,6.756916064632814,5.218749211236874,5.841434024441068,0.0,0.0,0.0,1.0,0.0,0.0,0.001,1,0.0
400,50,high,2,low,3,1239692858,50,6.9950486442934805,5.421850880720515,6.324962192809122,0.0,0.0,0.0,1.0,0.0,0.0,0.001,1,0.0
400,50,high,2,medium,0,2033407990,50,7.800592836873529,4.191005150724788,5.805211609982462,0.0,0.0,0.0,1.0,0.02,0.0015,0.001,1,0.0
400,50,high,2,medium,1,174240795,50,6.259159556981771,3.182103501797258,4.408827421931395,0.0,0.0,0.0,1.0,0.04,0.00775,0.001,1,0.0
400,50,high,2,medium,2,1139870303,50,8.763942215958846,3.7272883933617855,5.115519109335841,0.0,0.0,0.0,1.0,0.02,0.0055000000000000005,0.001,1,0.0
400,50,high,2,medium,3,1752951305,50,7.762784495241991,3.9093368604432173,5.3466396927382664,0.0,0.0,0.0,1.0,0.02,0.004,0.001,1,0.0
400,50,high,2,high,0,432901530,50,6.837425041805746,2.1482811833141264,3.447330970027566,0.025,0.05,0.1,0.975,0.14,0.028000000000000004,0.025,1,0.0
400,50,high,2,high,1,1930087923,50,7.281232587127105,1.9941601991506759,3.280247469955225,0.025,0.05,0.1,0.975,0.16,0.034,0.025,1,0.0
400,50,high,2,high,2,79830317,50,6.003336816797393,1.8880584511154788,2.8947394084240567,0.0,0.025,0.125,1.0,0.2,0.035750000000000004,0.001,1,0.0
400,50,high,2,high,3,130969652,50,10.178315556720591,2.562758866654975,3.5443901090172263,0.0,0.05,0.075,1.0,0.14,0.025500000000000002,0.001,1,0.0
400,50,high,4,low,0,211731594,50,1.8926820983559924,1.3253194748447412,1.5406758787788992,0.0,0.225,0.5625,1.0,0.44,0.268,0.001,1,0.0
400,50,high,4,low,1,1753141300,50,0.21469669778894557,0.043690293253310676,0.14231042947136568,0.95,1.0,1.0,0.05,0.76,0.6507499999999999,0.95,2,0.0
400,50,high,4,low,2,343697247,50,4.082370051548388,2.908733295774817,3.225270356233537,0.0,0.0,0.0,1.0,0.1,0.0415,0.001,1,0.0
400,50,high,4,low,3,1706578057,50,3.769190518333038,2.7607085972626404,3.211854234981611,0.0,0.0,0.0,1.0,0.18,0.07949999999999999,0.001,1,0.0
400,50,high,4,medium,0,1133038742,50,0.8985747449760315,0.18582245286717283,0.36296129638849484,0.55,0.6875,0.75,0.45,0.94,0.55525,0.55,2,0.0
400,50,high,4,medium,1,1167708400,50,7.8066560292927605,3.7066139997404988,4.810943931300234,0.0,0.0,0.0125,1.0,0.02,0.006750000000000001,0.001,1,0.0
400,50,high,4,medium,2,540376762,50,3.7169294034025038,1.715647318404628,2.325434170568281,0.0,0.05,0.1875,1.0,0.14,0.06625,0.001,1,0.0
400,50,high,4,medium,3,199229936,50,2.5676400061673714,1.135619571641787,1.4758992304959264,0.025,0.2625,0.325,0.975,0.5,0.18125000000000005,0.025,1,0.0
400,50,high,4,high,0,842167396,50,4.832412281018681,0.4701304517701406,1.0534139254775694,0.25,0.3125,0.35,0.75,0.98,0.28300000000000003,0.25,1,0.0
400,50,high,4,high,1,10314390,50,2.4319657992434682,0.3746004533591863,0.8041031673001728,0.2875,0.3875,0.425,0.7125,0.9,0.28350000000000003,0.2875,1,0.0
400,50,high,4,high,2,1184416961,50,1.715204723959002,0.16659636752612558,0.5439445742084377,0.3875,0.45,0.55,0.6125,0.94,0.3875,0.3875,1,0.0
400,50,high,4,high,3,386086893,50,5.364306641105101,1.4920602562566772,2.484235046189778,0.05,0.1125,0.1875,0.95,0.56,0.11599999999999999,0.05,1,0.0
400,50,high,8,low,0,801998421,50,0.8200452642302322,0.4260488666961836,0.5296866589797443,0.7125,0.9125,0.9875,0.2875,0.82,0.673,0.7125,2,0.0
400,50,high,8,low,1,309205352,50,0.27346168279501615,0.06377156313207105,0.1713596621599021,0.975,0.975,1.0,0.025,0.88,0.8049999999999999,0.975,2,0.0
400,50,high,8,low,2,753587141,50,1.219694983447072,0.6834144419896307,0.861679094054592,0.3375,0.6375,0.8625,0.6625,0.58,0.45149999999999996,0.3375,1,0.0
400,50,high,8,low,3,1706117665,50,0.2805242111675912,0.04406936958971595,0.14564416659032012,0.9625,0.9875,1.0,0.0375,0.86,0.57775,0.9625,2,0.0
400,50,high,8,medium,0,2029223981,50,0.951027924299015,0.11438238182145173,0.44261262724713546,0.525,0.65,0.7375,0.475,0.88,0.5435000000000001,0.525,2,0.0
400,50,high,8,medium,1,895196672,50,0.4378636057393842,0.07940549990449645,0.2119705867018234,0.725,0.775,0.8,0.275,0.92,0.5755,0.725,2,0.0
400,50,high,8,medium,2,1170478966,50,2.012748243387672,0.6193567139787579,1.0758733152508013,0.2,0.3875,0.5,0.8,0.84,0.43674999999999997,0.2,1,0.0
400,50,high,8,medium,3,2110364163,50,1.3920068918544892,0.4239610706310741,0.8169356760312871,0.35,0.5375,0.6625,0.65,0.9,0.5747500000000001,0.35,1,0.0
400,50,high,8,high,0,1484844206,50,0.7745331102043271,0.08894650128293613,0.15060459618339442,0.5125,0.5875,0.625,0.4875,1.0,0.66975,0.5125,2,0.0
400,50,high,8,high,1,1452910799,50,0.5149550276720688,0.20719201894271574,0.33916393419981117,0.625,0.6375,0.65,0.375,1.0,0.6125,0.625,2,0.0
400,50,high,8,high,2,1642466957,50,4.89934752367205,0.328396404080056,1.1869792176818772,0.225,0.3,0.3625,0.775,1.0,0.47750000000000004,0.225,1,0.0
400,50,high,8,high,3,377864622,50,0.49068462467873514,0.10221310826822415,0.2732312364097075,0.6,0.6625,0.675,0.4,1.0,0.603,0.6,2,0.0
400,50,extreme,2,low,0,1839547947,50,6.772654756261053,5.638480076239709,6.103823899171436,0.0,0.0,0.0,1.0,0.08,0.0435,0.001,1,0.0
400,50,extreme,2,low,1,972401243,50,7.064445318895535,5.536351806197483,6.397807851234572,0.0,0.0,0.0,1.0,0.12,0.060750000000000005,0.001,1,0.0
400,50,extreme,2,low,2,597978003,50,6.544415872574629,4.957468671713661,5.626098979538739,0.0,0.0,0.0,1.0,0.1,0.0665,0.001,1,0.0
400,50,extreme,2,low,3,600925312,50,6.959671233750491,5.7557464054891145,6.328202199101587,0.0,0.0,0.0,1.0,0.06,0.05975000000000001,0.001,1,0.0
400,50,extreme,2,medium,0,895131617,50,6.702987656906419,3.1728792484560353,4.157391887645721,0.0,0.0,0.0125,1.0,0.16,0.07375000000000001,0.001,1,0.0
400,50,extreme,2,medium,1,1072500101,50,7.213679201599319,3.3087229412913612,5.105523259667182,0.0,0.0,0.0,1.0,0.12,0.07375000000000001,0.001,1,0.0
400,50,extreme,2,medium,2,2016841214,50,6.875475947771566,3.3056499500341485,4.484013045446671,0.0,0.0,0.0,1.0,0.08,0.04125,0.001,1,0.0
400,50,extreme,2,medium,3,1104502214,50,6.606060717988934,3.33243899311267,4.241430230132094,0.0,0.0,0.0,1.0,0.16,0.0755,0.001,1,0.0
400,50,extreme,2,high,0,1267646133,50,7.1308654950935475,1.9051774459028916,3.3089135544608013,0.0125,0.075,0.1375,0.9875,0.4,0.09725000000000002,0.0125,1,0.0
400,50,extreme,2,high,1,1052322683,50,8.215603812371917,1.9844850517896826,3.2730617056479656,0.0375,0.0625,0.1125,0.9625,0.38,0.09350000000000003,0.0375,1,0.0
400,50,extreme,2,high,2,1628199815,50,6.238328187054513,1.683562354737494,3.118604693641903,0.0375,0.0875,0.1375,0.9625,0.46,0.11750000000000001,0.0375,1,0.0
400,50,extreme,2,high,3,1818090496,50,9.754488312071091,1.9856006339022567,3.478049968243924,0.0,0.025,0.1125,1.0,0.3,0.09575000000000002,0.001,1,0.0
400,50,extreme,4,low,0,1993688076,50,3.4539088746183717,2.4614696310281965,2.9975168924914684,0.0,0.0,0.0125,1.0,0.28,0.248,0.001,1,0.0
400,50,extreme,4,low,1,1345814955,50,0.4758069248582614,0.19582280294598742,0.32248126743970745,0.85,0.95,0.9875,0.15,0.76,0.7022499999999999,0.85,2,0.0
400,50,extreme,4,low,2,532225862,50,2.058330762466649,1.4984741152466337,1.6876873203037746,0.0,0.1,0.45,1.0,0.5,0.46175,0.001,1,0.0
400,50,extreme,4,low,3,705534752,50,1.3351975100803881,0.8806135603963304,1.0648478271750679,0.1875,0.625,0.8625,0.8125,0.52,0.4595000000000001,0.1875,1,0.0
400,50,extreme,4,medium,0,2012814190,50,1.680418290820496,0.5099958757681979,0.7664967494383943,0.325,0.4625,0.5375,0.675,0.68,0.4545,0.325,1,0.0
400,50,extreme,4,medium,1,1192832521,50,1.3448163094099193,0.3422591029988125,0.7732464263388898,0.325,0.5625,0.5875,0.675,0.84,0.54,0.325,1,0.0
400,50,extreme,4,medium,2,1540432828,50,2.215916079896866,0.7911161913134022,1.402619178069843,0.15,0.275,0.425,0.85,0.62,0.44275000000000003,0.15,1,0.0
400,50,extreme,4,medium,3,1158034820,50,2.979013703389775,1.2352099033000683,1.8590295994248365,0.0375,0.175,0.2625,0.9625,0.54,0.36724999999999997,0.0375,1,0.0
400,50,extreme,4,high,0,317349801,50,6.960010627507028,0.8910399045918307,1.5859126134093027,0.1375,0.225,0.325,0.8625,0.54,0.229,0.1375,1,0.0
400,50,extreme,4,high,1,1921913437,50,3.9560109265978305,0.8163729065421834,1.501355117340208,0.15,0.25,0.325,0.85,0.7,0.37625000000000003,0.15,1,0.0
400,50,extreme,4,high,2,1962890437,50,6.21107867492415,1.8294712073541732,3.0440019062799757,0.0375,0.05,0.1125,0.9625,0.34,0.13075,0.0375,1,0.0
400,50,extreme,4,high,3,549485039,50,7.55701650160932,1.7563734162749083,3.8376869978615775,0.025,0.0875,0.125,0.975,0.56,0.21000000000000005,0.025,1,0.0
400,50,extreme,8,low,0,2077693343,50,1.7285372775169412,1.1356783146258358,1.402828495784013,0.05,0.325,0.65,0.95,0.8,0.59775,0.05,1,0.0
400,50,extreme,8,low,1,828163650,50,2.2665158667395864,1.7785830842422758,1.9513322596060871,0.0,0.0375,0.325,1.0,0.66,0.6212500000000001,0.001,1,0.0
400,50,extreme,8,low,2,1388703162,50,0.5035971754901043,0.2626519651934322,0.38329398027863737,0.875,0.975,0.9875,0.125,0.7,0.61925,0.875,2,0.0
400,50,extreme,8,low,3,1364952816,50,1.5962322307865282,0.9814356056628963,1.2656033008214491,0.125,0.4625,0.775,0.875,0.8,0.7064999999999999,0.125,1,0.0
400,50,extreme,8,medium,0,408500663,50,0.20151182772883863,0.03217060278667427,0.06890398901000522,0.6875,0.75,0.7875,0.3125,1.0,0.8205,0.6875,2,0.0
400,50,extreme,8,medium,1,1798476931,50,3.1380447284420083,1.1938927053891615,1.833359080784248,0.025,0.1625,0.35,0.975,0.76,0.49625,0.025,1,0.0
400,50,extreme,8,medium,2,1722684964,50,1.3087520940817758,0.21161670900702526,0.4765284669173066,0.425,0.575,0.6875,0.575,0.82,0.5760000000000001,0.425,1,0.0
400,50,extreme,8,medium,3,1569890720,50,0.9267653967223545,0.2616258187578638,0.588904452873308,0.5125,0.7125,0.775,0.4875,0.78,0.5980000000000001,0.5125,2,0.0
400,50,extreme,8,high,0,732582889,50,2.8789429206816024,0.4624152459804583,1.4814445636362332,0.15,0.275,0.3875,0.85,0.88,0.388,0.15,1,0.0
400,50,extreme,8,high,1,1540513010,50,0.4272710689883891,0.0445795947895853,0.12426125705193444,0.6375,0.675,0.7,0.3625,1.0,0.83825,0.6375,2,0.0
400,50,extreme,8,high,2,980491464,50,1.5472765973767948,0.06719489161539947,0.2828124502387977,0.425,0.5,0.55,0.575,0.98,0.70225,0.425,1,0.0
400,50,extreme,8,high,3,253640036,50,1.1719568041659798,0.07200807226669306,0.4682422607707815,0.4375,0.5375,0.5875,0.5625,0.98,0.61,0.4375,1,0.0
400,100,low,2,low,0,1305856339,50,2.9747119971495346,2.658904665224977,2.7827318324732744,0.0,0.0,0.0,1.0,0.0,0.0,0.001,1,0.0
400,100,low,2,low,1,771661430,50,2.996525633139397,2.523161270081617,2.6659290233993516,0.0,0.0,0.0125,1.0,0.0,0.0,0.001,1,0.0
400,100,low,2,low,2,1884223798,50,3.099647050369202,2.5237488867456275,2.7835719480823324,0.0,0.0,0.0,1.0,0.0,0.0,0.001,1,0.0
400,100,low,2,low,3,770324794,50,2.988673219407395,2.427520310152561,2.7312544402606154,0.0,0.0,0.0,1.0,0.0,0.0,0.001,1,0.0
400,100,low,2,medium,0,101506288,50,3.111577759342573,2.0446289650830587,2.432997872130982,0.0,0.0,0.0875,1.0,0.0,0.0,0.001,1,0.0
400,100,low,2,medium,1,958541222,50,3.1053049901286327,1.935283768805223,2.1738548334832886,0.0,0.025,0.15,1.0,0.0,0.0,0.001,1,0.0
400,100,low,2,medium,2,821011978,50,2.558441585456503,1.8707488674334087,2.0946653948993452,0.0,0.0125,0.175,1.0,0.0,0.0,0.001,1,0.0
400,100,low,2,medium,3,935421820,50,2.972120859985758,1.7985183500469886,2.159672639599311,0.0,0.05,0.1875,1.0,0.0,0.0,0.001,1,0.0
400,100,low,2,high,0,912156435,50,2.7971150532221105,1.072427518619625,1.8426422363372246,0.1,0.1875,0.275,0.9,1.0,0.09425000000000001,0.1,1,0.0
400,100,low,2,high,1,1197512483,50,3.0710860540608103,1.217904399163944,1.7236165903467973,0.0625,0.1875,0.3,0.9375,0.48,0.05525,0.0625,1,0.0
400,100,low,2,high,2,1347814014,50,2.3169800089525454,0.9868649026138608,1.7350139357782384,0.1125,0.2125,0.3375,0.8875,1.0,0.10725,0.1125,1,0.0
400,100,low,2,high,3,1742927478,50,3.274237572657054,0.8827222654772028,1.6133676290424401,0.1375,0.225,0.35,0.8625,1.0,0.129,0.1375,1,0.0
400,100,low,4,low,0,1730358570,50,0.9021788868765823,0.6822788508366043,0.7566508007046289,0.6625,0.9875,1.0,0.3375,1.0,0.60025,0.6625,2,0.0
400,100,low,4,low,1,1979997738,50,0.11546711473504209,0.027320238544849208,0.05961659075288896,1.0,1.0,1.0,0.0,1.0,1.0,1.0,2,0.0
400,100,low,4,low,2,613200739,50,1.410812001314914,1.1304456757740104,1.2482858445701912,0.0125,0.6625,0.9625,0.9875,0.42,0.05375,0.0125,1,0.0
400,100,low,4,low,3,790388602,50,2.728414138330683,2.251140259549902,2.4648225704449374,0.0,0.0,0.0,1.0,0.0,0.0,0.001,1,0.0
400,100,low,4,medium,0,1008977905,50,0.12004150292783436,0.02153180173924475,0.052780695672170135,1.0,1.0,1.0,0.0,1.0,0.9984999999999999,1.0,2,0.0
400,100,low,4,medium,1,2036946778,50,0.19024003936575445,0.05128801102282639,0.08849107362582709,1.0,1.0,1.0,0.0,1.0,0.9855,1.0,2,0.0
400,100,low,4,medium,2,1087519949,50,0.46204580477735485,0.05790018604035116,0.18328646202998855,0.775,0.8875,0.95,0.225,1.0,0.78525,0.775,2,0.0
400,100,low,4,medium,3,2012571698,50,0.3669125286252939,0.08198971801063634,0.1789582674823744,0.9,0.9625,0.9875,0.1,1.0,0.86525,0.9,2,0.0
400,100,low,4,high,0,1239433517,50,0.5351479279433006,0.12925510674488905,0.24368894123732165,0.6125,0.65,0.7,0.3875,1.0,0.6045,0.6125,2,0.0
400,100,low,4,high,1,668603491,50,2.9711498028309906,1.2816154265485689,1.7217257475953562,0.025,0.175,0.2625,0.975,0.14,0.03875,0.025,1,0.0
400,100,low,4,high,2,1476034209,50,0.44029628366486007,0.06165743206430986,0.1945124515174152,0.7375,0.8,0.8125,0.2625,1.0,0.7452500000000001,0.7375,2,0.0
400,100,low,4,high,3,875257932,50,2.375342410177894,0.7186749985236222,1.2020104080649268,0.1625,0.3375,0.4625,0.8375,1.0,0.16699999999999998,0.1625,1,0.0
400,100,low,8,low,0,802135417,50,0.06916786543287642,0.013121792348665682,0.03561461196522918,1.0,1.0,1.0,0.0,1.0,1.0,1.0,2,0.0
400,100,low,8,low,1,1639524933,50,0.08101313858879042,0.013968630468167363,0.032070151651508144,1.0,1.0,1.0,0.0,1.0,1.0,1.0,2,0.0
400,100,low,8,low,2,2010857199,50,0.06222359797800602,0.01303314757326496,0.036317592164065875,1.0,1.0,1.0,0.0,1.0,1.0,1.0,2,0.0
400,100,low,8,low,3,1859376917,50,1.6968816120804182,1.4033310508630763,1.5274901396481977,0.0,0.2,0.8375,1.0,0.0,0.002,0.001,1,0.0
400,100,low,8,medium,0,2016967069,50,0.29264652555359405,0.07056372125626849,0.12983595545217363,1.0,1.0,1.0,0.0,1.0,0.9984999999999999,1.0,2,0.0
400,100,low,8,medium,1,309544917,50,0.29939470312310906,0.06184733770074809,0.15785021065276703,0.9375,0.9625,0.9875,0.0625,1.0,0.8912500000000001,0.9375,2,0.0
400,100,low,8,medium,2,1358099519,50,0.15523495094293854,0.030928656346865604,0.06004093665932622,0.9875,1.0,1.0,0.0125,1.0,0.993,0.9875,2,0.0
400,100,low,8,medium,3,1018072566,50,0.6917868225943307,0.30816041943759376,0.47061195674436973,0.7125,0.85,0.9375,0.2875,1.0,0.711,0.7125,2,0.0
400,100,low,8,high,0,812692055,50,1.4498268452022494,0.31197842920212343,0.6596041954771443,0.3375,0.525,0.6,0.6625,1.0,0.368,0.3375,1,0.0
400,100,low,8,high,1,666002977,50,0.319003034653793,0.06784363735462412,0.12104708815109635,0.725,0.7875,0.825,0.275,1.0,0.733,0.725,2,0.0
400,100,low,8,high,2,930109707,50,0.27069230628865126,0.06326164519820959,0.13663623754041876,0.7875,0.825,0.875,0.2125,1.0,0.78325,0.7875,2,0.0
400,100,low,8,high,3,435379867,50,0.2757507615137017,0.0450294443245795,0.12672321703013764,0.725,0.8375,0.8625,0.275,1.0,0.7292500000000001,0.725,2,0.0
400,100,medium,2,low,0,1869976836,50,3.022393374244718,2.5608044016328915,2.742669940833948,0.0,0.0,0.0,1.0,0.0,0.0,0.001,1,0.0
400,100,medium,2,low,1,198458888,50,3.013271307098837,2.6076629399412115,2.7501348999399995,0.0,0.0,0.0,1.0,0.0,0.0,0.001,1,0.0
400,100,medium,2,low,2,457400731,50,2.9700886322604942,2.542288858632603,2.7718695037257373,0.0,0.0,0.0,1.0,0.0,0.0,0.001,1,0.0
400,100,medium,2,low,3,1537612474,50,3.0417010270797453,2.5244871711618617,2.7665722724465756,0.0,0.0,0.0,1.0,0.0,0.0,0.001,1,0.0
400,100,medium,2,medium,0,1362562807,50,3.2978349909981866,2.0722837147094473,2.7647900376784325,0.0,0.0,0.05,1.0,0.0,0.0,0.001,1,0.0
400,100,medium,2,medium,1,775966671,50,3.083037852738896,2.0378445769274984,2.4259157614185627,0.0,0.0125,0.0625,1.0,0.0,0.0,0.001,1,0.0
400,100,medium,2,medium,2,1441632533,50,3.270495907422727,2.0935629343266244,2.485271889685675,0.0,0.0125,0.0875,1.0,0.0,0.0,0.001,1,0.0
400,100,medium,2,medium,3,961045957,50,3.0773065684993135,2.0319068708017465,2.3145560556320044,0.0,0.0,0.075,1.0,0.0,0.0,0.001,1,0.0
400,100,medium,2,high,0,1318484110,50,3.343351057301904,1.4577179610512203,1.8616825836871258,0.0625,0.125,0.3125,0.9375,0.56,0.060250000000000005,0.0625,1,0.0
400,100,medium,2,high,1,41120310,50,2.6627428145471006,1.1178376801175673,1.4963129782049271,0.0875,0.2625,0.3875,0.9125,0.86,0.095,0.0875,1,0.0
400,100,medium,2,high,2,671856001,50,2.6762068699597092,1.064718463246296,1.6762115687143946,0.075,0.225,0.35,0.925,0.88,0.10225,0.075,1,0.0
400,100,medium,2,high,3,1242602403,50,3.121020386697958,1.447989099279009,1.7875292389247988,0.0625,0.125,0.3125,0.9375,0.74,0.058750000000000004,0.0625,1,0.0
400,100,medium,4,low,0,2107262203,50,0.6983987672687533,0.5280167232677019,0.5939700043328946,0.9,1.0,1.0,0.1,0.94,0.75275,0.9,2,0.0
400,100,medium,4,low,1,113382800,50,0.06336092629976997,0.0137486423127688,0.02844603823652518,1.0,1.0,1.0,0.0,1.0,0.99975,1.0,2,0.0
400,100,medium,4,low,2,1533289974,50,0.3742266571523529,0.2217108185886663,0.287296436487007,1.0,1.0,1.0,0.0,1.0,0.9712499999999998,1.0,2,0.0
400,100,medium,4,low,3,243768778,50,0.09184120273705582,0.02965910904973762,0.043978545912513434,1.0,1.0,1.0,0.0,1.0,0.999,1.0,2,0.0
400,100,medium,4,medium,0,752638153,50,2.7294471688057,1.8038525509394365,2.049460206717751,0.0,0.05,0.2,1.0,0.0,0.0037500000000000007,0.001,1,0.0
400,100,medium,4,medium,1,1959424882,50,1.0501429666619817,0.545583513380596,0.6904772577906241,0.45,0.6875,0.8,0.55,1.0,0.43075,0.45,1,0.0
400,100,medium,4,medium,2,388633769,50,0.23684599922186234,0.021777414027512817,0.0682406989763458,0.9125,0.975,0.9875,0.0875,1.0,0.91075,0.9125,2,0.0
400,100,medium,4,medium,3,26415823,50,1.765937155740494,1.0629345378206907,1.246648438971914,0.0625,0.3625,0.6125,0.9375,0.42,0.08575000000000002,0.0625,1,0.0
400,100,medium,4,high,0,791147676,50,0.41308664396516315,0.08900025634409701,0.1891556555469946,0.725,0.775,0.8125,0.275,1.0,0.70375,0.725,2,0.0
400,100,medium,4,high,1,1252028631,50,0.22374811414490636,0.02097616535920218,0.05717302205512365,0.85,0.8875,0.925,0.15,1.0,0.86775,0.85,2,0.0
400,100,medium,4,high,2,198262532,50,0.32083428807086833,0.08198416034216159,0.15411747408027554,0.7125,0.775,0.7875,0.2875,1.0,0.71,0.7125,2,0.0
400,100,medium,4,high,3,1851029289,50,0.9890973764192024,0.12119822678184636,0.33974147302991076,0.5,0.5875,0.65,0.5,1.0,0.5147499999999999,0.5,2,0.0
400,100,medium,8,low,0,1045809029,50,0.04088757814765814,0.011464668984839058,0.026247752314498073,1.0,1.0,1.0,0.0,1.0,1.0,1.0,2,0.0
400,100,medium,8,low,1,1679251077,50,0.07822314964454963,0.012897949552471888,0.040201650051549034,1.0,1.0,1.0,0.0,1.0,0.99975,1.0,2,0.0
400,100,medium,8,low,2,1583544717,50,0.09543434246294426,0.022828875784643005,0.05110095795737195,1.0,1.0,1.0,0.0,1.0,1.0,1.0,2,0.0
400,100,medium,8,low,3,1650614306,50,0.1665477492257312,0.03492766584003763,0.09092516493818915,1.0,1.0,1.0,0.0,1.0,0.9724999999999999,1.0,2,0.0
400,100,medium,8,medium,0,898173122,50,0.11813606436271651,0.012034125310128027,0.056386960999789744,0.975,0.9875,1.0,0.025,1.0,0.9675,0.975,2,0.0
400,100,medium,8,medium,1,1236149428,50,0.17102571922243587,0.015474149185400306,0.08984573539803842,0.95,0.9625,0.975,0.05,1.0,0.91225,0.95,2,0.0
400,100,medium,8,medium,2,887166655,50,0.24779832775940916,0.07303423589967989,0.13198849058886064,0.9375,0.9625,0.975,0.0625,1.0,0.9237500000000001,0.9375,2,0.0
400,100,medium,8,medium,3,107437865,50,0.1574802399605304,0.02773214664847449,0.08682787404962278,0.975,0.9875,0.9875,0.025,1.0,0.943,0.975,2,0.0
400,100,medium,8,high,0,292171242,50,0.26759413968381907,0.04404895895047784,0.10609663992609417,0.725,0.7625,0.7875,0.275,1.0,0.7394999999999999,0.725,2,0.0
400,100,medium,8,high,1,595777865,50,0.22982254357282508,0.04247012993343872,0.11324471240591642,0.775,0.8375,0.8625,0.225,1.0,0.76725,0.775,2,0.0
400,100,medium,8,high,2,2114423881,50,0.9632833796905541,0.05727354603506127,0.16746948722904248,0.525,0.5875,0.6375,0.475,1.0,0.502,0.525,2,0.0
400,100,medium,8,high,3,68410292,50,0.34145185437125525,0.05119154417744263,0.18063599911029887,0.8125,0.8625,0.8625,0.1875,1.0,0.807,0.8125,2,0.0
400,100,high,2,low,0,538671489,50,2.982769973363511,2.641622026765848,2.7970885075199883,0.0,0.0,0.0,1.0,0.0,0.0,0.001,1,0.0
400,100,high,2,low,1,637515300,50,3.054996862772242,2.5256489122007717,2.811015384803572,0.0,0.0,0.0,1.0,0.02,0.01025,0.001,1,0.0
400,100,high,2,low,2,213362040,50,3.0130384995065036,2.52522739940853,2.711185599155691,0.0,0.0,0.0,1.0,0.0,0.0,0.001,1,0.0
400,100,high,2,low,3,807022315,50,3.0332557399771316,2.546922232783803,2.827734175673619,0.0,0.0,0.0,1.0,0.02,0.0022500000000000003,0.001,1,0.0
400,100,high,2,medium,0,375840682,50,2.9752168823184006,2.0792907463248693,2.436831663474395,0.0,0.0,0.075,1.0,0.08,0.02075,0.001,1,0.0
400,100,high,2,medium,1,17636648,50,3.2387858992243883,2.011656318285907,2.549548019749597,0.0,0.0,0.0875,1.0,0.06,0.006000000000000001,0.001,1,0.0
400,100,high,2,medium,2,1759101613,50,3.102180246225159,2.1326184943958504,2.484907364491803,0.0,0.0125,0.1,1.0,0.16,0.026750000000000003,0.001,1,0.0
400,100,high,2,medium,3,1002842285,50,2.878649931511329,2.177501478476414,2.3975885224320717,0.0,0.0,0.0875,1.0,0.08,0.03375,0.001,1,0.0
400,100,high,2,high,0,463585428,50,2.606483550246251,1.2218949441335356,1.7041779693289674,0.075,0.1875,0.35,0.925,0.46,0.082,0.075,1,0.0
400,100,high,2,high,1,1544236440,50,3.179477651560042,0.9627852718205804,2.147140399768341,0.1125,0.1625,0.2375,0.8875,0.54,0.08149999999999999,0.1125,1,0.0
400,100,high,2,high,2,177353542,50,3.035554404721278,1.1788207482100899,2.1259663737413343,0.05,0.125,0.2375,0.95,0.46,0.08425,0.05,1,0.0
400,100,high,2,high,3,1314997620,50,3.4707406614039016,1.0371262361042153,1.7307648230445967,0.1,0.2125,0.325,0.9,0.48,0.10375000000000001,0.1,1,0.0
400,100,high,4,low,0,1064349606,50,0.2292554919486119,0.09886725059922757,0.16875798407252765,1.0,1.0,1.0,0.0,0.86,0.7772500000000001,1.0,2,0.0
400,100,high,4,low,1,905842688,50,0.06660542482822068,0.019161708742531283,0.030766671686109363,1.0,1.0,1.0,0.0,0.88,0.7989999999999998,1.0,2,0.0
400,100,high,4,low,2,1304690873,50,0.5732890091760969,0.40423900596226053,0.46858206903801586,0.975,1.0,1.0,0.025,0.92,0.73475,0.975,2,0.0
400,100,high,4,low,3,493499671,50,1.8641108369340875,1.6086932288253377,1.7144866486627055,0.0,0.0625,0.7,1.0,0.24,0.17350000000000002,0.001,1,0.0
400,100,high,4,medium,0,386706414,50,1.1524733132308167,0.5582180435111965,0.7260752948058505,0.375,0.675,0.775,0.625,0.94,0.46749999999999997,0.375,1,0.0
400,100,high,4,medium,1,1921110923,50,2.8590458692270277,1.90470484198999,2.4277966000809643,0.0,0.025,0.125,1.0,0.08,0.034999999999999996,0.001,1,0.0
400,100,high,4,medium,2,473747498,50,0.548051982953337,0.09797004412733305,0.23111738199627255,0.8,0.9375,1.0,0.2,0.96,0.5875,0.8,2,0.0
400,100,high,4,medium,3,2035513646,50,0.20353304940391787,0.03361974633703094,0.06612112375188506,0.8625,0.9375,0.9875,0.1375,0.96,0.8155000000000001,0.8625,2,0.0
400,100,high,4,high,0,1100035470,50,1.1665907842152914,0.09804083562597474,0.35811554788901173,0.45,0.5375,0.6,0.55,1.0,0.54425,0.45,1,0.0
400,100,high,4,high,1,2049507755,50,0.5373311924994311,0.11063198140419772,0.206864280437694,0.65,0.7375,0.8125,0.35,1.0,0.6439999999999999,0.65,2,0.0
400,100,high,4,high,2,377011770,50,2.0963575124685834,0.6706834124774428,1.1951023956493372,0.2125,0.3125,0.45,0.7875,0.88,0.28550000000000003,0.2125,1,0.0
400,100,high,4,high,3,648116695,50,0.2838216972040204,0.04669823437164451,0.13675947275433578,0.75,0.8375,0.8625,0.25,1.0,0.766,0.75,2,0.0
400,100,high,8,low,0,68206095,50,0.5573436648405615,0.3830891161201124,0.4744601853895854,1.0,1.0,1.0,0.0,0.86,0.8230000000000001,1.0,2,0.0
400,100,high,8,low,1,672519128,50,0.4626759088911814,0.3393701356309245,0.38476478134529646,1.0,1.0,1.0,0.0,0.8,0.73175,1.0,2,0.0
400,100,high,8,low,2,1435752923,50,0.12658450790019427,0.034084888679456554,0.053044564060505096,1.0,1.0,1.0,0.0,0.96,0.83625,1.0,2,0.0
400,100,high,8,low,3,1932100136,50,0.9124217591087163,0.7744631626935843,0.8235885291988962,0.6875,0.975,1.0,0.3125,0.82,0.6835,0.6875,2,0.0
400,100,high,8,medium,0,981696328,50,0.5974154036639558,0.09600599923536904,0.34030813156739187,0.8125,0.9125,0.9625,0.1875,0.98,0.7015,0.8125,2,0.0
400,100,high,8,medium,1,1644332010,50,0.16200047843095922,0.022832672901418428,0.07913326580851274,0.9625,0.9875,1.0,0.0375,1.0,0.873,0.9625,2,0.0
400,100,high,8,medium,2,1383629765,50,1.9485062427817672,0.9833098093980885,1.3673646477266503,0.125,0.3125,0.525,0.875,0.88,0.37625000000000003,0.125,1,0.0
400,100,high,8,medium,3,1349166119,50,0.4228581669417405,0.09295909219645376,0.2220096948439209,0.85,0.925,0.9625,0.15,1.0,0.807,0.85,2,0.0
400,100,high,8,high,0,1345707580,50,0.3494127401074336,0.028819644648361432,0.1381058336273796,0.8625,0.875,0.8875,0.1375,1.0,0.8200000000000001,0.8625,2,0.0
400,100,high,8,high,1,408503940,50,0.13058976413155465,0.025324111665918005,0.039576165456904,0.85,0.875,0.9125,0.15,1.0,0.8377500000000001,0.85,2,0.0
400,100,high,8,high,2,1415942212,50,0.1644434861660921,0.014333246297718193,0.053991446160322844,0.75,0.7875,0.8125,0.25,1.0,0.78425,0.75,2,0.0
400,100,high,8,high,3,831014251,50,0.24702208724862212,0.059258628299436095,0.1176238802317059,0.825,0.8625,0.875,0.175,1.0,0.76675,0.825,2,0.0
400,100,extreme,2,low,0,929457880,50,3.032833888748571,2.7223592703617863,2.831248438324408,0.0,0.0,0.0,1.0,0.1,0.07475000000000001,0.001,1,0.0
400,100,extreme,2,low,1,1737248283,50,2.99151666328427,2.494846583313051,2.7074135520556455,0.0,0.0,0.0,1.0,0.14,0.11075000000000002,0.001,1,0.0
400,100,extreme,2,low,2,176606950,50,3.0398546535062745,2.6427912141491072,2.8338265278040318,0.0,0.0,0.0,1.0,0.12,0.101,0.001,1,0.0
400,100,extreme,2,low,3,1634450556,50,2.9616609209552847,2.5200478114820015,2.696419513911076,0.0,0.0,0.0,1.0,0.22,0.14525000000000002,0.001,1,0.0
400,100,extreme,2,medium,0,807400813,50,3.0049708004531186,1.8686405890947122,2.4989390817980874,0.0,0.0375,0.1375,1.0,0.22,0.0875,0.001,1,0.0
400,100,extreme,2,medium,1,2106046264,50,2.995611800154897,1.8768646438033372,2.187211916038328,0.0,0.0,0.175,1.0,0.26,0.19924999999999998,0.001,1,0.0
400,100,extreme,2,medium,2,2111695698,50,2.732822981822686,1.9533680734639818,2.3333403184915125,0.0125,0.025,0.1125,0.9875,0.24,0.081,0.0125,1,0.0
400,100,extreme,2,medium,3,2002707871,50,3.0944303629212166,1.7749389143135244,2.2170330033240044,0.0,0.025,0.1625,1.0,0.4,0.21950000000000003,0.001,1,0.0
400,100,extreme,2,high,0,2049943851,50,3.1688312829628265,1.1505400278382503,1.9937104090596796,0.0625,0.1375,0.2625,0.9375,0.46,0.13725,0.0625,1,0.0
400,100,extreme,2,high,1,2079989316,50,3.226707106163836,1.076826426731968,1.6731388186915888,0.075,0.175,0.3125,0.925,0.62,0.156,0.075,1,0.0
400,100,extreme,2,high,2,2025622137,50,2.8429982384964068,1.1528430221184511,1.5858508134633056,0.075,0.225,0.35,0.925,0.62,0.13525,0.075,1,0.0
400,100,extreme,2,high,3,551982163,50,3.3490869831650194,1.331179842910783,2.092019218625362,0.0375,0.15,0.25,0.9625,0.42,0.14600000000000002,0.0375,1,0.0
400,100,extreme,4,low,0,70712344,50,0.10665090355688794,0.030897504957469422,0.057942860814081995,1.0,1.0,1.0,0.0,0.64,0.60225,1.0,2,0.0
400,100,extreme,4,low,1,1368279176,50,1.8514778700535832,1.5909177206610674,1.6844183573652387,0.0,0.0375,0.675,1.0,0.48,0.43025,0.001,1,0.0
400,100,extreme,4,low,2,1016644623,50,0.9262559916450455,0.72314729426138,0.8181195006615692,0.65,0.95,1.0,0.35,0.6,0.51325,0.65,2,0.0
400,100,extreme,4,low,3,763189552,50,0.8325446070249389,0.6086492142871492,0.6777500902892285,0.775,0.975,1.0,0.225,0.76,0.6545,0.775,2,0.0
400,100,extreme,4,medium,0,723371725,50,0.27987144678290754,0.053576954455471865,0.1361734966115854,0.975,1.0,1.0,0.025,0.88,0.6435,0.975,2,0.0
400,100,extreme,4,medium,1,1037915507,50,2.084260792262326,1.2376158809707636,1.6456509082459914,0.0375,0.15,0.425,0.9625,0.62,0.36675,0.0375,1,0.0
400,100,extreme,4,medium,2,1703288924,50,0.17878232106599368,0.0404960360046429,0.0839980461627576,0.9625,0.9875,1.0,0.0375,0.82,0.6992499999999999,0.9625,2,0.0
400,100,extreme,4,medium,3,19914809,50,0.6367528982511315,0.13783053528213315,0.34638905145760385,0.7625,0.875,0.9375,0.2375,0.84,0.63975,0.7625,2,0.0
400,100,extreme,4,high,0,591714633,50,1.0598547066310915,0.10453127118727763,0.31509518800381925,0.4875,0.6375,0.675,0.5125,0.92,0.5747500000000001,0.4875,1,0.0
400,100,extreme,4,high,1,1066108698,50,0.2404487700973072,0.05854958115025134,0.1234739774885211,0.7,0.7625,0.775,0.3,0.98,0.669,0.7,2,0.0
400,100,extreme,4,high,2,454807288,50,0.2608832687897823,0.0802036827718179,0.16016757087767725,0.8,0.8125,0.8125,0.2,1.0,0.68975,0.8,2,0.0
400,100,extreme,4,high,3,1174968829,50,0.7758664069918149,0.0712320903915639,0.21419847735634376,0.55,0.5875,0.7125,0.45,1.0,0.627,0.55,2,0.0
400,100,extreme,8,low,0,1124263553,50,0.07885823981685053,0.025998150934693848,0.04912149646435177,1.0,1.0,1.0,0.0,0.9,0.8327500000000001,1.0,2,0.0
400,100,extreme,8,low,1,1864545734,50,0.3911871675591919,0.2529792485753319,0.291464882306341,1.0,1.0,1.0,0.0,0.62,0.5035000000000001,1.0,2,0.0
400,100,extreme,8,low,2,2078701850,50,0.35927206236220693,0.19520023420725105,0.2873699261124797,1.0,1.0,1.0,0.0,0.82,0.72075,1.0,2,0.0
400,100,extreme,8,low,3,1636785721,50,0.7886889196741012,0.5738070330933589,0.6664675055264987,0.7875,1.0,1.0,0.2125,0.82,0.6969999999999998,0.7875,2,0.0
400,100,extreme,8,medium,0,416866215,50,0.9220171536588633,0.4725692969676009,0.6973301073056956,0.5625,0.8125,0.9,0.4375,0.98,0.7022499999999999,0.5625,2,0.0
400,100,extreme,8,medium,1,458903700,50,0.30032273348822247,0.044006794895560045,0.14641748223190224,0.8875,0.9625,0.975,0.1125,0.9,0.70775,0.8875,2,0.0
400,100,extreme,8,medium,2,1936899089,50,0.1404242766484856,0.021968354131067805,0.07167496189422089,1.0,1.0,1.0,0.0,0.94,0.8115,1.0,2,0.0
400,100,extreme,8,medium,3,994690041,50,0.10285758899237833,0.02376518486602396,0.047577908782979655,0.9625,1.0,1.0,0.0375,0.98,0.8197500000000002,0.9625,2,0.0
400,100,extreme,8,high,0,1471006706,50,0.18337663201293106,0.04515728894335436,0.08534377138154495,0.875,0.8875,0.925,0.125,1.0,0.8867499999999999,0.875,2,0.0
400,100,extreme,8,high,1,885751743,50,0.24209377010654207,0.06164132290931735,0.10251682442366554,0.75,0.7875,0.8,0.25,1.0,0.80175,0.75,2,0.0
400,100,extreme,8,high,2,466677890,50,0.2509893283876317,0.03929649163090482,0.07795232957675498,0.7625,0.85,0.875,0.2375,1.0,0.7849999999999999,0.7625,2,0.0
400,100,extreme,8,high,3,949264444,50,0.19322325769742912,0.04594522414014206,0.10245870561339566,0.7875,0.825,0.875,0.2125,1.0,0.7555000000000001,0.7875,2,0.0
400,200,low,2,low,0,1722630270,50,1.0103226222582828,0.8816548614123143,0.9321382698632614,0.4375,1.0,1.0,0.5625,0.98,0.49749999999999994,0.4375,1,0.0
400,200,low,2,low,1,296672123,50,1.0103739154414568,0.8936632914570409,0.9396856098170276,0.425,1.0,1.0,0.575,0.98,0.488,0.425,1,0.0
400,200,low,2,low,2,1643388257,50,0.9897120769226688,0.8837580853545453,0.9344445256320122,0.525,1.0,1.0,0.475,0.98,0.46175,0.525,2,0.0
400,200,low,2,low,3,1484250579,50,0.9824348971312944,0.8619262783487454,0.9122425467135449,0.575,1.0,1.0,0.425,1.0,0.547,0.575,2,0.0
400,200,low,2,medium,0,1343605764,50,1.0384999043969358,0.6707790757654475,0.7967675763520096,0.4625,0.775,1.0,0.5375,1.0,0.46525,0.4625,1,0.0
400,200,low,2,medium,1,85666419,50,1.037040174783693,0.6507820764927207,0.7808530394631148,0.4625,0.9375,1.0,0.5375,1.0,0.5122500000000001,0.4625,1,0.0
400,200,low,2,medium,2,177350725,50,1.0257879903491012,0.6798004861932736,0.8243282963468744,0.4625,0.875,0.9875,0.5375,1.0,0.48450000000000004,0.4625,1,0.0
400,200,low,2,medium,3,738263047,50,1.045135714320979,0.7649387412074459,0.8356905348387851,0.45,0.9125,0.975,0.55,1.0,0.46749999999999997,0.45,1,0.0
400,200,low,2,high,0,1937964040,50,0.9973021366169643,0.3947567795778137,0.6628075376841236,0.5,0.7,0.825,0.5,1.0,0.4967499999999999,0.5,2,0.0
400,200,low,2,high,1,2117380421,50,0.8868277975138101,0.3309440918676417,0.6254516077837562,0.6,0.7375,0.875,0.4,1.0,0.57575,0.6,2,0.0
400,200,low,2,high,2,1155351918,50,1.0162561083825534,0.4258259046812894,0.5683112946808083,0.4875,0.7375,0.8125,0.5125,1.0,0.47725000000000006,0.4875,1,0.0
400,200,low,2,high,3,1300290443,50,0.9584419167781253,0.4468133809095709,0.6820258845591464,0.5375,0.75,0.8375,0.4625,1.0,0.5395,0.5375,2,0.0
400,200,low,4,low,0,1196754670,50,0.5950420056455022,0.5300411607133535,0.5574796640607222,1.0,1.0,1.0,0.0,1.0,1.0,1.0,2,0.0
400,200,low,4,low,1,242440411,50,0.214983176828781,0.14294858112618758,0.18393049323596342,1.0,1.0,1.0,0.0,1.0,1.0,1.0,2,0.0
400,200,low,4,low,2,878148999,50,0.4374152072255584,0.36172912348449265,0.3943131690100167,1.0,1.0,1.0,0.0,1.0,1.0,1.0,2,0.0
400,200,low,4,low,3,1657127571,50,0.06641870636287739,0.008808234664946067,0.03140901950634807,1.0,1.0,1.0,0.0,1.0,1.0,1.0,2,0.0
400,200,low,4,medium,0,1472495873,50,0.30967091858531404,0.07947593193483983,0.1795090518531514,0.9625,1.0,1.0,0.0375,1.0,0.9610000000000001,0.9625,2,0.0
400,200,low,4,medium,1,1890662074,50,0.10543666511462807,0.027609846943899043,0.04687950261361972,1.0,1.0,1.0,0.0,1.0,1.0,1.0,2,0.0
400,200,low,4,medium,2,1287749816,50,0.22999667605322638,0.06530504465424426,0.1564253386571068,1.0,1.0,1.0,0.0,1.0,1.0,1.0,2,0.0
400,200,low,4,medium,3,384935364,50,0.5518914461101234,0.41605771042157763,0.486519010806839,1.0,1.0,1.0,0.0,1.0,1.0,1.0,2,0.0
400,200,low,4,high,0,1302034904,50,0.3192780427332862,0.10108537946556026,0.21948346792216009,0.9625,0.9625,0.9625,0.0375,1.0,0.9615,0.9625,2,0.0
400,200,low,4,high,1,1581923075,50,0.14349394935448673,0.022739486509810565,0.060144221343855116,0.9875,0.9875,1.0,0.0125,1.0,0.98125,0.9875,2,0.0
400,200,low,4,high,2,1095198575,50,0.6338472466905204,0.12608571357044596,0.25483352436852735,0.6625,0.8375,0.875,0.3375,1.0,0.6575,0.6625,2,0.0
400,200,low,4,high,3,1242444028,50,0.2980902547420112,0.08831408512138099,0.18127569293971263,0.9125,0.95,0.9625,0.0875,1.0,0.91975,0.9125,2,0.0
400,200,low,8,low,0,201898622,50,0.26663320594825735,0.18294760799036028,0.21621450049899021,1.0,1.0,1.0,0.0,1.0,1.0,1.0,2,0.0
400,200,low,8,low,1,1778326138,50,0.2738750632541033,0.23217503424470498,0.2573135977814275,1.0,1.0,1.0,0.0,1.0,1.0,1.0,2,0.0
400,200,low,8,low,2,1506103362,50,0.15703423053463936,0.09460685564730893,0.13111383965850038,1.0,1.0,1.0,0.0,1.0,1.0,1.0,2,0.0
400,200,low,8,low,3,1350853248,50,0.0754047590209557,0.016381603062816132,0.05073878221638421,1.0,1.0,1.0,0.0,1.0,1.0,1.0,2,0.0
400,200,low,8,medium,0,699564023,50,0.043192136988704666,0.008389766826618848,0.02241577072182837,1.0,1.0,1.0,0.0,1.0,1.0,1.0,2,0.0
400,200,low,8,medium,1,1523004669,50,0.08722432533377154,0.020180447179993285,0.0437621286545122,1.0,1.0,1.0,0.0,1.0,1.0,1.0,2,0.0
400,200,low,8,medium,2,1548812605,50,0.05188264292478997,0.0071994359599957675,0.02322911000981903,1.0,1.0,1.0,0.0,1.0,1.0,1.0,2,0.0
400,200,low,8,medium,3,667560004,50,0.24457521096041235,0.04078825380639739,0.14062777502482282,0.975,1.0,1.0,0.025,1.0,0.977,0.975,2,0.0
400,200,low,8,high,0,2105909467,50,0.22480447712248533,0.03060843491541296,0.14573453406893644,0.975,0.9875,0.9875,0.025,1.0,0.9745000000000001,0.975,2,0.0
400,200,low,8,high,1,1668126038,50,0.11805710697723469,0.017416057584907843,0.04623463935126497,1.0,1.0,1.0,0.0,1.0,1.0,1.0,2,0.0
400,200,low,8,high,2,632836488,50,0.08458191967631754,0.019181718172889127,0.04439991644414184,0.975,0.9875,0.9875,0.025,1.0,0.983,0.975,2,0.0
400,200,low,8,high,3,2066470517,50,0.18877101444634642,0.061180247630908985,0.11344237269393434,0.95,0.9625,0.9625,0.05,1.0,0.9502500000000002,0.95,2,0.0
400,200,medium,2,low,0,1314670208,50,0.9890628892787651,0.8969479954232814,0.9307037020446146,0.5375,1.0,1.0,0.4625,0.86,0.5427500000000001,0.5375,2,0.0
400,200,medium,2,low,1,740600059,50,1.0055499069425562,0.9090645684262223,0.93918046319404,0.475,1.0,1.0,0.525,0.78,0.5805,0.475,1,0.0
400,200,medium,2,low,2,1967676533,50,1.005405631090802,0.8701408549159696,0.9253156794934917,0.475,1.0,1.0,0.525,0.88,0.5282500000000001,0.475,1,0.0
400,200,medium,2,low,3,315897770,50,1.0167197083788064,0.8608683728669102,0.9422119868209373,0.45,1.0,1.0,0.55,0.92,0.561,0.45,1,0.0
400,200,medium,2,medium,0,939483478,50,0.9455040039432491,0.66370267549038,0.7656407929088023,0.5375,0.9,1.0,0.4625,1.0,0.5752499999999999,0.5375,2,0.0
400,200,medium,2,medium,1,74110779,50,0.9847517506754578,0.7513360422039292,0.8193403142136042,0.5125,0.925,0.975,0.4875,1.0,0.46799999999999997,0.5125,2,0.0
400,200,medium,2,medium,2,1657179881,50,1.0022138834181242,0.6459105301471588,0.7784880056871691,0.4875,0.9375,0.9875,0.5125,1.0,0.47225,0.4875,1,0.0
400,200,medium,2,medium,3,879614697,50,1.0643486957387998,0.6977110122828771,0.8091204630642368,0.4625,0.8625,0.975,0.5375,0.98,0.47825000000000006,0.4625,1,0.0
400,200,medium,2,high,0,2064901016,50,0.9710481740303805,0.3412342787855904,0.6969107403970507,0.5125,0.7875,0.8625,0.4875,1.0,0.509,0.5125,2,0.0
400,200,medium,2,high,1,1809634854,50,1.1842885004870405,0.5156610968352711,0.6713591029505896,0.4,0.675,0.725,0.6,1.0,0.41475,0.4,1,0.0
400,200,medium,2,high,2,1473835857,50,0.9439844956644865,0.35920578820336174,0.6126580896849544,0.525,0.7375,0.8625,0.475,1.0,0.5247499999999999,0.525,2,0.0
400,200,medium,2,high,3,852897930,50,0.8698686501376927,0.43759418841426456,0.5641074916585761,0.5875,0.75,0.825,0.4125,1.0,0.56525,0.5875,2,0.0
400,200,medium,4,low,0,463243018,50,0.36313272849189093,0.2933991595521007,0.3151789388923677,1.0,1.0,1.0,0.0,1.0,1.0,1.0,2,0.0
400,200,medium,4,low,1,1668431163,50,0.6698376765995031,0.5834171532915708,0.6294607770366132,1.0,1.0,1.0,0.0,1.0,0.9914999999999999,1.0,2,0.0
400,200,medium,4,low,2,1687584746,50,0.0717884484726602,0.017419617144168162,0.03371689100819552,1.0,1.0,1.0,0.0,1.0,1.0,1.0,2,0.0
400,200,medium,4,low,3,866485213,50,0.4676772844022169,0.43298553333478174,0.45249833203638123,1.0,1.0,1.0,0.0,1.0,1.0,1.0,2,0.0
400,200,medium,4,medium,0,672605650,50,0.35232594509267734,0.23304024156086442,0.28005923970417695,1.0,1.0,1.0,0.0,1.0,1.0,1.0,2,0.0
400,200,medium,4,medium,1,1294700591,50,0.5611908045291313,0.31553017681349455,0.4464321746707763,0.8875,0.975,1.0,0.1125,1.0,0.899,0.8875,2,0.0
400,200,medium,4,medium,2,2020292622,50,0.5996841406679185,0.395040776900654,0.4806775161747764,0.9125,1.0,1.0,0.0875,1.0,0.884,0.9125,2,0.0
400,200,medium,4,medium,3,1151958567,50,0.17856080769905935,0.051920113229205644,0.09793885890303329,1.0,1.0,1.0,0.0,1.0,0.9835,1.0,2,0.0
400,200,medium,4,high,0,597447901,50,0.2872426380044233,0.061741059502230175,0.14237146762421152,1.0,1.0,1.0,0.0,1.0,0.99275,1.0,2,0.0
400,200,medium,4,high,1,2011963642,50,0.18734274048260502,0.026721840060713972,0.08626825912477352,1.0,1.0,1.0,0.0,1.0,0.9787500000000001,1.0,2,0.0
400,200,medium,4,high,2,1846917683,50,0.28035060341790385,0.04101629686265087,0.17611521146602038,1.0,1.0,1.0,0.0,1.0,0.9950000000000001,1.0,2,0.0
400,200,medium,4,high,3,1497543499,50,0.23597416874319904,0.03902167556592493,0.09426015312495782,0.9625,0.9875,1.0,0.0375,1.0,0.9657499999999999,0.9625,2,0.0
400,200,medium,8,low,0,1936381672,50,0.030107144887069365,0.003713944319921298,0.01270089931580876,1.0,1.0,1.0,0.0,1.0,1.0,1.0,2,0.0
400,200,medium,8,low,1,1220051196,50,0.14207646133509738,0.07758705800135027,0.10203316863763137,1.0,1.0,1.0,0.0,1.0,1.0,1.0,2,0.0
400,200,medium,8,low,2,1302521772,50,0.2897336368035378,0.229341282400894,0.26565372203953463,1.0,1.0,1.0,0.0,1.0,1.0,1.0,2,0.0
400,200,medium,8,low,3,128726060,50,0.03455683098126951,0.007929438418365511,0.01684515968348477,1.0,1.0,1.0,0.0,1.0,1.0,1.0,2,0.0
400,200,medium,8,medium,0,533042488,50,0.1551930317124961,0.029819402281964787,0.06659272401643543,1.0,1.0,1.0,0.0,1.0,1.0,1.0,2,0.0
400,200,medium,8,medium,1,1341948904,50,0.0935163319447243,0.019106975801146467,0.049867163955828964,1.0,1.0,1.0,0.0,1.0,1.0,1.0,2,0.0
400,200,medium,8,medium,2,1422306091,50,0.08697185672973637,0.01252193145183322,0.03447952821255418,1.0,1.0,1.0,0.0,1.0,1.0,1.0,2,0.0
400,200,medium,8,medium,3,1110840102,50,0.11163549830640322,0.02030609114273549,0.05648665407637195,1.0,1.0,1.0,0.0,1.0,0.9995,1.0,2,0.0
400,200,medium,8,high,0,1312618103,50,0.11385648737852469,0.03322822094489995,0.05981382979275872,1.0,1.0,1.0,0.0,1.0,0.999,1.0,2,0.0
400,200,medium,8,high,1,329631464,50,0.09190546078446682,0.02829727866319132,0.057968634598304064,0.9875,0.9875,0.9875,0.0125,1.0,0.9877500000000001,0.9875,2,0.0
400,200,medium,8,high,2,260957736,50,0.17992051687408878,0.01794085462233803,0.08449320730959163,1.0,1.0,1.0,0.0,1.0,1.0,1.0,2,0.0
400,200,medium,8,high,3,548110808,50,0.05146541474399946,0.010040891855041334,0.024095868888765613,1.0,1.0,1.0,0.0,1.0,1.0,1.0,2,0.0
400,200,high,2,low,0,1678743338,50,1.0098159528559654,0.8927623074112147,0.9491732112510333,0.4375,1.0,1.0,0.5625,0.62,0.4692499999999999,0.4375,1,0.0
400,200,high,2,low,1,1164338684,50,0.9746164252056312,0.8526067197963577,0.9204849728870658,0.5875,1.0,1.0,0.4125,0.76,0.5940000000000001,0.5875,2,0.0
400,200,high,2,low,2,2086719254,50,0.9852655078739275,0.9099116619208573,0.943036184288058,0.5375,1.0,1.0,0.4625,0.66,0.57575,0.5375,2,0.0
400,200,high,2,low,3,1540599888,50,1.0070756021920704,0.8712069431719214,0.943014900430432,0.4375,1.0,1.0,0.5625,0.62,0.48475,0.4375,1,0.0
400,200,high,2,medium,0,1890142805,50,1.0033349834956107,0.6759035060276825,0.777070197016787,0.5,0.9,0.975,0.5,0.82,0.5130000000000001,0.5,1,0.0
400,200,high,2,medium,1,1581403274,50,1.0265770757325692,0.7495097714891131,0.8331572931890926,0.4625,0.8875,0.9875,0.5375,0.88,0.4725,0.4625,1,0.0
400,200,high,2,medium,2,1727390949,50,0.9733911978081486,0.6600271289695225,0.7888843011963832,0.55,0.95,1.0,0.45,0.96,0.5695,0.55,2,0.0
400,200,high,2,medium,3,238217821,50,0.9842254234118593,0.6939117675454626,0.8000197093483692,0.525,0.925,0.975,0.475,0.86,0.556,0.525,2,0.0
400,200,high,2,high,0,1933233903,50,0.9273364506522144,0.3021156244178239,0.5731993608294073,0.5375,0.7875,0.8625,0.4625,1.0,0.55225,0.5375,2,0.0
400,200,high,2,high,1,1558993767,50,1.1934138233310416,0.5161657263928948,0.7471502162177691,0.4125,0.725,0.8375,0.5875,0.98,0.477,0.4125,1,0.0
400,200,high,2,high,2,455012466,50,1.0388776225858927,0.2696235797925727,0.4636816852997682,0.4875,0.7,0.8625,0.5125,1.0,0.511,0.4875,1,0.0
400,200,high,2,high,3,1308425509,50,1.1017159359167472,0.49844055547624005,0.6949419028154253,0.425,0.725,0.85,0.575,1.0,0.4445,0.425,1,0.0
400,200,high,4,low,0,953231360,50,0.3919747527539409,0.3235027465584067,0.3651035097655761,1.0,1.0,1.0,0.0,1.0,0.98375,1.0,2,0.0
400,200,high,4,low,1,91926440,50,0.10969188713013156,0.0490245841453026,0.073120390723422,1.0,1.0,1.0,0.0,1.0,0.98125,1.0,2,0.0
400,200,high,4,low,2,301025561,50,0.1404553633549143,0.07465981422716579,0.10699961237489328,1.0,1.0,1.0,0.0,0.96,0.9600000000000002,1.0,2,0.0
400,200,high,4,low,3,1918618246,50,0.19026522542380486,0.11206782615095615,0.15303971917550604,1.0,1.0,1.0,0.0,1.0,0.9817499999999999,1.0,2,0.0
400,200,high,4,medium,0,26117483,50,0.1217351963060878,0.02968282002693108,0.07049875158184132,1.0,1.0,1.0,0.0,0.98,0.9610000000000003,1.0,2,0.0
400,200,high,4,medium,1,1538560057,50,0.27740654500440465,0.12325645545195921,0.2080960290509517,1.0,1.0,1.0,0.0,0.98,0.9780000000000001,1.0,2,0.0
400,200,high,4,medium,2,1719582621,50,0.08708838984691283,0.023152154962700254,0.0494978980292952,1.0,1.0,1.0,0.0,1.0,0.9487500000000001,1.0,2,0.0
400,200,high,4,medium,3,732370788,50,0.09269699403580281,0.019403244496708893,0.041369352900422166,1.0,1.0,1.0,0.0,1.0,0.966,1.0,2,0.0
400,200,high,4,high,0,1789414368,50,1.0447870424070254,0.3818619690829783,0.5859218281075843,0.4875,0.725,0.7875,0.5125,1.0,0.56075,0.4875,1,0.0
400,200,high,4,high,1,219258239,50,0.2071788852556865,0.04023242588368494,0.10631305797456811,0.9625,0.975,0.9875,0.0375,1.0,0.94725,0.9625,2,0.0
400,200,high,4,high,2,375748195,50,0.6414446735041099,0.10840388578736722,0.2795732632558112,0.6875,0.8625,0.925,0.3125,1.0,0.70875,0.6875,2,0.0
400,200,high,4,high,3,1615631362,50,0.5560465863451147,0.05436562618605271,0.25053183453119776,0.7375,0.8625,0.8875,0.2625,1.0,0.7575000000000001,0.7375,2,0.0
400,200,high,8,low,0,1568434489,50,0.22765098134553402,0.14031246788863813,0.17789954416112952,1.0,1.0,1.0,0.0,1.0,0.9935,1.0,2,0.0
400,200,high,8,low,1,1314300008,50,0.03279091443628211,0.0027809718935281735,0.007845852068854188,1.0,1.0,1.0,0.0,1.0,1.0,1.0,2,0.0
400,200,high,8,low,2,1493434302,50,0.28391896346679074,0.21650672799001167,0.2418844552356284,1.0,1.0,1.0,0.0,0.98,0.9675,1.0,2,0.0
400,200,high,8,low,3,1516567187,50,0.1974658474188442,0.10452584457194404,0.15851402433388775,1.0,1.0,1.0,0.0,1.0,0.998,1.0,2,0.0
400,200,high,8,medium,0,411771106,50,0.08049542046994942,0.01822915270460015,0.034107122994576425,1.0,1.0,1.0,0.0,1.0,0.9785,1.0,2,0.0
400,200,high,8,medium,1,1817215134,50,0.04327869114561177,0.006004236371959846,0.02177273868791097,1.0,1.0,1.0,0.0,1.0,0.9970000000000001,1.0,2,0.0
400,200,high,8,medium,2,1388458586,50,0.0792103215439428,0.02363781970663787,0.038669008547144786,1.0,1.0,1.0,0.0,1.0,0.9927500000000002,1.0,2,0.0
400,200,high,8,medium,3,2090170302,50,0.13572259070742304,0.03414516513150391,0.07443492150652746,1.0,1.0,1.0,0.0,1.0,0.99225,1.0,2,0.0
400,200,high,8,high,0,1037142256,50,0.11810581099955347,0.023499109670947038,0.06762203250300983,0.975,0.9875,0.9875,0.025,1.0,0.9719999999999999,0.975,2,0.0
400,200,high,8,high,1,655664236,50,0.06898141089681842,0.013418727863732247,0.028685867554804442,1.0,1.0,1.0,0.0,1.0,0.9722500000000001,1.0,2,0.0
400,200,high,8,high,2,2052958253,50,0.08838004015641926,0.02094303399694846,0.05217901366269458,0.9625,0.9625,0.9625,0.0375,1.0,0.9495000000000001,0.9625,2,0.0
400,200,high,8,high,3,1769236935,50,0.1319363100767788,0.01159681910780207,0.06075913048871313,1.0,1.0,1.0,0.0,1.0,0.986,1.0,2,0.0
400,200,extreme,2,low,0,1683414333,50,1.0093575012257525,0.8819937228239412,0.9561421285457872,0.4375,1.0,1.0,0.5625,0.68,0.5952500000000001,0.4375,1,0.0
400,200,extreme,2,low,1,1925397786,50,1.0075622915260918,0.8927357604538938,0.9464593869998283,0.475,1.0,1.0,0.525,0.5,0.4074999999999999,0.475,1,0.0
400,200,extreme,2,low,2,2021247130,50,1.0175051431883961,0.8934571938690691,0.9409956155683203,0.425,1.0,1.0,0.575,0.56,0.4880000000000001,0.425,1,0.0
400,200,extreme,2,low,3,1282600256,50,1.0093546798658823,0.8810749450140493,0.9338102116701741,0.4625,1.0,1.0,0.5375,0.44,0.37925,0.4625,1,0.0
400,200,extreme,2,medium,0,1690982712,50,1.0258325364952476,0.7702813626150983,0.8624987202779318,0.4125,0.8875,0.9875,0.5875,0.62,0.483,0.4125,1,0.0
400,200,extreme,2,medium,1,9404314,50,0.9764507797497748,0.6576104868532794,0.813479292361898,0.5375,0.9,1.0,0.4625,0.76,0.48224999999999996,0.5375,2,0.0
400,200,extreme,2,medium,2,2023494312,50,1.001567076297269,0.6968837010693494,0.835260857946637,0.475,0.925,1.0,0.525,0.84,0.5975,0.475,1,0.0
400,200,extreme,2,medium,3,301250692,50,1.038942408478682,0.7372527492749388,0.8534150096667953,0.4375,0.8375,0.9625,0.5625,0.72,0.483,0.4375,1,0.0
400,200,extreme,2,high,0,1597674132,50,0.9629476138327344,0.3418883651633551,0.5855444037074595,0.525,0.7125,0.8125,0.475,0.86,0.45099999999999996,0.525,2,0.0
400,200,extreme,2,high,1,493116325,50,0.9818483583901447,0.4341800721024356,0.6978263327560703,0.5125,0.7625,0.8375,0.4875,0.9,0.55725,0.5125,2,0.0
400,200,extreme,2,high,2,522689199,50,1.0001337054900343,0.31924824151083026,0.6700287057470291,0.5,0.7125,0.8375,0.5,0.88,0.5820000000000001,0.5,1,0.0
400,200,extreme,2,high,3,1394681126,50,0.9640213640496612,0.4179394306678524,0.6247281961673419,0.5125,0.725,0.85,0.4875,0.84,0.49450000000000005,0.5125,2,0.0
400,200,extreme,4,low,0,756149124,50,0.1544154674218006,0.09291623572422643,0.13444303180228673,1.0,1.0,1.0,0.0,0.92,0.8875,1.0,2,0.0
400,200,extreme,4,low,1,704179654,50,0.03614821026572007,0.00288543720561105,0.012335221510360627,1.0,1.0,1.0,0.0,0.94,0.90575,1.0,2,0.0
400,200,extreme,4,low,2,537515866,50,1.0170965905784553,0.8892171261908169,0.9327069397619362,0.4625,1.0,1.0,0.5375,0.86,0.8065000000000001,0.4625,1,0.0
400,200,extreme,4,low,3,1397703761,50,0.0970835571056927,0.044486608573095575,0.06665725161422535,1.0,1.0,1.0,0.0,0.9,0.8805,1.0,2,0.0
400,200,extreme,4,medium,0,817615867,50,0.1051793643721774,0.022252088518584713,0.05886255228312764,1.0,1.0,1.0,0.0,0.92,0.8182500000000001,1.0,2,0.0
400,200,extreme,4,medium,1,1569739463,50,0.11065970527403737,0.0160550326172749,0.05396851994861869,1.0,1.0,1.0,0.0,0.94,0.79725,1.0,2,0.0
400,200,extreme,4,medium,2,372142335,50,0.08713922911081559,0.018074069907786507,0.040315392993437504,1.0,1.0,1.0,0.0,0.84,0.716,1.0,2,0.0
400,200,extreme,4,medium,3,1177848051,50,0.3640693534123891,0.17653937716685822,0.2659573145874546,1.0,1.0,1.0,0.0,0.98,0.9027499999999999,1.0,2,0.0
400,200,extreme,4,high,0,1939305264,50,1.073683301317909,0.3497369200944971,0.5326975388909596,0.4625,0.65,0.7875,0.5375,1.0,0.67575,0.4625,1,0.0
400,200,extreme,4,high,1,957123993,50,0.36658838661677473,0.07462745639485699,0.24556316138145826,0.9875,0.9875,1.0,0.0125,1.0,0.8465,0.9875,2,0.0
400,200,extreme,4,high,2,1552277391,50,0.40742352345509203,0.10988403422617216,0.25138330469094716,0.9625,0.9625,0.9875,0.0375,1.0,0.8547499999999999,0.9625,2,0.0
400,200,extreme,4,high,3,1648743646,50,0.8168572560856457,0.30392996602439487,0.5708343808372516,0.6125,0.825,0.925,0.3875,0.98,0.76075,0.6125,2,0.0
400,200,extreme,8,low,0,1565910316,50,0.0450019195950668,0.011789926762311595,0.022472435617609015,1.0,1.0,1.0,0.0,0.98,0.9354999999999997,1.0,2,0.0
400,200,extreme,8,low,1,807142382,50,0.043424500836759077,0.012220506323451613,0.0263287618506093,1.0,1.0,1.0,0.0,0.98,0.9607500000000002,1.0,2,0.0
400,200,extreme,8,low,2,450740767,50,0.014739001911076154,0.0027963964244854763,0.00843780567675691,1.0,1.0,1.0,0.0,1.0,0.9535,1.0,2,0.0
400,200,extreme,8,low,3,909753041,50,0.19718220169263379,0.11745082045816453,0.15222724851121416,1.0,1.0,1.0,0.0,0.98,0.9190000000000002,1.0,2,0.0
400,200,extreme,8,medium,0,1942111544,50,0.10422069056605335,0.022140449523514842,0.048031703570573576,1.0,1.0,1.0,0.0,1.0,0.9877500000000001,1.0,2,0.0
400,200,extreme,8,medium,1,332672632,50,0.14833462244496565,0.03777141585807586,0.09487566188560838,1.0,1.0,1.0,0.0,1.0,0.9592500000000002,1.0,2,0.0
400,200,extreme,8,medium,2,938455876,50,0.06125293361934363,0.0188534533923675,0.030719451562434406,1.0,1.0,1.0,0.0,0.98,0.9319999999999998,1.0,2,0.0
400,200,extreme,8,medium,3,55745503,50,0.2107831845841126,0.056123207969084814,0.15480296264350998,1.0,1.0,1.0,0.0,0.94,0.917,1.0,2,0.0
400,200,extreme,8,high,0,696454218,50,0.11531069712618404,0.011387617347171641,0.042559367479164556,0.9875,0.9875,1.0,0.0125,1.0,0.9285,0.9875,2,0.0
400,200,extreme,8,high,1,2014119450,50,0.11819078302093658,0.028208192412093377,0.05510018514217368,1.0,1.0,1.0,0.0,1.0,0.9179999999999999,1.0,2,0.0
400,200,extreme,8,high,2,1037097589,50,0.36624474195443296,0.03301005444666674,0.19393332360584303,1.0,1.0,1.0,0.0,1.0,0.91475,1.0,2,0.0
400,200,extreme,8,high,3,802488272,50,0.2626722909597169,0.026625288225696358,0.07096030018589489,1.0,1.0,1.0,0.0,1.0,0.89725,1.0,2,0.0
400,400,low,2,low,0,283319749,50,0.002506265664160401,0.002506265664160401,0.002506265664160401,1.0,1.0,1.0,0.0,1.0,1.0,1.0,2,0.0
400,400,low,2,low,1,2083333855,50,0.0028230178420410555,0.002506265664160401,0.002506265664160401,1.0,1.0,1.0,0.0,1.0,1.0,1.0,2,0.0
400,400,low,2,low,2,1039923015,50,0.004394854342339254,0.002506265664160401,0.002506265664160401,1.0,1.0,1.0,0.0,1.0,1.0,1.0,2,0.0
400,400,low,2,low,3,1749546160,50,0.002506265664160401,0.002506265664160401,0.002506265664160401,1.0,1.0,1.0,0.0,1.0,1.0,1.0,2,0.0
400,400,low,2,medium,0,1272937770,50,0.002506265664160401,0.002506265664160401,0.002506265664160401,1.0,1.0,1.0,0.0,1.0,1.0,1.0,2,0.0
400,400,low,2,medium,1,1317313468,50,0.008231275459656306,0.002506265664160401,0.002506265664160401,1.0,1.0,1.0,0.0,1.0,1.0,1.0,2,0.0
400,400,low,2,medium,2,2088767801,50,0.008631857778479805,0.002506265664160401,0.002506265664160401,1.0,1.0,1.0,0.0,1.0,1.0,1.0,2,0.0
400,400,low,2,medium,3,298277522,50,0.019122025471727006,0.002506265664160401,0.002506265664160401,1.0,1.0,1.0,0.0,1.0,1.0,1.0,2,0.0
400,400,low,2,high,0,1174729344,50,0.002506265664160401,0.002506265664160401,0.002506265664160401,1.0,1.0,1.0,0.0,1.0,1.0,1.0,2,0.0
400,400,low,2,high,1,278280423,50,0.002506265664160401,0.002506265664160401,0.002506265664160401,1.0,1.0,1.0,0.0,1.0,1.0,1.0,2,0.0
400,400,low,2,high,2,1645191797,50,0.002506265664160401,0.002506265664160401,0.002506265664160401,1.0,1.0,1.0,0.0,1.0,1.0,1.0,2,0.0
400,400,low,2,high,3,1292880634,50,0.003244915761171512,0.002506265664160401,0.002506265664160401,0.9875,1.0,1.0,0.0125,1.0,0.991,0.9875,2,0.0
400,400,low,4,low,0,238473345,50,0.002506265664160401,0.002506265664160401,0.002506265664160401,1.0,1.0,1.0,0.0,1.0,1.0,1.0,2,0.0
400,400,low,4,low,1,1782209993,50,0.002648880930898583,0.002506265664160401,0.002506265664160401,1.0,1.0,1.0,0.0,1.0,1.0,1.0,2,0.0
400,400,low,4,low,2,1247697749,50,0.002506265664160401,0.002506265664160401,0.002506265664160401,1.0,1.0,1.0,0.0,1.0,1.0,1.0,2,0.0
400,400,low,4,low,3,2003029455,50,0.002506265664160401,0.002506265664160401,0.002506265664160401,1.0,1.0,1.0,0.0,1.0,1.0,1.0,2,0.0
400,400,low,4,medium,0,533246750,50,0.002506265664160401,0.002506265664160401,0.002506265664160401,1.0,1.0,1.0,0.0,1.0,1.0,1.0,2,0.0
400,400,low,4,medium,1,1611938527,50,0.002506265664160401,0.002506265664160401,0.002506265664160401,1.0,1.0,1.0,0.0,1.0,1.0,1.0,2,0.0
400,400,low,4,medium,2,1533230695,50,0.002506265664160401,0.002506265664160401,0.002506265664160401,1.0,1.0,1.0,0.0,1.0,1.0,1.0,2,0.0
400,400,low,4,medium,3,246405433,50,0.002549792329824158,0.002506265664160401,0.002506265664160401,1.0,1.0,1.0,0.0,1.0,1.0,1.0,2,0.0
400,400,low,4,high,0,1615526690,50,0.002506265664160401,0.002506265664160401,0.002506265664160401,1.0,1.0,1.0,0.0,1.0,1.0,1.0,2,0.0
400,400,low,4,high,1,925988113,50,0.022968410470474127,0.002506265664160401,0.002506265664160401,1.0,1.0,1.0,0.0,1.0,1.0,1.0,2,0.0
400,400,low,4,high,2,1621519472,50,0.042552882635210544,0.002506265664160401,0.002506265664160401,1.0,1.0,1.0,0.0,1.0,1.0,1.0,2,0.0
400,400,low,4,high,3,346634292,50,0.08655181614170204,0.002506265664160401,0.002506265664160401,1.0,1.0,1.0,0.0,1.0,1.0,1.0,2,0.0
400,400,low,8,low,0,1260123843,50,0.008059336304471308,0.002506265664160401,0.002506265664160401,1.0,1.0,1.0,0.0,1.0,1.0,1.0,2,0.0
400,400,low,8,low,1,1232493907,50,0.002506265664160401,0.002506265664160401,0.002506265664160401,1.0,1.0,1.0,0.0,1.0,1.0,1.0,2,0.0
400,400,low,8,low,2,405153303,50,0.002506265664160401,0.002506265664160401,0.002506265664160401,1.0,1.0,1.0,0.0,1.0,1.0,1.0,2,0.0
400,400,low,8,low,3,1415159002,50,0.002506265664160401,0.002506265664160401,0.002506265664160401,1.0,1.0,1.0,0.0,1.0,1.0,1.0,2,0.0
400,400,low,8,medium,0,786768690,50,0.002506265664160401,0.002506265664160401,0.002506265664160401,1.0,1.0,1.0,0.0,1.0,1.0,1.0,2,0.0
400,400,low,8,medium,1,1844713757,50,0.002506265664160401,0.002506265664160401,0.002506265664160401,1.0,1.0,1.0,0.0,1.0,1.0,1.0,2,0.0
400,400,low,8,medium,2,1718876431,50,0.009611987227165136,0.002506265664160401,0.002506265664160401,1.0,1.0,1.0,0.0,1.0,1.0,1.0,2,0.0
400,400,low,8,medium,3,511139957,50,0.017263342721428175,0.002506265664160401,0.002506265664160401,1.0,1.0,1.0,0.0,1.0,1.0,1.0,2,0.0
400,400,low,8,high,0,628103058,50,0.002506265664160401,0.002506265664160401,0.002506265664160401,1.0,1.0,1.0,0.0,1.0,1.0,1.0,2,0.0
400,400,low,8,high,1,37002362,50,0.002506265664160401,0.002506265664160401,0.002506265664160401,1.0,1.0,1.0,0.0,1.0,1.0,1.0,2,0.0
400,400,low,8,high,2,2132276414,50,0.002506265664160401,0.002506265664160401,0.002506265664160401,1.0,1.0,1.0,0.0,1.0,1.0,1.0,2,0.0
400,400,low,8,high,3,395805948,50,0.002506265664160401,0.002506265664160401,0.002506265664160401,1.0,1.0,1.0,0.0,1.0,1.0,1.0,2,0.0
400,400,medium,2,low,0,352050609,50,0.005648904831647554,0.002506265664160401,0.002506265664160401,1.0,1.0,1.0,0.0,1.0,1.0,1.0,2,0.0
400,400,medium,2,low,1,665641740,50,0.002506265664160401,0.002506265664160401,0.002506265664160401,1.0,1.0,1.0,0.0,1.0,1.0,1.0,2,0.0
400,400,medium,2,low,2,1717173117,50,0.002506265664160401,0.002506265664160401,0.002506265664160401,1.0,1.0,1.0,0.0,1.0,1.0,1.0,2,0.0
400,400,medium,2,low,3,174635890,50,0.002506265664160401,0.002506265664160401,0.002506265664160401,1.0,1.0,1.0,0.0,1.0,1.0,1.0,2,0.0
400,400,medium,2,medium,0,1461162457,50,0.013015329153910805,0.002506265664160401,0.002506265664160401,1.0,1.0,1.0,0.0,1.0,1.0,1.0,2,0.0
400,400,medium,2,medium,1,300223561,50,0.002506265664160401,0.002506265664160401,0.002506265664160401,1.0,1.0,1.0,0.0,1.0,1.0,1.0,2,0.0
400,400,medium,2,medium,2,12001023,50,0.002506265664160401,0.002506265664160401,0.002506265664160401,1.0,1.0,1.0,0.0,1.0,1.0,1.0,2,0.0
400,400,medium,2,medium,3,446977349,50,0.01609825671867208,0.002506265664160401,0.002506265664160401,1.0,1.0,1.0,0.0,1.0,1.0,1.0,2,0.0
400,400,medium,2,high,0,1844881949,50,0.002506265664160401,0.002506265664160401,0.002506265664160401,0.9875,1.0,1.0,0.0125,1.0,0.9899999999999999,0.9875,2,0.0
400,400,medium,2,high,1,1260837577,50,0.002506265664160401,0.002506265664160401,0.002506265664160401,1.0,1.0,1.0,0.0,1.0,1.0,1.0,2,0.0
400,400,medium,2,high,2,849310146,50,0.027146154359059947,0.002506265664160401,0.002506265664160401,1.0,1.0,1.0,0.0,1.0,1.0,1.0,2,0.0
400,400,medium,2,high,3,1543832017,50,0.014402688262040397,0.002506265664160401,0.002506265664160401,1.0,1.0,1.0,0.0,1.0,1.0,1.0,2,0.0
400,400,medium,4,low,0,536195513,50,0.002506265664160401,0.002506265664160401,0.002506265664160401,1.0,1.0,1.0,0.0,1.0,1.0,1.0,2,0.0
400,400,medium,4,low,1,1189759251,50,0.002506265664160401,0.002506265664160401,0.002506265664160401,1.0,1.0,1.0,0.0,1.0,1.0,1.0,2,0.0
400,400,medium,4,low,2,1949581102,50,0.0019001088984444557,0.0019001088984444557,0.0019001088984444557,1.0,1.0,1.0,0.0,1.0,1.0,1.0,2,0.0
400,400,medium,4,low,3,1429149188,50,0.002506265664160401,0.002506265664160401,0.002506265664160401,1.0,1.0,1.0,0.0,1.0,1.0,1.0,2,0.0
400,400,medium,4,medium,0,2011393739,50,0.011082048676749855,0.002506265664160401,0.002506265664160401,1.0,1.0,1.0,0.0,1.0,1.0,1.0,2,0.0
400,400,medium,4,medium,1,1098894083,50,0.007508495525215295,0.002506265664160401,0.002506265664160401,1.0,1.0,1.0,0.0,1.0,1.0,1.0,2,0.0
400,400,medium,4,medium,2,115593703,50,0.002506265664160401,0.002506265664160401,0.002506265664160401,1.0,1.0,1.0,0.0,1.0,1.0,1.0,2,0.0
400,400,medium,4,medium,3,925184784,50,0.002506265664160401,0.002506265664160401,0.002506265664160401,1.0,1.0,1.0,0.0,1.0,1.0,1.0,2,0.0
400,400,medium,4,high,0,417507171,50,0.002506265664160401,0.002506265664160401,0.002506265664160401,0.9875,1.0,1.0,0.0125,1.0,0.99025,0.9875,2,0.0
400,400,medium,4,high,1,153991122,50,0.002506265664160401,0.002506265664160401,0.002506265664160401,1.0,1.0,1.0,0.0,1.0,1.0,1.0,2,0.0
400,400,medium,4,high,2,726779742,50,0.004373292379276657,0.002506265664160401,0.002506265664160401,1.0,1.0,1.0,0.0,1.0,1.0,1.0,2,0.0
400,400,medium,4,high,3,1362871942,50,0.002506265664160401,0.002506265664160401,0.002506265664160401,0.9875,1.0,1.0,0.0125,1.0,0.99175,0.9875,2,0.0
400,400,medium,8,low,0,571824266,50,0.002506265664160401,0.002506265664160401,0.002506265664160401,1.0,1.0,1.0,0.0,1.0,1.0,1.0,2,0.0
400,400,medium,8,low,1,524004919,50,0.00344865973503708,0.002506265664160401,0.002506265664160401,1.0,1.0,1.0,0.0,1.0,1.0,1.0,2,0.0
400,400,medium,8,low,2,473219336,50,0.002506265664160401,0.002506265664160401,0.002506265664160401,1.0,1.0,1.0,0.0,1.0,1.0,1.0,2,0.0
400,400,medium,8,low,3,1762395329,50,0.002506265664160401,0.002506265664160401,0.002506265664160401,1.0,1.0,1.0,0.0,1.0,1.0,1.0,2,0.0
400,400,medium,8,medium,0,861320753,50,0.002506265664160401,0.002506265664160401,0.002506265664160401,1.0,1.0,1.0,0.0,1.0,1.0,1.0,2,0.0
400,400,medium,8,medium,1,962823630,50,0.013474033968088238,0.002506265664160401,0.002506265664160401,1.0,1.0,1.0,0.0,1.0,1.0,1.0,2,0.0
400,400,medium,8,medium,2,220009455,50,0.002506265664160401,0.002506265664160401,0.002506265664160401,1.0,1.0,1.0,0.0,1.0,1.0,1.0,2,0.0
400,400,medium,8,medium,3,2101280762,50,0.002506265664160401,0.002506265664160401,0.002506265664160401,1.0,1.0,1.0,0.0,1.0,1.0,1.0,2,0.0
400,400,medium,8,high,0,1496088259,50,0.002506265664160401,0.002506265664160401,0.002506265664160401,1.0,1.0,1.0,0.0,1.0,1.0,1.0,2,0.0
400,400,medium,8,high,1,415284544,50,0.003526986961380932,0.002506265664160401,0.002506265664160401,1.0,1.0,1.0,0.0,1.0,1.0,1.0,2,0.0
400,400,medium,8,high,2,878143480,50,0.00143116371749944,0.00143116371749944,0.00143116371749944,1.0,1.0,1.0,0.0,1.0,1.0,1.0,2,0.0
400,400,medium,8,high,3,624248078,50,0.002506265664160401,0.002506265664160401,0.002506265664160401,1.0,1.0,1.0,0.0,1.0,1.0,1.0,2,0.0
400,400,high,2,low,0,891421222,50,0.0027301047513756073,0.002506265664160401,0.002506265664160401,1.0,1.0,1.0,0.0,1.0,1.0,1.0,2,0.0
400,400,high,2,low,1,343531486,50,0.002506265664160401,0.002506265664160401,0.002506265664160401,1.0,1.0,1.0,0.0,1.0,1.0,1.0,2,0.0
400,400,high,2,low,2,218336487,50,0.002506265664160401,0.002506265664160401,0.002506265664160401,1.0,1.0,1.0,0.0,1.0,1.0,1.0,2,0.0
400,400,high,2,low,3,2004704455,50,0.0033709482168240127,0.002506265664160401,0.002506265664160401,1.0,1.0,1.0,0.0,1.0,1.0,1.0,2,0.0
400,400,high,2,medium,0,480605644,50,0.007664452496265026,0.002506265664160401,0.002506265664160401,1.0,1.0,1.0,0.0,1.0,1.0,1.0,2,0.0
400,400,high,2,medium,1,890202436,50,0.01311928783750915,0.002506265664160401,0.002506265664160401,1.0,1.0,1.0,0.0,1.0,1.0,1.0,2,0.0
400,400,high,2,medium,2,1912908396,50,0.002506265664160401,0.002506265664160401,0.002506265664160401,1.0,1.0,1.0,0.0,1.0,0.9995,1.0,2,0.0
400,400,high,2,medium,3,866610948,50,0.004252566815456573,0.002506265664160401,0.002506265664160401,1.0,1.0,1.0,0.0,1.0,1.0,1.0,2,0.0
400,400,high,2,high,0,1977753255,50,0.002506265664160401,0.002506265664160401,0.002506265664160401,1.0,1.0,1.0,0.0,1.0,0.99725,1.0,2,0.0
400,400,high,2,high,1,1011100431,50,0.002506265664160401,0.002506265664160401,0.002506265664160401,1.0,1.0,1.0,0.0,1.0,0.9974999999999999,1.0,2,0.0
400,400,high,2,high,2,1876642513,50,0.002506265664160401,0.002506265664160401,0.002506265664160401,1.0,1.0,1.0,0.0,1.0,0.99725,1.0,2,0.0
400,400,high,2,high,3,674804767,50,0.004683670111735575,0.002506265664160401,0.002506265664160401,1.0,1.0,1.0,0.0,1.0,0.99825,1.0,2,0.0
400,400,high,4,low,0,2128443831,50,0.002568346467147188,0.002506265664160401,0.002506265664160401,1.0,1.0,1.0,0.0,1.0,1.0,1.0,2,0.0
400,400,high,4,low,1,71678152,50,0.0032716639210593327,0.002506265664160401,0.002506265664160401,1.0,1.0,1.0,0.0,1.0,1.0,1.0,2,0.0
400,400,high,4,low,2,1202112435,50,0.002506265664160401,0.002506265664160401,0.002506265664160401,1.0,1.0,1.0,0.0,1.0,1.0,1.0,2,0.0
400,400,high,4,low,3,1784830033,50,0.002506265664160401,0.002506265664160401,0.002506265664160401,1.0,1.0,1.0,0.0,1.0,1.0,1.0,2,0.0
400,400,high,4,medium,0,1774031977,50,0.002506265664160401,0.002506265664160401,0.002506265664160401,1.0,1.0,1.0,0.0,1.0,1.0,1.0,2,0.0
400,400,high,4,medium,1,1332323741,50,0.002506265664160401,0.002506265664160401,0.002506265664160401,1.0,1.0,1.0,0.0,1.0,1.0,1.0,2,0.0
400,400,high,4,medium,2,1274047745,50,0.00995130450210767,0.002506265664160401,0.002506265664160401,1.0,1.0,1.0,0.0,1.0,1.0,1.0,2,0.0
400,400,high,4,medium,3,1625695923,50,0.01709778105592396,0.002506265664160401,0.002506265664160401,1.0,1.0,1.0,0.0,1.0,1.0,1.0,2,0.0
400,400,high,4,high,0,1402646682,50,0.008141529241131082,0.002506265664160401,0.002506265664160401,1.0,1.0,1.0,0.0,1.0,1.0,1.0,2,0.0
400,400,high,4,high,1,1027019856,50,0.002506265664160401,0.002506265664160401,0.002506265664160401,1.0,1.0,1.0,0.0,1.0,1.0,1.0,2,0.0
400,400,high,4,high,2,1213578309,50,0.012150428576283897,0.002506265664160401,0.002506265664160401,1.0,1.0,1.0,0.0,1.0,1.0,1.0,2,0.0
400,400,high,4,high,3,648844714,50,0.002506265664160401,0.002506265664160401,0.002506265664160401,1.0,1.0,1.0,0.0,1.0,1.0,1.0,2,0.0
400,400,high,8,low,0,906773532,50,0.002506265664160401,0.002506265664160401,0.002506265664160401,1.0,1.0,1.0,0.0,1.0,1.0,1.0,2,0.0
400,400,high,8,low,1,2074496090,50,0.002506265664160401,0.002506265664160401,0.002506265664160401,1.0,1.0,1.0,0.0,1.0,1.0,1.0,2,0.0
400,400,high,8,low,2,2137312871,50,0.002506265664160401,0.002506265664160401,0.002506265664160401,1.0,1.0,1.0,0.0,1.0,1.0,1.0,2,0.0
400,400,high,8,low,3,384707412,50,0.002506265664160401,0.002506265664160401,0.002506265664160401,1.0,1.0,1.0,0.0,1.0,1.0,1.0,2,0.0
400,400,high,8,medium,0,1656456615,50,0.00423522249861563,0.002506265664160401,0.002506265664160401,1.0,1.0,1.0,0.0,1.0,1.0,1.0,2,0.0
400,400,high,8,medium,1,1871932875,50,0.002506265664160401,0.002506265664160401,0.002506265664160401,1.0,1.0,1.0,0.0,1.0,1.0,1.0,2,0.0
400,400,high,8,medium,2,1536893212,50,0.002506265664160401,0.002506265664160401,0.002506265664160401,1.0,1.0,1.0,0.0,1.0,1.0,1.0,2,0.0
400,400,high,8,medium,3,1428450195,50,0.005668106252171363,0.002506265664160401,0.002506265664160401,1.0,1.0,1.0,0.0,1.0,1.0,1.0,2,0.0
400,400,high,8,high,0,1119122531,50,0.002506265664160401,0.002506265664160401,0.002506265664160401,1.0,1.0,1.0,0.0,1.0,1.0,1.0,2,0.0
400,400,high,8,high,1,453328590,50,0.006060620751845488,0.00010234626969854172,0.00010234626969854172,1.0,1.0,1.0,0.0,1.0,1.0,1.0,2,0.0
400,400,high,8,high,2,2070621108,50,0.006310635445198871,0.002506265664160401,0.002506265664160401,1.0,1.0,1.0,0.0,1.0,1.0,1.0,2,0.0
400,400,high,8,high,3,1161013244,50,0.002506265664160401,0.002506265664160401,0.002506265664160401,1.0,1.0,1.0,0.0,1.0,1.0,1.0,2,0.0
400,400,extreme,2,low,0,338749215,50,0.0031332068109537464,0.002506265664160401,0.002506265664160401,1.0,1.0,1.0,0.0,1.0,0.9975000000000002,1.0,2,0.0
400,400,extreme,2,low,1,1548725908,50,0.002747463028383354,0.002506265664160401,0.002506265664160401,1.0,1.0,1.0,0.0,0.98,0.9800000000000002,1.0,2,0.0
400,400,extreme,2,low,2,1641497720,50,0.004357038309179695,0.002506265664160401,0.002506265664160401,1.0,1.0,1.0,0.0,0.98,0.9757500000000002,1.0,2,0.0
400,400,extreme,2,low,3,572261386,50,0.002506265664160401,0.002506265664160401,0.002506265664160401,1.0,1.0,1.0,0.0,0.98,0.9800000000000002,1.0,2,0.0
400,400,extreme,2,medium,0,1408089510,50,0.002506265664160401,0.002506265664160401,0.002506265664160401,1.0,1.0,1.0,0.0,0.98,0.9792500000000002,1.0,2,0.0
400,400,extreme,2,medium,1,245589213,50,0.013375730828409937,0.002506265664160401,0.002506265664160401,1.0,1.0,1.0,0.0,1.0,0.9935,1.0,2,0.0
400,400,extreme,2,medium,2,1692139118,50,0.002506265664160401,0.002506265664160401,0.002506265664160401,1.0,1.0,1.0,0.0,0.98,0.96825,1.0,2,0.0
400,400,extreme,2,medium,3,1641148278,50,0.002506265664160401,0.002506265664160401,0.002506265664160401,1.0,1.0,1.0,0.0,1.0,0.99975,1.0,2,0.0
400,400,extreme,2,high,0,96791910,50,0.003740734286621354,0.002506265664160401,0.002506265664160401,1.0,1.0,1.0,0.0,0.98,0.9480000000000001,1.0,2,0.0
400,400,extreme,2,high,1,292414960,50,0.015828760287158093,0.002506265664160401,0.002506265664160401,1.0,1.0,1.0,0.0,1.0,0.9577500000000001,1.0,2,0.0
400,400,extreme,2,high,2,1920842026,50,0.002506265664160401,0.002506265664160401,0.002506265664160401,1.0,1.0,1.0,0.0,1.0,0.98225,1.0,2,0.0
400,400,extreme,2,high,3,3562045,50,0.002506265664160401,0.002506265664160401,0.002506265664160401,1.0,1.0,1.0,0.0,0.98,0.9670000000000002,1.0,2,0.0
400,400,extreme,4,low,0,1105422420,50,0.002506265664160401,0.002203967439831704,0.002506265664160401,1.0,1.0,1.0,0.0,1.0,1.0,1.0,2,0.0
400,400,extreme,4,low,1,594996442,50,0.002506265664160401,0.002506265664160401,0.002506265664160401,1.0,1.0,1.0,0.0,1.0,1.0,1.0,2,0.0
400,400,extreme,4,low,2,1725221090,50,0.002506265664160401,0.002506265664160401,0.002506265664160401,1.0,1.0,1.0,0.0,1.0,1.0,1.0,2,0.0
400,400,extreme,4,low,3,1833963145,50,0.002506265664160401,0.002506265664160401,0.002506265664160401,1.0,1.0,1.0,0.0,1.0,1.0,1.0,2,0.0
400,400,extreme,4,medium,0,313159141,50,0.002506265664160401,0.002506265664160401,0.002506265664160401,1.0,1.0,1.0,0.0,1.0,0.9935,1.0,2,0.0
400,400,extreme,4,medium,1,244148276,50,0.031210133994963037,0.002506265664160401,0.002506265664160401,1.0,1.0,1.0,0.0,1.0,0.99875,1.0,2,0.0
400,400,extreme,4,medium,2,1207339928,50,0.002506265664160401,0.002506265664160401,0.002506265664160401,1.0,1.0,1.0,0.0,1.0,1.0,1.0,2,0.0
400,400,extreme,4,medium,3,1053040488,50,0.002506265664160401,0.002506265664160401,0.002506265664160401,1.0,1.0,1.0,0.0,1.0,0.99975,1.0,2,0.0
400,400,extreme,4,high,0,1374408216,50,0.007660402918362756,0.002506265664160401,0.002506265664160401,1.0,1.0,1.0,0.0,1.0,0.9830000000000002,1.0,2,0.0
400,400,extreme,4,high,1,2002264253,50,0.002506265664160401,0.002506265664160401,0.002506265664160401,1.0,1.0,1.0,0.0,1.0,0.9984999999999999,1.0,2,0.0
400,400,extreme,4,high,2,855208502,50,0.002506265664160401,0.002506265664160401,0.002506265664160401,1.0,1.0,1.0,0.0,1.0,0.9964999999999999,1.0,2,0.0
400,400,extreme,4,high,3,1614144465,50,0.014570408297817585,0.002506265664160401,0.002506265664160401,1.0,1.0,1.0,0.0,1.0,0.9885000000000002,1.0,2,0.0
400,400,extreme,8,low,0,1386252821,50,0.002506265664160401,0.002506265664160401,0.002506265664160401,1.0,1.0,1.0,0.0,1.0,1.0,1.0,2,0.0
400,400,extreme,8,low,1,5722046,50,0.002506265664160401,0.002506265664160401,0.002506265664160401,1.0,1.0,1.0,0.0,1.0,1.0,1.0,2,0.0
400,400,extreme,8,low,2,693142564,50,0.002506265664160401,0.002506265664160401,0.002506265664160401,1.0,1.0,1.0,0.0,1.0,1.0,1.0,2,0.0
400,400,extreme,8,low,3,755080770,50,0.0027084179903135537,0.002506265664160401,0.002506265664160401,1.0,1.0,1.0,0.0,0.98,0.97675,1.0,2,0.0
400,400,extreme,8,medium,0,1270741267,50,0.002506265664160401,0.002506265664160401,0.002506265664160401,1.0,1.0,1.0,0.0,1.0,1.0,1.0,2,0.0
400,400,extreme,8,medium,1,1884475805,50,0.002506265664160401,0.002506265664160401,0.002506265664160401,1.0,1.0,1.0,0.0,1.0,0.998,1.0,2,0.0
400,400,extreme,8,medium,2,677780337,50,0.005373713205834062,0.002506265664160401,0.002506265664160401,1.0,1.0,1.0,0.0,1.0,1.0,1.0,2,0.0
400,400,extreme,8,medium,3,819308255,50,0.003869863882493233,0.002506265664160401,0.002506265664160401,1.0,1.0,1.0,0.0,1.0,0.9955,1.0,2,0.0
400,400,extreme,8,high,0,2114429767,50,0.002506265664160401,0.002506265664160401,0.002506265664160401,1.0,1.0,1.0,0.0,1.0,0.9970000000000001,1.0,2,0.0
400,400,extreme,8,high,1,775824203,50,0.0048224279531360065,0.002506265664160401,0.002506265664160401,1.0,1.0,1.0,0.0,1.0,0.9952500000000001,1.0,2,0.0
400,400,extreme,8,high,2,1821407783,50,0.002506265664160401,0.002506265664160401,0.002506265664160401,1.0,1.0,1.0,0.0,1.0,0.99475,1.0,2,0.0
400,400,extreme,8,high,3,41829276,50,0.002506265664160401,0.002506265664160401,0.002506265664160401,1.0,1.0,1.0,0.0,1.0,0.99925,1.0,2,0.0
800,20,low,2,low,0,1128664333,50,41.27974723816794,24.57684553829465,29.273819256075384,0.0,0.0,0.0,1.0,0.0,0.0,0.001,1,0.0
800,20,low,2,low,1,1408919118,50,39.38463705788804,25.25806867586864,29.864370308427006,0.0,0.0,0.0,1.0,0.0,0.0,0.001,1,0.0
800,20,low,2,low,2,269117723,50,38.763804001429705,25.33683406606659,29.62491043840563,0.0,0.0,0.0,1.0,0.0,0.0,0.001,1,0.0
800,20,low,2,low,3,1677377223,50,37.066222405465766,22.302148855395647,27.965307351670212,0.0,0.0,0.0,1.0,0.0,0.0,0.001,1,0.0
800,20,low,2,medium,0,180862425,50,27.31722206909511,10.185676730776075,15.960017694957614,0.0,0.0,0.0,1.0,0.0,0.0,0.001,1,0.0
800,20,low,2,medium,1,1111164705,50,45.19674558648009,17.52398522221742,23.529845636330126,0.0,0.0,0.0,1.0,0.0,0.0,0.001,1,0.0
800,20,low,2,medium,2,876980056,50,45.7501141126758,14.0537967806585,20.945354548120015,0.0,0.0,0.0,1.0,0.0,0.0,0.001,1,0.0
800,20,low,2,medium,3,260573112,50,32.037843564469924,13.77600952150907,17.975705908801373,0.0,0.0,0.0,1.0,0.0,0.0,0.001,1,0.0
800,20,low,2,high,0,1741416807,50,39.28120625871732,6.3864768647713435,10.967018588582963,0.0,0.0,0.0,1.0,0.0,0.0,0.001,1,0.0
800,20,low,2,high,1,1092634678,50,119.27979752731895,7.003021663417901,14.868328985400357,0.0,0.0,0.0,1.0,0.0,0.0,0.001,1,0.0
800,20,low,2,high,2,602389685,50,57.08882329743257,6.848079441443458,10.160681301510127,0.0,0.0,0.0,1.0,0.0,0.0,0.001,1,0.0
800,20,low,2,high,3,751138362,50,32.74730915484911,5.802238671336819,9.388814041531871,0.0,0.0,0.0,1.0,0.0,0.0,0.001,1,0.0
800,20,low,4,low,0,1157239029,50,16.216765710175462,9.05145491227271,11.152784652655997,0.0,0.0,0.0,1.0,0.0,0.0,0.001,1,0.0
800,20,low,4,low,1,324468134,50,12.508571558929624,6.892788783932165,9.532723231436092,0.0,0.0,0.0,1.0,0.0,0.0,0.001,1,0.0
800,20,low,4,low,2,1064496484,50,29.90377061034301,18.40183639546281,22.859522992767253,0.0,0.0,0.0,1.0,0.0,0.0,0.001,1,0.0
800,20,low,4,low,3,772233643,50,17.565138538770157,11.867718960332692,13.277577080327205,0.0,0.0,0.0,1.0,0.0,0.0,0.001,1,0.0
800,20,low,4,medium,0,1210584944,50,8.554399980448702,2.736054542513457,4.300230662943462,0.0,0.05,0.05,1.0,0.0,0.00425,0.001,1,0.0
800,20,low,4,medium,1,1876843853,50,10.568585634364243,3.209563839192917,5.801740529853989,0.0,0.0,0.0,1.0,0.0,0.0,0.001,1,0.0
800,20,low,4,medium,2,235981572,50,20.416950607539764,5.048687883794216,9.573541894341314,0.0,0.0,0.0,1.0,0.0,0.0,0.001,1,0.0
800,20,low,4,medium,3,1421245406,50,13.578209858264803,3.672882121983719,5.611059042520575,0.0,0.0,0.0,1.0,0.0,0.0,0.001,1,0.0
800,20,low,4,high,0,2124885888,50,6.018608713253779,0.6717137661948086,1.798467619575204,0.1375,0.225,0.2875,0.8625,1.0,0.151,0.1375,1,0.0
800,20,low,4,high,1,1885246552,50,39.23928933601251,3.606025050791274,7.11951594071344,0.0,0.025,0.0625,1.0,0.0,0.0,0.001,1,0.0
800,20,low,4,high,2,1687843330,50,34.51875737943858,5.048174464696553,8.623684117327622,0.0,0.0,0.0,1.0,0.0,0.0,0.001,1,0.0
800,20,low,4,high,3,936342045,50,8.982063224358589,2.1989817341124285,3.3871495920667876,0.0125,0.0375,0.0875,0.9875,0.0,0.00925,0.0125,1,0.0
800,20,low,8,low,0,1969143358,50,8.61466571089557,4.435629505990974,5.884866945674936,0.0,0.0,0.0,1.0,0.0,0.0,0.001,1,0.0
800,20,low,8,low,1,416610190,50,8.727964763661149,4.468230113344597,5.745629738928263,0.0,0.0,0.0,1.0,0.0,0.0,0.001,1,0.0
800,20,low,8,low,2,23426351,50,12.780492238347197,6.913599070382655,8.834679367068949,0.0,0.0,0.0,1.0,0.0,0.0,0.001,1,0.0
800,20,low,8,low,3,358498619,50,8.122462500038779,5.1833849706066735,5.844753301981325,0.0,0.0,0.0,1.0,0.0,0.0,0.001,1,0.0
800,20,low,8,medium,0,605608995,50,7.6546609982252365,1.9570976836526572,3.2380717564020034,0.05,0.075,0.1125,0.95,0.34,0.04975,0.05,1,0.0
800,20,low,8,medium,1,930640039,50,5.138662919337985,2.018351313287452,2.8186823500817604,0.025,0.075,0.1,0.975,0.02,0.03175,0.025,1,0.0
800,20,low,8,medium,2,852483691,50,13.599424592474207,5.074247712670321,7.111716424474989,0.0,0.0,0.0,1.0,0.0,0.0,0.001,1,0.0
800,20,low,8,medium,3,517188660,50,5.481008958505141,1.4708065392844174,2.0932090851860248,0.025,0.125,0.2375,0.975,0.1,0.03,0.025,1,0.0
800,20,low,8,high,0,117136453,50,13.213423895769655,1.6636433625709972,3.0749672101890093,0.05,0.075,0.125,0.95,0.02,0.0475,0.05,1,0.0
800,20,low,8,high,1,1870019868,50,15.838133381008165,1.7932528529420824,3.8707329356653357,0.0125,0.0625,0.125,0.9875,0.0,0.016499999999999997,0.0125,1,0.0
800,20,low,8,high,2,1367724360,50,59.05769241426228,2.080985440413372,5.228749599565702,0.0125,0.0625,0.1,0.9875,0.0,0.00975,0.0125,1,0.0
800,20,low,8,high,3,234685179,50,7.7241299775112005,0.2085774562015583,0.5502437519407644,0.3375,0.4,0.4,0.6625,1.0,0.33075,0.3375,1,0.0
800,20,medium,2,low,0,1527880189,50,36.354110306257866,24.59202254287875,31.092684619668773,0.0,0.0,0.0,1.0,0.0,0.0,0.001,1,0.0
800,20,medium,2,low,1,457233882,50,33.41697441688433,21.866270407943418,28.813853605181244,0.0,0.0,0.0,1.0,0.0,0.0,0.001,1,0.0
800,20,medium,2,low,2,959834505,50,41.11380062542911,23.506824274535198,29.27799996914346,0.0,0.0,0.0,1.0,0.0,0.0,0.001,1,0.0
800,20,medium,2,low,3,221116068,50,42.35563987033277,22.484196051319255,29.862254840551962,0.0,0.0,0.0,1.0,0.0,0.0,0.001,1,0.0
800,20,medium,2,medium,0,581507995,50,29.47042919396788,13.354730995076988,17.406788759942096,0.0,0.0,0.0,1.0,0.0,0.0,0.001,1,0.0
800,20,medium,2,medium,1,1907160949,50,34.147637748687046,11.808948242964128,16.42551666009527,0.0,0.0,0.0,1.0,0.0,0.0,0.001,1,0.0
800,20,medium,2,medium,2,439431926,50,34.68580751977302,12.308333041620067,18.46300626715669,0.0,0.0,0.0,1.0,0.0,0.0,0.001,1,0.0
800,20,medium,2,medium,3,1772750380,50,103.82856288289668,15.242739697446124,24.21399600000642,0.0,0.0,0.0,1.0,0.0,0.0,0.001,1,0.0
800,20,medium,2,high,0,1271523171,50,67.54006820582865,4.938307150955455,10.203567819318765,0.0,0.0,0.0,1.0,0.0,0.0,0.001,1,0.0
800,20,medium,2,high,1,61288550,50,61.86561138002993,8.36950125016479,13.612382386458203,0.0,0.0,0.0,1.0,0.0,0.0,0.001,1,0.0
800,20,medium,2,high,2,1090062785,50,24.52395271467706,6.271153367447806,9.955922382249318,0.0,0.0,0.0,1.0,0.0,0.0,0.001,1,0.0
800,20,medium,2,high,3,1865428660,50,26.98631408806545,5.8334182678700675,10.755879493871252,0.0,0.0,0.0,1.0,0.0,0.0,0.001,1,0.0
800,20,medium,4,low,0,1112378131,50,15.539684947027514,8.390693987762535,9.93164295433276,0.0,0.0,0.0,1.0,0.0,0.0,0.001,1,0.0
800,20,medium,4,low,1,70429769,50,24.941339700519013,15.503874142404346,19.382261364661844,0.0,0.0,0.0,1.0,0.0,0.0,0.001,1,0.0
800,20,medium,4,low,2,687053827,50,17.654369034134515,10.963867038629509,13.343126540388035,0.0,0.0,0.0,1.0,0.0,0.0,0.001,1,0.0
800,20,medium,4,low,3,1059903873,50,37.97307823323638,24.710377097672733,29.064647900028493,0.0,0.0,0.0,1.0,0.0,0.0,0.001,1,0.0
800,20,medium,4,medium,0,1442081633,50,29.835189754304118,10.31913700723612,17.215618500397028,0.0,0.0,0.0,1.0,0.0,0.0,0.001,1,0.0
800,20,medium,4,medium,1,124447639,50,6.899922318018092,2.2480038888736793,3.621910053694378,0.0,0.0375,0.05,1.0,0.02,0.01175,0.001,1,0.0
800,20,medium,4,medium,2,571566184,50,21.83126552973753,6.036262637973048,8.779112975392568,0.0,0.0,0.0,1.0,0.0,0.0,0.001,1,0.0
800,20,medium,4,medium,3,905402511,50,26.33253324432996,7.36568704257138,9.494298281539178,0.0,0.0,0.0,1.0,0.0,0.0,0.001,1,0.0
800,20,medium,4,high,0,222162838,50,27.29810552461664,5.778269466567941,8.268231197579984,0.0,0.0,0.0,1.0,0.0,0.0,0.001,1,0.0
800,20,medium,4,high,1,1047082179,50,41.99052351984139,4.703295331618721,8.300337065989392,0.0,0.0,0.0125,1.0,0.0,0.0,0.001,1,0.0
800,20,medium,4,high,2,908928651,50,19.845414493735383,4.3223425830396165,6.1841361727911695,0.0,0.0,0.0,1.0,0.0,0.0,0.001,1,0.0
800,20,medium,4,high,3,736983327,50,93.51239853179405,7.257279138203089,18.172177931210264,0.0,0.0,0.0125,1.0,0.0,0.0,0.001,1,0.0
800,20,medium,8,low,0,629737762,50,13.240311329811792,7.3710589720612125,10.256745189362755,0.0,0.0,0.0,1.0,0.0,0.0,0.001,1,0.0
800,20,medium,8,low,1,1443948559,50,6.071925673194273,3.5801748149325276,4.257600454365017,0.0,0.0,0.0,1.0,0.02,0.0075000000000000015,0.001,1,0.0
800,20,medium,8,low,2,486953616,50,11.337967308745522,7.469562064819956,8.56730753490265,0.0,0.0,0.0,1.0,0.0,0.0,0.001,1,0.0
800,20,medium,8,low,3,1094550156,50,14.709983389944181,8.090272862489522,10.739876398200938,0.0,0.0,0.0,1.0,0.0,0.0,0.001,1,0.0
800,20,medium,8,medium,0,872224877,50,7.78326730933724,1.7148489231178592,3.077638187890505,0.0375,0.1,0.1375,0.9625,0.52,0.061250000000000006,0.0375,1,0.0
800,20,medium,8,medium,1,586879956,50,22.02891580127215,6.966911734237602,8.879955046070982,0.0,0.0,0.0,1.0,0.0,0.0,0.001,1,0.0
800,20,medium,8,medium,2,1035989686,50,29.632329990396094,10.744383033999233,14.891798732003739,0.0,0.0,0.0,1.0,0.0,0.0,0.001,1,0.0
800,20,medium,8,medium,3,1034752190,50,4.98834419378588,1.1920174596894597,2.4481148672729107,0.0875,0.1375,0.225,0.9125,0.64,0.1265,0.0875,1,0.0
800,20,medium,8,high,0,1266598356,50,45.47387977824904,3.913220533945799,8.957177610862738,0.0,0.025,0.025,1.0,0.0,0.0017500000000000003,0.001,1,0.0
800,20,medium,8,high,1,1080796503,50,7.470317504227856,1.305165713131292,2.2975700025057195,0.05,0.1125,0.1875,0.95,0.36,0.06124999999999999,0.05,1,0.0
800,20,medium,8,high,2,2098216721,50,456.3022622115947,3.404622426767874,7.694980841400728,0.0,0.0125,0.025,1.0,0.0,0.0,0.001,1,0.0
800,20,medium,8,high,3,1935377311,50,27.944293484813223,1.2129075642973066,3.5259179714113387,0.0625,0.15,0.1875,0.9375,0.68,0.07675000000000001,0.0625,1,0.0
800,20,high,2,low,0,503755854,50,33.524469109969786,21.346653466047506,26.554719543819488,0.0,0.0,0.0,1.0,0.0,0.0,0.001,1,0.0
800,20,high,2,low,1,193540430,50,37.57426380475076,23.07005785162248,29.07614582841395,0.0,0.0,0.0,1.0,0.0,0.0,0.001,1,0.0
800,20,high,2,low,2,1062449565,50,37.88570850537069,22.534125057997972,27.642362017037037,0.0,0.0,0.0,1.0,0.0,0.0,0.001,1,0.0
800,20,high,2,low,3,600694779,50,40.6287269553589,24.23805790605992,32.14263633822252,0.0,0.0,0.0,1.0,0.0,0.0,0.001,1,0.0
800,20,high,2,medium,0,731729903,50,38.87694366432664,12.341652272469652,18.788232393154406,0.0,0.0,0.0,1.0,0.0,0.0,0.001,1,0.0
800,20,high,2,medium,1,350136999,50,48.37378985196375,14.688253993170866,18.76081117294594,0.0,0.0,0.0,1.0,0.0,0.0,0.001,1,0.0
800,20,high,2,medium,2,961043126,50,38.49790914689113,12.081883628969516,19.609843017670958,0.0,0.0,0.0,1.0,0.0,0.0,0.001,1,0.0
800,20,high,2,medium,3,1315686857,50,55.170991047506604,13.57519836218636,22.552923440654368,0.0,0.0,0.0,1.0,0.0,0.0,0.001,1,0.0
800,20,high,2,high,0,972832730,50,35.62891949593978,4.943215664201915,9.796206106164723,0.0,0.0,0.0,1.0,0.0,0.0,0.001,1,0.0
800,20,high,2,high,1,133236682,50,45.818993379640304,5.745492877724279,8.368587155059162,0.0,0.0,0.0,1.0,0.0,0.0,0.001,1,0.0
800,20,high,2,high,2,21367140,50,18.058311796234726,6.667551189788515,10.218413310898958,0.0,0.0,0.0,1.0,0.0,0.0,0.001,1,0.0
800,20,high,2,high,3,1187923196,50,33.159495684882025,5.7223163108173,8.8819219383325,0.0,0.0,0.0125,1.0,0.0,0.0,0.001,1,0.0
800,20,high,4,low,0,1741275938,50,16.88842920438819,10.173566466753424,12.615755432903947,0.0,0.0,0.0,1.0,0.0,0.0,0.001,1,0.0
800,20,high,4,low,1,1212427922,50,33.43608618070469,16.337403147497813,23.937919425556892,0.0,0.0,0.0,1.0,0.0,0.0,0.001,1,0.0
800,20,high,4,low,2,107662179,50,8.306455353573202,4.861317807720132,6.118520456118436,0.0,0.0,0.0,1.0,0.06,0.042499999999999996,0.001,1,0.0
800,20,high,4,low,3,959153048,50,20.445323026348873,13.557955837011658,16.590146221477433,0.0,0.0,0.0,1.0,0.0,0.0,0.001,1,0.0
800,20,high,4,medium,0,1353629691,50,20.40049657554112,4.72247100257039,9.585955225684906,0.0,0.0,0.0,1.0,0.0,0.00025,0.001,1,0.0
800,20,high,4,medium,1,2081409980,50,8.720582972302513,2.1735936394872297,4.484443948907523,0.0375,0.075,0.0875,0.9625,0.36,0.12750000000000003,0.0375,1,0.0
800,20,high,4,medium,2,303868429,50,9.69531434265065,3.663148124666226,5.971057937778012,0.0,0.0,0.0125,1.0,0.02,0.00625,0.001,1,0.0
800,20,high,4,medium,3,899805943,50,24.880545630014467,7.6531306788142555,12.60016601991532,0.0,0.0,0.0,1.0,0.0,0.0,0.001,1,0.0
800,20,high,4,high,0,657870099,50,31.069989180186568,3.263851262575589,6.127913570490135,0.0,0.0125,0.0375,1.0,0.0,0.004749999999999999,0.001,1,0.0
800,20,high,4,high,1,786161022,50,21.038177507138073,0.25505834800746147,1.3885817244476935,0.175,0.2625,0.3,0.825,0.88,0.25525000000000003,0.175,1,0.0
800,20,high,4,high,2,1683480517,50,17.43396141062008,4.329617854812084,6.663670945082329,0.0,0.0,0.0,1.0,0.0,0.00025,0.001,1,0.0
800,20,high,4,high,3,1924825952,50,35.714321443232656,3.928660237433051,6.620978940953459,0.0,0.0,0.0125,1.0,0.0,0.0,0.001,1,0.0
800,20,high,8,low,0,905323650,50,20.59007383273472,12.18809394659035,14.434296018503183,0.0,0.0,0.0,1.0,0.0,0.0,0.001,1,0.0
800,20,high,8,low,1,1190481510,50,18.4850885062802,11.083602323781424,14.559033959158487,0.0,0.0,0.0,1.0,0.0,0.0,0.001,1,0.0
800,20,high,8,low,2,1190194052,50,23.081508806927786,13.177708885722284,17.038667673491034,0.0,0.0,0.0,1.0,0.0,0.0,0.001,1,0.0
800,20,high,8,low,3,348169904,50,5.934870427116811,3.07340561266735,3.928485218419468,0.0,0.0,0.0,1.0,0.26,0.1645,0.001,1,0.0
800,20,high,8,medium,0,1431053218,50,11.134498800393942,1.8678027426281185,4.29673573000661,0.0125,0.05,0.1125,0.9875,0.38,0.1315,0.0125,1,0.0
800,20,high,8,medium,1,515520529,50,4.420578699379545,0.9321618713545012,2.399181078100594,0.125,0.15,0.1875,0.875,0.74,0.35625,0.125,1,0.0
800,20,high,8,medium,2,1976680445,50,5.13462328208692,1.3242307147792758,2.0567768667439896,0.025,0.15,0.25,0.975,0.66,0.2845,0.025,1,0.0
800,20,high,8,medium,3,1673237462,50,3.9777233144426773,1.1645907833087459,1.7209182774886858,0.0625,0.2,0.3,0.9375,0.52,0.19899999999999998,0.0625,1,0.0
800,20,high,8,high,0,142390716,50,7.078564287180074,0.2664086098196047,0.8028706003212612,0.2625,0.3375,0.35,0.7375,0.98,0.269,0.2625,1,0.0
800,20,high,8,high,1,820550711,50,6.607675680753729,0.6713526201893835,1.5443616591489804,0.175,0.25,0.325,0.825,0.7,0.193,0.175,1,0.0
800,20,high,8,high,2,1999130804,50,15.139929486454403,0.17448157396190803,1.1748045179173543,0.25,0.3,0.35,0.75,0.94,0.28550000000000003,0.25,1,0.0
800,20,high,8,high,3,1912857487,50,142.73338275959466,5.570636809107003,10.071197735392872,0.0,0.0,0.0,1.0,0.0,0.0,0.001,1,0.0
800,20,extreme,2,low,0,245012709,50,35.23062220678347,23.73713099987768,29.51632619998397,0.0,0.0,0.0,1.0,0.0,0.0,0.001,1,0.0
800,20,extreme,2,low,1,2135653234,50,42.477278839191115,26.476083704713517,34.75575315766852,0.0,0.0,0.0,1.0,0.0,0.0,0.001,1,0.0
800,20,extreme,2,low,2,1928417372,50,43.12837715464228,22.74399304928181,27.839577623663992,0.0,0.0,0.0,1.0,0.0,0.0,0.001,1,0.0
800,20,extreme,2,low,3,1841281634,50,39.31326460437,21.746344504563584,29.401482366424677,0.0,0.0,0.0,1.0,0.0,0.0,0.001,1,0.0
800,20,extreme,2,medium,0,1535478067,50,23.927834060875664,12.39295410444475,15.626605964975234,0.0,0.0,0.0,1.0,0.0,0.0,0.001,1,0.0
800,20,extreme,2,medium,1,1781381927,50,36.74731894967438,13.284592453692646,19.975661014289823,0.0,0.0,0.0,1.0,0.0,0.0,0.001,1,0.0
800,20,extreme,2,medium,2,936898387,50,44.56121562076194,12.88006034685059,19.26385908360566,0.0,0.0,0.0,1.0,0.0,0.0,0.001,1,0.0
800,20,extreme,2,medium,3,1602438051,50,44.484177720523604,12.217083402075534,17.853009516649543,0.0,0.0,0.0,1.0,0.0,0.0,0.001,1,0.0
800,20,extreme,2,high,0,41674824,50,34.43229253679989,6.594731633856017,11.884395439739677,0.0,0.0,0.0,1.0,0.0,0.0,0.001,1,0.0
800,20,extreme,2,high,1,1269552233,50,33.144673344022905,7.940121960865073,11.856278247167364,0.0,0.0,0.0,1.0,0.0,0.0,0.001,1,0.0
800,20,extreme,2,high,2,1784662324,50,41.6582501355072,5.255632188004421,9.748764440236538,0.0,0.0,0.0,1.0,0.0,0.00025,0.001,1,0.0
800,20,extreme,2,high,3,325428000,50,29.80541643744253,6.016284406548845,9.121926765837626,0.0,0.0,0.0,1.0,0.0,0.0,0.001,1,0.0
800,20,extreme,4,low,0,901743148,50,9.405593150000351,4.548459338305507,6.696030070994215,0.0,0.0,0.0,1.0,0.48,0.3617499999999999,0.001,1,0.0
800,20,extreme,4,low,1,593603728,50,28.121930439811003,17.815434647556952,22.790299230948175,0.0,0.0,0.0,1.0,0.0,0.0,0.001,1,0.0
800,20,extreme,4,low,2,587542350,50,5.663393506306128,3.043678081438631,3.906335999791791,0.0,0.0,0.0,1.0,0.44,0.30274999999999996,0.001,1,0.0
800,20,extreme,4,low,3,98492367,50,6.112272039638926,3.4053465106209564,4.220207794879805,0.0,0.0,0.0,1.0,0.34,0.29650000000000004,0.001,1,0.0
800,20,extreme,4,medium,0,466212390,50,17.918898999190535,6.267807235388917,8.650298742476727,0.0,0.0,0.0,1.0,0.04,0.027500000000000004,0.001,1,0.0
800,20,extreme,4,medium,1,514966246,50,24.01663563442939,10.038449416094082,14.658731872842665,0.0,0.0,0.0,1.0,0.02,0.013500000000000002,0.001,1,0.0
800,20,extreme,4,medium,2,110257473,50,9.072123231572995,4.222874726102048,6.052026505230581,0.0,0.0,0.0,1.0,0.22,0.12250000000000001,0.001,1,0.0
800,20,extreme,4,medium,3,1382072429,50,13.303514403652704,3.8595320370980506,6.5137008339129245,0.0,0.0,0.0125,1.0,0.28,0.12775,0.001,1,0.0
800,20,extreme,4,high,0,1990351575,50,45.67407178534541,6.912816109917818,10.91804802349305,0.0,0.0,0.0,1.0,0.0,0.0,0.001,1,0.0
800,20,extreme,4,high,1,1908082803,50,508.8973060457944,4.001481166187573,7.209652801418267,0.0,0.0,0.0125,1.0,0.02,0.007000000000000001,0.001,1,0.0
800,20,extreme,4,high,2,948180257,50,17.679514889392454,3.8366406627179943,5.985582789545203,0.0,0.0125,0.0125,1.0,0.04,0.01625,0.001,1,0.0
800,20,extreme,4,high,3,2060827228,50,15.456280429124064,1.891439714352889,4.265563761958634,0.0625,0.0875,0.1125,0.9375,0.56,0.21425,0.0625,1,0.0
800,20,extreme,8,low,0,1951315864,50,23.982274372070933,13.465065564364991,15.953151097348945,0.0,0.0,0.0,1.0,0.02,0.020499999999999997,0.001,1,0.0
800,20,extreme,8,low,1,1739696586,50,5.299181935980835,2.7432508592945295,3.6549579986547585,0.0,0.0,0.025,1.0,0.82,0.76525,0.001,1,0.0
800,20,extreme,8,low,2,1590437428,50,12.317830837575276,7.150025447777717,9.193856012884158,0.0,0.0,0.0,1.0,0.24,0.19124999999999998,0.001,1,0.0
800,20,extreme,8,low,3,227214847,50,16.818457095692466,10.569024529588566,12.76293475873258,0.0,0.0,0.0,1.0,0.06,0.046,0.001,1,0.0
800,20,extreme,8,medium,0,229958557,50,15.17614774541865,3.6936356041824214,5.678029406616011,0.0,0.0,0.0125,1.0,0.48,0.34624999999999995,0.001,1,0.0
800,20,extreme,8,medium,1,1154164056,50,3.252373071813376,0.8993990832977453,1.68239464480262,0.125,0.225,0.3375,0.875,0.66,0.48125,0.125,1,0.0
800,20,extreme,8,medium,2,312773415,50,14.331286013422663,4.612097456117867,6.8519617243553785,0.0,0.0,0.0,1.0,0.16,0.15125,0.001,1,0.0
800,20,extreme,8,medium,3,2111878669,50,13.09069140643826,4.229066368328556,5.734476173303286,0.0,0.0,0.0125,1.0,0.32,0.22800000000000004,0.001,1,0.0
800,20,extreme,8,high,0,566914317,50,7.833288354362365,1.5544557643719155,2.788589849154792,0.0625,0.1,0.125,0.9375,0.54,0.2415,0.0625,1,0.0
800,20,extreme,8,high,1,1566312957,50,271.7530865169025,2.3651220541027924,4.085909163598372,0.05,0.0875,0.1,0.95,0.46,0.15650000000000003,0.05,1,0.0
800,20,extreme,8,high,2,797201073,50,5.355574725556455,0.14517464941805439,0.8294660458993615,0.3,0.3375,0.3625,0.7,0.92,0.62725,0.3,1,0.0
800,20,extreme,8,high,3,733431104,50,5.879227846348842,0.48089153556522274,1.0981388020589267,0.2125,0.325,0.375,0.7875,0.84,0.4734999999999999,0.2125,1,0.0
800,50,low,2,low,0,453259477,50,15.20524445969125,11.955106557257455,13.127251344056722,0.0,0.0,0.0,1.0,0.0,0.0,0.001,1,0.0
800,50,low,2,low,1,703245362,50,14.890808648259156,11.937640662501034,13.392526664856549,0.0,0.0,0.0,1.0,0.0,0.0,0.001,1,0.0
800,50,low,2,low,2,1855238707,50,14.530530403303937,11.47618619756897,12.737044859154032,0.0,0.0,0.0,1.0,0.0,0.0,0.001,1,0.0
800,50,low,2,low,3,1997637078,50,14.563725345090669,11.645250282231675,12.612732474300824,0.0,0.0,0.0,1.0,0.0,0.0,0.001,1,0.0
800,50,low,2,medium,0,877149347,50,14.169668309289982,6.733450817936923,9.589471943510372,0.0,0.0,0.0,1.0,0.0,0.0,0.001,1,0.0
800,50,low,2,medium,1,205096849,50,15.317597246195646,9.123007590326827,10.57418542293585,0.0,0.0,0.0,1.0,0.0,0.0,0.001,1,0.0
800,50,low,2,medium,2,520528324,50,14.73224296768429,8.183157583418193,10.312541522326113,0.0,0.0,0.0,1.0,0.0,0.0,0.001,1,0.0
800,50,low,2,medium,3,1579081295,50,17.370989727862714,7.8972642736547245,10.996122397305372,0.0,0.0,0.0,1.0,0.0,0.0,0.001,1,0.0
800,50,low,2,high,0,2122711170,50,14.592028520173336,4.7648809564535854,7.847971173082448,0.0,0.0,0.0,1.0,0.0,0.0,0.001,1,0.0
800,50,low,2,high,1,1859860903,50,12.592610249058044,4.977869441835617,8.005312497599569,0.0,0.0,0.0,1.0,0.0,0.0,0.001,1,0.0
800,50,low,2,high,2,1804451918,50,20.675623598033592,5.35539705217571,8.004294240441503,0.0,0.0,0.0,1.0,0.0,0.0,0.001,1,0.0
800,50,low,2,high,3,474205682,50,20.05997746732945,5.576587817332777,8.045207155801965,0.0,0.0,0.0,1.0,0.0,0.0,0.001,1,0.0
800,50,low,4,low,0,1697936400,50,3.8018055401391586,2.9819432064260964,3.325777819882515,0.0,0.0,0.0,1.0,0.0,0.0,0.001,1,0.0
800,50,low,4,low,1,1723939626,50,5.420653202074302,4.410255017644725,4.844425680052545,0.0,0.0,0.0,1.0,0.0,0.0,0.001,1,0.0
800,50,low,4,low,2,1412049994,50,5.509783695031951,4.473409839802915,5.050251762366479,0.0,0.0,0.0,1.0,0.0,0.0,0.001,1,0.0
800,50,low,4,low,3,222713168,50,3.691184613642579,2.937951115350452,3.319049155204912,0.0,0.0,0.0,1.0,0.0,0.0,0.001,1,0.0
800,50,low,4,medium,0,785393801,50,9.419560049263723,5.868095125962329,7.297848716214796,0.0,0.0,0.0,1.0,0.0,0.0,0.001,1,0.0
800,50,low,4,medium,1,1668844534,50,3.6008011143066847,2.122656210524404,2.776440748143487,0.0,0.025,0.075,1.0,0.0,0.0,0.001,1,0.0
800,50,low,4,medium,2,1296827473,50,9.95119989888157,5.221465936461923,6.878304972545782,0.0,0.0,0.0,1.0,0.0,0.0,0.001,1,0.0
800,50,low,4,medium,3,145775817,50,2.000003287380488,0.6061185144686682,0.8975117982318386,0.275,0.425,0.5,0.725,1.0,0.312,0.275,1,0.0
800,50,low,4,high,0,2005253957,50,7.063932342663994,2.5499381530865275,4.212005175948843,0.0,0.0,0.0625,1.0,0.0,0.0,0.001,1,0.0
800,50,low,4,high,1,1612494432,50,2.2123759854021983,0.41069262639785176,0.8493406952994902,0.2875,0.3875,0.4875,0.7125,1.0,0.28625,0.2875,1,0.0
800,50,low,4,high,2,827134546,50,8.422781355155294,2.5793418773683006,4.4270998813598,0.0,0.0375,0.0625,1.0,0.0,0.0,0.001,1,0.0
800,50,low,4,high,3,2023284275,50,4.567388320985183,1.58092432969398,2.6986473170927,0.025,0.1,0.175,0.975,0.06,0.027999999999999997,0.025,1,0.0
800,50,low,8,low,0,406555797,50,1.7947790192496373,1.076960580927592,1.4715777552212943,0.0625,0.2875,0.625,0.9375,0.48,0.08675000000000001,0.0625,1,0.0
800,50,low,8,low,1,68940761,50,1.4722292855171315,0.9329082097800901,1.131765955525169,0.1625,0.5625,0.8375,0.8375,0.7,0.179,0.1625,1,0.0
800,50,low,8,low,2,1355149838,50,5.940273829420077,4.097325983294315,4.948344770476899,0.0,0.0,0.0,1.0,0.0,0.0,0.001,1,0.0
800,50,low,8,low,3,1332499771,50,7.726235503507624,6.194831019951983,6.836022031757309,0.0,0.0,0.0,1.0,0.0,0.0,0.001,1,0.0
800,50,low,8,medium,0,1372964474,50,4.79364202566147,2.5914328248755707,3.456727873813216,0.0,0.0,0.025,1.0,0.0,0.0,0.001,1,0.0
800,50,low,8,medium,1,1560064285,50,9.041922461286266,4.771263396140189,6.596655961520135,0.0,0.0,0.0,1.0,0.0,0.0,0.001,1,0.0
800,50,low,8,medium,2,1052491775,50,10.30298703140425,5.110142174727284,7.07204778947634,0.0,0.0,0.0,1.0,0.0,0.0,0.001,1,0.0
800,50,low,8,medium,3,955170014,50,4.238423143680167,2.1475479551437484,3.03126199148122,0.0125,0.025,0.0875,0.9875,0.0,0.006500000000000001,0.0125,1,0.0
800,50,low,8,high,0,230324884,50,5.343858560096043,2.176649858051226,3.112262466499059,0.0,0.0375,0.0625,1.0,0.0,0.00075,0.001,1,0.0
800,50,low,8,high,1,1510319418,50,6.5462091729182825,1.8308722654863305,2.8630944801154112,0.0375,0.075,0.1125,0.9625,0.0,0.0375,0.0375,1,0.0
800,50,low,8,high,2,11297116,50,3.7931408169912038,0.5214617418093558,1.764063674357161,0.2,0.2375,0.3125,0.8,1.0,0.1995,0.2,1,0.0
800,50,low,8,high,3,2146285086,50,1.3364079087153824,0.13006323356380764,0.33421223983732645,0.35,0.525,0.6,0.65,1.0,0.38575,0.35,1,0.0
800,50,medium,2,low,0,1477892589,50,15.703503675101437,11.809652234888501,13.818266704277384,0.0,0.0,0.0,1.0,0.0,0.0,0.001,1,0.0
800,50,medium,2,low,1,926069266,50,16.324429370546277,12.594050941027202,14.082530648357032,0.0,0.0,0.0,1.0,0.0,0.0,0.001,1,0.0
800,50,medium,2,low,2,1804050236,50,14.636070530363199,11.634964044495584,13.08018663395012,0.0,0.0,0.0,1.0,0.0,0.0,0.001,1,0.0
800,50,medium,2,low,3,1985045587,50,15.201572293267716,12.24821326815892,13.221016249340995,0.0,0.0,0.0,1.0,0.0,0.0,0.001,1,0.0
800,50,medium,2,medium,0,371963674,50,15.055393285168904,8.86198405673653,10.9690573100908,0.0,0.0,0.0,1.0,0.0,0.0,0.001,1,0.0
800,50,medium,2,medium,1,1424238998,50,16.10277785646278,7.617741278233824,10.099923609847417,0.0,0.0,0.0,1.0,0.0,0.0,0.001,1,0.0
800,50,medium,2,medium,2,855573936,50,17.342047836481484,7.914107743731957,11.077530868336066,0.0,0.0,0.0,1.0,0.0,0.0,0.001,1,0.0
800,50,medium,2,medium,3,1760780439,50,16.123918305950596,7.651755819082843,10.340335667165048,0.0,0.0,0.0,1.0,0.0,0.0,0.001,1,0.0
800,50,medium,2,high,0,1520778159,50,16.35195935217985,3.7689468852134502,7.19355005295502,0.0,0.0,0.0,1.0,0.0,0.0,0.001,1,0.0
800,50,medium,2,high,1,23963534,50,15.643428256812507,5.054817700408318,7.643077847715677,0.0,0.0,0.0,1.0,0.0,0.0,0.001,1,0.0
800,50,medium,2,high,2,951921355,50,14.398827641424164,5.677912107685346,9.043674393558183,0.0,0.0,0.0,1.0,0.0,0.0,0.001,1,0.0
800,50,medium,2,high,3,45147965,50,15.053023670785727,5.957288848754753,9.119219540196681,0.0,0.0,0.0,1.0,0.0,0.0,0.001,1,0.0
800,50,medium,4,low,0,1773810546,50,6.114557765296141,4.581761888698744,5.105957503035753,0.0,0.0,0.0,1.0,0.0,0.0,0.001,1,0.0
800,50,medium,4,low,1,1570521000,50,7.3859516798305975,5.505058679858521,6.293627063307213,0.0,0.0,0.0,1.0,0.0,0.0,0.001,1,0.0
800,50,medium,4,low,2,615201547,50,7.718403960669832,6.11390947463423,6.768943306012771,0.0,0.0,0.0,1.0,0.0,0.0,0.001,1,0.0
800,50,medium,4,low,3,1631477417,50,10.89558865755873,8.52706880630741,9.291637711424906,0.0,0.0,0.0,1.0,0.0,0.0,0.001,1,0.0
800,50,medium,4,medium,0,641539077,50,9.528468696677194,5.318695103818843,6.503079994359735,0.0,0.0,0.0,1.0,0.0,0.0,0.001,1,0.0
800,50,medium,4,medium,1,304149259,50,12.454330764189509,6.907464603407908,8.365618395740263,0.0,0.0,0.0,1.0,0.0,0.0,0.001,1,0.0
800,50,medium,4,medium,2,1886451194,50,8.5064344690606,4.111216511290839,5.075362515792439,0.0,0.0,0.0,1.0,0.0,0.0,0.001,1,0.0
800,50,medium,4,medium,3,1427521084,50,6.4267342834024666,3.5935378687556856,4.714813451416587,0.0,0.0,0.0125,1.0,0.0,0.0,0.001,1,0.0
800,50,medium,4,high,0,1460346207,50,1.982867064089732,0.10434322622984364,0.3119577804950221,0.3875,0.45,0.5,0.6125,1.0,0.38775,0.3875,1,0.0
800,50,medium,4,high,1,384768696,50,12.404617221620342,4.159347920787577,6.133046826395197,0.0,0.0,0.0,1.0,0.0,0.0,0.001,1,0.0
800,50,medium,4,high,2,57331813,50,4.411439712150431,1.2817480911594366,2.189699122806714,0.075,0.1375,0.2375,0.925,0.98,0.07925,0.075,1,0.0
800,50,medium,4,high,3,2079837054,50,10.16137596037661,3.004175571170128,4.854599048210418,0.0,0.0125,0.025,1.0,0.0,0.0,0.001,1,0.0
800,50,medium,8,low,0,5665955,50,2.0681589645196237,1.431222073849258,1.7634019791129116,0.0125,0.15,0.4875,0.9875,0.24,0.13174999999999998,0.0125,1,0.0
800,50,medium,8,low,1,1288430799,50,2.4805238565639316,1.8694820817697555,2.181640853858225,0.0,0.0125,0.15,1.0,0.06,0.03475,0.001,1,0.0
800,50,medium,8,low,2,612078907,50,7.368709833158272,6.06422696299445,6.392969860379143,0.0,0.0,0.0,1.0,0.0,0.0,0.001,1,0.0
800,50,medium,8,low,3,2013957287,50,2.778693432507776,2.1614675685821547,2.3975732589044423,0.0,0.0,0.075,1.0,0.06,0.00975,0.001,1,0.0
800,50,medium,8,medium,0,1093401388,50,2.6870513913933216,0.8742475283859613,1.5763835733626816,0.1125,0.2,0.35,0.8875,0.72,0.13725,0.1125,1,0.0
800,50,medium,8,medium,1,1643083067,50,1.471163807401131,0.5086591868710217,0.8224950766505079,0.35,0.5125,0.625,0.65,0.96,0.33249999999999996,0.35,1,0.0
800,50,medium,8,medium,2,1766331936,50,1.7358824570306741,0.4498754270815408,0.9591189821413891,0.2625,0.4125,0.625,0.7375,0.96,0.346,0.2625,1,0.0
800,50,medium,8,medium,3,1974800603,50,4.442176300050781,2.1868164350797117,2.6450645003471953,0.0,0.025,0.0625,1.0,0.02,0.0042499999999999994,0.001,1,0.0
800,50,medium,8,high,0,1144591558,50,4.995476049302422,1.425451373304449,2.6520368679934925,0.0375,0.125,0.2125,0.9625,0.16,0.0435,0.0375,1,0.0
800,50,medium,8,high,1,431983839,50,2.59795143138943,0.25292049479546735,0.6418709327832092,0.35,0.4,0.475,0.65,1.0,0.34349999999999997,0.35,1,0.0
800,50,medium,8,high,2,939376741,50,8.151151405423377,1.0046587936744598,2.603728503598756,0.1,0.1375,0.2,0.9,0.94,0.10575000000000001,0.1,1,0.0
800,50,medium,8,high,3,1083928375,50,3.7022392554239985,0.6421475173163669,1.1989937302053735,0.2,0.2875,0.3625,0.8,1.0,0.192,0.2,1,0.0
800,50,high,2,low,0,1373603557,50,14.857453859134322,10.852551400605769,13.092772535098788,0.0,0.0,0.0,1.0,0.0,0.0,0.001,1,0.0
800,50,high,2,low,1,461977424,50,15.69054162288108,12.6182469759519,14.143560878035908,0.0,0.0,0.0,1.0,0.0,0.0,0.001,1,0.0
800,50,high,2,low,2,1561865652,50,15.897426228946884,12.12790278375652,13.507272375751153,0.0,0.0,0.0,1.0,0.0,0.0,0.001,1,0.0
800,50,high,2,low,3,1199620367,50,14.69988388997493,11.69335768210591,13.152529085027224,0.0,0.0,0.0,1.0,0.0,0.0,0.001,1,0.0
800,50,high,2,medium,0,2124737796,50,14.896836643217672,8.984398295686363,11.161865426616474,0.0,0.0,0.0,1.0,0.0,0.0,0.001,1,0.0
800,50,high,2,medium,1,455020928,50,15.830598212699034,7.923548619624228,10.017521874308647,0.0,0.0,0.0,1.0,0.0,0.0,0.001,1,0.0
800,50,high,2,medium,2,1553270506,50,15.848002739148914,8.442747082308705,11.191457023098968,0.0,0.0,0.0,1.0,0.0,0.0,0.001,1,0.0
800,50,high,2,medium,3,978925874,50,13.592918564919533,8.354320961722276,10.472483044990124,0.0,0.0,0.0,1.0,0.0,0.0,0.001,1,0.0
800,50,high,2,high,0,1616612233,50,18.140095924589517,4.576352235265278,7.94661081266497,0.0,0.0,0.0,1.0,0.0,0.0,0.001,1,0.0
800,50,high,2,high,1,774716889,50,12.986319529107309,4.127674000702823,5.99098874061198,0.0,0.0,0.0,1.0,0.0,0.0,0.001,1,0.0
800,50,high,2,high,2,836244083,50,13.321224303110696,4.543603423755008,6.907897109616376,0.0,0.0,0.0,1.0,0.0,0.0,0.001,1,0.0
800,50,high,2,high,3,1571649766,50,14.62131823284152,5.946394418636589,8.095501009875203,0.0,0.0,0.0,1.0,0.0,0.0,0.001,1,0.0
800,50,high,4,low,0,2136269663,50,15.466625424627464,11.991871015489874,13.566411719506444,0.0,0.0,0.0,1.0,0.0,0.0,0.001,1,0.0
800,50,high,4,low,1,1892087200,50,6.671667522020008,5.357436673262814,5.89245406411329,0.0,0.0,0.0,1.0,0.0,0.0,0.001,1,0.0
800,50,high,4,low,2,1776591979,50,2.4209006811486544,1.7976321614294437,2.086252911865226,0.0,0.0125,0.2125,1.0,0.36,0.2545,0.001,1,0.0
800,50,high,4,low,3,1779088747,50,5.75935774622783,4.234613398317842,4.8150863161717945,0.0,0.0,0.0,1.0,0.04,0.028250000000000004,0.001,1,0.0
800,50,high,4,medium,0,1149144616,50,9.16785447996749,5.260897758327886,7.1667454953820515,0.0,0.0,0.0,1.0,0.0,0.0,0.001,1,0.0
800,50,high,4,medium,1,1486912795,50,2.9409791963386818,1.4872326328036953,1.8332222008436099,0.05,0.1125,0.275,0.95,0.7,0.179,0.05,1,0.0
800,50,high,4,medium,2,822249690,50,8.067115123906131,5.175013639862064,5.922902897210924,0.0,0.0,0.0,1.0,0.0,0.0,0.001,1,0.0
800,50,high,4,medium,3,537624121,50,3.3710556987555096,1.0929979909439227,1.6698976595898651,0.05,0.225,0.3,0.95,0.52,0.22599999999999998,0.05,1,0.0
800,50,high,4,high,0,475606203,50,2.6967712324468898,0.5722607203168086,1.084405966033351,0.2375,0.325,0.4375,0.7625,0.88,0.2885,0.2375,1,0.0
800,50,high,4,high,1,2113957931,50,8.429602116043696,2.880871356912615,4.954245210607424,0.0125,0.0125,0.0125,0.9875,0.02,0.0115,0.0125,1,0.0
800,50,high,4,high,2,2048116460,50,11.737914499425191,3.086329131197091,4.4566916329809505,0.0,0.0,0.025,1.0,0.0,0.00125,0.001,1,0.0
800,50,high,4,high,3,1645745895,50,3.707200643867677,1.1415524169068105,2.080291168494978,0.0875,0.15,0.2375,0.9125,0.64,0.12175,0.0875,1,0.0
800,50,high,8,low,0,1044858972,50,5.281760421100598,3.919593440673896,4.4268134485603134,0.0,0.0,0.0,1.0,0.0,0.0,0.001,1,0.0
800,50,high,8,low,1,923743632,50,1.7107626799434974,1.2343702814468187,1.3848868651322273,0.0375,0.3375,0.6375,0.9625,0.4,0.28075,0.0375,1,0.0
800,50,high,8,low,2,403447339,50,1.490860187891489,1.04377517049289,1.1842817089825792,0.075,0.5125,0.8125,0.925,0.72,0.55025,0.075,1,0.0
800,50,high,8,low,3,1684469320,50,7.791821612912264,6.0163075323298685,6.555931689253373,0.0,0.0,0.0,1.0,0.0,0.0,0.001,1,0.0
800,50,high,8,medium,0,2075602392,50,3.5115533491682474,1.499320471348882,2.200101839939168,0.0,0.1,0.225,1.0,0.44,0.13075,0.001,1,0.0
800,50,high,8,medium,1,1492836786,50,3.1408155692116035,1.2877528141935801,1.5742975017700145,0.0625,0.2125,0.325,0.9375,0.76,0.251,0.0625,1,0.0
800,50,high,8,medium,2,651418651,50,1.6078147908479126,0.5097444412075336,0.9087806380304847,0.2875,0.45,0.6,0.7125,0.82,0.43725,0.2875,1,0.0
800,50,high,8,medium,3,2053992764,50,1.6926829059245223,0.5243188468585633,0.8403839774396151,0.2875,0.4375,0.55,0.7125,0.88,0.5389999999999999,0.2875,1,0.0
800,50,high,8,high,0,1790233142,50,7.467589581367572,1.6820463653451625,3.0743012836160926,0.025,0.0875,0.125,0.975,0.48,0.06975,0.025,1,0.0
800,50,high,8,high,1,1978926769,50,4.8841124026211435,1.0416546505046274,1.874104823934204,0.1,0.2,0.3,0.9,0.82,0.1835,0.1,1,0.0
800,50,high,8,high,2,545076649,50,2.3216563997218027,0.48250559075334426,0.9656555271664327,0.2875,0.3875,0.45,0.7125,0.88,0.31975,0.2875,1,0.0
800,50,high,8,high,3,1106154885,50,4.939132963279711,1.4137531164830621,2.104487728521169,0.0625,0.125,0.2375,0.9375,0.64,0.10175000000000001,0.0625,1,0.0
800,50,extreme,2,low,0,1078708551,50,15.658016604917862,12.15861815176463,13.35469477789383,0.0,0.0,0.0,1.0,0.0,0.0,0.001,1,0.0
800,50,extreme,2,low,1,1833418295,50,14.80487940567587,11.720788240174421,13.549295350131759,0.0,0.0,0.0,1.0,0.0,0.0,0.001,1,0.0
800,50,extreme,2,low,2,1329896565,50,15.075598478461043,12.219324755623509,13.679030469200452,0.0,0.0,0.0,1.0,0.0,0.0,0.001,1,0.0
800,50,extreme,2,low,3,1375450252,50,15.583254536869628,12.134098364542831,13.020861764428002,0.0,0.0,0.0,1.0,0.0,0.0,0.001,1,0.0
800,50,extreme,2,medium,0,1484316826,50,14.901488543829847,8.335919522656196,10.013852347225356,0.0,0.0,0.0,1.0,0.0,0.0,0.001,1,0.0
800,50,extreme,2,medium,1,847106387,50,13.584380783087266,8.745444647090633,9.805845670649779,0.0,0.0,0.0,1.0,0.0,0.0,0.001,1,0.0
800,50,extreme,2,medium,2,1829920811,50,15.037501451726609,8.18641282386362,10.863528490508113,0.0,0.0,0.0,1.0,0.0,0.0,0.001,1,0.0
800,50,extreme,2,medium,3,1830820837,50,15.539489373911508,8.171475385703214,10.518019505958877,0.0,0.0,0.0,1.0,0.0,0.0,0.001,1,0.0
800,50,extreme,2,high,0,356153253,50,14.25744013848206,4.357551489654953,6.3046911727508155,0.0,0.0,0.0,1.0,0.02,0.0025,0.001,1,0.0
800,50,extreme,2,high,1,526183195,50,19.504905400072623,5.7707867623163995,8.739929810581014,0.0,0.0,0.0,1.0,0.0,0.0,0.001,1,0.0
800,50,extreme,2,high,2,1734740762,50,13.26747340367231,4.971597715674219,6.683752377534577,0.0,0.0,0.0,1.0,0.02,0.0025,0.001,1,0.0
800,50,extreme,2,high,3,389190029,50,23.44148240256926,5.299357182387948,11.018839834798003,0.0,0.0,0.0,1.0,0.0,0.0,0.001,1,0.0
800,50,extreme,4,low,0,1799688446,50,13.519299647219206,11.497097934972873,12.316560922667302,0.0,0.0,0.0,1.0,0.0,0.0,0.001,1,0.0
800,50,extreme,4,low,1,1654828080,50,7.553108672433542,5.500911896180423,6.222243197210241,0.0,0.0,0.0,1.0,0.02,0.015250000000000003,0.001,1,0.0
800,50,extreme,4,low,2,686779357,50,10.543963017956212,7.953152564116098,8.628608541344178,0.0,0.0,0.0,1.0,0.0,0.0,0.001,1,0.0
800,50,extreme,4,low,3,1549511885,50,12.115465709611478,9.184400392227777,10.835784599248552,0.0,0.0,0.0,1.0,0.0,0.0,0.001,1,0.0
800,50,extreme,4,medium,0,831462729,50,1.6738886838949814,0.5860290642181288,0.9582033427080734,0.2625,0.4625,0.6,0.7375,0.72,0.53575,0.2625,1,0.0
800,50,extreme,4,medium,1,1537427219,50,8.462194804062783,3.8652054962875027,5.111773507017945,0.0,0.0,0.0,1.0,0.18,0.06700000000000002,0.001,1,0.0
800,50,extreme,4,medium,2,290580469,50,11.959539364134582,6.291773537571244,8.576964087988177,0.0,0.0,0.0,1.0,0.0,0.0,0.001,1,0.0
800,50,extreme,4,medium,3,1826671778,50,9.290120543273375,4.278449005063055,5.844390625099333,0.0,0.0,0.0,1.0,0.04,0.03825,0.001,1,0.0
800,50,extreme,4,high,0,1226902841,50,40.850035357955036,6.371740918158939,9.758654581810976,0.0,0.0,0.0,1.0,0.0,0.0,0.001,1,0.0
800,50,extreme,4,high,1,1023123024,50,15.971717327741114,4.778914193371254,6.648216709288738,0.0,0.0,0.0,1.0,0.0,0.0,0.001,1,0.0
800,50,extreme,4,high,2,2034757499,50,3.0486800169927237,0.6904264397350408,1.0435078917220593,0.225,0.325,0.375,0.775,0.82,0.3742500000000001,0.225,1,0.0
800,50,extreme,4,high,3,149852924,50,13.861323124497426,3.4232091968704186,4.692285568878831,0.0,0.0,0.0,1.0,0.04,0.0045,0.001,1,0.0
800,50,extreme,8,low,0,1561804653,50,9.867285928051857,7.427699384836899,8.481788169681689,0.0,0.0,0.0,1.0,0.04,0.02325,0.001,1,0.0
800,50,extreme,8,low,1,225208216,50,4.5520211908567365,3.598627693881203,3.926001294477835,0.0,0.0,0.0,1.0,0.34,0.27725,0.001,1,0.0
800,50,extreme,8,low,2,2018127163,50,5.017268620759321,3.8609493276930196,4.254080521063286,0.0,0.0,0.0,1.0,0.24,0.19349999999999995,0.001,1,0.0
800,50,extreme,8,low,3,1421071780,50,5.067579572860955,3.8610148680892937,4.418180596753658,0.0,0.0,0.0,1.0,0.24,0.22074999999999995,0.001,1,0.0
800,50,extreme,8,medium,0,1275689379,50,1.9432106217446163,0.705738445430468,0.9111682502365988,0.275,0.4125,0.5125,0.725,0.6,0.376,0.275,1,0.0
800,50,extreme,8,medium,1,806481159,50,2.8905417604527295,1.3706075934331416,1.8706380418445345,0.025,0.125,0.2625,0.975,0.64,0.41774999999999995,0.025,1,0.0
800,50,extreme,8,medium,2,1104079217,50,4.419452685530857,2.4416431894203603,3.443667278508477,0.0,0.0,0.0125,1.0,0.42,0.23025,0.001,1,0.0
800,50,extreme,8,medium,3,1170928811,50,2.5298060339828936,1.1461609653528,1.5419423307160598,0.0875,0.25,0.3875,0.9125,0.6,0.38125,0.0875,1,0.0
800,50,extreme,8,high,0,2031712973,50,4.081419397179793,1.0063537739241155,1.690824713212128,0.1,0.1875,0.3,0.9,0.76,0.36175000000000007,0.1,1,0.0
800,50,extreme,8,high,1,1738470251,50,4.100899547536281,0.6064370489812392,1.420338501253574,0.175,0.2625,0.3625,0.825,0.78,0.34625000000000006,0.175,1,0.0
800,50,extreme,8,high,2,1438015606,50,7.9187824815665255,1.8004812580668936,3.0276652542437255,0.0375,0.075,0.1875,0.9625,0.34,0.11925000000000001,0.0375,1,0.0
800,50,extreme,8,high,3,347041532,50,1.0623286053224084,0.05580690725880595,0.21715017500363637,0.4875,0.55,0.65,0.5125,1.0,0.616,0.4875,1,0.0
800,100,low,2,low,0,1460534290,50,7.056837329371179,5.983545907064774,6.535061731700453,0.0,0.0,0.0,1.0,0.0,0.0,0.001,1,0.0
800,100,low,2,low,1,653762833,50,7.0105413708146,6.142088111513748,6.457711542432523,0.0,0.0,0.0,1.0,0.0,0.0,0.001,1,0.0
800,100,low,2,low,2,1782315330,50,7.2743523127985315,6.357351309076384,6.741325239390963,0.0,0.0,0.0,1.0,0.0,0.0,0.001,1,0.0
800,100,low,2,low,3,75036632,50,6.951389767508859,6.038371489739423,6.545742957878399,0.0,0.0,0.0,1.0,0.0,0.0,0.001,1,0.0
800,100,low,2,medium,0,328735834,50,6.590318276756893,4.551561328667626,5.296325291669908,0.0,0.0,0.0,1.0,0.0,0.0,0.001,1,0.0
800,100,low,2,medium,1,1124466215,50,7.122618456262954,4.644454443093684,5.615170967326701,0.0,0.0,0.0,1.0,0.0,0.0,0.001,1,0.0
800,100,low,2,medium,2,90379902,50,6.969254447913389,4.7620766511190045,5.7119475651180895,0.0,0.0,0.0,1.0,0.0,0.0,0.001,1,0.0
800,100,low,2,medium,3,1808173506,50,6.409531194141065,5.009709507043579,5.65324540011725,0.0,0.0,0.0,1.0,0.0,0.0,0.001,1,0.0
800,100,low,2,high,0,1549576663,50,7.989481006236035,3.3395373022422836,5.44922249733041,0.0,0.0,0.0125,1.0,0.0,0.0,0.001,1,0.0
800,100,low,2,high,1,717774400,50,8.395785656271768,3.511362672998212,4.916714783135604,0.0,0.0,0.0125,1.0,0.0,0.0,0.001,1,0.0
800,100,low,2,high,2,66484788,50,6.8525585506206514,3.4358293124959323,4.521275522945548,0.0,0.0,0.0,1.0,0.0,0.0,0.001,1,0.0
800,100,low,2,high,3,667407632,50,7.340907059137873,3.1917111477467,4.846163369190297,0.0,0.0,0.0125,1.0,0.0,0.0,0.001,1,0.0
800,100,low,4,low,0,324596120,50,0.7306032814162359,0.4901064856955004,0.5867628067989467,0.9375,1.0,1.0,0.0625,1.0,0.9077500000000001,0.9375,2,0.0
800,100,low,4,low,1,372671188,50,1.2780944945482915,0.9828713257564426,1.0747452818918808,0.1375,0.8375,1.0,0.8625,0.76,0.18525,0.1375,1,0.0
800,100,low,4,low,2,497150233,50,1.1454570056428546,0.8963136676387038,1.008414819193697,0.25,0.95,0.9875,0.75,0.76,0.24074999999999996,0.25,1,0.0
800,100,low,4,low,3,914617431,50,4.369811149779151,3.756328588342785,3.954546761443076,0.0,0.0,0.0,1.0,0.0,0.0,0.001,1,0.0
800,100,low,4,medium,0,2143053498,50,1.231421851166307,0.8207458327660313,0.9737291122314045,0.2625,0.65,0.75,0.7375,1.0,0.25625,0.2625,1,0.0
800,100,low,4,medium,1,104403713,50,6.337945907586365,3.9479574477975947,4.640364537393331,0.0,0.0,0.0,1.0,0.0,0.0,0.001,1,0.0
800,100,low,4,medium,2,1270753289,50,0.995795427813745,0.5040690425119968,0.7000132060447937,0.5125,0.7375,0.925,0.4875,1.0,0.48949999999999994,0.5125,2,0.0
800,100,low,4,medium,3,83103890,50,5.158468749748197,3.65725968726228,4.018126493084239,0.0,0.0,0.0,1.0,0.0,0.0,0.001,1,0.0
800,100,low,4,high,0,1445844330,50,5.212603701020536,1.8602847267608549,3.135398172424889,0.0125,0.0625,0.1125,0.9875,0.0,0.016999999999999998,0.0125,1,0.0
800,100,low,4,high,1,921986164,50,0.8748333000089119,0.10050866637926202,0.24065563355209485,0.55,0.65,0.7,0.45,1.0,0.5389999999999999,0.55,2,0.0
800,100,low,4,high,2,1802057998,50,1.061793757548563,0.13851853382647675,0.3688903403787197,0.4625,0.5625,0.625,0.5375,1.0,0.50175,0.4625,1,0.0
800,100,low,4,high,3,724235726,50,1.7687583654389312,0.8585682721006797,1.268582396580538,0.15,0.3375,0.5125,0.85,1.0,0.15475,0.15,1,0.0
800,100,low,8,low,0,1199250695,50,2.375936396570471,1.856295078757789,2.155825824204624,0.0,0.0,0.15,1.0,0.0,0.0,0.001,1,0.0
800,100,low,8,low,1,1140435499,50,0.6563721300210541,0.48421477465916646,0.5489403944494303,0.95,1.0,1.0,0.05,1.0,0.8859999999999999,0.95,2,0.0
800,100,low,8,low,2,1848619935,50,1.2825163616108821,0.9917979606463116,1.1043002873676722,0.1125,0.825,1.0,0.8875,0.92,0.18525000000000003,0.1125,1,0.0
800,100,low,8,low,3,651087283,50,0.9708517916926627,0.7508001218058087,0.8498341020597706,0.575,0.9875,1.0,0.425,1.0,0.5605,0.575,2,0.0
800,100,low,8,medium,0,2121685934,50,3.432497055079761,2.1430351522291473,2.805025978473279,0.0,0.0,0.0625,1.0,0.0,0.0,0.001,1,0.0
800,100,low,8,medium,1,1199177179,50,0.4108473208226723,0.0729910263444501,0.1456869532405905,0.7875,0.9,0.9375,0.2125,1.0,0.7797499999999999,0.7875,2,0.0
800,100,low,8,medium,2,1742488591,50,1.6153134477394813,0.8700420053588035,1.1220571764122351,0.175,0.4625,0.6625,0.825,0.98,0.18825,0.175,1,0.0
800,100,low,8,medium,3,2067916351,50,1.0843631307350352,0.5663338970498628,0.853835694007988,0.4375,0.6875,0.8875,0.5625,1.0,0.417,0.4375,1,0.0
800,100,low,8,high,0,627907475,50,3.2131591830406165,1.5447763569805844,2.0206880006526267,0.0375,0.075,0.25,0.9625,0.44,0.04475,0.0375,1,0.0
800,100,low,8,high,1,983027764,50,0.36179432812636503,0.07643088616652968,0.21539646817818925,0.725,0.875,0.875,0.275,1.0,0.722,0.725,2,0.0
800,100,low,8,high,2,744402895,50,0.42540991686310786,0.05360578099528611,0.11900584411340517,0.725,0.75,0.8,0.275,1.0,0.7032499999999999,0.725,2,0.0
800,100,low,8,high,3,1525072637,50,0.7246507378368849,0.07398668544638382,0.21338093271146794,0.55,0.6125,0.65,0.45,1.0,0.5574999999999999,0.55,2,0.0
800,100,medium,2,low,0,1476315270,50,7.152819693715379,6.141288141878986,6.56625486543056,0.0,0.0,0.0,1.0,0.0,0.0,0.001,1,0.0
800,100,medium,2,low,1,1062532304,50,6.965619741936439,6.001911683127579,6.50425416328457,0.0,0.0,0.0,1.0,0.0,0.0,0.001,1,0.0
800,100,medium,2,low,2,880024748,50,7.115520679906668,6.138356749694958,6.642032787583422,0.0,0.0,0.0,1.0,0.0,0.0,0.001,1,0.0
800,100,medium,2,low,3,2103246770,50,7.008002091237921,6.1922334878304435,6.567843049189928,0.0,0.0,0.0,1.0,0.0,0.0,0.001,1,0.0
800,100,medium,2,medium,0,1710227038,50,7.115760986261195,4.799598392436171,5.922176540082564,0.0,0.0,0.0,1.0,0.0,0.0,0.001,1,0.0
800,100,medium,2,medium,1,1652864076,50,6.533375139233984,4.5857301691979435,5.404920996033317,0.0,0.0,0.0,1.0,0.0,0.0,0.001,1,0.0
800,100,medium,2,medium,2,191176664,50,7.338893965868049,5.148919020461877,5.871477041655119,0.0,0.0,0.0,1.0,0.0,0.0,0.001,1,0.0
800,100,medium,2,medium,3,1531837977,50,6.614420899551588,4.693737947059062,5.601393214461035,0.0,0.0,0.0,1.0,0.0,0.0,0.001,1,0.0
800,100,medium,2,high,0,726073659,50,6.514386317207555,3.642277185898564,4.376450335115966,0.0,0.0,0.0125,1.0,0.0,0.0,0.001,1,0.0
800,100,medium,2,high,1,581450911,50,5.948163187436862,3.3678828974069055,4.629455724139642,0.0,0.0,0.0,1.0,0.0,0.0,0.001,1,0.0
800,100,medium,2,high,2,629125180,50,5.963408189460727,2.828985475137395,3.579926963756768,0.0,0.0125,0.0125,1.0,0.0,0.0,0.001,1,0.0
800,100,medium,2,high,3,629448576,50,6.6507383486547065,3.4462059816026436,4.2391848148035605,0.0,0.0,0.0,1.0,0.0,0.0,0.001,1,0.0
800,100,medium,4,low,0,1644790093,50,7.249097907835903,6.090966756850869,6.626876349395774,0.0,0.0,0.0,1.0,0.0,0.0,0.001,1,0.0
800,100,medium,4,low,1,1010952758,50,1.0472248980235932,0.8607839882734383,0.9389138751493379,0.3875,0.9875,1.0,0.6125,0.72,0.36225000000000007,0.3875,1,0.0
800,100,medium,4,low,2,1487709207,50,2.066520866828987,1.7185803757676443,1.8747488340532856,0.0,0.0125,0.4125,1.0,0.0,0.0,0.001,1,0.0
800,100,medium,4,low,3,1936671940,50,1.9891487728914443,1.7170447155733408,1.8266393425955785,0.0,0.0,0.5375,1.0,0.02,0.003,0.001,1,0.0
800,100,medium,4,medium,0,1780588592,50,0.27896151006351233,0.0678519602207345,0.14839712807516578,0.9125,0.9625,0.975,0.0875,1.0,0.86025,0.9125,2,0.0
800,100,medium,4,medium,1,520540511,50,2.672194013341911,1.5380277373041644,2.175269654668293,0.0,0.0875,0.175,1.0,0.02,0.013500000000000002,0.001,1,0.0
800,100,medium,4,medium,2,189162939,50,2.5960785293103954,1.6354766626422725,2.015046484573144,0.0,0.075,0.25,1.0,0.04,0.018,0.001,1,0.0
800,100,medium,4,medium,3,1585056443,50,1.5186697536437723,0.8262513391065139,1.1497049309043827,0.2,0.475,0.775,0.8,0.86,0.18675,0.2,1,0.0
800,100,medium,4,high,0,1563221665,50,4.205081487777032,1.8620432168702081,2.672246757240036,0.0125,0.05,0.125,0.9875,0.02,0.015,0.0125,1,0.0
800,100,medium,4,high,1,337130476,50,6.591308269498333,3.335318321564943,4.738069124111982,0.0,0.0,0.0,1.0,0.0,0.0,0.001,1,0.0
800,100,medium,4,high,2,1390860807,50,3.0600519679390823,1.063718646475902,1.523304298272408,0.075,0.25,0.325,0.925,0.76,0.10775000000000001,0.075,1,0.0
800,100,medium,4,high,3,1243597702,50,0.49275864655895435,0.08201153501840588,0.18893634074879795,0.675,0.7125,0.75,0.325,1.0,0.65425,0.675,2,0.0
800,100,medium,8,low,0,414260498,50,1.4849153589750577,1.2331641779787346,1.3628141528214597,0.0,0.5125,0.925,1.0,0.36,0.138,0.001,1,0.0
800,100,medium,8,low,1,770580837,50,2.157314537345895,1.8301039152488867,1.9625567079839368,0.0,0.0,0.275,1.0,0.0,0.00025,0.001,1,0.0
800,100,medium,8,low,2,1165051537,50,1.6053091878363437,1.301112483362469,1.389790560896707,0.0,0.3875,0.8875,1.0,0.26,0.1145,0.001,1,0.0
800,100,medium,8,low,3,1720066398,50,0.3092440051647901,0.15264476725716394,0.22134916080051562,1.0,1.0,1.0,0.0,1.0,0.9514999999999999,1.0,2,0.0
800,100,medium,8,medium,0,1082618540,50,1.2197625666282201,0.45601325426906597,0.8094214175787884,0.35,0.6375,0.775,0.65,1.0,0.399,0.35,1,0.0
800,100,medium,8,medium,1,88980841,50,1.406830833440695,0.8311989291195637,1.0497628588580004,0.225,0.55,0.775,0.775,0.62,0.20975000000000002,0.225,1,0.0
800,100,medium,8,medium,2,1704902667,50,2.309962601604684,1.600607592429484,2.003995300161031,0.0,0.0625,0.25,1.0,0.02,0.004,0.001,1,0.0
800,100,medium,8,medium,3,878769363,50,1.071154183296375,0.5019917715415738,0.7260933510760602,0.4875,0.675,0.8375,0.5125,0.98,0.46849999999999997,0.4875,1,0.0
800,100,medium,8,high,0,1533409679,50,1.0983049142941752,0.1896571118943687,0.41027755908115743,0.475,0.575,0.7125,0.525,1.0,0.50675,0.475,1,0.0
800,100,medium,8,high,1,318805520,50,0.704718210199907,0.09263436778593268,0.287052506000684,0.575,0.675,0.7375,0.425,1.0,0.5744999999999999,0.575,2,0.0
800,100,medium,8,high,2,763327506,50,1.8174846888907914,0.45020139535086984,0.8585611757618659,0.3375,0.45,0.575,0.6625,1.0,0.3185,0.3375,1,0.0
800,100,medium,8,high,3,861636411,50,1.1536453633335606,0.035758681702619394,0.17061988025807223,0.4875,0.6,0.625,0.5125,1.0,0.5025,0.4875,1,0.0
800,100,high,2,low,0,1367914356,50,6.927520153509872,6.152661685881306,6.45639196125657,0.0,0.0,0.0,1.0,0.0,0.0,0.001,1,0.0
800,100,high,2,low,1,1122300832,50,6.810461516886663,6.113487542660165,6.355118125504081,0.0,0.0,0.0,1.0,0.0,0.0,0.001,1,0.0
800,100,high,2,low,2,1166938324,50,7.012653480349218,6.1190620249993835,6.518386757407254,0.0,0.0,0.0,1.0,0.0,0.0,0.001,1,0.0
800,100,high,2,low,3,815999424,50,7.137401769722571,6.225238289263784,6.614945396833265,0.0,0.0,0.0,1.0,0.0,0.0,0.001,1,0.0
800,100,high,2,medium,0,379334906,50,6.949648853505499,4.706131308148916,5.427166297622948,0.0,0.0,0.0,1.0,0.0,0.0,0.001,1,0.0
800,100,high,2,medium,1,262401097,50,6.321570653927206,4.825477958512748,5.6802180638419895,0.0,0.0,0.0,1.0,0.0,0.0,0.001,1,0.0
800,100,high,2,medium,2,179255583,50,6.763756793505647,4.973868991256418,5.827133556764215,0.0,0.0,0.0,1.0,0.0,0.0,0.001,1,0.0
800,100,high,2,medium,3,15710882,50,7.187442834170741,4.973410949287804,5.808221500844328,0.0,0.0,0.0,1.0,0.0,0.0,0.001,1,0.0
800,100,high,2,high,0,1509518626,50,7.297941401798758,2.846767774554125,3.953293345286555,0.0,0.0,0.0,1.0,0.0,0.0,0.001,1,0.0
800,100,high,2,high,1,1380574715,50,5.4713013689709875,2.9024257076405395,3.8948750728228605,0.0,0.0,0.0125,1.0,0.0,0.0,0.001,1,0.0
800,100,high,2,high,2,936638144,50,7.077326443499844,3.200422465237436,4.391065096188364,0.0,0.0125,0.025,1.0,0.0,0.0015,0.001,1,0.0
800,100,high,2,high,3,1959645696,50,6.553536753605374,3.053070930812083,4.393163514630315,0.0,0.0,0.0125,1.0,0.0,0.0,0.001,1,0.0
800,100,high,4,low,0,100896629,50,6.934129458923295,6.172371786580909,6.46387162205058,0.0,0.0,0.0,1.0,0.0,0.0,0.001,1,0.0
800,100,high,4,low,1,1472505955,50,6.743729745148879,6.0166835977134046,6.335309302040766,0.0,0.0,0.0,1.0,0.0,0.0,0.001,1,0.0
800,100,high,4,low,2,2096831569,50,0.6547178301188338,0.5151301545865842,0.5619642795591029,0.9625,1.0,1.0,0.0375,0.84,0.693,0.9625,2,0.0
800,100,high,4,low,3,95718990,50,4.157444851356124,3.6699572872633204,3.8360315208833304,0.0,0.0,0.0,1.0,0.0,0.0,0.001,1,0.0
800,100,high,4,medium,0,463157817,50,5.224794788674373,3.788919319831296,4.193413097631212,0.0,0.0,0.0,1.0,0.0,0.0,0.001,1,0.0
800,100,high,4,medium,1,1967722816,50,3.4648077364072276,2.407464327918232,2.7648406140003976,0.0,0.0,0.025,1.0,0.04,0.0045,0.001,1,0.0
800,100,high,4,medium,2,1968764250,50,2.9845784930002557,1.8552052915401738,2.2066747971705754,0.0,0.0,0.2125,1.0,0.06,0.02325,0.001,1,0.0
800,100,high,4,medium,3,489625098,50,6.8625756786498915,4.845812302982183,5.485449837158351,0.0,0.0,0.0,1.0,0.0,0.0,0.001,1,0.0
800,100,high,4,high,0,307209357,50,5.342184092483932,2.3801135939263403,3.8640362993151167,0.0,0.0,0.05,1.0,0.0,0.0015,0.001,1,0.0
800,100,high,4,high,1,69630526,50,3.201123535213055,1.2282234312165796,2.2930449790775187,0.025,0.1625,0.2125,0.975,0.46,0.09949999999999999,0.025,1,0.0
800,100,high,4,high,2,1345604475,50,4.3964249026170625,2.4432069150729725,3.2432698031411875,0.0,0.0375,0.0625,1.0,0.0,0.003,0.001,1,0.0
800,100,high,4,high,3,1970468171,50,2.7297228571579706,1.0004765024174795,1.5764952650601742,0.1,0.2125,0.3625,0.9,0.78,0.12125,0.1,1,0.0
800,100,high,8,low,0,1528516151,50,0.3094299962272007,0.12115829717445754,0.22066847716794122,1.0,1.0,1.0,0.0,0.94,0.8385,1.0,2,0.0
800,100,high,8,low,1,260573838,50,0.5945013511868744,0.39635420782691394,0.47364662270890806,0.9625,1.0,1.0,0.0375,0.86,0.7344999999999999,0.9625,2,0.0
800,100,high,8,low,2,1321302557,50,0.2217058965899816,0.09494671711350013,0.147483181590296,1.0,1.0,1.0,0.0,0.9,0.7977500000000001,1.0,2,0.0
800,100,high,8,low,3,2021302357,50,0.9589394005401792,0.7143841956627023,0.8132034609664495,0.6375,0.975,1.0,0.3625,0.54,0.3625,0.6375,2,0.0
800,100,high,8,medium,0,413870156,50,0.9850718477178109,0.28224256416524784,0.45691223479591625,0.5125,0.7125,0.8125,0.4875,0.98,0.5082500000000001,0.5125,2,0.0
800,100,high,8,medium,1,1368358750,50,1.3856411431508733,0.8026542080802269,1.0210259441950362,0.2375,0.575,0.75,0.7625,0.56,0.30774999999999997,0.2375,1,0.0
800,100,high,8,medium,2,637349070,50,2.036249839088593,1.0699181803989377,1.5028647041088607,0.1,0.25,0.4875,0.9,0.7,0.26725,0.1,1,0.0
800,100,high,8,medium,3,1114951876,50,0.5901594579064591,0.1561723500116024,0.2728414194919523,0.7,0.8625,0.925,0.3,0.96,0.67825,0.7,2,0.0
800,100,high,8,high,0,420119551,50,0.5601500056170319,0.06440170955324385,0.1392648003740677,0.6625,0.7375,0.75,0.3375,1.0,0.656,0.6625,2,0.0
800,100,high,8,high,1,912645194,50,1.8208516997036055,0.6547275611184233,1.0721468270070855,0.1875,0.3625,0.5375,0.8125,0.84,0.22549999999999998,0.1875,1,0.0
800,100,high,8,high,2,1909091734,50,0.6031671032210928,0.1076255660861073,0.28041068677836944,0.6125,0.725,0.825,0.3875,1.0,0.6199999999999999,0.6125,2,0.0
800,100,high,8,high,3,2005635237,50,1.6637550258880367,0.360628487658402,0.8256690906146256,0.3,0.425,0.55,0.7,1.0,0.36425,0.3,1,0.0
800,100,extreme,2,low,0,346294036,50,7.04233269473141,6.1716821845824885,6.481352784474634,0.0,0.0,0.0,1.0,0.0,0.0,0.001,1,0.0
800,100,extreme,2,low,1,1537484797,50,6.859690697998876,6.1637043833983896,6.414573970764179,0.0,0.0,0.0,1.0,0.0,0.0,0.001,1,0.0
800,100,extreme,2,low,2,1747377565,50,6.891032683416896,6.224031998047147,6.56239815249678,0.0,0.0,0.0,1.0,0.0,0.0,0.001,1,0.0
800,100,extreme,2,low,3,812769575,50,7.158160410628788,6.130353475672983,6.515331555701416,0.0,0.0,0.0,1.0,0.0,0.0,0.001,1,0.0
800,100,extreme,2,medium,0,797719528,50,7.274690429332023,5.108578517374434,5.914869919975781,0.0,0.0,0.0,1.0,0.0,0.0,0.001,1,0.0
800,100,extreme,2,medium,1,705285064,50,6.603485399434415,4.7937028701808675,5.710444144929597,0.0,0.0,0.0,1.0,0.0,0.0,0.001,1,0.0
800,100,extreme,2,medium,2,1629219679,50,6.828993893106353,4.758172829937067,5.594384996273279,0.0,0.0,0.0,1.0,0.0,0.0,0.001,1,0.0
800,100,extreme,2,medium,3,126718068,50,7.374623588344157,4.782842379578081,5.933169261236635,0.0,0.0,0.0,1.0,0.0,0.0,0.001,1,0.0
800,100,extreme,2,high,0,153401400,50,6.706236555624541,2.8506864444487863,4.238097678633404,0.0,0.0,0.0,1.0,0.0,0.002,0.001,1,0.0
800,100,extreme,2,high,1,1491078267,50,6.473442497673581,2.9073322253242626,4.461009878736061,0.0,0.0,0.0,1.0,0.02,0.005,0.001,1,0.0
800,100,extreme,2,high,2,2076758060,50,7.407638798567925,3.1617634281497042,4.079251371027096,0.0,0.0,0.0,1.0,0.0,0.0017499999999999998,0.001,1,0.0
800,100,extreme,2,high,3,1939725317,50,7.937741467297636,3.7926405739096123,5.399168198583336,0.0,0.0,0.0,1.0,0.0,0.001,0.001,1,0.0
800,100,extreme,4,low,0,494868964,50,1.3720622522673664,1.106028166626403,1.2103811102975468,0.025,0.775,1.0,0.975,0.5,0.42575,0.025,1,0.0
800,100,extreme,4,low,1,430937213,50,1.698328682333741,1.355115088687395,1.5263552938927099,0.0,0.225,0.825,1.0,0.54,0.5077499999999999,0.001,1,0.0
800,100,extreme,4,low,2,702478299,50,0.6888724414597007,0.49666793901189865,0.5634884669581719,0.9875,1.0,1.0,0.0125,0.56,0.5015,0.9875,2,0.0
800,100,extreme,4,low,3,831956157,50,1.7501659587730583,1.489326787492893,1.551741558123545,0.0,0.125,0.8125,1.0,0.46,0.38249999999999995,0.001,1,0.0
800,100,extreme,4,medium,0,1395528679,50,2.5878555269946144,1.8669651305719153,2.275795979229022,0.0,0.0125,0.1375,1.0,0.34,0.23775000000000004,0.001,1,0.0
800,100,extreme,4,medium,1,1350354481,50,4.868797930631235,3.1839529334757857,4.1907481980171015,0.0,0.0,0.0,1.0,0.12,0.03075,0.001,1,0.0
800,100,extreme,4,medium,2,1539627406,50,1.6188249913710324,0.9024599088103704,1.156351378586373,0.1875,0.45,0.6375,0.8125,0.6,0.3425,0.1875,1,0.0
800,100,extreme,4,medium,3,375535821,50,4.2134890207059446,2.7111770331797107,3.231404289256206,0.0,0.0,0.0,1.0,0.12,0.036750000000000005,0.001,1,0.0
800,100,extreme,4,high,0,1608620042,50,4.0402190591323865,1.8359100766045033,2.412823925729625,0.025,0.075,0.1375,0.975,0.28,0.07375000000000001,0.025,1,0.0
800,100,extreme,4,high,1,1272347467,50,2.661322065750444,1.2248539388871538,1.7636160518648647,0.1,0.1875,0.2875,0.9,0.64,0.26925,0.1,1,0.0
800,100,extreme,4,high,2,1198812272,50,2.630064220314271,0.813015467016944,1.8302722950742323,0.125,0.2,0.3625,0.875,0.74,0.2815,0.125,1,0.0
800,100,extreme,4,high,3,944760511,50,0.4946233512819953,0.047234664231062845,0.18797724133326932,0.65,0.675,0.7375,0.35,0.96,0.5914999999999999,0.65,2,0.0
800,100,extreme,8,low,0,1339552704,50,2.6408766102163543,2.1780948603948938,2.4064056573151773,0.0,0.0,0.0625,1.0,0.26,0.177,0.001,1,0.0
800,100,extreme,8,low,1,1238169623,50,2.130406476098452,1.7643389336356559,1.9506007088049264,0.0,0.0,0.3,1.0,0.44,0.37299999999999994,0.001,1,0.0
800,100,extreme,8,low,2,668167051,50,0.9757897879538553,0.7737003709877723,0.8781162708069079,0.5375,0.9875,1.0,0.4625,0.52,0.45225,0.5375,2,0.0
800,100,extreme,8,low,3,2045181424,50,3.908014013985033,3.331181250265644,3.540808989132713,0.0,0.0,0.0,1.0,0.02,0.019999999999999997,0.001,1,0.0
800,100,extreme,8,medium,0,1221315162,50,1.9963229197646033,1.3125470552804712,1.5092840105648997,0.025,0.25,0.5,0.975,0.64,0.43,0.025,1,0.0
800,100,extreme,8,medium,1,1682639316,50,0.3737627295665651,0.0704286515302269,0.22604187719810087,0.825,0.9375,0.9875,0.175,0.82,0.62525,0.825,2,0.0
800,100,extreme,8,medium,2,737623189,50,3.548316140098076,2.257466671969363,2.5453878702366386,0.0,0.025,0.0625,1.0,0.2,0.09125000000000001,0.001,1,0.0
800,100,extreme,8,medium,3,1412122856,50,0.6666744182768396,0.18175203905206253,0.3930341180014414,0.75,0.85,0.9,0.25,0.86,0.6914999999999999,0.75,2,0.0
800,100,extreme,8,high,0,1383799604,50,1.1423364934555127,0.2326409078516132,0.5566858205649113,0.4375,0.6,0.675,0.5625,0.94,0.45625,0.4375,1,0.0
800,100,extreme,8,high,1,1594987177,50,2.6624611231532045,0.5841267122464862,1.0693371110634615,0.225,0.3125,0.375,0.775,0.88,0.33849999999999997,0.225,1,0.0
800,100,extreme,8,high,2,1624210109,50,1.2791489485447263,0.29164060375778245,0.6035998652336323,0.4375,0.5375,0.7,0.5625,0.9,0.62775,0.4375,1,0.0
800,100,extreme,8,high,3,1031022642,50,1.8917445436737683,0.6025777640703652,1.0521447503534909,0.225,0.375,0.525,0.775,0.82,0.38525,0.225,1,0.0
800,200,low,2,low,0,1706326217,50,3.0742423999542594,2.814573268371414,2.9288867094634448,0.0,0.0,0.0,1.0,0.0,0.0,0.001,1,0.0
800,200,low,2,low,1,811898295,50,2.9711752454505307,2.7398290318843044,2.8326501558705557,0.0,0.0,0.0,1.0,0.0,0.0,0.001,1,0.0
800,200,low,2,low,2,2122660397,50,2.9410095031314745,2.764253835151601,2.8447388406744323,0.0,0.0,0.0,1.0,0.0,0.0,0.001,1,0.0
800,200,low,2,low,3,138013631,50,3.0040991212754395,2.7872788091584746,2.8779810435465687,0.0,0.0,0.0,1.0,0.0,0.0,0.001,1,0.0
800,200,low,2,medium,0,918821641,50,2.905238899840848,2.3570285490808582,2.5423442924043744,0.0,0.0,0.025,1.0,0.0,0.0,0.001,1,0.0
800,200,low,2,medium,1,1858268598,50,3.011785890952596,2.2643389450827383,2.648653598495458,0.0,0.0,0.0,1.0,0.0,0.0,0.001,1,0.0
800,200,low,2,medium,2,717859421,50,3.1390343850286264,2.2599072037547714,2.6583641269940124,0.0,0.0,0.0125,1.0,0.0,0.0,0.001,1,0.0
800,200,low,2,medium,3,723650892,50,3.026090158581653,2.507911323954705,2.6914225741342013,0.0,0.0,0.0,1.0,0.0,0.0,0.001,1,0.0
800,200,low,2,high,0,113973683,50,2.8376131865048277,1.701181273010316,2.087228304389277,0.0,0.0625,0.225,1.0,0.0,0.0,0.001,1,0.0
800,200,low,2,high,1,1983363358,50,2.9274252064228863,1.5787599847459612,2.1041179377990065,0.0,0.075,0.2125,1.0,0.0,0.0,0.001,1,0.0
800,200,low,2,high,2,1685110454,50,3.1916321115165758,1.8041008472556825,2.0732087925280767,0.0,0.0375,0.2125,1.0,0.0,0.0,0.001,1,0.0
800,200,low,2,high,3,378248558,50,2.748212784091643,1.7678545188255823,2.068563020566865,0.0,0.025,0.2,1.0,0.0,0.0,0.001,1,0.0
800,200,low,4,low,0,1680604123,50,0.5655034672642487,0.47677101088887897,0.5280169163891032,1.0,1.0,1.0,0.0,1.0,1.0,1.0,2,0.0
800,200,low,4,low,1,578070311,50,1.3223109536349233,1.1923592225333266,1.2506324778699243,0.0,0.9125,1.0,1.0,0.02,0.004,0.001,1,0.0
800,200,low,4,low,2,225256322,50,0.9161194650172918,0.8118084267527205,0.8767572756652363,0.775,0.9875,1.0,0.225,1.0,0.71975,0.775,2,0.0
800,200,low,4,low,3,1521286606,50,1.00845819189399,0.8553850460960866,0.9052712714447084,0.4875,1.0,1.0,0.5125,1.0,0.5745,0.4875,1,0.0
800,200,low,4,medium,0,1628094531,50,0.2598054577146464,0.060998552223460574,0.12088004453142324,1.0,1.0,1.0,0.0,1.0,1.0,1.0,2,0.0
800,200,low,4,medium,1,186270953,50,2.407916884841755,1.915801991488472,2.10147844342728,0.0,0.0,0.175,1.0,0.0,0.0,0.001,1,0.0
800,200,low,4,medium,2,634121940,50,1.7998717116760306,1.4602969254862934,1.6242779820585014,0.0,0.1375,0.675,1.0,0.0,0.008749999999999999,0.001,1,0.0
800,200,low,4,medium,3,1061568342,50,0.2691405944756571,0.12491816442375923,0.20406582755983027,1.0,1.0,1.0,0.0,1.0,1.0,1.0,2,0.0
800,200,low,4,high,0,56466676,50,0.2217393208020256,0.025641011217288626,0.08993863177730495,0.9375,0.975,1.0,0.0625,1.0,0.94375,0.9375,2,0.0
800,200,low,4,high,1,1970358800,50,1.917338475705964,0.9485365939570514,1.3146314623584814,0.1375,0.3375,0.525,0.8625,1.0,0.127,0.1375,1,0.0
800,200,low,4,high,2,1308807615,50,1.1434322593673607,0.5159198911482561,0.7204449826408272,0.45,0.7,0.8625,0.55,1.0,0.44325000000000003,0.45,1,0.0
800,200,low,4,high,3,23226406,50,2.3510568155787874,1.3907709898048173,1.7778407947565067,0.0,0.1625,0.35,1.0,0.0,0.01225,0.001,1,0.0
800,200,low,8,low,0,39749842,50,0.05911249306999039,0.011043651002871569,0.030522006721181643,1.0,1.0,1.0,0.0,1.0,1.0,1.0,2,0.0
800,200,low,8,low,1,834967422,50,0.37995780292211145,0.28837637017879786,0.32569378133637705,1.0,1.0,1.0,0.0,1.0,1.0,1.0,2,0.0
800,200,low,8,low,2,1217353591,50,0.11533434029859721,0.04440275157500154,0.07708985967056445,1.0,1.0,1.0,0.0,1.0,1.0,1.0,2,0.0
800,200,low,8,low,3,1087818097,50,0.09767135187945555,0.05523068628108326,0.07466172464068599,1.0,1.0,1.0,0.0,1.0,1.0,1.0,2,0.0
800,200,low,8,medium,0,841702387,50,0.16909389517035706,0.03397087020366455,0.05693371324985818,1.0,1.0,1.0,0.0,1.0,1.0,1.0,2,0.0
800,200,low,8,medium,1,835103575,50,0.758400099861786,0.5058267932396712,0.6080856371043213,0.8,0.9625,0.9875,0.2,1.0,0.7805,0.8,2,0.0
800,200,low,8,medium,2,1592970535,50,0.3994848783791817,0.19281436186710288,0.25606392958549795,0.975,1.0,1.0,0.025,1.0,0.9747499999999999,0.975,2,0.0
800,200,low,8,medium,3,1421840868,50,0.09385359267785036,0.014343026164013669,0.04048989852633248,1.0,1.0,1.0,0.0,1.0,1.0,1.0,2,0.0
800,200,low,8,high,0,1229647759,50,0.4233014305338389,0.06023632376326155,0.1848233131915528,0.825,0.8625,0.9375,0.175,1.0,0.8192499999999999,0.825,2,0.0
800,200,low,8,high,1,130578911,50,0.5412678205764198,0.14489555422038433,0.3006426903781947,0.7375,0.825,0.875,0.2625,1.0,0.738,0.7375,2,0.0
800,200,low,8,high,2,1655961381,50,0.48781100574276454,0.06816299291934712,0.1511714873021317,0.75,0.8625,0.9,0.25,1.0,0.756,0.75,2,0.0
800,200,low,8,high,3,1388607359,50,0.2024301950447963,0.04099375820390374,0.095091511354303,0.975,1.0,1.0,0.025,1.0,0.9724999999999999,0.975,2,0.0
800,200,medium,2,low,0,35266806,50,2.9982245727668158,2.7767227681520423,2.8750663466549975,0.0,0.0,0.0,1.0,0.0,0.0,0.001,1,0.0
800,200,medium,2,low,1,1072840159,50,2.967214405958371,2.7818335590861496,2.859931210142132,0.0,0.0,0.0,1.0,0.0,0.0,0.001,1,0.0
800,200,medium,2,low,2,38164210,50,2.9702512484378483,2.744985632253885,2.8616773779378253,0.0,0.0,0.0,1.0,0.0,0.0,0.001,1,0.0
800,200,medium,2,low,3,1521590705,50,3.0318368501957726,2.764026297579621,2.899651735627294,0.0,0.0,0.0,1.0,0.0,0.0,0.001,1,0.0
800,200,medium,2,medium,0,9490446,50,2.972548869702883,2.3919931719017615,2.6690538541049658,0.0,0.0,0.0125,1.0,0.0,0.0,0.001,1,0.0
800,200,medium,2,medium,1,803173113,50,2.823262715805254,2.3601740617839795,2.495699390287701,0.0,0.0,0.025,1.0,0.0,0.0,0.001,1,0.0
800,200,medium,2,medium,2,1493322719,50,3.01022629623421,2.3236243047133476,2.671722387082526,0.0,0.0,0.0125,1.0,0.0,0.0,0.001,1,0.0
800,200,medium,2,medium,3,1929642527,50,2.857505820632806,2.2140974722286475,2.4910296144795976,0.0,0.0,0.025,1.0,0.0,0.0,0.001,1,0.0
800,200,medium,2,high,0,185585920,50,2.569042951251416,1.6637367640849763,2.0234344509057736,0.0,0.05,0.25,1.0,0.0,0.00025,0.001,1,0.0
800,200,medium,2,high,1,399640147,50,3.1274204707617637,1.956225370293813,2.285320679784808,0.0,0.025,0.125,1.0,0.0,0.0,0.001,1,0.0
800,200,medium,2,high,2,1413678900,50,2.8068049077724218,1.7158530077269853,2.1699409345051857,0.0,0.05,0.2,1.0,0.0,0.0005,0.001,1,0.0
800,200,medium,2,high,3,1529130152,50,2.798342983565121,1.859692502076295,2.218516171888518,0.0,0.05,0.1375,1.0,0.0,0.00125,0.001,1,0.0
800,200,medium,4,low,0,359262289,50,0.20359828678187475,0.14681746927007128,0.17404695959486,1.0,1.0,1.0,0.0,1.0,1.0,1.0,2,0.0
800,200,medium,4,low,1,1985322254,50,1.3354298467370143,1.234111119502517,1.264604562103171,0.0,0.9125,1.0,1.0,0.12,0.0495,0.001,1,0.0
800,200,medium,4,low,2,600982628,50,0.8946945973153089,0.7926693158091546,0.8178838560783298,0.9375,1.0,1.0,0.0625,0.92,0.7195,0.9375,2,0.0
800,200,medium,4,low,3,1439405805,50,0.741785055021949,0.6372534115392807,0.687022068312918,1.0,1.0,1.0,0.0,1.0,0.9407499999999999,1.0,2,0.0
800,200,medium,4,medium,0,181391708,50,1.6204348395848718,1.2458654066082282,1.3860678941137308,0.0125,0.4125,0.8375,0.9875,0.12,0.02325,0.0125,1,0.0
800,200,medium,4,medium,1,1524628331,50,0.09472815215783267,0.020230344827558096,0.04079368725273119,1.0,1.0,1.0,0.0,1.0,0.99925,1.0,2,0.0
800,200,medium,4,medium,2,588323251,50,1.805583203940141,1.393522192396106,1.6343289971307278,0.0,0.125,0.6625,1.0,0.06,0.006750000000000001,0.001,1,0.0
800,200,medium,4,medium,3,1659572904,50,0.42674940455258914,0.14128754990802792,0.2570626074507177,0.975,0.9875,1.0,0.025,1.0,0.95325,0.975,2,0.0
800,200,medium,4,high,0,402384500,50,0.23861349056472503,0.0423738784980714,0.12852379465901892,0.9125,0.95,0.975,0.0875,1.0,0.88175,0.9125,2,0.0
800,200,medium,4,high,1,1400944018,50,0.25974446527784184,0.0643165745632333,0.1612029639819488,0.95,0.9875,0.9875,0.05,1.0,0.94525,0.95,2,0.0
800,200,medium,4,high,2,399160326,50,2.8863691489322285,1.8676917707807752,2.3551036437694672,0.0,0.0125,0.2,1.0,0.0,0.00025,0.001,1,0.0
800,200,medium,4,high,3,1289409786,50,0.23347936718926637,0.03573481070801532,0.12037636376797531,0.875,0.9125,0.95,0.125,1.0,0.8622499999999998,0.875,2,0.0
800,200,medium,8,low,0,1034784421,50,0.08384280301786123,0.022629674985567384,0.04327784681582274,1.0,1.0,1.0,0.0,1.0,1.0,1.0,2,0.0
800,200,medium,8,low,1,626472773,50,0.042574003763060225,0.0091373449552144,0.019386320114039454,1.0,1.0,1.0,0.0,1.0,1.0,1.0,2,0.0
800,200,medium,8,low,2,1972891879,50,0.5273527735319143,0.4377978199481838,0.4797771822844399,1.0,1.0,1.0,0.0,1.0,0.9984999999999999,1.0,2,0.0
800,200,medium,8,low,3,1385349774,50,0.20270727787156811,0.13204028900454193,0.17048627544195727,1.0,1.0,1.0,0.0,1.0,1.0,1.0,2,0.0
800,200,medium,8,medium,0,1054249334,50,0.11573358691622108,0.038673070163309634,0.07147045797102446,1.0,1.0,1.0,0.0,1.0,0.9995,1.0,2,0.0
800,200,medium,8,medium,1,251330247,50,0.1842505281706897,0.03650427012032326,0.07705551042525281,1.0,1.0,1.0,0.0,1.0,1.0,1.0,2,0.0
800,200,medium,8,medium,2,1971253241,50,0.484839944037486,0.2624860142624408,0.37034697588427684,0.975,0.9875,0.9875,0.025,1.0,0.9512499999999999,0.975,2,0.0
800,200,medium,8,medium,3,1722134848,50,0.12227119173504697,0.019257435894984003,0.06840768876720048,1.0,1.0,1.0,0.0,1.0,0.9977499999999999,1.0,2,0.0
800,200,medium,8,high,0,1336821956,50,0.10366981659760433,0.018209378149479094,0.03732676094797745,0.9875,1.0,1.0,0.0125,1.0,0.9870000000000001,0.9875,2,0.0
800,200,medium,8,high,1,971796715,50,1.1951925918550192,0.5912239786677801,0.8930666855439165,0.35,0.65,0.8125,0.65,1.0,0.40975,0.35,1,0.0
800,200,medium,8,high,2,598110258,50,0.4378949779322244,0.04101638560758108,0.1388968332892896,0.75,0.9125,0.9625,0.25,1.0,0.7709999999999999,0.75,2,0.0
800,200,medium,8,high,3,1277898759,50,0.25206272476512853,0.08538000835003405,0.15167513936513016,0.9625,0.975,0.9875,0.0375,1.0,0.95325,0.9625,2,0.0
800,200,high,2,low,0,462372473,50,2.9695516064072285,2.773342881846513,2.853426674029974,0.0,0.0,0.0,1.0,0.0,0.0,0.001,1,0.0
800,200,high,2,low,1,899023007,50,2.992952577664342,2.7542354518091954,2.796246015243958,0.0,0.0,0.0,1.0,0.0,0.0,0.001,1,0.0
800,200,high,2,low,2,1305470345,50,2.9902321060922876,2.7444099879739126,2.8876989743134938,0.0,0.0,0.0,1.0,0.0,0.0,0.001,1,0.0
800,200,high,2,low,3,379931224,50,3.0160660506098704,2.7719667342673424,2.9228117951119565,0.0,0.0,0.0,1.0,0.0,0.0,0.001,1,0.0
800,200,high,2,medium,0,1043936082,50,2.990150449123766,2.5460240880391516,2.6940789503661944,0.0,0.0,0.0375,1.0,0.0,0.0,0.001,1,0.0
800,200,high,2,medium,1,1118114826,50,2.9652396443864166,2.4203859725270926,2.643601444944907,0.0,0.0,0.0,1.0,0.0,0.0,0.001,1,0.0
800,200,high,2,medium,2,1052683200,50,2.933234104637094,2.371633317714956,2.536578184320355,0.0,0.0,0.0,1.0,0.0,0.0,0.001,1,0.0
800,200,high,2,medium,3,393392706,50,2.9836904156414166,2.4224364947417985,2.622975942689335,0.0,0.0,0.025,1.0,0.0,0.0,0.001,1,0.0
800,200,high,2,high,0,687782999,50,3.169251835536973,1.8676407816560068,2.1793646945724405,0.0,0.0625,0.175,1.0,0.02,0.0042499999999999994,0.001,1,0.0
800,200,high,2,high,1,1145699597,50,3.0174664318314237,2.0316106831740894,2.476997223780434,0.0125,0.0125,0.0875,0.9875,0.0,0.009000000000000001,0.0125,1,0.0
800,200,high,2,high,2,301054689,50,3.005835035016382,1.7680199126878946,2.1266559930837428,0.0,0.0875,0.175,1.0,0.12,0.0195,0.001,1,0.0
800,200,high,2,high,3,1680740762,50,3.451744434911813,1.8405094842942076,2.4502255245066076,0.0,0.0625,0.1375,1.0,0.06,0.00575,0.001,1,0.0
800,200,high,4,low,0,1245910003,50,0.500702055124315,0.38539638327459835,0.4519201531584731,1.0,1.0,1.0,0.0,0.96,0.90175,1.0,2,0.0
800,200,high,4,low,1,677649758,50,0.7032862361136784,0.6103182910485749,0.6550790300763976,1.0,1.0,1.0,0.0,0.94,0.8177500000000002,1.0,2,0.0
800,200,high,4,low,2,1042878964,50,1.5034309055593709,1.3834639052214246,1.4295221188288283,0.0,0.4875,1.0,1.0,0.26,0.16150000000000003,0.001,1,0.0
800,200,high,4,low,3,297886719,50,1.790544589931773,1.6743511218002516,1.7340959178583055,0.0,0.0,0.9125,1.0,0.06,0.0225,0.001,1,0.0
800,200,high,4,medium,0,1850703352,50,0.7560056324912388,0.48588406337095413,0.6015290910002684,0.7875,0.9375,1.0,0.2125,1.0,0.7555,0.7875,2,0.0
800,200,high,4,medium,1,1307339481,50,1.211849072173611,0.8373533191704072,1.0138038586275337,0.2375,0.825,0.9625,0.7625,0.62,0.27575000000000005,0.2375,1,0.0
800,200,high,4,medium,2,179809466,50,0.20896088363445559,0.05277663336247697,0.14257223937504515,1.0,1.0,1.0,0.0,0.98,0.9755000000000003,1.0,2,0.0
800,200,high,4,medium,3,1430226757,50,0.944519190753213,0.6897422896363569,0.7860090932362664,0.6,0.9,0.975,0.4,0.9,0.602,0.6,2,0.0
800,200,high,4,high,0,1018994005,50,0.17917243818980444,0.04360735640333383,0.09978643341141205,0.8875,0.95,0.95,0.1125,1.0,0.8425,0.8875,2,0.0
800,200,high,4,high,1,1640298010,50,0.9611526177840215,0.3800590283102124,0.7029585493484984,0.5375,0.7375,0.825,0.4625,1.0,0.52325,0.5375,2,0.0
800,200,high,4,high,2,650404426,50,1.5883500932382866,0.9150646241023926,1.174232005146868,0.1625,0.475,0.6875,0.8375,0.88,0.22475,0.1625,1,0.0
800,200,high,4,high,3,1166625222,50,1.857579720893507,1.054543543290251,1.3454687107173482,0.0875,0.3625,0.6,0.9125,0.62,0.12775,0.0875,1,0.0
800,200,high,8,low,0,372177224,50,0.09108987069369015,0.02355785879460857,0.0536090281575287,1.0,1.0,1.0,0.0,1.0,1.0,1.0,2,0.0
800,200,high,8,low,1,1483103134,50,0.34117924893350704,0.2585807706912726,0.3109969680299706,1.0,1.0,1.0,0.0,0.92,0.85375,1.0,2,0.0
800,200,high,8,low,2,486365606,50,0.2671533379777459,0.21880822918876455,0.2361787098030388,1.0,1.0,1.0,0.0,1.0,1.0,1.0,2,0.0
800,200,high,8,low,3,320316645,50,0.1902405268748129,0.1510212029994036,0.16872888741234998,1.0,1.0,1.0,0.0,1.0,1.0,1.0,2,0.0
800,200,high,8,medium,0,784268887,50,0.08930525432282875,0.010088623560399738,0.03492597630825517,1.0,1.0,1.0,0.0,1.0,0.984,1.0,2,0.0
800,200,high,8,medium,1,1295597379,50,0.3060704491372084,0.05916638125332765,0.16502497447665115,0.9875,0.9875,1.0,0.0125,1.0,0.9337499999999999,0.9875,2,0.0
800,200,high,8,medium,2,23092147,50,0.10136817609313734,0.01227630382613778,0.04790860539876776,0.9875,1.0,1.0,0.0125,1.0,0.98675,0.9875,2,0.0
800,200,high,8,medium,3,1168362011,50,0.10012514647212827,0.013628040608145965,0.04869236731062945,1.0,1.0,1.0,0.0,1.0,0.9920000000000002,1.0,2,0.0
800,200,high,8,high,0,1949165908,50,0.22140027590437733,0.06318844187676043,0.10348179085948886,0.825,0.8875,0.9375,0.175,1.0,0.8190000000000002,0.825,2,0.0
800,200,high,8,high,1,1256187605,50,1.9906625292766162,1.0791326932676517,1.3474518058594307,0.0625,0.325,0.5125,0.9375,0.54,0.11225,0.0625,1,0.0
800,200,high,8,high,2,542382926,50,0.08044341985467632,0.018548332914914277,0.03693190248377687,0.8625,0.9,0.9125,0.1375,1.0,0.8567499999999999,0.8625,2,0.0
800,200,high,8,high,3,1675580864,50,0.22481590371057703,0.05154196862758811,0.12194208393197187,0.875,0.9625,0.9625,0.125,1.0,0.842,0.875,2,0.0
800,200,extreme,2,low,0,167360122,50,2.9543670399023467,2.740494467736733,2.8365675965986785,0.0,0.0,0.0,1.0,0.04,0.02075,0.001,1,0.0
800,200,extreme,2,low,1,2009676959,50,2.986877054226313,2.7731195192473748,2.85005120592082,0.0,0.0,0.0,1.0,0.0,0.0,0.001,1,0.0
800,200,extreme,2,low,2,268837304,50,3.020354254837085,2.7594220715854783,2.896126229246919,0.0,0.0,0.0,1.0,0.0,0.0,0.001,1,0.0
800,200,extreme,2,low,3,2000751975,50,3.0006867288454853,2.7313577571536367,2.865459943055839,0.0,0.0,0.0,1.0,0.0,0.0,0.001,1,0.0
800,200,extreme,2,medium,0,1151424925,50,2.965236301226861,2.494390799579002,2.7486492495452963,0.0,0.0,0.0,1.0,0.0,0.0017499999999999998,0.001,1,0.0
800,200,extreme,2,medium,1,1228839520,50,3.035083423727978,2.431610752601112,2.695324905549712,0.0,0.0,0.0,1.0,0.02,0.007250000000000001,0.001,1,0.0
800,200,extreme,2,medium,2,939877159,50,3.0190028624538137,2.472289599966594,2.7727952917201306,0.0,0.0,0.0,1.0,0.04,0.005,0.001,1,0.0
800,200,extreme,2,medium,3,1851904135,50,2.9799518110130907,2.2745894856762283,2.674377659993845,0.0,0.0,0.0375,1.0,0.1,0.0245,0.001,1,0.0
800,200,extreme,2,high,0,1370920423,50,3.0789404592059313,1.8316472662175842,2.385617038002888,0.0,0.0,0.15,1.0,0.2,0.043500000000000004,0.001,1,0.0
800,200,extreme,2,high,1,1541628126,50,3.1099900019492335,1.6506793864902245,2.0874859460982433,0.0125,0.0625,0.1875,0.9875,0.2,0.041249999999999995,0.0125,1,0.0
800,200,extreme,2,high,2,721409394,50,2.8571303985529637,1.695999592620683,2.1257943137269124,0.0,0.075,0.2,1.0,0.32,0.05800000000000001,0.001,1,0.0
800,200,extreme,2,high,3,1301466282,50,2.7701174738269243,1.8081469805779773,2.3331376025023225,0.0,0.0125,0.1875,1.0,0.1,0.038,0.001,1,0.0
800,200,extreme,4,low,0,1102189479,50,0.21961406404302247,0.14669547632288285,0.19243645042149227,1.0,1.0,1.0,0.0,0.9,0.851,1.0,2,0.0
800,200,extreme,4,low,1,1084474296,50,0.06497421728273628,0.014476406485931898,0.03062687114509445,1.0,1.0,1.0,0.0,0.9,0.8915000000000001,1.0,2,0.0
800,200,extreme,4,low,2,2041090403,50,0.07081468891944084,0.020006920293410047,0.044842606289924425,1.0,1.0,1.0,0.0,0.9,0.8935000000000002,1.0,2,0.0
800,200,extreme,4,low,3,1706000119,50,2.4647247692456484,2.2836787929976916,2.381840900833252,0.0,0.0,0.0,1.0,0.06,0.052500000000000005,0.001,1,0.0
800,200,extreme,4,medium,0,62791137,50,1.7768055630263873,1.42841543172627,1.5972403988455377,0.0,0.175,0.6625,1.0,0.4,0.21050000000000005,0.001,1,0.0
800,200,extreme,4,medium,1,1829093543,50,1.0393374251903706,0.7458307013684068,0.8830506378647576,0.425,0.9,1.0,0.575,0.8,0.50225,0.425,1,0.0
800,200,extreme,4,medium,2,235515642,50,2.0087720221491794,1.5228319328999893,1.7142164527352954,0.0,0.0875,0.5,1.0,0.28,0.12,0.001,1,0.0
800,200,extreme,4,medium,3,787214210,50,1.1418554207636258,0.8477268780872136,0.9993772273431263,0.25,0.775,0.975,0.75,0.74,0.4525,0.25,1,0.0
800,200,extreme,4,high,0,782538090,50,2.7321665812706235,1.4634158234337389,1.8597785277158863,0.0375,0.125,0.2875,0.9625,0.42,0.11225,0.0375,1,0.0
800,200,extreme,4,high,1,782480402,50,0.314415655677706,0.08959835616765813,0.14796521030611592,0.9375,0.975,0.975,0.0625,0.88,0.6325000000000001,0.9375,2,0.0
800,200,extreme,4,high,2,1518723458,50,0.2779936265130415,0.08258696772433567,0.13353869244591673,0.85,0.9375,0.95,0.15,0.98,0.7342500000000001,0.85,2,0.0
800,200,extreme,4,high,3,519378821,50,0.38456128438163295,0.09019898724193547,0.22149695014795384,0.9375,0.9375,0.95,0.0625,0.98,0.717,0.9375,2,0.0
800,200,extreme,8,low,0,614753517,50,0.08039815415886956,0.03632250809197386,0.0590945951503315,1.0,1.0,1.0,0.0,0.86,0.82025,1.0,2,0.0
800,200,extreme,8,low,1,1495384749,50,0.26107935561624956,0.19219759887540921,0.21392928524007376,1.0,1.0,1.0,0.0,0.98,0.9215,1.0,2,0.0
800,200,extreme,8,low,2,499605471,50,0.7047700793731283,0.6204541755555978,0.6531892387289997,1.0,1.0,1.0,0.0,0.78,0.737,1.0,2,0.0
800,200,extreme,8,low,3,1813478053,50,0.5194129733975676,0.4599285722745293,0.4817765967344473,1.0,1.0,1.0,0.0,0.92,0.7929999999999999,1.0,2,0.0
800,200,extreme,8,medium,0,870859137,50,0.1525746494469281,0.030304586714360333,0.08511695886288885,1.0,1.0,1.0,0.0,0.92,0.8164999999999999,1.0,2,0.0
800,200,extreme,8,medium,1,1117236112,50,1.0214435151914194,0.6161877042913231,0.8176880588288838,0.4875,0.95,0.9875,0.5125,0.74,0.55525,0.4875,1,0.0
800,200,extreme,8,medium,2,1322440160,50,0.709804242234678,0.4436376700948839,0.5370104902665914,0.825,1.0,1.0,0.175,0.9,0.69725,0.825,2,0.0
800,200,extreme,8,medium,3,1903161446,50,0.09009854781775307,0.013013133953697471,0.03577856324221936,1.0,1.0,1.0,0.0,0.98,0.9145,1.0,2,0.0
800,200,extreme,8,high,0,864441349,50,0.6186579237697178,0.11932183536656525,0.2520073876823324,0.675,0.825,0.8625,0.325,0.96,0.59225,0.675,2,0.0
800,200,extreme,8,high,1,146935707,50,0.18597076941805118,0.04482249100475174,0.10182689206568901,0.925,0.95,0.9625,0.075,1.0,0.8495000000000001,0.925,2,0.0
800,200,extreme,8,high,2,1321746713,50,0.11825269217947076,0.03381385306154361,0.056650616808822774,0.975,1.0,1.0,0.025,1.0,0.9572499999999999,0.975,2,0.0
800,200,extreme,8,high,3,1566735002,50,0.14713420837149294,0.011558392456125104,0.04632669240095867,0.95,0.9625,0.975,0.05,1.0,0.90175,0.95,2,0.0
800,400,low,2,low,0,1177331451,50,1.0140404275510457,0.9483087814369625,0.9720498942282422,0.3875,1.0,1.0,0.6125,1.0,0.40599999999999997,0.3875,1,0.0
800,400,low,2,low,1,1792790351,50,0.9828068708051556,0.9325875215595825,0.9647208178710088,0.6625,1.0,1.0,0.3375,1.0,0.6134999999999999,0.6625,2,0.0
800,400,low,2,low,2,1429663110,50,0.9941353279251411,0.9472610080563811,0.9641640531824949,0.55,1.0,1.0,0.45,1.0,0.5337500000000001,0.55,2,0.0
800,400,low,2,low,3,1449879557,50,0.9949950569668351,0.9336479769901171,0.9560894888526394,0.5375,1.0,1.0,0.4625,0.98,0.5675000000000001,0.5375,2,0.0
800,400,low,2,medium,0,185438565,50,1.0024787036267409,0.8509545737304799,0.9148871080772903,0.4875,1.0,1.0,0.5125,1.0,0.45299999999999996,0.4875,1,0.0
800,400,low,2,medium,1,1566140195,50,1.0258388327101506,0.8284074447815208,0.9244523936368232,0.45,1.0,1.0,0.55,1.0,0.4525,0.45,1,0.0
800,400,low,2,medium,2,424009803,50,0.9873407531890672,0.8101106410730821,0.9039063083147421,0.575,1.0,1.0,0.425,1.0,0.57575,0.575,2,0.0
800,400,low,2,medium,3,1204223047,50,1.04102482853781,0.8640450106667804,0.9578775393406213,0.375,1.0,1.0,0.625,1.0,0.38025,0.375,1,0.0
800,400,low,2,high,0,719458601,50,0.9904650104153068,0.6074346614054327,0.7522917693529814,0.5125,0.85,0.9375,0.4875,1.0,0.51275,0.5125,2,0.0
800,400,low,2,high,1,28252856,50,1.0479032173656606,0.6403672743401126,0.7673886098700159,0.475,0.8875,0.9875,0.525,1.0,0.47525000000000006,0.475,1,0.0
800,400,low,2,high,2,598951790,50,1.0192889682752417,0.6259237480694001,0.7879480511440434,0.475,0.9125,0.9875,0.525,1.0,0.47924999999999995,0.475,1,0.0
800,400,low,2,high,3,501246682,50,1.0323117957678538,0.6122828756991777,0.7477263800144401,0.475,0.8625,0.9875,0.525,1.0,0.47850000000000004,0.475,1,0.0
800,400,low,4,low,0,1325266750,50,0.10605626425823893,0.07389744628489564,0.08675676638997003,1.0,1.0,1.0,0.0,1.0,1.0,1.0,2,0.0
800,400,low,4,low,1,758858749,50,0.9915844193051647,0.9267725112566161,0.9614449585678183,0.575,1.0,1.0,0.425,1.0,0.58675,0.575,2,0.0
800,400,low,4,low,2,204645092,50,0.5836558285408182,0.530711610933818,0.5576750419156509,1.0,1.0,1.0,0.0,1.0,1.0,1.0,2,0.0
800,400,low,4,low,3,551320367,50,0.08140201280287843,0.06036130995515667,0.06990853677195319,1.0,1.0,1.0,0.0,1.0,1.0,1.0,2,0.0
800,400,low,4,medium,0,701630920,50,0.06486999811110811,0.02110871224862141,0.03608393439208952,1.0,1.0,1.0,0.0,1.0,1.0,1.0,2,0.0
800,400,low,4,medium,1,857084867,50,0.3354229093618881,0.2030507294620216,0.273280922738035,1.0,1.0,1.0,0.0,1.0,1.0,1.0,2,0.0
800,400,low,4,medium,2,1931079710,50,0.2820976505488844,0.18522186137467417,0.2457606581589878,1.0,1.0,1.0,0.0,1.0,1.0,1.0,2,0.0
800,400,low,4,medium,3,1821731119,50,0.14155434003720013,0.048088726140637604,0.09488571305556322,1.0,1.0,1.0,0.0,1.0,1.0,1.0,2,0.0
800,400,low,4,high,0,1020134566,50,0.1161623432208001,0.023960017625022357,0.07155213273093083,1.0,1.0,1.0,0.0,1.0,1.0,1.0,2,0.0
800,400,low,4,high,1,1591596230,50,0.1958076204964101,0.04732359008928738,0.09727319163640623,1.0,1.0,1.0,0.0,1.0,1.0,1.0,2,0.0
800,400,low,4,high,2,801945450,50,0.05862651780280326,0.010051147596802085,0.026548342910593863,1.0,1.0,1.0,0.0,1.0,1.0,1.0,2,0.0
800,400,low,4,high,3,1664817460,50,0.14311601082217112,0.03426092925142614,0.06189425528350076,0.9875,1.0,1.0,0.0125,1.0,0.9875,0.9875,2,0.0
800,400,low,8,low,0,1798609612,50,0.04064943111350196,0.016897580547572424,0.027588344589352932,1.0,1.0,1.0,0.0,1.0,1.0,1.0,2,0.0
800,400,low,8,low,1,1279988720,50,0.41775110944756544,0.39942811193730476,0.40968532113103656,1.0,1.0,1.0,0.0,1.0,1.0,1.0,2,0.0
800,400,low,8,low,2,1415347578,50,0.14127809680085618,0.11698930988565008,0.13101589965744362,1.0,1.0,1.0,0.0,1.0,1.0,1.0,2,0.0
800,400,low,8,low,3,174932110,50,0.17342663778221606,0.13634256149050505,0.14760430394655727,1.0,1.0,1.0,0.0,1.0,1.0,1.0,2,0.0
800,400,low,8,medium,0,163187162,50,0.18787682235725872,0.10383460467168558,0.14507046533455728,1.0,1.0,1.0,0.0,1.0,1.0,1.0,2,0.0
800,400,low,8,medium,1,1301293360,50,0.04454718747631628,0.010945158863835193,0.02160838449393335,1.0,1.0,1.0,0.0,1.0,1.0,1.0,2,0.0
800,400,low,8,medium,2,1094791539,50,0.11694101527908737,0.04931439613143868,0.07783427923026735,1.0,1.0,1.0,0.0,1.0,1.0,1.0,2,0.0
800,400,low,8,medium,3,843721501,50,0.06488565055054824,0.015908818706912957,0.034143472055079054,1.0,1.0,1.0,0.0,1.0,1.0,1.0,2,0.0
800,400,low,8,high,0,383670907,50,0.11177093440040871,0.005937224267387883,0.026139925045257466,1.0,1.0,1.0,0.0,1.0,0.99925,1.0,2,0.0
800,400,low,8,high,1,1317652357,50,0.11631973480832028,0.018773737512598417,0.04528314806139565,1.0,1.0,1.0,0.0,1.0,1.0,1.0,2,0.0
800,400,low,8,high,2,875506742,50,0.07008088806412982,0.008992685090830742,0.03694966827993271,1.0,1.0,1.0,0.0,1.0,1.0,1.0,2,0.0
800,400,low,8,high,3,1032707957,50,0.2134307915982947,0.06288599012461363,0.14063213474223216,1.0,1.0,1.0,0.0,1.0,1.0,1.0,2,0.0
800,400,medium,2,low,0,291440260,50,0.9951136716481395,0.9344730468716852,0.9633784449048841,0.5875,1.0,1.0,0.4125,0.86,0.47725,0.5875,2,0.0
800,400,medium,2,low,1,1914635606,50,1.0020964103049745,0.9428847258779929,0.9751431651062688,0.4875,1.0,1.0,0.5125,0.78,0.43624999999999997,0.4875,1,0.0
800,400,medium,2,low,2,1552725943,50,0.9954855190075069,0.9407129010305575,0.9592315776831541,0.5375,1.0,1.0,0.4625,0.82,0.5327500000000001,0.5375,2,0.0
800,400,medium,2,low,3,1001929398,50,0.9882644138862597,0.9287298042226515,0.9590598460065075,0.5375,1.0,1.0,0.4625,0.88,0.49749999999999994,0.5375,2,0.0
800,400,medium,2,medium,0,1219623987,50,0.9835269205663186,0.8104931085902115,0.8735683540356594,0.575,1.0,1.0,0.425,1.0,0.596,0.575,2,0.0
800,400,medium,2,medium,1,900194915,50,0.9881104618476197,0.8351366772890183,0.8822803524480958,0.575,1.0,1.0,0.425,1.0,0.49975,0.575,2,0.0
800,400,medium,2,medium,2,14165663,50,1.0366726711595562,0.8258380777482434,0.8854986934046755,0.4125,1.0,1.0,0.5875,0.98,0.45175,0.4125,1,0.0
800,400,medium,2,medium,3,949540201,50,0.9447867237097338,0.8296933235177033,0.8736359424366754,0.6,1.0,1.0,0.4,1.0,0.5987500000000001,0.6,2,0.0
800,400,medium,2,high,0,1781963493,50,0.9677807600035571,0.622188853398736,0.7082562648556414,0.5375,0.875,0.9875,0.4625,1.0,0.55425,0.5375,2,0.0
800,400,medium,2,high,1,1402630887,50,1.033763561834942,0.7712821547802957,0.902060365860514,0.4875,0.9,1.0,0.5125,1.0,0.46749999999999997,0.4875,1,0.0
800,400,medium,2,high,2,1897022815,50,0.9971150277262149,0.6522391766200433,0.842355808126908,0.5125,0.9125,0.95,0.4875,1.0,0.48949999999999994,0.5125,2,0.0
800,400,medium,2,high,3,1730993405,50,1.022936500114785,0.6111596787128543,0.7431145623306155,0.4875,0.9125,0.9625,0.5125,1.0,0.49424999999999997,0.4875,1,0.0
800,400,medium,4,low,0,423986809,50,0.20214726576585407,0.16840025949506857,0.180390131954754,1.0,1.0,1.0,0.0,1.0,1.0,1.0,2,0.0
800,400,medium,4,low,1,644409870,50,0.3325526896144563,0.3108551664499323,0.3201547615925643,1.0,1.0,1.0,0.0,1.0,1.0,1.0,2,0.0
800,400,medium,4,low,2,352191068,50,0.044086893908773774,0.01764915352874386,0.03428207246550197,1.0,1.0,1.0,0.0,1.0,1.0,1.0,2,0.0
800,400,medium,4,low,3,584612771,50,0.820853465991382,0.7690826897033464,0.7978372901001882,1.0,1.0,1.0,0.0,1.0,0.9637499999999999,1.0,2,0.0
800,400,medium,4,medium,0,2127266985,50,0.5240857808410965,0.3945710557382392,0.45431280984505473,1.0,1.0,1.0,0.0,1.0,0.9932500000000001,1.0,2,0.0
800,400,medium,4,medium,1,1895250323,50,0.061114660415882684,0.008494326057552105,0.031355360073331305,1.0,1.0,1.0,0.0,1.0,1.0,1.0,2,0.0
800,400,medium,4,medium,2,520797646,50,0.050356960221952886,0.01328160165514474,0.02037650439502338,1.0,1.0,1.0,0.0,1.0,1.0,1.0,2,0.0
800,400,medium,4,medium,3,729051176,50,1.0241632209295695,0.8180129941439417,0.8862665707446294,0.4375,0.9875,1.0,0.5625,1.0,0.47874999999999995,0.4375,1,0.0
800,400,medium,4,high,0,1938158743,50,0.7236715995770833,0.48410614037149236,0.5373797593956933,0.85,0.9875,1.0,0.15,1.0,0.8155000000000001,0.85,2,0.0
800,400,medium,4,high,1,1817145125,50,0.192749756796753,0.0643477831131734,0.11418098000791768,1.0,1.0,1.0,0.0,1.0,1.0,1.0,2,0.0
800,400,medium,4,high,2,2003949754,50,0.1315635970722717,0.015462452785455928,0.055441074805626954,0.9875,1.0,1.0,0.0125,1.0,0.9807499999999999,0.9875,2,0.0
800,400,medium,4,high,3,1336855917,50,0.13152513498107885,0.021638311841292526,0.06493234630896895,1.0,1.0,1.0,0.0,1.0,0.9942499999999999,1.0,2,0.0
800,400,medium,8,low,0,1355875748,50,0.03673821613178691,0.007518833950204654,0.01654342431333398,1.0,1.0,1.0,0.0,1.0,1.0,1.0,2,0.0
800,400,medium,8,low,1,1478924681,50,0.1908894431152549,0.1627131622332411,0.1713898807714554,1.0,1.0,1.0,0.0,1.0,1.0,1.0,2,0.0
800,400,medium,8,low,2,1082714726,50,0.21628738645034917,0.194021340108416,0.20499266997964058,1.0,1.0,1.0,0.0,1.0,1.0,1.0,2,0.0
800,400,medium,8,low,3,748815794,50,0.09402119197672212,0.06254490133330855,0.0784897190318296,1.0,1.0,1.0,0.0,1.0,1.0,1.0,2,0.0
800,400,medium,8,medium,0,453750766,50,0.34471473163731137,0.2229403547933419,0.28277765263812676,1.0,1.0,1.0,0.0,1.0,1.0,1.0,2,0.0
800,400,medium,8,medium,1,1712891772,50,0.07888256436419971,0.011769475383972083,0.04305069041180125,1.0,1.0,1.0,0.0,1.0,1.0,1.0,2,0.0
800,400,medium,8,medium,2,1045105889,50,0.07107955154210513,0.010644543910973954,0.025945068599089082,1.0,1.0,1.0,0.0,1.0,1.0,1.0,2,0.0
800,400,medium,8,medium,3,1440590816,50,0.27120466519273645,0.2145348093252732,0.2514732056075601,1.0,1.0,1.0,0.0,1.0,1.0,1.0,2,0.0
800,400,medium,8,high,0,985902451,50,0.17543072576969335,0.059111795034512936,0.10049670351181028,1.0,1.0,1.0,0.0,1.0,1.0,1.0,2,0.0
800,400,medium,8,high,1,497963161,50,0.34077744739104215,0.17100548765660614,0.2628287610420164,1.0,1.0,1.0,0.0,1.0,1.0,1.0,2,0.0
800,400,medium,8,high,2,1876414100,50,0.12754267835795924,0.02187593704719012,0.04936562852887672,1.0,1.0,1.0,0.0,1.0,1.0,1.0,2,0.0
800,400,medium,8,high,3,1406134154,50,0.23352129912317482,0.041642091650779964,0.10389631899050569,0.975,1.0,1.0,0.025,1.0,0.9785,0.975,2,0.0
800,400,high,2,low,0,2068378663,50,0.9973260089270867,0.9392742847979565,0.9773997983267808,0.5125,1.0,1.0,0.4875,0.62,0.46099999999999997,0.5125,2,0.0
800,400,high,2,low,1,232290980,50,1.0017968825281844,0.9356255056048923,0.9666026860250222,0.475,1.0,1.0,0.525,0.68,0.507,0.475,1,0.0
800,400,high,2,low,2,106302870,50,1.009344367927833,0.9544885114236635,0.9736224911674705,0.425,1.0,1.0,0.575,0.54,0.36975,0.425,1,0.0
800,400,high,2,low,3,1105072978,50,1.0044777424730669,0.9292300633503284,0.9646662866139936,0.475,1.0,1.0,0.525,0.7,0.6025,0.475,1,0.0
800,400,high,2,medium,0,1727335153,50,1.007642289916324,0.8943748442361235,0.941444964101033,0.4875,1.0,1.0,0.5125,0.92,0.5349999999999999,0.4875,1,0.0
800,400,high,2,medium,1,1506093333,50,0.949796774789961,0.8149498113189688,0.8920613981519752,0.6,0.975,1.0,0.4,0.74,0.41224999999999995,0.6,2,0.0
800,400,high,2,medium,2,623965142,50,1.0024468195674945,0.8464019778877003,0.9199777780985045,0.5,0.9875,1.0,0.5,0.82,0.43800000000000006,0.5,1,0.0
800,400,high,2,medium,3,1146758864,50,0.981440962483804,0.8298419714978571,0.8879314178783669,0.5625,1.0,1.0,0.4375,0.88,0.49775,0.5625,2,0.0
800,400,high,2,high,0,1726051843,50,0.9421428808912584,0.6165773523125659,0.7412933293119359,0.5375,0.8625,1.0,0.4625,1.0,0.5585,0.5375,2,0.0
800,400,high,2,high,1,110971202,50,1.005740310337884,0.6500046644088372,0.7964989334075269,0.4875,0.9,0.975,0.5125,0.94,0.4385,0.4875,1,0.0
800,400,high,2,high,2,992106683,50,1.037346085593353,0.6705189152974294,0.8149007623116267,0.45,0.8375,0.975,0.55,1.0,0.507,0.45,1,0.0
800,400,high,2,high,3,1042483805,50,0.9810170059447924,0.6386806712786165,0.8104458988184988,0.525,0.825,0.975,0.475,0.98,0.47775,0.525,2,0.0
800,400,high,4,low,0,1686719445,50,0.08786428306857096,0.055436931988527116,0.06993954869513541,1.0,1.0,1.0,0.0,1.0,1.0,1.0,2,0.0
800,400,high,4,low,1,1102526678,50,0.24354482480989526,0.2132543920577072,0.22347745264710958,1.0,1.0,1.0,0.0,1.0,1.0,1.0,2,0.0
800,400,high,4,low,2,1078015438,50,0.24738726152564067,0.20930370966288273,0.23046433494665367,1.0,1.0,1.0,0.0,1.0,1.0,1.0,2,0.0
800,400,high,4,low,3,334333066,50,0.04355921843369476,0.007180677611282707,0.021349184053655074,1.0,1.0,1.0,0.0,1.0,1.0,1.0,2,0.0
800,400,high,4,medium,0,734751913,50,0.581782738921128,0.4588334705565495,0.519515669581907,1.0,1.0,1.0,0.0,1.0,0.937,1.0,2,0.0
800,400,high,4,medium,1,1230127646,50,0.2725897865862593,0.16833656984875237,0.21906921929070614,1.0,1.0,1.0,0.0,1.0,1.0,1.0,2,0.0
800,400,high,4,medium,2,1149179005,50,0.3373295164830328,0.2724457405574366,0.30073150185070296,1.0,1.0,1.0,0.0,1.0,1.0,1.0,2,0.0
800,400,high,4,medium,3,1565546767,50,0.04600626112576771,0.005744735941115588,0.019356091841615148,1.0,1.0,1.0,0.0,1.0,1.0,1.0,2,0.0
800,400,high,4,high,0,1741377544,50,0.08164236606066969,0.022083118367139446,0.038431241384552894,1.0,1.0,1.0,0.0,1.0,0.999,1.0,2,0.0
800,400,high,4,high,1,1293493958,50,0.9307132268146776,0.5895935092890442,0.7182974155542672,0.5625,0.85,0.975,0.4375,1.0,0.6525000000000001,0.5625,2,0.0
800,400,high,4,high,2,111965846,50,0.5875560233120871,0.485037956237449,0.5349914081536278,1.0,1.0,1.0,0.0,0.98,0.9657499999999999,1.0,2,0.0
800,400,high,4,high,3,870691307,50,0.9676254709392424,0.6268570927226864,0.7784715833988151,0.5625,0.925,1.0,0.4375,1.0,0.604,0.5625,2,0.0
800,400,high,8,low,0,89814301,50,0.024937521482766487,0.006625784164227601,0.014360586326571594,1.0,1.0,1.0,0.0,1.0,1.0,1.0,2,0.0
800,400,high,8,low,1,1357201553,50,0.0880155116751958,0.061547629157343554,0.07748821801711704,1.0,1.0,1.0,0.0,1.0,1.0,1.0,2,0.0
800,400,high,8,low,2,344857290,50,0.3294831703298351,0.2836461510205738,0.3055900002608766,1.0,1.0,1.0,0.0,1.0,1.0,1.0,2,0.0
800,400,high,8,low,3,319239900,50,0.27191747302349134,0.24384934383208803,0.2583783972351544,1.0,1.0,1.0,0.0,1.0,1.0,1.0,2,0.0
800,400,high,8,medium,0,601530473,50,0.1810712786570957,0.096226819340896,0.11700560525361589,1.0,1.0,1.0,0.0,1.0,1.0,1.0,2,0.0
800,400,high,8,medium,1,23742470,50,0.2580325229605285,0.12481745755902542,0.17834700201173917,1.0,1.0,1.0,0.0,1.0,0.99975,1.0,2,0.0
800,400,high,8,medium,2,1703842498,50,0.14438361287266777,0.07007252025032955,0.11027573565833845,1.0,1.0,1.0,0.0,1.0,1.0,1.0,2,0.0
800,400,high,8,medium,3,2097471543,50,0.0750241222605337,0.00968650976543516,0.02925398240808548,1.0,1.0,1.0,0.0,1.0,1.0,1.0,2,0.0
800,400,high,8,high,0,775328492,50,0.12390557287215334,0.022658093485259906,0.03982823814732983,1.0,1.0,1.0,0.0,1.0,0.9982500000000002,1.0,2,0.0
800,400,high,8,high,1,858545846,50,0.16275341948943128,0.029668157166073905,0.08447803664459969,1.0,1.0,1.0,0.0,1.0,1.0,1.0,2,0.0
800,400,high,8,high,2,947380256,50,0.37343903236751796,0.17936783347656082,0.2906740819209102,1.0,1.0,1.0,0.0,1.0,1.0,1.0,2,0.0
800,400,high,8,high,3,1003558725,50,0.2718843593405036,0.11171922767091091,0.1494832952609319,1.0,1.0,1.0,0.0,1.0,1.0,1.0,2,0.0
800,400,extreme,2,low,0,33474903,50,1.0057542468983969,0.9379201519809551,0.9572985416924034,0.4875,1.0,1.0,0.5125,0.58,0.516,0.4875,1,0.0
800,400,extreme,2,low,1,692720530,50,0.9998980131785211,0.9273682334244381,0.9599396611155767,0.5,1.0,1.0,0.5,0.7,0.5897500000000001,0.5,2,0.0
800,400,extreme,2,low,2,1926790335,50,0.999985201971479,0.9510535791438529,0.97612052029783,0.5,1.0,1.0,0.5,0.52,0.47750000000000004,0.5,2,0.0
800,400,extreme,2,low,3,781079126,50,0.9969504384597734,0.9380957930171676,0.9709608243796385,0.5375,1.0,1.0,0.4625,0.62,0.5535,0.5375,2,0.0
800,400,extreme,2,medium,0,1202044056,50,1.0547981430677575,0.8479624642943797,0.945510554225056,0.425,1.0,1.0,0.575,0.56,0.4282499999999999,0.425,1,0.0
800,400,extreme,2,medium,1,533659847,50,0.995336798572799,0.8547089234980149,0.9324204596755461,0.5125,0.975,1.0,0.4875,0.7,0.525,0.5125,2,0.0
800,400,extreme,2,medium,2,821103790,50,1.0253595156178017,0.8592849491911364,0.9549709756746789,0.4625,1.0,1.0,0.5375,0.74,0.5,0.4625,1,0.0
800,400,extreme,2,medium,3,824119849,50,1.0044331837914886,0.8271105461030713,0.9141295699399722,0.4875,1.0,1.0,0.5125,0.78,0.569,0.4875,1,0.0
800,400,extreme,2,high,0,406958047,50,1.0106614651315167,0.6200518306057995,0.8046436263394977,0.4875,0.8625,0.9625,0.5125,0.9,0.45475000000000004,0.4875,1,0.0
800,400,extreme,2,high,1,1732587268,50,0.9478228075841588,0.5712270354176885,0.7773257759355912,0.5625,0.875,0.9625,0.4375,0.92,0.5255000000000001,0.5625,2,0.0
800,400,extreme,2,high,2,1980622060,50,1.0820420863510671,0.6535753404801613,0.7865842183771303,0.4375,0.8375,0.9375,0.5625,0.92,0.46349999999999997,0.4375,1,0.0
800,400,extreme,2,high,3,146180720,50,1.104405236838196,0.6826716014635421,0.9098701954416036,0.375,0.7625,0.9625,0.625,0.86,0.3845,0.375,1,0.0
800,400,extreme,4,low,0,1219017819,50,0.046570999709279554,0.018264016360568257,0.03291466863110669,1.0,1.0,1.0,0.0,0.98,0.9765,1.0,2,0.0
800,400,extreme,4,low,1,1323949693,50,0.04019555126499372,0.014289330818448744,0.02307006392939313,1.0,1.0,1.0,0.0,0.98,0.9695,1.0,2,0.0
800,400,extreme,4,low,2,1183955991,50,0.6251200111170031,0.6131458114032213,0.6207130830880425,1.0,1.0,1.0,0.0,0.86,0.852,1.0,2,0.0
800,400,extreme,4,low,3,79576817,50,0.6279158316613709,0.5903055587302695,0.6072333531698273,1.0,1.0,1.0,0.0,0.92,0.9002500000000001,1.0,2,0.0
800,400,extreme,4,medium,0,971902353,50,0.11424915040806376,0.042165832353002405,0.06497064873371325,1.0,1.0,1.0,0.0,0.98,0.9797500000000003,1.0,2,0.0
800,400,extreme,4,medium,1,1529211563,50,0.16694005561034475,0.0765471024870866,0.1145755171327639,1.0,1.0,1.0,0.0,1.0,0.9984999999999999,1.0,2,0.0
800,400,extreme,4,medium,2,1236857774,50,0.6902526150125998,0.6632891704998608,0.6755710691906842,1.0,1.0,1.0,0.0,0.9,0.8377500000000001,1.0,2,0.0
800,400,extreme,4,medium,3,1336303562,50,0.39573529683632,0.2718294885993462,0.32789054327918676,1.0,1.0,1.0,0.0,0.98,0.9690000000000001,1.0,2,0.0
800,400,extreme,4,high,0,1427065886,50,0.5194086466216994,0.37686679437807546,0.42172647579088796,1.0,1.0,1.0,0.0,0.94,0.9032500000000001,1.0,2,0.0
800,400,extreme,4,high,1,1915657112,50,0.09950988713411726,0.01366453515375702,0.05167619806803948,1.0,1.0,1.0,0.0,1.0,0.97425,1.0,2,0.0
800,400,extreme,4,high,2,1967387884,50,0.190152972361738,0.0553177960629975,0.09744527701135478,1.0,1.0,1.0,0.0,1.0,0.9957499999999999,1.0,2,0.0
800,400,extreme,4,high,3,1298308517,50,0.308151991154378,0.10382435492754384,0.18606413545455291,0.9625,0.975,1.0,0.0375,1.0,0.90625,0.9625,2,0.0
800,400,extreme,8,low,0,744591328,50,0.15758350783887126,0.12870880557242242,0.14257378895836037,1.0,1.0,1.0,0.0,1.0,1.0,1.0,2,0.0
800,400,extreme,8,low,1,1410697122,50,0.22725987135301884,0.20009006238759752,0.21594085288238393,1.0,1.0,1.0,0.0,1.0,0.99725,1.0,2,0.0
800,400,extreme,8,low,2,1485925075,50,0.18986720802526028,0.168178890072168,0.17758769488561713,1.0,1.0,1.0,0.0,0.98,0.9800000000000002,1.0,2,0.0
800,400,extreme,8,low,3,1523083480,50,0.08730264294855342,0.052827136034475045,0.07474612763881819,1.0,1.0,1.0,0.0,1.0,1.0,1.0,2,0.0
800,400,extreme,8,medium,0,10323923,50,0.0561689946754573,0.007636662012363117,0.029563911648164687,1.0,1.0,1.0,0.0,1.0,0.99925,1.0,2,0.0
800,400,extreme,8,medium,1,216914584,50,0.07998682831777698,0.020046442841398376,0.047894033776747925,1.0,1.0,1.0,0.0,1.0,0.99975,1.0,2,0.0
800,400,extreme,8,medium,2,1273263859,50,0.057576626969653835,0.009641153415630184,0.026991480999824888,1.0,1.0,1.0,0.0,1.0,1.0,1.0,2,0.0
800,400,extreme,8,medium,3,1886907464,50,0.041381005386544045,0.005781252639593028,0.022050218360195085,1.0,1.0,1.0,0.0,1.0,0.99875,1.0,2,0.0
800,400,extreme,8,high,0,234026387,50,0.10354744808798472,0.015292760479548436,0.04666801597487094,1.0,1.0,1.0,0.0,1.0,0.9880000000000001,1.0,2,0.0
800,400,extreme,8,high,1,906260366,50,0.25651985078425177,0.04444245210197881,0.13577285568931474,1.0,1.0,1.0,0.0,1.0,0.9975000000000002,1.0,2,0.0
800,400,extreme,8,high,2,1819815748,50,0.25736654977581286,0.08595665237209103,0.16477758981947935,1.0,1.0,1.0,0.0,1.0,0.968,1.0,2,0.0
800,400,extreme,8,high,3,1199502623,50,0.07242859771157363,0.015959182343817435,0.030320874545647674,1.0,1.0,1.0,0.0,1.0,0.9692500000000001,1.0,2,0.0
1600,20,low,2,low,0,641464665,50,81.09475418461902,47.21036027777714,53.09728373307307,0.0,0.0,0.0,1.0,0.0,0.0,0.001,1,0.0
1600,20,low,2,low,1,481953787,50,71.3563157865155,50.30969182160351,57.83937159131497,0.0,0.0,0.0,1.0,0.0,0.0,0.001,1,0.0
1600,20,low,2,low,2,1786436693,50,92.05559720043325,48.77505579813504,57.53723454533991,0.0,0.0,0.0,1.0,0.0,0.0,0.001,1,0.0
1600,20,low,2,low,3,710628738,50,78.68426081053352,43.5657070011839,55.453770868309235,0.0,0.0,0.0,1.0,0.0,0.0,0.001,1,0.0
1600,20,low,2,medium,0,911464395,50,101.51063313581783,30.32584428744886,40.06026640162067,0.0,0.0,0.0,1.0,0.0,0.0,0.001,1,0.0
1600,20,low,2,medium,1,266894859,50,87.7572718737657,25.848570647781024,36.318999850062376,0.0,0.0,0.0,1.0,0.0,0.0,0.001,1,0.0
1600,20,low,2,medium,2,442928081,50,66.80489206219033,23.008334132941542,34.44762458195584,0.0,0.0,0.0,1.0,0.0,0.0,0.001,1,0.0
1600,20,low,2,medium,3,260053751,50,81.05830879831421,24.149286172180116,30.75617340654561,0.0,0.0,0.0,1.0,0.0,0.0,0.001,1,0.0
1600,20,low,2,high,0,2114363046,50,104.43060537963211,13.002623582184933,22.881223591785364,0.0,0.0,0.0,1.0,0.0,0.0,0.001,1,0.0
1600,20,low,2,high,1,889238555,50,82.175825130243,12.61812158256351,24.189627412576634,0.0,0.0,0.0,1.0,0.0,0.0,0.001,1,0.0
1600,20,low,2,high,2,159704801,50,124.87680076314265,13.839359091904432,24.101389652434694,0.0,0.0,0.0,1.0,0.0,0.0,0.001,1,0.0
1600,20,low,2,high,3,827947367,50,134.93974938707754,12.17595547441869,24.06528385060476,0.0,0.0,0.0,1.0,0.0,0.0,0.001,1,0.0
1600,20,low,4,low,0,413096557,50,29.214611125882932,16.42454712548762,21.736007082001418,0.0,0.0,0.0,1.0,0.0,0.0,0.001,1,0.0
1600,20,low,4,low,1,2026987459,50,23.655204036339576,12.33270532578113,15.711505081721462,0.0,0.0,0.0,1.0,0.0,0.0,0.001,1,0.0
1600,20,low,4,low,2,2074737440,50,14.145488875091585,8.561952934327433,10.495215334161486,0.0,0.0,0.0,1.0,0.0,0.0,0.001,1,0.0
1600,20,low,4,low,3,2070929119,50,46.45095477142027,25.313755910830096,31.438197990120027,0.0,0.0,0.0,1.0,0.0,0.0,0.001,1,0.0
1600,20,low,4,medium,0,1285322757,50,61.655779092090384,25.6077713301457,36.11631756222608,0.0,0.0,0.0,1.0,0.0,0.0,0.001,1,0.0
1600,20,low,4,medium,1,103441021,50,25.472534883126578,10.09213864123516,14.121580714382782,0.0,0.0,0.0,1.0,0.0,0.0,0.001,1,0.0
1600,20,low,4,medium,2,60065132,50,12.451870937720582,4.247861964478298,5.696225354645979,0.0,0.0,0.0,1.0,0.0,0.0,0.001,1,0.0
1600,20,low,4,medium,3,2071326683,50,29.194711761917485,11.165494606009686,17.303567107740726,0.0,0.0,0.0,1.0,0.0,0.0,0.001,1,0.0
1600,20,low,4,high,0,1295645535,50,37.81347050279969,5.963453535795296,12.040352034277937,0.0,0.0,0.0,1.0,0.0,0.0,0.001,1,0.0
1600,20,low,4,high,1,1955225158,50,41.19776411159524,4.111526896519063,7.143024048933675,0.0,0.0,0.0,1.0,0.0,0.0,0.001,1,0.0
1600,20,low,4,high,2,1270540475,50,21.33897099533177,4.691794812675103,7.447298794654695,0.0,0.0,0.0,1.0,0.0,0.0,0.001,1,0.0
1600,20,low,4,high,3,1460427200,50,41.74067090005671,8.692523916106596,15.244918091108975,0.0,0.0,0.0,1.0,0.0,0.0,0.001,1,0.0
1600,20,low,8,low,0,1307513150,50,18.842649703357516,12.56512404508959,15.401102857873504,0.0,0.0,0.0,1.0,0.0,0.0,0.001,1,0.0
1600,20,low,8,low,1,2067891123,50,12.857079714746572,7.469700227145841,8.747969352105333,0.0,0.0,0.0,1.0,0.0,0.0,0.001,1,0.0
1600,20,low,8,low,2,331850422,50,19.875459436377334,12.16765649838974,14.695543704059537,0.0,0.0,0.0,1.0,0.0,0.0,0.001,1,0.0
1600,20,low,8,low,3,799718101,50,31.20357736198996,17.290603595913588,20.71030270024573,0.0,0.0,0.0,1.0,0.0,0.0,0.001,1,0.0
1600,20,low,8,medium,0,1409863052,50,14.443640904927769,3.3768130492019486,5.251322407084331,0.0,0.0,0.0,1.0,0.0,0.0,0.001,1,0.0
1600,20,low,8,medium,1,1176007974,50,20.53071590016471,5.344476383966868,8.833366119731393,0.0,0.0,0.0,1.0,0.0,0.0,0.001,1,0.0
1600,20,low,8,medium,2,1862599529,50,26.949634943105128,5.62227831160205,9.962374402756932,0.0,0.0,0.0,1.0,0.0,0.0,0.001,1,0.0
1600,20,low,8,medium,3,339893840,50,20.952131754497426,4.4747085446216825,7.172402421661568,0.0,0.0,0.0125,1.0,0.0,0.0,0.001,1,0.0
1600,20,low,8,high,0,14115549,50,20.97687822556106,3.747324078259653,5.741171538578918,0.0,0.0375,0.05,1.0,0.0,0.0,0.001,1,0.0
1600,20,low,8,high,1,937179748,50,19.0873737192251,6.0473015631767355,8.959663329792704,0.0,0.0,0.0125,1.0,0.0,0.0,0.001,1,0.0
1600,20,low,8,high,2,902277699,50,23.982757714390253,4.8429630596708035,9.00300922949459,0.0,0.0,0.0,1.0,0.0,0.0,0.001,1,0.0
1600,20,low,8,high,3,1845598539,50,50.271018420476935,4.781426396193952,10.27145956458584,0.0,0.0,0.0125,1.0,0.0,0.0,0.001,1,0.0
1600,20,medium,2,low,0,1315481131,50,71.0804484665858,45.876682581735544,57.78197599718407,0.0,0.0,0.0,1.0,0.0,0.0,0.001,1,0.0
1600,20,medium,2,low,1,1762327071,50,77.66331707313108,52.14869583986931,60.39954849764599,0.0,0.0,0.0,1.0,0.0,0.0,0.001,1,0.0
1600,20,medium,2,low,2,1999994685,50,78.58486154575127,48.391646787807645,63.449076363249496,0.0,0.0,0.0,1.0,0.0,0.0,0.001,1,0.0
1600,20,medium,2,low,3,731751424,50,92.68971347398292,49.5046063680563,68.49105327757567,0.0,0.0,0.0,1.0,0.0,0.0,0.001,1,0.0
1600,20,medium,2,medium,0,846835294,50,103.39646625516255,27.24404472597309,46.22604336252674,0.0,0.0,0.0,1.0,0.0,0.0,0.001,1,0.0
1600,20,medium,2,medium,1,1028195465,50,97.46149887567421,26.140820322023483,43.593930470069644,0.0,0.0,0.0,1.0,0.0,0.0,0.001,1,0.0
1600,20,medium,2,medium,2,2071836926,50,79.70813514975404,26.54786219572006,43.757904986796675,0.0,0.0,0.0,1.0,0.0,0.0,0.001,1,0.0
1600,20,medium,2,medium,3,1275899777,50,84.3909896887084,28.833322599892924,41.26983554819828,0.0,0.0,0.0,1.0,0.0,0.0,0.001,1,0.0
1600,20,medium,2,high,0,993582852,50,46.57355280114601,12.244421307599826,23.041330025353602,0.0,0.0,0.0,1.0,0.0,0.0,0.001,1,0.0
1600,20,medium,2,high,1,425798013,50,53.526349898523996,13.06539182686365,20.058863288932024,0.0,0.0,0.0,1.0,0.0,0.0,0.001,1,0.0
1600,20,medium,2,high,2,899853284,50,75.29868538722553,14.70774698243457,22.66557911984746,0.0,0.0,0.0,1.0,0.0,0.0,0.001,1,0.0
1600,20,medium,2,high,3,21545399,50,59.58580238790391,14.111260280659161,19.486151288722386,0.0,0.0,0.0,1.0,0.0,0.0,0.001,1,0.0
1600,20,medium,4,low,0,110086028,50,35.992224034615646,23.75116714552599,27.281591488162853,0.0,0.0,0.0,1.0,0.0,0.0,0.001,1,0.0
1600,20,medium,4,low,1,529097577,50,12.09238981467475,7.458284450781809,9.083456268677558,0.0,0.0,0.0,1.0,0.0,0.0,0.001,1,0.0
1600,20,medium,4,low,2,1714385405,50,63.26356293592251,41.545035106826525,50.530391884414556,0.0,0.0,0.0,1.0,0.0,0.0,0.001,1,0.0
1600,20,medium,4,low,3,1796123495,50,42.263356399551284,24.436892099854912,31.637395551992867,0.0,0.0,0.0,1.0,0.0,0.0,0.001,1,0.0
1600,20,medium,4,medium,0,1537020927,50,48.5526741528776,12.262774327647811,21.319430770269488,0.0,0.0,0.0,1.0,0.0,0.0,0.001,1,0.0
1600,20,medium,4,medium,1,1000740985,50,14.581545534903007,4.044496871400001,6.139945382047544,0.0,0.0,0.0,1.0,0.0,0.0,0.001,1,0.0
1600,20,medium,4,medium,2,67835745,50,28.471086553166238,4.282636467241733,8.772837209906047,0.0,0.0,0.0,1.0,0.0,0.0,0.001,1,0.0
1600,20,medium,4,medium,3,186171963,50,30.933907189200063,8.257094793329,13.581214063902063,0.0,0.0,0.0,1.0,0.0,0.0,0.001,1,0.0
1600,20,medium,4,high,0,2023453084,50,44.9700863935935,9.434384389117357,13.826178534298379,0.0,0.0,0.0,1.0,0.0,0.0,0.001,1,0.0
1600,20,medium,4,high,1,1790684053,50,34.931597640296886,5.6963017874672,14.88863686493174,0.0,0.0,0.0,1.0,0.0,0.0,0.001,1,0.0
1600,20,medium,4,high,2,2075427107,50,65.75460657893984,10.491015614554437,15.20124519186939,0.0,0.0,0.0,1.0,0.0,0.0,0.001,1,0.0
1600,20,medium,4,high,3,578075007,50,24.969100600728254,4.3345307010196885,6.006143928894334,0.0,0.0,0.0,1.0,0.0,0.0,0.001,1,0.0
1600,20,medium,8,low,0,558788713,50,20.985492500336377,12.120600525829982,15.31630045231747,0.0,0.0,0.0,1.0,0.0,0.0,0.001,1,0.0
1600,20,medium,8,low,1,573105354,50,19.014607767845412,11.99539619080918,14.190262849905263,0.0,0.0,0.0,1.0,0.0,0.0,0.001,1,0.0
1600,20,medium,8,low,2,1145836086,50,12.749956668851974,7.624051391726495,9.085080255540316,0.0,0.0,0.0,1.0,0.0,0.0,0.001,1,0.0
1600,20,medium,8,low,3,136851698,50,19.8066608831854,12.137121734515668,14.51300490461336,0.0,0.0,0.0,1.0,0.0,0.0,0.001,1,0.0
1600,20,medium,8,medium,0,1045302593,50,18.846384302282594,4.5768909937156765,7.281425702897572,0.0,0.0,0.0,1.0,0.0,0.0,0.001,1,0.0
1600,20,medium,8,medium,1,222804009,50,9.003009669017205,2.9251370938281864,4.941508138358125,0.0,0.0,0.0,1.0,0.0,0.0,0.001,1,0.0
1600,20,medium,8,medium,2,1720786472,50,40.260584348380554,13.279619405974497,20.454921076309343,0.0,0.0,0.0,1.0,0.0,0.0,0.001,1,0.0
1600,20,medium,8,medium,3,2069273116,50,9.515627089715654,3.1827745411066597,4.928291115389292,0.0,0.0125,0.025,1.0,0.0,0.00075,0.001,1,0.0
1600,20,medium,8,high,0,1753743425,50,19.950088173065414,1.7008056549184345,4.640181271907564,0.0,0.075,0.1125,1.0,0.02,0.010499999999999999,0.001,1,0.0
1600,20,medium,8,high,1,836667828,50,38.50642324407536,4.540950348055314,10.1097958670307,0.0,0.0,0.0125,1.0,0.0,0.0,0.001,1,0.0
1600,20,medium,8,high,2,1016636028,50,23.704803434644646,5.7358365283773365,10.112215022838354,0.0,0.0,0.0,1.0,0.0,0.0,0.001,1,0.0
1600,20,medium,8,high,3,1755535731,50,9.074931518461035,2.099757191802879,4.027578025993403,0.0125,0.0375,0.0875,0.9875,0.0,0.013250000000000001,0.0125,1,0.0
1600,20,high,2,low,0,1279762105,50,89.86444547942479,53.63247146519508,63.871194867594106,0.0,0.0,0.0,1.0,0.0,0.0,0.001,1,0.0
1600,20,high,2,low,1,1209476183,50,80.41364818357471,48.70593264607408,59.344836476323735,0.0,0.0,0.0,1.0,0.0,0.0,0.001,1,0.0
1600,20,high,2,low,2,1161735400,50,75.90128631990724,48.68932201761377,61.697557109710374,0.0,0.0,0.0,1.0,0.0,0.0,0.001,1,0.0
1600,20,high,2,low,3,958535352,50,85.86386776308072,51.950836670496564,65.03566636296344,0.0,0.0,0.0,1.0,0.0,0.0,0.001,1,0.0
1600,20,high,2,medium,0,314030642,50,66.86312256456183,24.705556305435334,35.59515690793479,0.0,0.0,0.0,1.0,0.0,0.0,0.001,1,0.0
1600,20,high,2,medium,1,1793764600,50,57.600852732846825,25.657689037004808,34.055523466382034,0.0,0.0,0.0,1.0,0.0,0.0,0.001,1,0.0
1600,20,high,2,medium,2,1751442110,50,62.05431955019526,23.736496642007175,31.85188825031633,0.0,0.0,0.0,1.0,0.0,0.0,0.001,1,0.0
1600,20,high,2,medium,3,11277512,50,76.02773710937538,25.801436764598126,35.16860550424445,0.0,0.0,0.0,1.0,0.0,0.0,0.001,1,0.0
1600,20,high,2,high,0,379827533,50,56.31912783521564,12.929851926626942,22.567464732386576,0.0,0.0,0.0,1.0,0.0,0.0,0.001,1,0.0
1600,20,high,2,high,1,580362400,50,60.113476123719295,14.495315367735632,21.158600729928473,0.0,0.0,0.0,1.0,0.0,0.0,0.001,1,0.0
1600,20,high,2,high,2,18027353,50,98.13679183315693,13.820930996055536,19.190289575649945,0.0,0.0,0.0,1.0,0.0,0.0,0.001,1,0.0
1600,20,high,2,high,3,876652807,50,85.06059144585433,11.072442980339428,23.292921165831505,0.0,0.0,0.0,1.0,0.0,0.0,0.001,1,0.0
1600,20,high,4,low,0,1698887843,50,26.459569076400317,13.66373235416372,16.881083832126208,0.0,0.0,0.0,1.0,0.0,0.0,0.001,1,0.0
1600,20,high,4,low,1,400743287,50,25.384450384700823,15.233384012296492,19.982749901677465,0.0,0.0,0.0,1.0,0.0,0.0,0.001,1,0.0
1600,20,high,4,low,2,2121144500,50,59.53337085159905,35.470565341543605,44.45818064897905,0.0,0.0,0.0,1.0,0.0,0.0,0.001,1,0.0
1600,20,high,4,low,3,564851120,50,64.85054955918869,43.04525975617315,49.18218961757583,0.0,0.0,0.0,1.0,0.0,0.0,0.001,1,0.0
1600,20,high,4,medium,0,1928013556,50,85.24322929104477,26.408945402243976,40.060769910924236,0.0,0.0,0.0,1.0,0.0,0.0,0.001,1,0.0
1600,20,high,4,medium,1,113373195,50,16.487673901190703,5.034431615946353,6.934770172313075,0.0,0.0,0.0,1.0,0.0,0.0005,0.001,1,0.0
1600,20,high,4,medium,2,1964287053,50,42.466901657120644,17.689368003036215,24.52449631239601,0.0,0.0,0.0,1.0,0.0,0.0,0.001,1,0.0
1600,20,high,4,medium,3,1633270976,50,35.61106938644424,13.660300529731362,20.445499713481688,0.0,0.0,0.0,1.0,0.0,0.0,0.001,1,0.0
1600,20,high,4,high,0,941350168,50,19.225349247634078,2.4025278161098447,4.202840159403673,0.0125,0.0375,0.0625,0.9875,0.12,0.027000000000000003,0.0125,1,0.0
1600,20,high,4,high,1,1833543595,50,26.717523125837175,4.090668984394083,6.763740272967129,0.0,0.0,0.0,1.0,0.0,0.0,0.001,1,0.0
1600,20,high,4,high,2,1989829650,50,62.84135910219094,5.428587206973372,9.738851832881107,0.0,0.0,0.0,1.0,0.0,0.0,0.001,1,0.0
1600,20,high,4,high,3,1493718432,50,45.044688024596454,11.383908170294232,15.996710777625776,0.0,0.0,0.0,1.0,0.0,0.0,0.001,1,0.0
1600,20,high,8,low,0,2138083496,50,40.875583707753634,23.615732154902375,31.401118270812958,0.0,0.0,0.0,1.0,0.0,0.0,0.001,1,0.0
1600,20,high,8,low,1,1876629551,50,10.440484913152602,6.145695940466671,7.693794865044948,0.0,0.0,0.0,1.0,0.02,0.014000000000000002,0.001,1,0.0
1600,20,high,8,low,2,700979822,50,16.895218432978453,9.419613913974667,11.556603459585665,0.0,0.0,0.0,1.0,0.0,0.0,0.001,1,0.0
1600,20,high,8,low,3,1280278524,50,23.123519971022226,14.944165562725464,18.326085981145596,0.0,0.0,0.0,1.0,0.0,0.0,0.001,1,0.0
1600,20,high,8,medium,0,839281535,50,33.35189599041165,7.626282474453401,11.84159711289988,0.0,0.0,0.0,1.0,0.0,0.0,0.001,1,0.0
1600,20,high,8,medium,1,1619500131,50,14.067564873312687,3.7792309685414214,5.511561439317282,0.0,0.0,0.0,1.0,0.08,0.014000000000000002,0.001,1,0.0
1600,20,high,8,medium,2,935635934,50,18.306696637594367,6.736343031240333,9.79426064154627,0.0,0.0,0.0,1.0,0.0,0.0,0.001,1,0.0
1600,20,high,8,medium,3,1455201792,50,17.717873629646114,5.3889375926167515,7.537572753519021,0.0,0.0,0.0,1.0,0.0,0.0,0.001,1,0.0
1600,20,high,8,high,0,1922380089,50,9.949629909881182,3.451260552179725,5.82700492329916,0.0,0.0,0.0375,1.0,0.0,0.00075,0.001,1,0.0
1600,20,high,8,high,1,1485959583,50,16.54284293436978,2.8714687143995095,5.768410399162776,0.0125,0.025,0.025,0.9875,0.0,0.02,0.0125,1,0.0
1600,20,high,8,high,2,493831616,50,18.72578675939703,3.343146559613831,4.338750816008218,0.0,0.0,0.025,1.0,0.0,0.00075,0.001,1,0.0
1600,20,high,8,high,3,1314188022,50,15.095451875298364,1.7745537191174443,3.6461906642883872,0.025,0.075,0.125,0.975,0.24,0.03724999999999999,0.025,1,0.0
1600,20,extreme,2,low,0,984296103,50,82.58372829242586,44.206210475540715,58.39176858786477,0.0,0.0,0.0,1.0,0.0,0.0,0.001,1,0.0
1600,20,extreme,2,low,1,1810413089,50,77.80122547648035,51.212102921742506,56.92847612377323,0.0,0.0,0.0,1.0,0.0,0.0,0.001,1,0.0
1600,20,extreme,2,low,2,232598475,50,82.78927631034233,48.58110586522494,57.959767285092944,0.0,0.0,0.0,1.0,0.0,0.0,0.001,1,0.0
1600,20,extreme,2,low,3,1215849155,50,86.13336708018844,47.10982048390934,60.044944251274394,0.0,0.0,0.0,1.0,0.0,0.0,0.001,1,0.0
1600,20,extreme,2,medium,0,1369547316,50,88.61540592454872,27.031187382315352,43.42849802446448,0.0,0.0,0.0,1.0,0.0,0.0,0.001,1,0.0
1600,20,extreme,2,medium,1,1117416526,50,58.85067930094549,22.028211412419104,37.48710125252748,0.0,0.0,0.0,1.0,0.0,0.0,0.001,1,0.0
1600,20,extreme,2,medium,2,1020183500,50,70.95974502898144,27.49154824500601,36.757580740147475,0.0,0.0,0.0,1.0,0.0,0.0,0.001,1,0.0
1600,20,extreme,2,medium,3,1826576377,50,81.17400863314063,26.65121555599735,38.05815325561092,0.0,0.0,0.0,1.0,0.0,0.0,0.001,1,0.0
1600,20,extreme,2,high,0,731599929,50,407.55992519860337,12.990438504289285,24.357970626682288,0.0,0.0,0.0,1.0,0.0,0.0,0.001,1,0.0
1600,20,extreme,2,high,1,350889137,50,38.736665899100686,13.839438521041023,18.484814123228155,0.0,0.0,0.0,1.0,0.0,0.0,0.001,1,0.0
1600,20,extreme,2,high,2,455317624,50,72.11365158178987,13.121589401236276,21.555260550715186,0.0,0.0,0.0,1.0,0.0,0.0,0.001,1,0.0
1600,20,extreme,2,high,3,1718840848,50,111.04825456015104,15.627183415667329,22.453985232592387,0.0,0.0,0.0,1.0,0.0,0.0,0.001,1,0.0
1600,20,extreme,4,low,0,22917526,50,72.71115276814396,44.6027117843741,50.026849071203586,0.0,0.0,0.0,1.0,0.0,0.0,0.001,1,0.0
1600,20,extreme,4,low,1,751494822,50,31.24763097395082,18.47628352753695,22.3413885294974,0.0,0.0,0.0,1.0,0.0,0.0,0.001,1,0.0
1600,20,extreme,4,low,2,1319633042,50,17.123157645473363,11.115493002589055,13.223557499932305,0.0,0.0,0.0,1.0,0.04,0.039999999999999994,0.001,1,0.0
1600,20,extreme,4,low,3,1595849348,50,35.82731544388176,20.379627916289053,25.994185595994782,0.0,0.0,0.0,1.0,0.0,0.0,0.001,1,0.0
1600,20,extreme,4,medium,0,1319946925,50,75.09632011684631,24.09795600846179,41.231511789462175,0.0,0.0,0.0,1.0,0.0,0.0,0.001,1,0.0
1600,20,extreme,4,medium,1,1121519017,50,33.414140685135585,9.898977827367238,16.357716912340983,0.0,0.0,0.0,1.0,0.0,0.00075,0.001,1,0.0
1600,20,extreme,4,medium,2,885584049,50,63.575030944621055,17.89727738385507,27.974764376420787,0.0,0.0,0.0,1.0,0.0,0.0,0.001,1,0.0
1600,20,extreme,4,medium,3,1847679640,50,22.62104338556718,9.58648981703292,13.731022498142881,0.0,0.0,0.0,1.0,0.0,0.0,0.001,1,0.0
1600,20,extreme,4,high,0,1523645342,50,117.72162254608855,14.207428530622348,26.400160542401508,0.0,0.0,0.0,1.0,0.0,0.0,0.001,1,0.0
1600,20,extreme,4,high,1,894019289,50,119.4727547742572,3.2787788090359324,6.182924507846775,0.0,0.0,0.0125,1.0,0.22,0.04025000000000001,0.001,1,0.0
1600,20,extreme,4,high,2,1692513834,50,154.31077476780155,9.274009866638476,14.676941755942352,0.0,0.0,0.0,1.0,0.0,0.0,0.001,1,0.0
1600,20,extreme,4,high,3,383130148,50,26.004576407842578,5.428625701569487,10.058611972320923,0.0,0.0,0.0,1.0,0.0,0.001,0.001,1,0.0
1600,20,extreme,8,low,0,1592119224,50,54.400752692404,33.53294255844697,39.789804684167805,0.0,0.0,0.0,1.0,0.0,0.0,0.001,1,0.0
1600,20,extreme,8,low,1,600589070,50,24.02131379494379,16.34609788965733,19.478344749789358,0.0,0.0,0.0,1.0,0.0,0.0,0.001,1,0.0
1600,20,extreme,8,low,2,1986240538,50,15.934659998813835,9.564051839200332,12.117872775575997,0.0,0.0,0.0,1.0,0.08,0.058750000000000004,0.001,1,0.0
1600,20,extreme,8,low,3,1119563365,50,10.3928011080801,5.791488528200952,7.425481535095465,0.0,0.0,0.0,1.0,0.24,0.15225,0.001,1,0.0
1600,20,extreme,8,medium,0,332500295,50,23.62004746021535,7.816480146033291,13.064954713003306,0.0,0.0,0.0,1.0,0.0,0.0005,0.001,1,0.0
1600,20,extreme,8,medium,1,1249859362,50,13.457230673212631,6.388947477872607,9.036233052036188,0.0,0.0,0.0,1.0,0.02,0.015000000000000003,0.001,1,0.0
1600,20,extreme,8,medium,2,547638301,50,14.889439356294144,5.563059851693777,7.463194855627888,0.0,0.0,0.0,1.0,0.16,0.073,0.001,1,0.0
1600,20,extreme,8,medium,3,1850687506,50,22.400344496384136,6.585689202176659,10.11089885238797,0.0,0.0,0.0,1.0,0.04,0.01025,0.001,1,0.0
1600,20,extreme,8,high,0,16252791,50,11.69188509747956,1.644723457311259,3.244838202949866,0.025,0.075,0.125,0.975,0.32,0.10200000000000001,0.025,1,0.0
1600,20,extreme,8,high,1,1467617242,50,17.55502985382779,3.1870022359617463,5.148739343953169,0.0,0.0,0.0125,1.0,0.08,0.026750000000000003,0.001,1,0.0
1600,20,extreme,8,high,2,2118944836,50,7.280798961932076,1.5887818112594319,2.778976733979732,0.0375,0.1,0.1625,0.9625,0.54,0.203,0.0375,1,0.0
1600,20,extreme,8,high,3,656398361,50,28.325880038964858,1.4227094320050182,3.836717733461301,0.0875,0.125,0.15,0.9125,0.8,0.2415,0.0875,1,0.0
1600,50,low,2,low,0,1667752296,50,31.533520442352987,24.20330856875472,27.595314476791888,0.0,0.0,0.0,1.0,0.0,0.0,0.001,1,0.0
1600,50,low,2,low,1,1970015307,50,31.550730844479773,24.821392233414397,27.59138091863757,0.0,0.0,0.0,1.0,0.0,0.0,0.001,1,0.0
1600,50,low,2,low,2,1719944376,50,29.87941902243086,24.156514438615915,26.45014251587031,0.0,0.0,0.0,1.0,0.0,0.0,0.001,1,0.0
1600,50,low,2,low,3,508500726,50,30.64633090981564,24.462784091760962,27.709691599018058,0.0,0.0,0.0,1.0,0.0,0.0,0.001,1,0.0
1600,50,low,2,medium,0,1810342802,50,32.23325822993611,17.64263926218321,21.74088499050589,0.0,0.0,0.0,1.0,0.0,0.0,0.001,1,0.0
1600,50,low,2,medium,1,1824196076,50,31.214461795763693,19.203159495401838,22.8570828196782,0.0,0.0,0.0,1.0,0.0,0.0,0.001,1,0.0
1600,50,low,2,medium,2,178640982,50,29.345317390374476,16.923415123981005,22.00702415819434,0.0,0.0,0.0,1.0,0.0,0.0,0.001,1,0.0
1600,50,low,2,medium,3,1293982987,50,31.480082761411474,16.76739196685796,22.59297778659944,0.0,0.0,0.0,1.0,0.0,0.0,0.001,1,0.0
1600,50,low,2,high,0,1072725424,50,24.487929616173975,9.623018183269503,15.50068215959462,0.0,0.0,0.0,1.0,0.0,0.0,0.001,1,0.0
1600,50,low,2,high,1,1424893759,50,37.98765178466799,10.331262606670549,18.0606937623537,0.0,0.0,0.0,1.0,0.0,0.0,0.001,1,0.0
1600,50,low,2,high,2,1771313240,50,24.037244962271572,10.452606236379411,15.423772789115834,0.0,0.0,0.0,1.0,0.0,0.0,0.001,1,0.0
1600,50,low,2,high,3,57376327,50,41.67868872590341,10.902070359928091,17.75107160884032,0.0,0.0,0.0,1.0,0.0,0.0,0.001,1,0.0
1600,50,low,4,low,0,1551768228,50,10.635881133437941,7.981449206365751,9.04164186289001,0.0,0.0,0.0,1.0,0.0,0.0,0.001,1,0.0
1600,50,low,4,low,1,2038768211,50,13.548028264917978,10.267864931498925,11.479408524878812,0.0,0.0,0.0,1.0,0.0,0.0,0.001,1,0.0
1600,50,low,4,low,2,1167535230,50,5.328024116973406,4.137563303049956,4.729648494507776,0.0,0.0,0.0,1.0,0.0,0.0,0.001,1,0.0
1600,50,low,4,low,3,2092580156,50,31.056800840558587,25.16502230395755,27.477165772443808,0.0,0.0,0.0,1.0,0.0,0.0,0.001,1,0.0
1600,50,low,4,medium,0,1152268151,50,14.306833285096888,8.17372276890772,10.261112780492436,0.0,0.0,0.0,1.0,0.0,0.0,0.001,1,0.0
1600,50,low,4,medium,1,1765236718,50,6.716276970796928,3.5238631280534114,4.542376701156513,0.0,0.0,0.0125,1.0,0.0,0.0,0.001,1,0.0
1600,50,low,4,medium,2,474087686,50,21.564631935880776,11.224344532494747,15.016957438535295,0.0,0.0,0.0,1.0,0.0,0.0,0.001,1,0.0
1600,50,low,4,medium,3,616544648,50,5.512008636550343,2.544616656779865,3.575051713797424,0.0,0.0125,0.025,1.0,0.0,0.00025,0.001,1,0.0
1600,50,low,4,high,0,1117637192,50,9.053346655844521,2.115092208520358,3.9746398615502483,0.0,0.05,0.1,1.0,0.0,0.0,0.001,1,0.0
1600,50,low,4,high,1,142122313,50,29.10555565335969,9.9280731468437,15.276319738183874,0.0,0.0,0.0,1.0,0.0,0.0,0.001,1,0.0
1600,50,low,4,high,2,1486805743,50,23.32117058886448,5.190032556857811,7.268635608040155,0.0,0.0,0.0,1.0,0.0,0.0,0.001,1,0.0
1600,50,low,4,high,3,1734197743,50,5.535766883181846,1.8517642448234743,2.8493422204112226,0.0,0.025,0.1625,1.0,0.0,0.0045,0.001,1,0.0
1600,50,low,8,low,0,1331949823,50,9.179530210868599,6.950782951732523,8.114989831758015,0.0,0.0,0.0,1.0,0.0,0.0,0.001,1,0.0
1600,50,low,8,low,1,975844457,50,5.038399927257931,3.934033749653072,4.498074616388607,0.0,0.0,0.0,1.0,0.0,0.0,0.001,1,0.0
1600,50,low,8,low,2,2030977085,50,6.401704706884644,5.268397175625229,5.735348253493402,0.0,0.0,0.0,1.0,0.0,0.0,0.001,1,0.0
1600,50,low,8,low,3,1195144945,50,5.304095903631064,3.9435802734465155,4.4537408564139485,0.0,0.0,0.0,1.0,0.0,0.0,0.001,1,0.0
1600,50,low,8,medium,0,1019430585,50,10.519445128764014,5.65978434206876,7.269324112848806,0.0,0.0,0.0,1.0,0.0,0.0,0.001,1,0.0
1600,50,low,8,medium,1,1191103848,50,8.406190037728297,3.7841479602286303,5.012520297266895,0.0,0.0,0.0,1.0,0.0,0.0,0.001,1,0.0
1600,50,low,8,medium,2,206159756,50,5.0360359269503885,2.483480092137316,3.143379308654964,0.0,0.025,0.0875,1.0,0.0,0.00025,0.001,1,0.0
1600,50,low,8,medium,3,1041650807,50,4.644251753659216,2.3355400445549894,2.9085807770622036,0.0,0.0125,0.05,1.0,0.0,0.0,0.001,1,0.0
1600,50,low,8,high,0,100719850,50,4.719288538803118,1.727273145687111,2.790602298469943,0.025,0.0875,0.125,0.975,0.0,0.025500000000000002,0.025,1,0.0
1600,50,low,8,high,1,1990737650,50,5.899600989654992,0.7744875629071929,1.5536219086523428,0.15,0.225,0.3125,0.85,1.0,0.15225,0.15,1,0.0
1600,50,low,8,high,2,1870554148,50,13.201360674296401,2.7483301509823246,4.647656439685045,0.0,0.025,0.05,1.0,0.0,0.0,0.001,1,0.0
1600,50,low,8,high,3,1199469630,50,8.344060877220567,2.3065488828089267,3.866677899250382,0.0,0.075,0.0875,1.0,0.0,0.00075,0.001,1,0.0
1600,50,medium,2,low,0,50583037,50,32.391376785294995,24.072652467699495,26.313395019908942,0.0,0.0,0.0,1.0,0.0,0.0,0.001,1,0.0
1600,50,medium,2,low,1,1224075162,50,31.31440240152405,24.292291167002773,26.6960656212132,0.0,0.0,0.0,1.0,0.0,0.0,0.001,1,0.0
1600,50,medium,2,low,2,1421966363,50,30.41532530856218,25.029042743704622,27.915578537740657,0.0,0.0,0.0,1.0,0.0,0.0,0.001,1,0.0
1600,50,medium,2,low,3,1299449512,50,31.286300193373414,26.133295688099107,28.53471612503789,0.0,0.0,0.0,1.0,0.0,0.0,0.001,1,0.0
1600,50,medium,2,medium,0,1427808454,50,29.8718046964577,18.120300373894636,21.438116216262664,0.0,0.0,0.0,1.0,0.0,0.0,0.001,1,0.0
1600,50,medium,2,medium,1,299905812,50,32.87732804642838,17.580331790785305,24.29300723217635,0.0,0.0,0.0,1.0,0.0,0.0,0.001,1,0.0
1600,50,medium,2,medium,2,683611633,50,30.83297767312058,16.500510218776565,23.80476918309176,0.0,0.0,0.0,1.0,0.0,0.0,0.001,1,0.0
1600,50,medium,2,medium,3,816392600,50,29.32618015212476,15.062956269502308,19.769723588366134,0.0,0.0,0.0,1.0,0.0,0.0,0.001,1,0.0
1600,50,medium,2,high,0,1543095198,50,28.265280001418645,10.980782026901274,14.479943448620524,0.0,0.0,0.0,1.0,0.0,0.0,0.001,1,0.0
1600,50,medium,2,high,1,686709354,50,28.871921869764375,12.745864611613355,18.541131846266715,0.0,0.0,0.0,1.0,0.0,0.0,0.001,1,0.0
1600,50,medium,2,high,2,1986695499,50,31.223487209725697,12.940157164049843,17.058473086566078,0.0,0.0,0.0,1.0,0.0,0.0,0.001,1,0.0
1600,50,medium,2,high,3,506721996,50,32.33674503975176,11.511409434495022,15.305927765938012,0.0,0.0,0.0,1.0,0.0,0.0,0.001,1,0.0
1600,50,medium,4,low,0,679625354,50,9.992989890722203,8.22074414167254,8.994301449765777,0.0,0.0,0.0,1.0,0.0,0.0,0.001,1,0.0
1600,50,medium,4,low,1,494251166,50,4.226207600744731,3.1138236911514667,3.7486141402729567,0.0,0.0,0.0,1.0,0.0,0.0,0.001,1,0.0
1600,50,medium,4,low,2,1037973622,50,4.510940974161025,3.526997496136665,3.8397833169083295,0.0,0.0,0.0,1.0,0.0,0.0,0.001,1,0.0
1600,50,medium,4,low,3,50538438,50,5.300638877740326,4.330691696764487,4.778918469059006,0.0,0.0,0.0,1.0,0.0,0.0,0.001,1,0.0
1600,50,medium,4,medium,0,580043940,50,12.219118386547105,5.759092080438035,7.328866804514447,0.0,0.0,0.0,1.0,0.0,0.0,0.001,1,0.0
1600,50,medium,4,medium,1,187767285,50,6.28942932021101,2.76115187738589,3.5218293144437944,0.0,0.0125,0.025,1.0,0.0,0.0015,0.001,1,0.0
1600,50,medium,4,medium,2,83791523,50,14.008592662559174,6.484464617002299,8.373592738790428,0.0,0.0,0.0,1.0,0.0,0.0,0.001,1,0.0
1600,50,medium,4,medium,3,2134726537,50,5.632088460133772,3.24206779592702,4.385954877668051,0.0,0.0,0.0,1.0,0.0,0.0,0.001,1,0.0
1600,50,medium,4,high,0,217792000,50,5.2164060903385545,0.8930572304932257,2.085700236173207,0.1375,0.2125,0.25,0.8625,1.0,0.13,0.1375,1,0.0
1600,50,medium,4,high,1,1488422173,50,17.74327698888648,5.683107672865173,7.939526482644993,0.0,0.0,0.0,1.0,0.0,0.0,0.001,1,0.0
1600,50,medium,4,high,2,1701403283,50,24.414538039728274,10.024606862979935,14.130086312593118,0.0,0.0,0.0,1.0,0.0,0.0,0.001,1,0.0
1600,50,medium,4,high,3,1022757772,50,25.337388574089594,8.717499448904963,11.891631674929453,0.0,0.0,0.0,1.0,0.0,0.0,0.001,1,0.0
1600,50,medium,8,low,0,654338274,50,5.324814882059886,3.9992553232987884,4.439437301045072,0.0,0.0,0.0,1.0,0.0,0.0,0.001,1,0.0
1600,50,medium,8,low,1,1853768668,50,15.163537832623348,12.373924668880177,13.440498844839981,0.0,0.0,0.0,1.0,0.0,0.0,0.001,1,0.0
1600,50,medium,8,low,2,23529619,50,5.741886147277353,4.47474714554835,4.985369741682347,0.0,0.0,0.0,1.0,0.0,0.0,0.001,1,0.0
1600,50,medium,8,low,3,1945689027,50,7.671706686779934,6.132010027277951,6.646470047293121,0.0,0.0,0.0,1.0,0.0,0.0,0.001,1,0.0
1600,50,medium,8,medium,0,1837060376,50,7.4966619841377256,3.441772109364473,3.976298619056916,0.0,0.0,0.0125,1.0,0.0,0.0,0.001,1,0.0
1600,50,medium,8,medium,1,428712782,50,4.901145472591127,1.960480287013461,2.972337510335379,0.0,0.0375,0.1125,1.0,0.0,0.006750000000000001,0.001,1,0.0
1600,50,medium,8,medium,2,1899416289,50,9.06554060237848,5.2791397124094885,6.542206417521432,0.0,0.0,0.0,1.0,0.0,0.0,0.001,1,0.0
1600,50,medium,8,medium,3,576721256,50,4.257085499825978,1.7075553385519502,2.4668714297016363,0.0,0.05,0.1625,1.0,0.06,0.013750000000000002,0.001,1,0.0
1600,50,medium,8,high,0,971799030,50,6.8890708449655484,1.495394659420704,3.0666946080633206,0.05,0.1,0.15,0.95,0.42,0.05125,0.05,1,0.0
1600,50,medium,8,high,1,1186663885,50,7.0133332470085925,2.38892301499472,3.8342830036599462,0.0,0.0375,0.075,1.0,0.0,0.00925,0.001,1,0.0
1600,50,medium,8,high,2,405494675,50,12.66877496228737,5.151933521544626,7.539513542678,0.0,0.0,0.0,1.0,0.0,0.0,0.001,1,0.0
1600,50,medium,8,high,3,1900818141,50,13.775241531421361,3.058129625018473,5.501032116787216,0.0125,0.0125,0.0375,0.9875,0.0,0.01225,0.0125,1,0.0
1600,50,high,2,low,0,1406749330,50,31.165597858750424,24.635418686894706,26.600948233191573,0.0,0.0,0.0,1.0,0.0,0.0,0.001,1,0.0
1600,50,high,2,low,1,157744679,50,31.132932051440683,23.134144550496224,27.00333947928455,0.0,0.0,0.0,1.0,0.0,0.0,0.001,1,0.0
1600,50,high,2,low,2,858469897,50,31.548711082788188,25.170986175994287,27.49487733318774,0.0,0.0,0.0,1.0,0.0,0.0,0.001,1,0.0
1600,50,high,2,low,3,1242854893,50,30.441267835453417,25.260229979951767,26.47669294256496,0.0,0.0,0.0,1.0,0.0,0.0,0.001,1,0.0
1600,50,high,2,medium,0,687059654,50,30.661250979400133,16.29381389947151,23.034396858760875,0.0,0.0,0.0,1.0,0.0,0.0,0.001,1,0.0
1600,50,high,2,medium,1,170207337,50,29.94306806297491,18.821789313590834,21.129972717716253,0.0,0.0,0.0,1.0,0.0,0.0,0.001,1,0.0
1600,50,high,2,medium,2,1922672353,50,30.859601359167495,17.9405319037419,21.983935241007934,0.0,0.0,0.0,1.0,0.0,0.0,0.001,1,0.0
1600,50,high,2,medium,3,567249495,50,33.611097523466626,17.065430741534666,24.675517697794085,0.0,0.0,0.0,1.0,0.0,0.0,0.001,1,0.0
1600,50,high,2,high,0,2006296988,50,38.32059315531832,11.131548415540566,17.383084419082515,0.0,0.0,0.0,1.0,0.0,0.0,0.001,1,0.0
1600,50,high,2,high,1,1620479265,50,26.29495568554723,9.822156174589642,15.747455889675269,0.0,0.0,0.0,1.0,0.0,0.0,0.001,1,0.0
1600,50,high,2,high,2,322245241,50,31.92417246842072,11.379104345992312,16.84163827581218,0.0,0.0,0.0,1.0,0.0,0.0,0.001,1,0.0
1600,50,high,2,high,3,789655043,50,38.46937340383663,10.690727050026569,14.956069416309111,0.0,0.0,0.0,1.0,0.0,0.0,0.001,1,0.0
1600,50,high,4,low,0,644161634,50,13.933910599748145,11.16770127500697,12.651708128548005,0.0,0.0,0.0,1.0,0.0,0.0,0.001,1,0.0
1600,50,high,4,low,1,1618530637,50,10.088806923329575,8.079702959154023,8.824405770377313,0.0,0.0,0.0,1.0,0.0,0.0,0.001,1,0.0
1600,50,high,4,low,2,2136868123,50,7.066375297447769,5.375606661688772,6.0973421597513715,0.0,0.0,0.0,1.0,0.0,0.0,0.001,1,0.0
1600,50,high,4,low,3,1690533165,50,9.428015322207319,7.845298013388714,8.346585007154314,0.0,0.0,0.0,1.0,0.0,0.0,0.001,1,0.0
1600,50,high,4,medium,0,514448201,50,11.372919368814784,7.202224498747828,8.953847876305176,0.0,0.0,0.0,1.0,0.0,0.0,0.001,1,0.0
1600,50,high,4,medium,1,716473157,50,7.648307662254477,4.072018629246663,5.809198819946564,0.0,0.0,0.0125,1.0,0.0,0.00125,0.001,1,0.0
1600,50,high,4,medium,2,847191788,50,30.41405945598106,16.125660252829825,21.987084920031954,0.0,0.0,0.0,1.0,0.0,0.0,0.001,1,0.0
1600,50,high,4,medium,3,1989760006,50,13.111224444187766,6.749069592284536,8.773844155885936,0.0,0.0,0.0,1.0,0.0,0.0,0.001,1,0.0
1600,50,high,4,high,0,6236617,50,12.784367105848158,4.649443374269519,6.7866942322597055,0.0,0.0,0.0125,1.0,0.0,0.0,0.001,1,0.0
1600,50,high,4,high,1,1511778885,50,15.516846333594811,5.9768839192566405,7.431627194623733,0.0,0.0,0.0,1.0,0.0,0.0,0.001,1,0.0
1600,50,high,4,high,2,1181380295,50,7.140431694402853,2.5939042703947375,3.5036082038598284,0.025,0.025,0.05,0.975,0.08,0.024,0.025,1,0.0
1600,50,high,4,high,3,2125428908,50,5.712369983620974,2.077258324113545,2.802466818203391,0.0125,0.0375,0.0875,0.9875,0.14,0.026750000000000003,0.0125,1,0.0
1600,50,high,8,low,0,1418603946,50,4.200390954213633,3.0576597829718315,3.4945631655170244,0.0,0.0,0.0,1.0,0.1,0.05225,0.001,1,0.0
1600,50,high,8,low,1,806608114,50,5.8309250083719775,4.462900472194368,4.9707666114913165,0.0,0.0,0.0,1.0,0.02,0.0125,0.001,1,0.0
1600,50,high,8,low,2,1599384752,50,4.504417607049625,3.4567078086158975,3.8210172533290967,0.0,0.0,0.0,1.0,0.04,0.025750000000000002,0.001,1,0.0
1600,50,high,8,low,3,1039387447,50,7.67550801556131,6.039089385465871,6.590616344270342,0.0,0.0,0.0,1.0,0.0,0.0,0.001,1,0.0
1600,50,high,8,medium,0,1970452049,50,3.960674798563896,1.7859792808888029,2.6712498626364747,0.0,0.05,0.125,1.0,0.22,0.04875,0.001,1,0.0
1600,50,high,8,medium,1,970623074,50,12.341360013160282,6.475708230110954,8.221905745730009,0.0,0.0,0.0,1.0,0.0,0.0,0.001,1,0.0
1600,50,high,8,medium,2,1742953307,50,10.04204099888956,4.74654213031524,6.11214980869093,0.0,0.0,0.0,1.0,0.0,0.0,0.001,1,0.0
1600,50,high,8,medium,3,922360782,50,4.858709242695504,2.0654965046140625,3.011366783556655,0.0,0.0375,0.1,1.0,0.42,0.0755,0.001,1,0.0
1600,50,high,8,high,0,134914480,50,6.66633980854081,1.518411995742107,2.5363376948473975,0.025,0.1,0.2375,0.975,0.4,0.07325,0.025,1,0.0
1600,50,high,8,high,1,2074982464,50,4.861443370416442,0.7340305981276551,1.6111797852127019,0.15,0.2375,0.3125,0.85,0.9,0.22599999999999998,0.15,1,0.0
1600,50,high,8,high,2,550324585,50,3.1004557605614744,0.5446266959206119,1.327022708113934,0.2,0.3,0.375,0.8,0.9,0.24100000000000002,0.2,1,0.0
1600,50,high,8,high,3,2036218707,50,4.675057783818419,1.5962862205359425,2.4638097058626616,0.025,0.1,0.1625,0.975,0.34,0.06725,0.025,1,0.0
1600,50,extreme,2,low,0,1938405965,50,32.07721791799138,24.8029036750102,27.612825396664142,0.0,0.0,0.0,1.0,0.0,0.0,0.001,1,0.0
1600,50,extreme,2,low,1,255339303,50,32.04244461580108,26.479601264370917,28.077019853512866,0.0,0.0,0.0,1.0,0.0,0.0,0.001,1,0.0
1600,50,extreme,2,low,2,1174398784,50,29.51967593848146,23.536530309793896,25.985703973750436,0.0,0.0,0.0,1.0,0.0,0.0,0.001,1,0.0
1600,50,extreme,2,low,3,2059633778,50,32.36480858409179,25.094068275670526,27.767847501927577,0.0,0.0,0.0,1.0,0.0,0.0,0.001,1,0.0
1600,50,extreme,2,medium,0,1356403500,50,30.91522674609028,14.957587747498598,19.96992982214512,0.0,0.0,0.0,1.0,0.0,0.0,0.001,1,0.0
1600,50,extreme,2,medium,1,1639531805,50,30.032753703354942,16.89950476462176,20.55516037943827,0.0,0.0,0.0,1.0,0.0,0.0,0.001,1,0.0
1600,50,extreme,2,medium,2,487480122,50,30.72629080584604,16.04605535744831,18.182325994687535,0.0,0.0,0.0,1.0,0.0,0.0,0.001,1,0.0
1600,50,extreme,2,medium,3,490793894,50,32.343196103054005,19.715593987193348,24.953022238547618,0.0,0.0,0.0,1.0,0.0,0.0,0.001,1,0.0
1600,50,extreme,2,high,0,1913443599,50,27.233834593201827,10.261384622122348,16.22282680829659,0.0,0.0,0.0,1.0,0.0,0.0,0.001,1,0.0
1600,50,extreme,2,high,1,1023861282,50,31.03497581742036,12.14242570209325,16.48686205961307,0.0,0.0,0.0,1.0,0.0,0.0,0.001,1,0.0
1600,50,extreme,2,high,2,1248095051,50,36.54517816819288,11.300417641692407,16.371477738715292,0.0,0.0,0.0,1.0,0.0,0.0,0.001,1,0.0
1600,50,extreme,2,high,3,443383347,50,31.59364297714115,11.399157167244974,15.426724207579015,0.0,0.0,0.0,1.0,0.0,0.0,0.001,1,0.0
1600,50,extreme,4,low,0,72182521,50,5.739305144958454,4.554856500722478,5.313351910009747,0.0,0.0,0.0,1.0,0.08,0.06275000000000001,0.001,1,0.0
1600,50,extreme,4,low,1,283248292,50,16.8740619064222,13.551176672457645,14.83947426311397,0.0,0.0,0.0,1.0,0.0,0.0,0.001,1,0.0
1600,50,extreme,4,low,2,1356293017,50,17.48884909730039,14.119622239729425,15.319638248115162,0.0,0.0,0.0,1.0,0.0,0.0,0.001,1,0.0
1600,50,extreme,4,low,3,908882622,50,11.961222900687902,9.579224427547999,10.485836239037829,0.0,0.0,0.0,1.0,0.0,0.0,0.001,1,0.0
1600,50,extreme,4,medium,0,347533911,50,11.836817306236373,6.347464153302945,8.206482304150327,0.0,0.0,0.0,1.0,0.0,0.0,0.001,1,0.0
1600,50,extreme,4,medium,1,632082808,50,5.8293964009944315,3.278171767194453,4.0716563411112965,0.0,0.0,0.0,1.0,0.32,0.19224999999999998,0.001,1,0.0
1600,50,extreme,4,medium,2,1228119942,50,4.758491944588849,2.8549078679084188,3.383732847421478,0.0,0.0,0.0125,1.0,0.24,0.158,0.001,1,0.0
1600,50,extreme,4,medium,3,2041796715,50,11.942100030345678,6.394408765074327,8.027855756670606,0.0,0.0,0.0,1.0,0.0,0.0,0.001,1,0.0
1600,50,extreme,4,high,0,1910358536,50,36.367214840035814,9.183798659551824,13.404928155195204,0.0,0.0,0.0,1.0,0.0,0.0,0.001,1,0.0
1600,50,extreme,4,high,1,480371024,50,6.403913411529188,1.462119833240946,2.632021585620893,0.0625,0.1125,0.1625,0.9375,0.54,0.16825,0.0625,1,0.0
1600,50,extreme,4,high,2,1961206856,50,13.274473947378418,5.245502019503987,7.64340451054012,0.0,0.0,0.0,1.0,0.0,0.0005,0.001,1,0.0
1600,50,extreme,4,high,3,2009568215,50,14.194119664913398,4.245448387477873,6.878343317110282,0.0,0.0,0.0125,1.0,0.0,0.00075,0.001,1,0.0
1600,50,extreme,8,low,0,1700497485,50,15.977999514356895,12.920743142613798,13.74354231826388,0.0,0.0,0.0,1.0,0.0,0.0,0.001,1,0.0
1600,50,extreme,8,low,1,1745627868,50,4.689329377734636,3.5920398816623074,3.941929363085342,0.0,0.0,0.0,1.0,0.28,0.196,0.001,1,0.0
1600,50,extreme,8,low,2,1300061248,50,6.839460705711575,5.247759762398253,6.032213174334846,0.0,0.0,0.0,1.0,0.06,0.0595,0.001,1,0.0
1600,50,extreme,8,low,3,1628991313,50,12.836373216173989,9.89724766114925,11.278391229782418,0.0,0.0,0.0,1.0,0.0,0.0,0.001,1,0.0
1600,50,extreme,8,medium,0,1718899574,50,10.447591346411164,5.379693599755798,6.760582610714495,0.0,0.0,0.0,1.0,0.0,0.0,0.001,1,0.0
1600,50,extreme,8,medium,1,1422458145,50,10.640354032749965,6.074239963113367,8.555920661745482,0.0,0.0,0.0,1.0,0.0,0.00025,0.001,1,0.0
1600,50,extreme,8,medium,2,830247147,50,6.870173241976799,2.858503782131378,4.126943188438689,0.0,0.0,0.05,1.0,0.24,0.1055,0.001,1,0.0
1600,50,extreme,8,medium,3,1662136647,50,18.37952986452317,10.894342814970464,13.669944921722774,0.0,0.0,0.0,1.0,0.0,0.0,0.001,1,0.0
1600,50,extreme,8,high,0,361382985,50,4.633905576604113,0.8798610898901387,1.945294487030439,0.1375,0.225,0.25,0.8625,0.68,0.34199999999999997,0.1375,1,0.0
1600,50,extreme,8,high,1,1259905896,50,7.858636332750216,1.6188363406914443,3.0673898038730383,0.025,0.075,0.15,0.975,0.52,0.15025,0.025,1,0.0
1600,50,extreme,8,high,2,607741643,50,4.697530010937988,1.4653608804410767,2.8281695899596406,0.0125,0.1125,0.1625,0.9875,0.46,0.19075000000000003,0.0125,1,0.0
1600,50,extreme,8,high,3,2129930734,50,8.113145790071801,1.966210945053098,3.231955828474746,0.0125,0.0375,0.1125,0.9875,0.46,0.13575,0.0125,1,0.0
1600,100,low,2,low,0,1392386698,50,14.812362470385583,13.049052672935424,13.912004280779918,0.0,0.0,0.0,1.0,0.0,0.0,0.001,1,0.0
1600,100,low,2,low,1,864051723,50,15.09432251022658,13.480858506234522,14.364343897609235,0.0,0.0,0.0,1.0,0.0,0.0,0.001,1,0.0
1600,100,low,2,low,2,919767764,50,14.752686798557836,13.505896266075466,14.289556686308782,0.0,0.0,0.0,1.0,0.0,0.0,0.001,1,0.0
1600,100,low,2,low,3,1913340789,50,15.13880498413645,13.099101372321913,13.876109922184314,0.0,0.0,0.0,1.0,0.0,0.0,0.001,1,0.0
1600,100,low,2,medium,0,895416917,50,16.246497768547158,10.585701704770981,12.241868380291796,0.0,0.0,0.0,1.0,0.0,0.0,0.001,1,0.0
1600,100,low,2,medium,1,438948671,50,14.560100556707948,11.44785281362762,12.227858145745746,0.0,0.0,0.0,1.0,0.0,0.0,0.001,1,0.0
1600,100,low,2,medium,2,1293419065,50,14.813766314140834,10.11504753841398,12.271843010910127,0.0,0.0,0.0,1.0,0.0,0.0,0.001,1,0.0
1600,100,low,2,medium,3,452093485,50,14.343919516595076,9.935787498139296,11.958485347794321,0.0,0.0,0.0,1.0,0.0,0.0,0.001,1,0.0
1600,100,low,2,high,0,1346437969,50,16.7193110939202,8.080462399400618,9.778023560852285,0.0,0.0,0.0,1.0,0.0,0.0,0.001,1,0.0
1600,100,low,2,high,1,1321145571,50,15.457484260618054,8.388788420036713,11.046854452962263,0.0,0.0,0.0,1.0,0.0,0.0,0.001,1,0.0
1600,100,low,2,high,2,1249410891,50,15.131953111884275,7.829291223904076,10.548346934093335,0.0,0.0,0.0,1.0,0.0,0.0,0.001,1,0.0
1600,100,low,2,high,3,1254935167,50,13.702182021090113,7.762539422513243,9.989654517777383,0.0,0.0,0.0,1.0,0.0,0.0,0.001,1,0.0
1600,100,low,4,low,0,688453617,50,13.870622033631612,11.972062324563959,12.7841049982914,0.0,0.0,0.0,1.0,0.0,0.0,0.001,1,0.0
1600,100,low,4,low,1,1500638923,50,7.940996717260196,7.0934547843181734,7.440113054606756,0.0,0.0,0.0,1.0,0.0,0.0,0.001,1,0.0
1600,100,low,4,low,2,2008012298,50,5.069717654291562,4.439547740939783,4.722326037217092,0.0,0.0,0.0,1.0,0.0,0.0,0.001,1,0.0
1600,100,low,4,low,3,540687221,50,4.503033926270083,3.9928412097924917,4.168427050910092,0.0,0.0,0.0,1.0,0.0,0.0,0.001,1,0.0
1600,100,low,4,medium,0,1377004180,50,9.150025061721104,6.427330664733391,7.2951451602302475,0.0,0.0,0.0,1.0,0.0,0.0,0.001,1,0.0
1600,100,low,4,medium,1,1368341076,50,3.2927756557066936,2.162122388616485,2.682258528555688,0.0,0.0,0.025,1.0,0.0,0.0,0.001,1,0.0
1600,100,low,4,medium,2,1927123068,50,14.809398125395662,9.871323239201494,11.672488246055106,0.0,0.0,0.0,1.0,0.0,0.0,0.001,1,0.0
1600,100,low,4,medium,3,1661089303,50,6.94921448768849,5.2462744216300266,5.843825826772901,0.0,0.0,0.0,1.0,0.0,0.0,0.001,1,0.0
1600,100,low,4,high,0,930820956,50,4.172355654543102,1.9292538845949676,2.4765326759326305,0.0,0.05,0.1125,1.0,0.0,0.0,0.001,1,0.0
1600,100,low,4,high,1,91646999,50,7.620006559507621,3.147544421445636,4.688400082244665,0.0,0.0,0.0125,1.0,0.0,0.0,0.001,1,0.0
1600,100,low,4,high,2,846849464,50,3.630968307117487,1.455984868214913,2.3835046901936483,0.0375,0.1125,0.2125,0.9625,0.0,0.03275,0.0375,1,0.0
1600,100,low,4,high,3,384795334,50,1.511734509431332,0.2681294814574776,0.690943372221228,0.375,0.5,0.625,0.625,1.0,0.38100000000000006,0.375,1,0.0
1600,100,low,8,low,0,1473106682,50,3.893026509480175,3.2330618627513843,3.5494904908628833,0.0,0.0,0.0,1.0,0.0,0.0,0.001,1,0.0
1600,100,low,8,low,1,2075712994,50,6.580979511507856,5.920466473288868,6.198918844212011,0.0,0.0,0.0,1.0,0.0,0.0,0.001,1,0.0
1600,100,low,8,low,2,195164175,50,2.6858657387771987,2.2287623907657954,2.445549056229634,0.0,0.0,0.025,1.0,0.0,0.0,0.001,1,0.0
1600,100,low,8,low,3,1893748988,50,3.926638116900393,3.4613308452905462,3.6801402302480217,0.0,0.0,0.0,1.0,0.0,0.0,0.001,1,0.0
1600,100,low,8,medium,0,892729869,50,2.2979055394024237,1.4156355050948033,1.7658144792173402,0.0125,0.15,0.325,0.9875,0.04,0.02525,0.0125,1,0.0
1600,100,low,8,medium,1,1664969258,50,2.527095761560309,1.6792301329042467,1.9927222827459112,0.0,0.0375,0.2625,1.0,0.0,0.0,0.001,1,0.0
1600,100,low,8,medium,2,1511570909,50,1.911322875860071,0.9511235133703861,1.329314258449236,0.15,0.3125,0.55,0.85,0.98,0.12125,0.15,1,0.0
1600,100,low,8,medium,3,2057040682,50,1.5599122758692827,0.8125376087820119,1.0890789211361207,0.1625,0.4625,0.675,0.8375,0.98,0.18250000000000002,0.1625,1,0.0
1600,100,low,8,high,0,1206869749,50,1.9810698781346718,0.7242917111622954,1.080148513898784,0.2,0.375,0.5,0.8,1.0,0.195,0.2,1,0.0
1600,100,low,8,high,1,1232732982,50,7.273008502824414,3.2259659333791473,4.609814152634582,0.0,0.0,0.0125,1.0,0.0,0.0,0.001,1,0.0
1600,100,low,8,high,2,1956078298,50,2.6392122873375436,0.8542581634226148,1.258174368314943,0.175,0.3375,0.425,0.825,1.0,0.177,0.175,1,0.0
1600,100,low,8,high,3,226148019,50,1.8589469269918633,0.4343282317295341,0.8982785107338815,0.275,0.4375,0.5375,0.725,1.0,0.27425,0.275,1,0.0
1600,100,medium,2,low,0,838533300,50,14.982174088799102,13.092511832861726,14.068716715930407,0.0,0.0,0.0,1.0,0.0,0.0,0.001,1,0.0
1600,100,medium,2,low,1,499201953,50,15.047641798772617,13.256957577562519,13.738660483433252,0.0,0.0,0.0,1.0,0.0,0.0,0.001,1,0.0
1600,100,medium,2,low,2,1894870868,50,14.994497848701988,13.259107131010877,14.133866298933258,0.0,0.0,0.0,1.0,0.0,0.0,0.001,1,0.0
1600,100,medium,2,low,3,1281323873,50,15.004862265863542,13.143248152980512,13.900234040204872,0.0,0.0,0.0,1.0,0.0,0.0,0.001,1,0.0
1600,100,medium,2,medium,0,760256228,50,14.204066029921039,10.85828448991654,11.991521873489994,0.0,0.0,0.0,1.0,0.0,0.0,0.001,1,0.0
1600,100,medium,2,medium,1,8917461,50,13.516922361593839,10.035256369925087,11.976466893115285,0.0,0.0,0.0,1.0,0.0,0.0,0.001,1,0.0
1600,100,medium,2,medium,2,1277806788,50,14.269459119669108,10.7524082559472,12.087488424591456,0.0,0.0,0.0,1.0,0.0,0.0,0.001,1,0.0
1600,100,medium,2,medium,3,412771845,50,13.863352774735588,11.074902940434,11.762620911902196,0.0,0.0,0.0,1.0,0.0,0.0,0.001,1,0.0
1600,100,medium,2,high,0,1636840299,50,16.9405673303232,7.62255070679453,9.834438138042328,0.0,0.0,0.0,1.0,0.0,0.0,0.001,1,0.0
1600,100,medium,2,high,1,1172850479,50,17.478833616379518,7.43928034984753,10.012110667596975,0.0,0.0,0.0,1.0,0.0,0.0,0.001,1,0.0
1600,100,medium,2,high,2,205223615,50,14.618522055086203,6.74992359192205,10.167199860204542,0.0,0.0,0.0,1.0,0.0,0.0,0.001,1,0.0
1600,100,medium,2,high,3,115466457,50,14.333367042926636,8.353623433109494,10.330925795202909,0.0,0.0,0.0,1.0,0.0,0.0,0.001,1,0.0
1600,100,medium,4,low,0,317543647,50,9.935299083022255,8.82166035721621,9.371112832996934,0.0,0.0,0.0,1.0,0.0,0.0,0.001,1,0.0
1600,100,medium,4,low,1,1446996028,50,2.555656969784882,2.1158688213009675,2.256802272417705,0.0,0.0,0.0625,1.0,0.0,0.0,0.001,1,0.0
1600,100,medium,4,low,2,457314849,50,8.528128285358193,7.690600472565951,7.903882727467025,0.0,0.0,0.0,1.0,0.0,0.0,0.001,1,0.0
1600,100,medium,4,low,3,1512437330,50,10.72217991793693,9.726655735057635,10.035364889430465,0.0,0.0,0.0,1.0,0.0,0.0,0.001,1,0.0
1600,100,medium,4,medium,0,449097700,50,5.105515047647449,3.5646116894519966,4.123726801436177,0.0,0.0,0.0,1.0,0.0,0.0,0.001,1,0.0
1600,100,medium,4,medium,1,1397646530,50,4.0916666274372435,2.436629589661862,3.1234057819565324,0.0,0.0,0.025,1.0,0.0,0.0,0.001,1,0.0
1600,100,medium,4,medium,2,1933123938,50,13.67614046947864,9.866278873150591,11.30284593110317,0.0,0.0,0.0,1.0,0.0,0.0,0.001,1,0.0
1600,100,medium,4,medium,3,637329321,50,15.446175141675816,10.168256189517809,12.669978550238774,0.0,0.0,0.0,1.0,0.0,0.0,0.001,1,0.0
1600,100,medium,4,high,0,587508414,50,9.91802096940632,6.056058359924751,7.307640627683103,0.0,0.0,0.0,1.0,0.0,0.0,0.001,1,0.0
1600,100,medium,4,high,1,1530169619,50,3.8307740111007957,1.223218709663233,1.8304423141852837,0.05,0.1875,0.2875,0.95,0.32,0.051000000000000004,0.05,1,0.0
1600,100,medium,4,high,2,217351376,50,15.348573128893868,7.513589494618812,10.910930661709257,0.0,0.0,0.0,1.0,0.0,0.0,0.001,1,0.0
1600,100,medium,4,high,3,319954364,50,2.5024042541137934,0.8983071410103917,1.4272665560385396,0.15,0.2875,0.4375,0.85,0.92,0.14725000000000002,0.15,1,0.0
1600,100,medium,8,low,0,232929586,50,4.967468329924022,4.336589863474488,4.5628490280519705,0.0,0.0,0.0,1.0,0.0,0.0,0.001,1,0.0
1600,100,medium,8,low,1,138965075,50,2.6363601237732324,2.2933713295189495,2.409918797179946,0.0,0.0,0.0,1.0,0.0,0.0,0.001,1,0.0
1600,100,medium,8,low,2,1055552753,50,2.9119674602027974,2.4929046346905337,2.7029906239793764,0.0,0.0,0.0,1.0,0.0,0.0,0.001,1,0.0
1600,100,medium,8,low,3,1237298964,50,4.651777830078975,4.00484645455944,4.248663861835152,0.0,0.0,0.0,1.0,0.0,0.0,0.001,1,0.0
1600,100,medium,8,medium,0,1875395448,50,13.06340962684994,8.224513122519799,10.689468206604127,0.0,0.0,0.0,1.0,0.0,0.0,0.001,1,0.0
1600,100,medium,8,medium,1,1496261098,50,11.143831896463613,7.596567700081844,9.13809649842555,0.0,0.0,0.0,1.0,0.0,0.0,0.001,1,0.0
1600,100,medium,8,medium,2,317285304,50,3.226885706275737,2.13992025109884,2.343654910092096,0.0,0.0,0.075,1.0,0.0,0.0,0.001,1,0.0
1600,100,medium,8,medium,3,1208052570,50,3.3951007508009203,1.8476497631468796,2.4330428258559476,0.0,0.0125,0.125,1.0,0.0,0.0,0.001,1,0.0
1600,100,medium,8,high,0,599908461,50,4.511588768711999,1.9456205417139327,2.839590938926205,0.0,0.0125,0.125,1.0,0.0,0.00125,0.001,1,0.0
1600,100,medium,8,high,1,948937465,50,1.5451981882726287,0.4532980608565791,0.8225513269096361,0.325,0.5,0.675,0.675,1.0,0.3265,0.325,1,0.0
1600,100,medium,8,high,2,96872034,50,7.543623375416926,2.9230779026443323,4.659144742421158,0.0,0.0,0.0125,1.0,0.0,0.0,0.001,1,0.0
1600,100,medium,8,high,3,1482223891,50,3.754294609572414,1.19070913223872,2.26225442508695,0.0,0.125,0.175,1.0,0.2,0.02525,0.001,1,0.0
1600,100,high,2,low,0,1507795698,50,15.275197854351243,13.463986066544944,14.061059682107604,0.0,0.0,0.0,1.0,0.0,0.0,0.001,1,0.0
1600,100,high,2,low,1,2039210061,50,15.035726437765746,13.3583553683394,13.806131997829336,0.0,0.0,0.0,1.0,0.0,0.0,0.001,1,0.0
1600,100,high,2,low,2,1769331720,50,14.97682146226941,13.489125561917913,14.085055677325245,0.0,0.0,0.0,1.0,0.0,0.0,0.001,1,0.0
1600,100,high,2,low,3,1785869021,50,15.181248855042353,13.477395079947275,14.40825993185814,0.0,0.0,0.0,1.0,0.0,0.0,0.001,1,0.0
1600,100,high,2,medium,0,62883149,50,14.121045285363799,10.633858868068275,12.439813120288974,0.0,0.0,0.0,1.0,0.0,0.0,0.001,1,0.0
1600,100,high,2,medium,1,689182633,50,14.001192684397536,10.656706920961362,12.277439033493074,0.0,0.0,0.0,1.0,0.0,0.0,0.001,1,0.0
1600,100,high,2,medium,2,1458312594,50,14.383001194982928,10.351395303304159,11.590926636780654,0.0,0.0,0.0,1.0,0.0,0.0,0.001,1,0.0
1600,100,high,2,medium,3,114793071,50,16.22324877468702,11.156126248687189,12.620912340787719,0.0,0.0,0.0,1.0,0.0,0.0,0.001,1,0.0
1600,100,high,2,high,0,2045319825,50,16.265022225922817,7.521291731816093,9.88232426516888,0.0,0.0,0.0,1.0,0.0,0.0,0.001,1,0.0
1600,100,high,2,high,1,837501773,50,15.132767054616686,6.40380226025316,9.257602415097699,0.0,0.0,0.0,1.0,0.0,0.0,0.001,1,0.0
1600,100,high,2,high,2,1341485448,50,13.541358644673874,6.980595558643015,9.327157947756453,0.0,0.0,0.0,1.0,0.0,0.0,0.001,1,0.0
1600,100,high,2,high,3,1144391016,50,15.417748330535755,6.750867664818652,9.268090483185738,0.0,0.0,0.0,1.0,0.0,0.0,0.001,1,0.0
1600,100,high,4,low,0,1251101925,50,7.813263862573603,6.995625959474714,7.263553668029552,0.0,0.0,0.0,1.0,0.0,0.0,0.001,1,0.0
1600,100,high,4,low,1,113516784,50,3.440160556474638,2.9178251216432414,3.189160375841886,0.0,0.0,0.0,1.0,0.02,0.00625,0.001,1,0.0
1600,100,high,4,low,2,1786579917,50,10.509691758255165,9.443377992080988,9.873671004178881,0.0,0.0,0.0,1.0,0.0,0.0,0.001,1,0.0
1600,100,high,4,low,3,948162327,50,4.148877183258392,3.708535321873734,3.879144005280533,0.0,0.0,0.0,1.0,0.0,0.0,0.001,1,0.0
1600,100,high,4,medium,0,987435243,50,11.098671208352915,8.201894140228152,9.434381268899521,0.0,0.0,0.0,1.0,0.0,0.0,0.001,1,0.0
1600,100,high,4,medium,1,536519467,50,2.1160865874202264,1.4267196554724,1.7130132902847013,0.0,0.1375,0.3875,1.0,0.28,0.07050000000000001,0.001,1,0.0
1600,100,high,4,medium,2,437511268,50,12.378211879176227,7.897542728790182,9.790213090252461,0.0,0.0,0.0,1.0,0.0,0.0,0.001,1,0.0
1600,100,high,4,medium,3,61379697,50,9.379523240780697,6.308359275479385,7.7599358243359,0.0,0.0,0.0,1.0,0.0,0.0,0.001,1,0.0
1600,100,high,4,high,0,1118302978,50,5.837570342499342,2.9692708723205357,4.154389854569002,0.0,0.0,0.0125,1.0,0.0,0.0,0.001,1,0.0
1600,100,high,4,high,1,708153386,50,13.61985047449766,8.273615759162288,9.845210720833451,0.0,0.0,0.0,1.0,0.0,0.0,0.001,1,0.0
1600,100,high,4,high,2,1821666329,50,10.902246702916559,5.848239629010171,8.002670724786904,0.0,0.0,0.0,1.0,0.0,0.0,0.001,1,0.0
1600,100,high,4,high,3,1597868238,50,3.674993395847175,1.800798667794382,2.566511890123164,0.0,0.0375,0.15,1.0,0.12,0.013250000000000001,0.001,1,0.0
1600,100,high,8,low,0,1397374152,50,7.59357509341892,6.399437799460444,6.876735036280129,0.0,0.0,0.0,1.0,0.0,0.0,0.001,1,0.0
1600,100,high,8,low,1,224077638,50,1.7708205398585866,1.4822307176405742,1.6237464020887915,0.0,0.125,0.8,1.0,0.34,0.22875000000000006,0.001,1,0.0
1600,100,high,8,low,2,1861314752,50,3.9549338494079334,3.403217269454661,3.6282382385171905,0.0,0.0,0.0,1.0,0.0,0.0,0.001,1,0.0
1600,100,high,8,low,3,1175870518,50,4.419498351311962,3.9018934064064035,4.077977533370103,0.0,0.0,0.0,1.0,0.0,0.0,0.001,1,0.0
1600,100,high,8,medium,0,274109517,50,2.44948086627448,1.3814400744414557,1.7114349480519462,0.025,0.1625,0.3625,0.975,0.42,0.14150000000000001,0.025,1,0.0
1600,100,high,8,medium,1,1879157206,50,3.684340752862655,2.389878683148317,2.9532255168780983,0.0,0.0125,0.05,1.0,0.02,0.0045,0.001,1,0.0
1600,100,high,8,medium,2,260068291,50,8.52964090020879,6.025887649806706,6.931717312370197,0.0,0.0,0.0,1.0,0.0,0.0,0.001,1,0.0
1600,100,high,8,medium,3,2053792290,50,3.706785392007463,2.7246184711159347,3.1956038774954907,0.0,0.0125,0.0375,1.0,0.0,0.0022500000000000003,0.001,1,0.0
1600,100,high,8,high,0,1772946485,50,1.714801319876402,0.6131962434368595,1.0453633098353794,0.225,0.4125,0.5625,0.775,0.9,0.302,0.225,1,0.0
1600,100,high,8,high,1,1516391332,50,2.937762704465749,1.2015754546521389,1.5886715929498605,0.025,0.2,0.35,0.975,0.38,0.0845,0.025,1,0.0
1600,100,high,8,high,2,203335660,50,5.9821421834537425,3.147639011093903,4.185025635718998,0.0,0.025,0.0375,1.0,0.0,0.0027500000000000003,0.001,1,0.0
1600,100,high,8,high,3,1039332858,50,4.270588863660183,1.9369387411753651,2.967618189358012,0.025,0.0625,0.1125,0.975,0.24,0.030499999999999992,0.025,1,0.0
1600,100,extreme,2,low,0,15551551,50,15.233764384158697,12.93263867363838,13.84706756562948,0.0,0.0,0.0,1.0,0.0,0.0,0.001,1,0.0
1600,100,extreme,2,low,1,1688952931,50,14.96093144626763,13.311136301051592,13.838445821911508,0.0,0.0,0.0,1.0,0.0,0.0,0.001,1,0.0
1600,100,extreme,2,low,2,864523026,50,14.929385545727051,13.434954636186172,14.04970087223169,0.0,0.0,0.0,1.0,0.0,0.0,0.001,1,0.0
1600,100,extreme,2,low,3,1325437667,50,15.119285486193476,13.565585011655003,14.116022423475663,0.0,0.0,0.0,1.0,0.0,0.0,0.001,1,0.0
1600,100,extreme,2,medium,0,1120012023,50,15.115922694884574,10.14263218777925,12.138300781311955,0.0,0.0,0.0,1.0,0.0,0.0,0.001,1,0.0
1600,100,extreme,2,medium,1,799012338,50,15.15612592271449,11.054908128939562,12.467238930401617,0.0,0.0,0.0,1.0,0.0,0.0,0.001,1,0.0
1600,100,extreme,2,medium,2,978050922,50,14.072690995092673,10.30771789215513,11.983520179509942,0.0,0.0,0.0,1.0,0.0,0.0,0.001,1,0.0
1600,100,extreme,2,medium,3,705188897,50,15.375739483586718,10.850498083381135,12.360839045277888,0.0,0.0,0.0,1.0,0.0,0.0,0.001,1,0.0
1600,100,extreme,2,high,0,711013523,50,14.75103826879306,7.969713204337201,9.757444776439417,0.0,0.0,0.0,1.0,0.0,0.0,0.001,1,0.0
1600,100,extreme,2,high,1,813627243,50,13.94731124284914,7.234855972760267,9.715249592182666,0.0,0.0,0.0,1.0,0.0,0.0,0.001,1,0.0
1600,100,extreme,2,high,2,563172796,50,16.308805706142934,7.908531423322893,9.788984082424857,0.0,0.0,0.0,1.0,0.0,0.0,0.001,1,0.0
1600,100,extreme,2,high,3,1275974695,50,16.758803170331102,7.149908424851609,9.993155851010108,0.0,0.0,0.0,1.0,0.0,0.0,0.001,1,0.0
1600,100,extreme,4,low,0,215967366,50,5.839410823182051,4.937771480434043,5.342507218615411,0.0,0.0,0.0,1.0,0.02,0.007000000000000001,0.001,1,0.0
1600,100,extreme,4,low,1,685850530,50,2.7060207078258154,2.3029958364066982,2.474936376467394,0.0,0.0,0.0,1.0,0.22,0.19749999999999998,0.001,1,0.0
1600,100,extreme,4,low,2,1453376035,50,4.965668790230815,4.302366572486175,4.5792225118708565,0.0,0.0,0.0,1.0,0.0,0.0,0.001,1,0.0
1600,100,extreme,4,low,3,2080295582,50,7.755788435267121,6.581527085909498,7.027512397203903,0.0,0.0,0.0,1.0,0.0,0.0,0.001,1,0.0
1600,100,extreme,4,medium,0,1321964454,50,13.529819415931469,10.279294380009029,11.722650663997763,0.0,0.0,0.0,1.0,0.0,0.0,0.001,1,0.0
1600,100,extreme,4,medium,1,1358415727,50,2.273265901744856,1.1588602532625405,1.671624129469011,0.0625,0.2125,0.425,0.9375,0.56,0.32925,0.0625,1,0.0
1600,100,extreme,4,medium,2,979614771,50,13.879248677237381,9.067790250852,10.796379978952892,0.0,0.0,0.0,1.0,0.0,0.0,0.001,1,0.0
1600,100,extreme,4,medium,3,1495527150,50,5.24746442076471,3.3869634884608844,4.261160465666093,0.0,0.0,0.0,1.0,0.06,0.00525,0.001,1,0.0
1600,100,extreme,4,high,0,28408116,50,6.903814791943614,3.7255251695341998,5.185999456892642,0.0,0.0,0.025,1.0,0.0,0.005,0.001,1,0.0
1600,100,extreme,4,high,1,1992762638,50,7.201409737446862,3.406348876695378,4.505290569506895,0.0,0.0,0.025,1.0,0.0,0.002,0.001,1,0.0
1600,100,extreme,4,high,2,68423418,50,12.164972363117075,4.660571106255382,6.707577539512539,0.0,0.0,0.0,1.0,0.0,0.0,0.001,1,0.0
1600,100,extreme,4,high,3,333813568,50,4.199407496214874,2.0511110680519162,3.02057887105937,0.0,0.0375,0.1,1.0,0.16,0.034,0.001,1,0.0
1600,100,extreme,8,low,0,2057461742,50,6.055418387141712,5.342570035361573,5.542531685027378,0.0,0.0,0.0,1.0,0.0,0.0,0.001,1,0.0
1600,100,extreme,8,low,1,1963022099,50,1.4663301172100076,1.1764260582254513,1.2788883843299006,0.0,0.6125,0.9875,1.0,0.48,0.39725,0.001,1,0.0
1600,100,extreme,8,low,2,1364414256,50,3.821259236421154,3.1556310274584494,3.6033184179370807,0.0,0.0,0.0,1.0,0.1,0.08149999999999999,0.001,1,0.0
1600,100,extreme,8,low,3,2047491257,50,3.337944381860845,2.8135662966647215,3.0495846874498125,0.0,0.0,0.0,1.0,0.08,0.052000000000000005,0.001,1,0.0
1600,100,extreme,8,medium,0,1737850989,50,7.0673320207373385,5.228913193759754,6.150297493348834,0.0,0.0,0.0,1.0,0.0,0.0,0.001,1,0.0
1600,100,extreme,8,medium,1,708370699,50,1.772857656280391,0.9868646494723663,1.2540278733152894,0.1125,0.375,0.6125,0.8875,0.62,0.38825000000000004,0.1125,1,0.0
1600,100,extreme,8,medium,2,1470098591,50,3.187532717503938,2.263660809916047,2.737710599629181,0.0,0.0125,0.0625,1.0,0.26,0.11000000000000001,0.001,1,0.0
1600,100,extreme,8,medium,3,1692298262,50,3.770765761262716,2.6683529689779464,3.0566122078272624,0.0,0.0,0.0,1.0,0.2,0.11299999999999999,0.001,1,0.0
1600,100,extreme,8,high,0,466105097,50,1.491670348558571,0.3738429088239068,0.6367464540740027,0.425,0.5125,0.625,0.575,0.76,0.39625000000000005,0.425,1,0.0
1600,100,extreme,8,high,1,358917100,50,2.477448916490414,1.1031436171402935,1.5812139844820539,0.075,0.225,0.375,0.925,0.66,0.28700000000000003,0.075,1,0.0
1600,100,extreme,8,high,2,1141421489,50,1.9027973539978937,0.8449090060819933,1.2008165523893761,0.2,0.375,0.5125,0.8,0.78,0.33675,0.2,1,0.0
1600,100,extreme,8,high,3,1657556573,50,2.0909943955405303,0.28738216265514205,0.7746527389949242,0.325,0.425,0.475,0.675,0.94,0.45675,0.325,1,0.0
1600,200,low,2,low,0,1459320626,50,6.987103941008796,6.521226807519495,6.687685636520688,0.0,0.0,0.0,1.0,0.0,0.0,0.001,1,0.0
1600,200,low,2,low,1,547426412,50,7.005516170409612,6.605453267522727,6.7463868542613845,0.0,0.0,0.0,1.0,0.0,0.0,0.001,1,0.0
1600,200,low,2,low,2,1162427135,50,7.041431447440067,6.667511007445447,6.8255300172470355,0.0,0.0,0.0,1.0,0.0,0.0,0.001,1,0.0
1600,200,low,2,low,3,510201944,50,6.91854692431772,6.438323507437732,6.635909243879194,0.0,0.0,0.0,1.0,0.0,0.0,0.001,1,0.0
1600,200,low,2,medium,0,1449048768,50,7.28542628608648,5.809935713244486,6.207664947505836,0.0,0.0,0.0,1.0,0.0,0.0,0.001,1,0.0
1600,200,low,2,medium,1,1762984640,50,7.067487506347616,5.5880365160883505,6.289487935162953,0.0,0.0,0.0,1.0,0.0,0.0,0.001,1,0.0
1600,200,low,2,medium,2,2050965636,50,7.0379177242593185,5.668877286848355,6.4322610065840005,0.0,0.0,0.0,1.0,0.0,0.0,0.001,1,0.0
1600,200,low,2,medium,3,2080446691,50,7.1259318110568675,5.997730917995305,6.597374631863807,0.0,0.0,0.0,1.0,0.0,0.0,0.001,1,0.0
1600,200,low,2,high,0,293628640,50,7.3250564828351195,4.757656373037158,5.50362659611065,0.0,0.0,0.0,1.0,0.0,0.0,0.001,1,0.0
1600,200,low,2,high,1,1355453802,50,7.0575145357009035,4.563460406594257,5.196168154218795,0.0,0.0,0.0,1.0,0.0,0.0,0.001,1,0.0
1600,200,low,2,high,2,1609244934,50,7.5140640871905715,4.621980670961775,5.560063353897134,0.0,0.0,0.0,1.0,0.0,0.0,0.001,1,0.0
1600,200,low,2,high,3,1448182964,50,7.119150080785706,4.641053529110045,5.489742334644298,0.0,0.0,0.0,1.0,0.0,0.0,0.001,1,0.0
1600,200,low,4,low,0,2098057196,50,4.457422229323958,4.1971799391857,4.278239232665795,0.0,0.0,0.0,1.0,0.0,0.0,0.001,1,0.0
1600,200,low,4,low,1,1795431668,50,4.701275405952397,4.333291834911943,4.506865705999951,0.0,0.0,0.0,1.0,0.0,0.0,0.001,1,0.0
1600,200,low,4,low,2,1801768734,50,1.5525945244384753,1.439120349049701,1.4830588574405175,0.0,0.3625,1.0,1.0,0.0,0.0,0.001,1,0.0
1600,200,low,4,low,3,1950828518,50,2.360701420081324,2.1908298719569577,2.273434619632073,0.0,0.0,0.0,1.0,0.0,0.0,0.001,1,0.0
1600,200,low,4,medium,0,2046573600,50,1.0990120647873445,0.7373960135544212,0.953172620967085,0.35,0.8875,0.9875,0.65,1.0,0.358,0.35,1,0.0
1600,200,low,4,medium,1,817551251,50,5.8583436288219115,4.577703984977852,5.206847556246974,0.0,0.0,0.0,1.0,0.0,0.0,0.001,1,0.0
1600,200,low,4,medium,2,153228221,50,6.781623426299818,5.71575844984663,6.212885674617855,0.0,0.0,0.0,1.0,0.0,0.0,0.001,1,0.0
1600,200,low,4,medium,3,1000187461,50,5.512613954231275,4.3366554528630665,5.025308574077039,0.0,0.0,0.0,1.0,0.0,0.0,0.001,1,0.0
1600,200,low,4,high,0,1237660390,50,1.690000713775118,0.7573500696307021,1.1017156563716195,0.2,0.3625,0.6875,0.8,1.0,0.20125,0.2,1,0.0
1600,200,low,4,high,1,579861020,50,6.64692931733501,4.058718989679378,5.140935423930635,0.0,0.0,0.0,1.0,0.0,0.0,0.001,1,0.0
1600,200,low,4,high,2,821784350,50,1.34612307754769,0.6362416549466389,0.8588696179042598,0.35,0.5875,0.75,0.65,1.0,0.34249999999999997,0.35,1,0.0
1600,200,low,4,high,3,1708233995,50,3.9476827167772477,2.5205944704886103,3.0643356398069987,0.0,0.0,0.05,1.0,0.0,0.0,0.001,1,0.0
1600,200,low,8,low,0,1298681931,50,1.3136797710462345,1.141243177231908,1.2286435723556717,0.0,0.9625,1.0,1.0,0.04,0.007999999999999998,0.001,1,0.0
1600,200,low,8,low,1,771823319,50,0.7366750591584228,0.6290054716140211,0.6803109755318579,1.0,1.0,1.0,0.0,1.0,0.9865000000000002,1.0,2,0.0
1600,200,low,8,low,2,751199691,50,2.133631243565078,1.9091434749147471,2.0210880442754555,0.0,0.0,0.2375,1.0,0.0,0.0,0.001,1,0.0
1600,200,low,8,low,3,1944009548,50,0.25768965968027063,0.20012784253723653,0.22504355308329965,1.0,1.0,1.0,0.0,1.0,1.0,1.0,2,0.0
1600,200,low,8,medium,0,751981263,50,0.5209785152427692,0.26927963310869346,0.3592442755454912,0.9875,0.9875,1.0,0.0125,1.0,0.959,0.9875,2,0.0
1600,200,low,8,medium,1,64150171,50,1.9796479417892607,1.3558387476773244,1.6675343876255817,0.0,0.1625,0.5,1.0,0.0,0.0,0.001,1,0.0
1600,200,low,8,medium,2,440574245,50,0.468697934990125,0.2509922397229662,0.33089749762731424,0.9625,1.0,1.0,0.0375,1.0,0.95975,0.9625,2,0.0
1600,200,low,8,medium,3,1483006030,50,0.22960391987405548,0.040025829767227676,0.09914691632257355,1.0,1.0,1.0,0.0,1.0,0.999,1.0,2,0.0
1600,200,low,8,high,0,1354845735,50,0.6343205591788292,0.17420218160811796,0.3558318400436645,0.6875,0.8,0.8625,0.3125,1.0,0.6865,0.6875,2,0.0
1600,200,low,8,high,1,901428636,50,0.6024727751892223,0.10777771982959312,0.21171994662550378,0.7625,0.8375,0.9,0.2375,1.0,0.7595000000000001,0.7625,2,0.0
1600,200,low,8,high,2,1632935481,50,4.606405379383295,3.257771375335433,3.89771835352678,0.0,0.0,0.0,1.0,0.0,0.0,0.001,1,0.0
1600,200,low,8,high,3,902179033,50,2.0873341971344557,1.1190514529942703,1.5052083302476622,0.075,0.25,0.4625,0.925,1.0,0.075,0.075,1,0.0
1600,200,medium,2,low,0,1835626344,50,6.942145425408112,6.489826627671493,6.706432513324259,0.0,0.0,0.0,1.0,0.0,0.0,0.001,1,0.0
1600,200,medium,2,low,1,1299666895,50,6.9347824798402335,6.569427150404338,6.7065115595068825,0.0,0.0,0.0,1.0,0.0,0.0,0.001,1,0.0
1600,200,medium,2,low,2,1417598288,50,7.0005060985991605,6.603709711369228,6.760146724558218,0.0,0.0,0.0,1.0,0.0,0.0,0.001,1,0.0
1600,200,medium,2,low,3,1861001384,50,7.087085731092722,6.6454965012410385,6.7988543108334865,0.0,0.0,0.0,1.0,0.0,0.0,0.001,1,0.0
1600,200,medium,2,medium,0,42646749,50,6.816768085624403,5.5171356104226135,5.84502977948229,0.0,0.0,0.0,1.0,0.0,0.0,0.001,1,0.0
1600,200,medium,2,medium,1,396188236,50,7.107116693683649,6.1050521548944054,6.39747993283595,0.0,0.0,0.0,1.0,0.0,0.0,0.001,1,0.0
1600,200,medium,2,medium,2,1284174751,50,7.221627900803948,5.794639257462779,6.581860374309129,0.0,0.0,0.0,1.0,0.0,0.0,0.001,1,0.0
1600,200,medium,2,medium,3,2065478929,50,6.982325232055453,5.602844683115936,6.406597028067724,0.0,0.0,0.0,1.0,0.0,0.0,0.001,1,0.0
1600,200,medium,2,high,0,1068383648,50,6.863329881654262,4.298539845504184,5.529481577690025,0.0,0.0,0.0,1.0,0.0,0.0,0.001,1,0.0
1600,200,medium,2,high,1,2007672641,50,6.8029776054836155,4.782995564735485,5.799774839217326,0.0,0.0,0.0,1.0,0.0,0.0,0.001,1,0.0
1600,200,medium,2,high,2,719929826,50,6.883662766761084,4.700067595864453,5.337209041050203,0.0,0.0,0.0,1.0,0.0,0.0,0.001,1,0.0
1600,200,medium,2,high,3,647979526,50,7.160423532800891,4.9141714364491635,5.73180130193552,0.0,0.0,0.0,1.0,0.0,0.0,0.001,1,0.0
1600,200,medium,4,low,0,1504289023,50,1.4993206026926282,1.3275216084494295,1.4114855293227544,0.0,0.5,1.0,1.0,0.04,0.0042499999999999994,0.001,1,0.0
1600,200,medium,4,low,1,1499552370,50,3.5412412957688106,3.2678567141155805,3.3682057526645997,0.0,0.0,0.0,1.0,0.0,0.0,0.001,1,0.0
1600,200,medium,4,low,2,1518705846,50,2.237199966809561,2.055897933753537,2.1473187491493633,0.0,0.0,0.05,1.0,0.0,0.0,0.001,1,0.0
1600,200,medium,4,low,3,381914293,50,2.8362601068333624,2.6348442533521528,2.746095004740512,0.0,0.0,0.0,1.0,0.0,0.0,0.001,1,0.0
1600,200,medium,4,medium,0,1522248830,50,1.724073281640666,1.3186884052538643,1.4706937340411366,0.0125,0.2875,0.7625,0.9875,0.04,0.016999999999999998,0.0125,1,0.0
1600,200,medium,4,medium,1,643419899,50,1.686257936115967,1.2850041360268611,1.528150411177176,0.0,0.2125,0.65,1.0,0.1,0.015000000000000003,0.001,1,0.0
1600,200,medium,4,medium,2,1954916623,50,1.1990559774342824,0.8178396258077925,0.9832152358552195,0.275,0.8375,0.9625,0.725,0.98,0.316,0.275,1,0.0
1600,200,medium,4,medium,3,1662557826,50,3.6634308619548386,3.0466003529216152,3.2933549705553293,0.0,0.0,0.0,1.0,0.0,0.0,0.001,1,0.0
1600,200,medium,4,high,0,1361680147,50,4.658201045642613,2.8424963435118724,3.589531999964785,0.0,0.0,0.025,1.0,0.0,0.0,0.001,1,0.0
1600,200,medium,4,high,1,1935336706,50,4.958401499052611,3.2187941248003846,3.7138102552339753,0.0,0.0,0.0,1.0,0.0,0.0,0.001,1,0.0
1600,200,medium,4,high,2,59763681,50,2.15415550010072,1.0560757963304104,1.4721909638728055,0.1,0.3,0.4625,0.9,0.86,0.0925,0.1,1,0.0
1600,200,medium,4,high,3,997499177,50,0.7580672647035138,0.2849942856916142,0.46523673812806204,0.6875,0.825,0.8875,0.3125,1.0,0.66025,0.6875,2,0.0
1600,200,medium,8,low,0,2078831841,50,1.0415535943936256,0.9151056953914806,0.9635895213027441,0.3875,1.0,1.0,0.6125,0.64,0.3705,0.3875,1,0.0
1600,200,medium,8,low,1,1147408605,50,1.8856485370987204,1.73905401501932,1.792661103239107,0.0,0.0,0.7625,1.0,0.0,0.0,0.001,1,0.0
1600,200,medium,8,low,2,181156665,50,1.736396390584333,1.5791387935829264,1.6240984147937623,0.0,0.0,0.9875,1.0,0.0,0.0,0.001,1,0.0
1600,200,medium,8,low,3,1516100406,50,0.9465204559064736,0.8374860165893502,0.8763054342675312,0.6875,1.0,1.0,0.3125,0.98,0.76175,0.6875,2,0.0
1600,200,medium,8,medium,0,1241303612,50,2.6298735281899863,2.024689013654922,2.259932300230616,0.0,0.0125,0.1,1.0,0.0,0.0,0.001,1,0.0
1600,200,medium,8,medium,1,1466333825,50,3.221759418361408,2.4867623290103373,2.8247974901385993,0.0,0.0,0.0,1.0,0.0,0.0,0.001,1,0.0
1600,200,medium,8,medium,2,2074243236,50,1.64970550066922,1.320959069258047,1.4569640781981477,0.0125,0.3,0.7375,0.9875,0.02,0.012750000000000001,0.0125,1,0.0
1600,200,medium,8,medium,3,88423457,50,0.4435665384495633,0.2673229033179409,0.3346005225061461,0.9875,1.0,1.0,0.0125,1.0,0.9717500000000001,0.9875,2,0.0
1600,200,medium,8,high,0,1203481310,50,1.9597967746511762,1.0169463275865598,1.2790182623845108,0.1,0.375,0.525,0.9,0.94,0.1115,0.1,1,0.0
1600,200,medium,8,high,1,880917729,50,0.46425640908145704,0.08817950057191279,0.20005262390064074,0.7625,0.875,0.9,0.2375,1.0,0.7382500000000001,0.7625,2,0.0
1600,200,medium,8,high,2,412393922,50,0.304123132152299,0.04800162838295762,0.13672438141799612,0.8875,0.975,0.975,0.1125,1.0,0.8867499999999999,0.8875,2,0.0
1600,200,medium,8,high,3,1399421966,50,0.9344574784853414,0.2637222742842621,0.5461624251346429,0.525,0.725,0.85,0.475,1.0,0.54875,0.525,2,0.0
1600,200,high,2,low,0,513263532,50,7.048487196878962,6.591376509949433,6.793130307142739,0.0,0.0,0.0,1.0,0.0,0.0,0.001,1,0.0
1600,200,high,2,low,1,448985106,50,7.027542470658277,6.528766771659796,6.7745591359153305,0.0,0.0,0.0,1.0,0.0,0.0,0.001,1,0.0
1600,200,high,2,low,2,799587967,50,6.991377935804488,6.512820756822415,6.7275124518856515,0.0,0.0,0.0,1.0,0.0,0.0,0.001,1,0.0
1600,200,high,2,low,3,479752334,50,6.90867179738121,6.364442565820887,6.608794101808231,0.0,0.0,0.0,1.0,0.0,0.0,0.001,1,0.0
1600,200,high,2,medium,0,513291073,50,7.120378877119848,5.764366630530172,6.1800514252885055,0.0,0.0,0.0,1.0,0.0,0.0,0.001,1,0.0
1600,200,high,2,medium,1,75364756,50,6.996548123933818,5.818710910828964,6.333125701074197,0.0,0.0,0.0,1.0,0.0,0.0,0.001,1,0.0
1600,200,high,2,medium,2,849085734,50,6.988340099233534,5.666473787333793,6.283117774345266,0.0,0.0,0.0,1.0,0.0,0.0,0.001,1,0.0
1600,200,high,2,medium,3,1020222318,50,6.9525196203516435,5.528122463201686,6.145174074516618,0.0,0.0,0.0,1.0,0.0,0.0,0.001,1,0.0
1600,200,high,2,high,0,894933857,50,7.0575231650237065,4.417433827341655,5.409962625836506,0.0,0.0,0.0,1.0,0.0,0.0,0.001,1,0.0
1600,200,high,2,high,1,1170526536,50,7.075371524577222,4.412655080807871,5.352133000395991,0.0,0.0,0.0,1.0,0.0,0.0,0.001,1,0.0
1600,200,high,2,high,2,802970200,50,6.586994041715291,4.285429756793726,5.478442212017358,0.0,0.0,0.0,1.0,0.0,0.0,0.001,1,0.0
1600,200,high,2,high,3,57917431,50,7.153203484243621,4.445217038391692,5.4204755411049055,0.0,0.0,0.0,1.0,0.0,0.0,0.001,1,0.0
1600,200,high,4,low,0,236220176,50,5.178086742541436,4.758425721920296,4.931394693669574,0.0,0.0,0.0,1.0,0.0,0.0,0.001,1,0.0
1600,200,high,4,low,1,296209064,50,6.340178684350723,5.9515173915732005,6.16339414605341,0.0,0.0,0.0,1.0,0.0,0.0,0.001,1,0.0
1600,200,high,4,low,2,993446556,50,2.547988995641102,2.3091419393930184,2.427381732061301,0.0,0.0,0.0,1.0,0.02,0.002,0.001,1,0.0
1600,200,high,4,low,3,1670896150,50,3.0057567966715695,2.7065614801981126,2.8170716531072646,0.0,0.0,0.0,1.0,0.0,0.0,0.001,1,0.0
1600,200,high,4,medium,0,1223890152,50,0.8517634926281609,0.5745327026803262,0.676973707914369,0.6375,0.9625,1.0,0.3625,0.9,0.5890000000000001,0.6375,2,0.0
1600,200,high,4,medium,1,71829891,50,2.04713610373559,1.608946484837376,1.8046810651627068,0.0,0.0375,0.4125,1.0,0.1,0.03175,0.001,1,0.0
1600,200,high,4,medium,2,1819549041,50,2.7532430361845535,2.2765098625688713,2.520639001463416,0.0,0.0,0.025,1.0,0.0,0.0,0.001,1,0.0
1600,200,high,4,medium,3,1730678194,50,3.213232561223853,2.5502689121925464,2.844524018928575,0.0,0.0,0.0125,1.0,0.0,0.0,0.001,1,0.0
1600,200,high,4,high,0,391078484,50,1.703632854600777,0.758249577986676,1.1487709303665605,0.2125,0.4125,0.65,0.7875,0.94,0.2165,0.2125,1,0.0
1600,200,high,4,high,1,512058068,50,4.9363513590108425,3.40345121867147,3.9646504793992485,0.0,0.0,0.0,1.0,0.0,0.0,0.001,1,0.0
1600,200,high,4,high,2,1774998818,50,3.7075398775392667,2.5014708413945157,3.0630810025148616,0.0,0.0,0.0125,1.0,0.0,0.0,0.001,1,0.0
1600,200,high,4,high,3,1657484415,50,4.0234061274340736,2.5848867316989534,3.0469427312419133,0.0,0.0,0.0,1.0,0.0,0.0,0.001,1,0.0
1600,200,high,8,low,0,352491502,50,1.1471998891024615,1.0374154126915223,1.0890070266611347,0.0375,1.0,1.0,0.9625,0.52,0.40249999999999997,0.0375,1,0.0
1600,200,high,8,low,1,69657329,50,1.0455703829411211,0.9185276023847745,0.9813747487332662,0.3375,1.0,1.0,0.6625,0.7,0.5155000000000001,0.3375,1,0.0
1600,200,high,8,low,2,1297948835,50,0.5246195410095432,0.447872309635293,0.4951959382561341,1.0,1.0,1.0,0.0,0.98,0.9602499999999999,1.0,2,0.0
1600,200,high,8,low,3,565450033,50,0.6094645423248335,0.5101800092116296,0.5612839120821469,1.0,1.0,1.0,0.0,0.88,0.786,1.0,2,0.0
1600,200,high,8,medium,0,723311309,50,1.9097274346112991,1.4749088039995792,1.7118421666455548,0.0,0.125,0.5375,1.0,0.1,0.0215,0.001,1,0.0
1600,200,high,8,medium,1,454294203,50,4.467667438012636,3.7213327547275097,4.119939525825762,0.0,0.0,0.0,1.0,0.0,0.0,0.001,1,0.0
1600,200,high,8,medium,2,1720979795,50,1.954553589703938,1.43292770114553,1.6262032170518144,0.0,0.175,0.5625,1.0,0.04,0.02375,0.001,1,0.0
1600,200,high,8,medium,3,359425110,50,0.6681304263881537,0.3724033076596846,0.4616446096879904,0.9375,0.9625,1.0,0.0625,0.96,0.77225,0.9375,2,0.0
1600,200,high,8,high,0,1062448990,50,1.4106843486894691,0.6095983739810018,0.9263815886665178,0.3125,0.5375,0.725,0.6875,0.94,0.36375,0.3125,1,0.0
1600,200,high,8,high,1,319175594,50,2.7336461144468807,1.5745535205545287,1.8695046346107682,0.0,0.075,0.3125,1.0,0.1,0.01225,0.001,1,0.0
1600,200,high,8,high,2,1743874240,50,1.3651376947736882,0.5733637436364797,0.9344958676578068,0.275,0.5375,0.725,0.725,1.0,0.36000000000000004,0.275,1,0.0
1600,200,high,8,high,3,1478509219,50,2.0219242191508897,1.1426393463979665,1.6052881908147068,0.05,0.2375,0.45,0.95,0.54,0.10200000000000001,0.05,1,0.0
1600,200,extreme,2,low,0,526063424,50,7.032998657246587,6.509907220689713,6.722804475049955,0.0,0.0,0.0,1.0,0.0,0.0,0.001,1,0.0
1600,200,extreme,2,low,1,1427789363,50,7.080310700559735,6.64804584244664,6.7994715653100055,0.0,0.0,0.0,1.0,0.0,0.0,0.001,1,0.0
1600,200,extreme,2,low,2,811570899,50,6.891760173407011,6.496438222551682,6.698803852071827,0.0,0.0,0.0,1.0,0.0,0.0,0.001,1,0.0
1600,200,extreme,2,low,3,1169578194,50,7.046324923673045,6.642476171663969,6.788245603275342,0.0,0.0,0.0,1.0,0.0,0.0,0.001,1,0.0
1600,200,extreme,2,medium,0,1382835189,50,7.280533987884085,6.048369621221466,6.456831777754191,0.0,0.0,0.0,1.0,0.0,0.0,0.001,1,0.0
1600,200,extreme,2,medium,1,1390398613,50,7.109239657643953,5.719366309198732,6.2730495302474125,0.0,0.0,0.0,1.0,0.0,0.0,0.001,1,0.0
1600,200,extreme,2,medium,2,2013264149,50,7.1252677995720735,5.72326901478197,6.20052466214642,0.0,0.0,0.0,1.0,0.0,0.0,0.001,1,0.0
1600,200,extreme,2,medium,3,1437441088,50,6.984749515923495,5.715708056186,6.248534922166,0.0,0.0,0.0,1.0,0.0,0.0,0.001,1,0.0
1600,200,extreme,2,high,0,854712119,50,7.593067369406997,5.203903133913946,5.830368851100594,0.0,0.0,0.0,1.0,0.0,0.0,0.001,1,0.0
1600,200,extreme,2,high,1,498278810,50,6.347479407392707,4.408293247579598,5.201028991986651,0.0,0.0,0.0,1.0,0.0,0.0,0.001,1,0.0
1600,200,extreme,2,high,2,211491149,50,7.222453287049023,4.708769272690118,5.635019353205939,0.0,0.0,0.0,1.0,0.0,0.0,0.001,1,0.0
1600,200,extreme,2,high,3,1525244702,50,6.552220106105784,4.618066545560326,5.689296318410192,0.0,0.0,0.0,1.0,0.0,0.0,0.001,1,0.0
1600,200,extreme,4,low,0,79863434,50,2.614637930116204,2.437882399350158,2.546939028421476,0.0,0.0,0.0,1.0,0.04,0.02475,0.001,1,0.0
1600,200,extreme,4,low,1,433965919,50,4.218420299496332,3.846558021734258,3.9442779429026897,0.0,0.0,0.0,1.0,0.0,0.0,0.001,1,0.0
1600,200,extreme,4,low,2,341611902,50,2.117523177352366,1.940669598595474,2.03514374980191,0.0,0.0,0.175,1.0,0.08,0.07125000000000001,0.001,1,0.0
1600,200,extreme,4,low,3,178966698,50,5.868531567046665,5.499723790166004,5.655144649512472,0.0,0.0,0.0,1.0,0.0,0.0,0.001,1,0.0
1600,200,extreme,4,medium,0,905181671,50,4.528461728149081,3.502787313835604,3.9442478421016514,0.0,0.0,0.0,1.0,0.0,0.0,0.001,1,0.0
1600,200,extreme,4,medium,1,611594363,50,6.830628935279975,5.639990609891197,6.095308370194353,0.0,0.0,0.0,1.0,0.0,0.0,0.001,1,0.0
1600,200,extreme,4,medium,2,518011824,50,5.797726946540012,4.80989076552176,5.252400687062864,0.0,0.0,0.0,1.0,0.0,0.0,0.001,1,0.0
1600,200,extreme,4,medium,3,2123841345,50,3.7422996342897283,2.9285116599547116,3.230495200572264,0.0,0.0,0.0,1.0,0.0,0.0,0.001,1,0.0
1600,200,extreme,4,high,0,641406524,50,3.292723050141176,2.123215936141324,2.655653370340942,0.0,0.0,0.075,1.0,0.04,0.006750000000000001,0.001,1,0.0
1600,200,extreme,4,high,1,510089928,50,7.403465712255752,4.718700058131402,5.6750621576805225,0.0,0.0,0.0,1.0,0.0,0.0,0.001,1,0.0
1600,200,extreme,4,high,2,986712574,50,5.017924152258262,3.1885860936691133,4.240797388387794,0.0,0.0125,0.025,1.0,0.0,0.002,0.001,1,0.0
1600,200,extreme,4,high,3,974023930,50,1.1475306654659754,0.39006557814947207,0.7828137020842398,0.4375,0.675,0.8125,0.5625,0.84,0.45500000000000007,0.4375,1,0.0
1600,200,extreme,8,low,0,1126521523,50,0.3323069442843767,0.2626784258790348,0.2803134710991113,1.0,1.0,1.0,0.0,0.86,0.8317500000000001,1.0,2,0.0
1600,200,extreme,8,low,1,628727992,50,0.7417818293826416,0.6455677083975205,0.6911045826031895,0.9875,1.0,1.0,0.0125,0.82,0.774,0.9875,2,0.0
1600,200,extreme,8,low,2,1055265479,50,0.5073023160809961,0.40340427407133117,0.45262421576838396,1.0,1.0,1.0,0.0,0.82,0.709,1.0,2,0.0
1600,200,extreme,8,low,3,1158853507,50,2.7445917391912094,2.464276465400463,2.6497950217812916,0.0,0.0,0.0,1.0,0.02,0.011000000000000001,0.001,1,0.0
1600,200,extreme,8,medium,0,643179477,50,1.9214811851114146,1.4825318410378436,1.6276961895303084,0.0,0.1375,0.5875,1.0,0.22,0.09275,0.001,1,0.0
1600,200,extreme,8,medium,1,815252394,50,4.796456518027064,4.006666325973199,4.2263458407654735,0.0,0.0,0.0,1.0,0.0,0.0,0.001,1,0.0
1600,200,extreme,8,medium,2,178363611,50,0.5480674426485281,0.304899638452516,0.4264164167669903,0.9,1.0,1.0,0.1,0.9,0.7460000000000001,0.9,2,0.0
1600,200,extreme,8,medium,3,259287902,50,1.1109483342984259,0.7879145642480319,0.93502314818279,0.3125,0.8375,0.9875,0.6875,0.74,0.56125,0.3125,1,0.0
1600,200,extreme,8,high,0,2074981082,50,3.9922586927320762,2.628261990727719,3.220953954497684,0.0,0.0,0.0375,1.0,0.0,0.0005,0.001,1,0.0
1600,200,extreme,8,high,1,1432637827,50,0.9450872441159848,0.21664209259693049,0.47643210020778615,0.525,0.725,0.8,0.475,0.98,0.529,0.525,2,0.0
1600,200,extreme,8,high,2,1648441390,50,0.4391288598867512,0.07795609526482077,0.14976522757726068,0.775,0.9,0.9375,0.225,0.96,0.7302500000000001,0.775,2,0.0
1600,200,extreme,8,high,3,1518767401,50,2.259346009856449,1.4818195465902675,1.7958310545390193,0.025,0.1125,0.375,0.975,0.44,0.13475,0.025,1,0.0
1600,400,low,2,low,0,2034007151,50,3.002124361830297,2.900385917480204,2.9489260781751616,0.0,0.0,0.0,1.0,0.0,0.0,0.001,1,0.0
1600,400,low,2,low,1,978349339,50,3.018082104490814,2.9307868037471145,2.9693816118414107,0.0,0.0,0.0,1.0,0.0,0.0,0.001,1,0.0
1600,400,low,2,low,2,1240274108,50,3.012518256115004,2.896502215247448,2.9365601236484133,0.0,0.0,0.0,1.0,0.0,0.0,0.001,1,0.0
1600,400,low,2,low,3,2090934020,50,2.991127427215072,2.8716924915033912,2.9373564922884423,0.0,0.0,0.0,1.0,0.0,0.0,0.001,1,0.0
1600,400,low,2,medium,0,203447963,50,2.989619976881185,2.624436586357252,2.834982931984554,0.0,0.0,0.0,1.0,0.0,0.0,0.001,1,0.0
1600,400,low,2,medium,1,326779841,50,3.008909730396778,2.585242087694335,2.784054511199626,0.0,0.0,0.0,1.0,0.0,0.0,0.001,1,0.0
1600,400,low,2,medium,2,560481042,50,3.015834252779058,2.6447067702305205,2.7758191251599276,0.0,0.0,0.0,1.0,0.0,0.0,0.001,1,0.0
1600,400,low,2,medium,3,865554637,50,3.0793374636935518,2.6425660427759614,2.8028616555503816,0.0,0.0,0.0,1.0,0.0,0.0,0.001,1,0.0
1600,400,low,2,high,0,1033394172,50,2.945528761097143,2.3140190613050318,2.65355756027636,0.0,0.0,0.0375,1.0,0.0,0.0,0.001,1,0.0
1600,400,low,2,high,1,828386476,50,2.989281487559623,2.1943227173969566,2.565789768877445,0.0,0.0,0.025,1.0,0.0,0.0,0.001,1,0.0
1600,400,low,2,high,2,1351242577,50,2.918775023264457,2.317494002529913,2.5571658418725773,0.0,0.0,0.025,1.0,0.0,0.0,0.001,1,0.0
1600,400,low,2,high,3,178032751,50,2.8474949682864237,2.2360270735611203,2.4771606498336727,0.0,0.0,0.025,1.0,0.0,0.0,0.001,1,0.0
1600,400,low,4,low,0,1166029490,50,0.9255816691118226,0.868483739914794,0.8917836269393935,0.8625,1.0,1.0,0.1375,1.0,0.8605,0.8625,2,0.0
1600,400,low,4,low,1,1332704071,50,2.1119134711351304,2.022870055206482,2.0492467053278793,0.0,0.0,0.075,1.0,0.0,0.0,0.001,1,0.0
1600,400,low,4,low,2,1831766801,50,2.036582817965929,1.9397476525470132,1.9821924429922988,0.0,0.0,0.3625,1.0,0.0,0.0,0.001,1,0.0
1600,400,low,4,low,3,1663457095,50,0.3028019833305386,0.26195536836572164,0.2842384124862862,1.0,1.0,1.0,0.0,1.0,1.0,1.0,2,0.0
1600,400,low,4,medium,0,1538348077,50,0.38436646081418413,0.2628777446316758,0.3094922089525629,1.0,1.0,1.0,0.0,1.0,1.0,1.0,2,0.0
1600,400,low,4,medium,1,1767062408,50,0.2721337887269986,0.206942036784136,0.24153633775097033,1.0,1.0,1.0,0.0,1.0,1.0,1.0,2,0.0
1600,400,low,4,medium,2,1310761586,50,0.06216096491768927,0.009255029012966941,0.03423180093399824,1.0,1.0,1.0,0.0,1.0,1.0,1.0,2,0.0
1600,400,low,4,medium,3,296306989,50,0.15973092819081564,0.08245258388285534,0.12597736006621654,1.0,1.0,1.0,0.0,1.0,1.0,1.0,2,0.0
1600,400,low,4,high,0,1461588359,50,0.14252197354369905,0.03056723615161958,0.06576579657594414,1.0,1.0,1.0,0.0,1.0,1.0,1.0,2,0.0
1600,400,low,4,high,1,328579273,50,2.7170609834885706,2.0489684420751977,2.396627526913898,0.0,0.0,0.075,1.0,0.0,0.0,0.001,1,0.0
1600,400,low,4,high,2,1405437176,50,2.99099539499608,2.2389343898522567,2.485449081362127,0.0,0.0,0.0375,1.0,0.0,0.0,0.001,1,0.0
1600,400,low,4,high,3,1695033253,50,1.2769212876873044,0.8142863386159769,1.0733559057692068,0.2,0.725,0.9625,0.8,1.0,0.20249999999999999,0.2,1,0.0
1600,400,low,8,low,0,1405139201,50,0.25607206593357323,0.21639580161518054,0.2277702569879534,1.0,1.0,1.0,0.0,1.0,1.0,1.0,2,0.0
1600,400,low,8,low,1,1053356230,50,0.5051565030306604,0.45283783549776085,0.4766085083831054,1.0,1.0,1.0,0.0,1.0,1.0,1.0,2,0.0
1600,400,low,8,low,2,1156358406,50,0.03252088254463466,0.0071776389426032455,0.016495034955523676,1.0,1.0,1.0,0.0,1.0,1.0,1.0,2,0.0
1600,400,low,8,low,3,1923549283,50,0.10136994997618123,0.06415677522454272,0.0777600463218949,1.0,1.0,1.0,0.0,1.0,1.0,1.0,2,0.0
1600,400,low,8,medium,0,136277778,50,0.7303246198937802,0.5631003075179282,0.6500654177102316,0.9625,1.0,1.0,0.0375,1.0,0.9610000000000001,0.9625,2,0.0
1600,400,low,8,medium,1,1045755033,50,0.05534646704246707,0.011278534941174393,0.027107393981223936,1.0,1.0,1.0,0.0,1.0,1.0,1.0,2,0.0
1600,400,low,8,medium,2,2000009269,50,0.9582238968165454,0.80927182961103,0.8756687330122228,0.6375,1.0,1.0,0.3625,1.0,0.6359999999999999,0.6375,2,0.0
1600,400,low,8,medium,3,779680434,50,0.17217003561313748,0.07045524048672483,0.10761128194620369,1.0,1.0,1.0,0.0,1.0,1.0,1.0,2,0.0
1600,400,low,8,high,0,1124384565,50,1.1066209885365472,0.7558289894805719,0.9158027020590896,0.3625,0.825,0.925,0.6375,1.0,0.3625,0.3625,1,0.0
1600,400,low,8,high,1,436965885,50,0.09695361781087938,0.020184287505493018,0.0500031538764455,1.0,1.0,1.0,0.0,1.0,1.0,1.0,2,0.0
1600,400,low,8,high,2,1298474444,50,0.5271072745780159,0.24842707247865486,0.3552477786147314,0.975,1.0,1.0,0.025,1.0,0.9752500000000002,0.975,2,0.0
1600,400,low,8,high,3,748250825,50,0.6549817906944623,0.3022906131464298,0.4209594402406104,0.875,0.9875,1.0,0.125,1.0,0.85825,0.875,2,0.0
1600,400,medium,2,low,0,1131220018,50,2.982229484394015,2.892756723049058,2.948178549507242,0.0,0.0,0.0,1.0,0.0,0.0,0.001,1,0.0
1600,400,medium,2,low,1,1732405906,50,3.0138063455585744,2.8895113064427944,2.9433628635514593,0.0,0.0,0.0,1.0,0.0,0.0,0.001,1,0.0
1600,400,medium,2,low,2,1117860506,50,3.0055606220584563,2.8962855396598544,2.9554174121750916,0.0,0.0,0.0,1.0,0.0,0.0,0.001,1,0.0
1600,400,medium,2,low,3,1487629567,50,3.006572430284267,2.885662477027194,2.9421971628964814,0.0,0.0,0.0,1.0,0.0,0.0,0.001,1,0.0
1600,400,medium,2,medium,0,1164357759,50,3.0323381378064425,2.6363663761206606,2.797720594327576,0.0,0.0,0.0,1.0,0.0,0.0,0.001,1,0.0
1600,400,medium,2,medium,1,1306026628,50,3.0382370818286826,2.7609379567664956,2.9296361444163015,0.0,0.0,0.0,1.0,0.0,0.0,0.001,1,0.0
1600,400,medium,2,medium,2,616533860,50,3.0101345147855856,2.7445059984416895,2.8747456773860613,0.0,0.0,0.0,1.0,0.0,0.0,0.001,1,0.0
1600,400,medium,2,medium,3,1222771778,50,3.0108784658738186,2.6103051640164887,2.766508415235695,0.0,0.0,0.0,1.0,0.0,0.0,0.001,1,0.0
1600,400,medium,2,high,0,993231682,50,3.1170269190819644,2.2664267760838928,2.7228592987990035,0.0,0.0,0.05,1.0,0.0,0.0,0.001,1,0.0
1600,400,medium,2,high,1,1570206314,50,2.9636611770579737,2.1813888134622244,2.585990238112791,0.0,0.0,0.0625,1.0,0.0,0.0,0.001,1,0.0
1600,400,medium,2,high,2,116370611,50,3.032771518818063,2.2123663151458763,2.542379763598052,0.0,0.0,0.0375,1.0,0.0,0.0,0.001,1,0.0
1600,400,medium,2,high,3,41067197,50,2.9432767803993443,2.2007278685553673,2.43399246425113,0.0,0.0,0.05,1.0,0.0,0.0,0.001,1,0.0
1600,400,medium,4,low,0,1430679277,50,2.9771463968715466,2.8885567766842835,2.9288800823581926,0.0,0.0,0.0,1.0,0.0,0.0,0.001,1,0.0
1600,400,medium,4,low,1,575853410,50,0.13056460213063625,0.0996296071089842,0.11354994699047745,1.0,1.0,1.0,0.0,1.0,1.0,1.0,2,0.0
1600,400,medium,4,low,2,1937458590,50,1.6478406671777406,1.56687414046502,1.6057680290204306,0.0,0.0125,1.0,1.0,0.0,0.0,0.001,1,0.0
1600,400,medium,4,low,3,1948900401,50,1.521146762830088,1.4561756773136656,1.4781720889683736,0.0,0.3625,1.0,1.0,0.0,0.0,0.001,1,0.0
1600,400,medium,4,medium,0,1596850662,50,0.36844413400837694,0.27303592238527136,0.32790346881427157,1.0,1.0,1.0,0.0,1.0,1.0,1.0,2,0.0
1600,400,medium,4,medium,1,861457803,50,3.0757660314240876,2.6916845970497856,2.8820831054588205,0.0,0.0,0.0,1.0,0.0,0.0,0.001,1,0.0
1600,400,medium,4,medium,2,577972832,50,1.0712634742939526,0.9027797435083712,0.9899410620835927,0.2875,0.9875,1.0,0.7125,0.96,0.358,0.2875,1,0.0
1600,400,medium,4,medium,3,1674974436,50,0.3296693475335483,0.27193460223680843,0.3109512221342264,1.0,1.0,1.0,0.0,1.0,1.0,1.0,2,0.0
1600,400,medium,4,high,0,1393206908,50,0.5048473183922064,0.2028006188626654,0.33594700697180696,0.8875,0.9875,0.9875,0.1125,1.0,0.897,0.8875,2,0.0
1600,400,medium,4,high,1,1427220388,50,1.6310165194873827,1.2199529966454195,1.399007183595456,0.025,0.3,0.75,0.975,0.0,0.026000000000000002,0.025,1,0.0
1600,400,medium,4,high,2,1250037998,50,1.0964311264328694,0.700481952267148,0.8390367966196992,0.425,0.8,0.9875,0.575,1.0,0.42650000000000005,0.425,1,0.0
1600,400,medium,4,high,3,2041163456,50,0.6253851710026281,0.3311475853844168,0.4536864087069088,0.8375,0.9875,0.9875,0.1625,1.0,0.8585,0.8375,2,0.0
1600,400,medium,8,low,0,1122851310,50,0.15280780135066513,0.12353396843167945,0.13859594907490652,1.0,1.0,1.0,0.0,1.0,1.0,1.0,2,0.0
1600,400,medium,8,low,1,735302355,50,0.06136634469973981,0.031150703848965067,0.04596695007314436,1.0,1.0,1.0,0.0,1.0,1.0,1.0,2,0.0
1600,400,medium,8,low,2,2121975063,50,0.3704012175086856,0.33402431350399053,0.3503541328811126,1.0,1.0,1.0,0.0,1.0,1.0,1.0,2,0.0
1600,400,medium,8,low,3,1787952686,50,0.06494564606652317,0.028445942335855786,0.04512527188134959,1.0,1.0,1.0,0.0,1.0,1.0,1.0,2,0.0
1600,400,medium,8,medium,0,1583135468,50,0.882969280177595,0.7400796746864146,0.7855868991093157,0.7625,1.0,1.0,0.2375,1.0,0.749,0.7625,2,0.0
1600,400,medium,8,medium,1,1094220632,50,0.36047596126268366,0.2523247761459525,0.2927855713222096,1.0,1.0,1.0,0.0,1.0,1.0,1.0,2,0.0
1600,400,medium,8,medium,2,1571035158,50,0.36812882559934357,0.2971099824415753,0.33293185395555797,1.0,1.0,1.0,0.0,1.0,1.0,1.0,2,0.0
1600,400,medium,8,medium,3,1404387001,50,0.03638565660420699,0.006331344968779359,0.02098101075685934,1.0,1.0,1.0,0.0,1.0,1.0,1.0,2,0.0
1600,400,medium,8,high,0,579077837,50,0.3846701472388572,0.2545036992512745,0.30525555176299285,1.0,1.0,1.0,0.0,1.0,1.0,1.0,2,0.0
1600,400,medium,8,high,1,106119661,50,0.15656104337187374,0.03145987222998226,0.06428888397736277,1.0,1.0,1.0,0.0,1.0,1.0,1.0,2,0.0
1600,400,medium,8,high,2,1860718895,50,0.23950081359094494,0.0285332340315097,0.08073253861163969,0.9875,1.0,1.0,0.0125,1.0,0.9897500000000001,0.9875,2,0.0
1600,400,medium,8,high,3,1322046616,50,0.13987926427382963,0.02246092234360637,0.06381029738265896,1.0,1.0,1.0,0.0,1.0,1.0,1.0,2,0.0
1600,400,high,2,low,0,1281134680,50,2.993536020966517,2.872932516343813,2.9264104039320413,0.0,0.0,0.0,1.0,0.0,0.0,0.001,1,0.0
1600,400,high,2,low,1,509697203,50,2.9937363409721804,2.8815366312002237,2.926168542293526,0.0,0.0,0.0,1.0,0.0,0.0,0.001,1,0.0
1600,400,high,2,low,2,153627743,50,3.0090242916443106,2.8786503579021154,2.9488920325104857,0.0,0.0,0.0,1.0,0.0,0.0,0.001,1,0.0
1600,400,high,2,low,3,1093611265,50,2.999645636142213,2.841122755347797,2.923768614920341,0.0,0.0,0.0,1.0,0.0,0.0,0.001,1,0.0
1600,400,high,2,medium,0,1876353972,50,2.9850992193784505,2.6996820892715228,2.8105599085569506,0.0,0.0,0.0,1.0,0.0,0.0,0.001,1,0.0
1600,400,high,2,medium,1,2056958974,50,3.0765878074391644,2.694535845329737,2.833325860755837,0.0,0.0,0.0,1.0,0.0,0.0,0.001,1,0.0
1600,400,high,2,medium,2,1944888900,50,2.9919493319291224,2.6412025651857065,2.797216211268042,0.0,0.0,0.0,1.0,0.0,0.0,0.001,1,0.0
1600,400,high,2,medium,3,1194905863,50,3.0218066840459312,2.6481018691157936,2.798248952259931,0.0,0.0,0.0,1.0,0.0,0.0,0.001,1,0.0
1600,400,high,2,high,0,1167758903,50,2.8805422953124866,2.195537340595033,2.4892832712572606,0.0,0.0,0.0125,1.0,0.0,0.0,0.001,1,0.0
1600,400,high,2,high,1,2072281525,50,3.023615160198533,2.3751953977643394,2.5650996917495728,0.0,0.0,0.025,1.0,0.0,0.0,0.001,1,0.0
1600,400,high,2,high,2,562731064,50,2.9273825027647646,2.282347165774885,2.5310581729749875,0.0,0.0125,0.0625,1.0,0.0,0.0,0.001,1,0.0
1600,400,high,2,high,3,843071423,50,3.0709088979162633,2.335250955042168,2.6993631177317625,0.0,0.0,0.025,1.0,0.0,0.0,0.001,1,0.0
1600,400,high,4,low,0,1890845960,50,0.723756065474572,0.6884189626796801,0.7049174034878307,1.0,1.0,1.0,0.0,0.92,0.8332499999999999,1.0,2,0.0
1600,400,high,4,low,1,64382372,50,0.17716625896480037,0.15343976419405195,0.1601966450712231,1.0,1.0,1.0,0.0,1.0,1.0,1.0,2,0.0
1600,400,high,4,low,2,263215693,50,2.1842582816028564,2.09390605124063,2.1467612786957693,0.0,0.0,0.025,1.0,0.0,0.0,0.001,1,0.0
1600,400,high,4,low,3,1891183431,50,1.605015750093782,1.5454132262126206,1.5784735746632306,0.0,0.025,1.0,1.0,0.0,0.0,0.001,1,0.0
1600,400,high,4,medium,0,1392644397,50,0.5463095971596796,0.42493416770146425,0.48657610349353314,1.0,1.0,1.0,0.0,1.0,0.9560000000000001,1.0,2,0.0
1600,400,high,4,medium,1,595866472,50,0.052842800006650495,0.009138749993222976,0.028882332257385013,1.0,1.0,1.0,0.0,1.0,1.0,1.0,2,0.0
1600,400,high,4,medium,2,583052425,50,0.8781942658629256,0.7364851128030978,0.7954425138810178,0.8125,1.0,1.0,0.1875,0.94,0.7627499999999999,0.8125,2,0.0
1600,400,high,4,medium,3,1190644505,50,0.0702199948569645,0.012292972396915732,0.03278096637066157,1.0,1.0,1.0,0.0,1.0,0.99975,1.0,2,0.0
1600,400,high,4,high,0,1153199239,50,0.11194957248299374,0.019713364599633052,0.04392289941344135,1.0,1.0,1.0,0.0,1.0,0.9960000000000001,1.0,2,0.0
1600,400,high,4,high,1,1311577397,50,1.180400597725678,0.869502594045459,1.0172243749229612,0.2375,0.8,0.95,0.7625,0.92,0.29175,0.2375,1,0.0
1600,400,high,4,high,2,1108394839,50,0.21586798050181477,0.05779488548794981,0.1332966975136806,1.0,1.0,1.0,0.0,1.0,1.0,1.0,2,0.0
1600,400,high,4,high,3,798170676,50,1.5906041525262988,1.0360722935478741,1.325468886324473,0.075,0.3875,0.8125,0.925,0.68,0.11674999999999999,0.075,1,0.0
1600,400,high,8,low,0,32230292,50,0.2323521361100765,0.20943229020513493,0.22032285321570902,1.0,1.0,1.0,0.0,1.0,1.0,1.0,2,0.0
1600,400,high,8,low,1,565317609,50,0.13787863933465944,0.10495233023705709,0.12531369950047527,1.0,1.0,1.0,0.0,1.0,1.0,1.0,2,0.0
1600,400,high,8,low,2,1925312722,50,0.19121639874193302,0.15667976535983405,0.1717597530553358,1.0,1.0,1.0,0.0,1.0,1.0,1.0,2,0.0
1600,400,high,8,low,3,140859804,50,1.214019120345303,1.1538798984410754,1.1887845412597282,0.0,1.0,1.0,1.0,0.16,0.10850000000000001,0.001,1,0.0
1600,400,high,8,medium,0,688023258,50,0.1392461580518562,0.05618925730243186,0.09615932763960416,1.0,1.0,1.0,0.0,1.0,1.0,1.0,2,0.0
1600,400,high,8,medium,1,412596505,50,0.680322452498547,0.5331293988207148,0.5989691078895845,1.0,1.0,1.0,0.0,1.0,0.9549999999999998,1.0,2,0.0
1600,400,high,8,medium,2,254919382,50,0.0663678450416565,0.012813163952365252,0.028830174344625203,1.0,1.0,1.0,0.0,1.0,1.0,1.0,2,0.0
1600,400,high,8,medium,3,51957746,50,0.0655577692730204,0.0157719424630658,0.02724256911661763,1.0,1.0,1.0,0.0,1.0,1.0,1.0,2,0.0
1600,400,high,8,high,0,75695004,50,0.6898401524515214,0.4645957874969022,0.5398828403667152,0.775,0.95,0.9875,0.225,1.0,0.7975000000000001,0.775,2,0.0
1600,400,high,8,high,1,325074298,50,0.07896950137350434,0.007767463516628912,0.04326730355326437,1.0,1.0,1.0,0.0,1.0,1.0,1.0,2,0.0
1600,400,high,8,high,2,1173670967,50,0.1437631257592527,0.03459484472540877,0.09245365023161553,1.0,1.0,1.0,0.0,1.0,0.9977500000000001,1.0,2,0.0
1600,400,high,8,high,3,8977540,50,0.2274141374903153,0.08237678837432968,0.13542701803756102,1.0,1.0,1.0,0.0,1.0,0.9995,1.0,2,0.0
1600,400,extreme,2,low,0,1915443835,50,3.000824707459869,2.8952495795995445,2.95528314679658,0.0,0.0,0.0,1.0,0.0,0.0,0.001,1,0.0
1600,400,extreme,2,low,1,1754184455,50,3.009838895102702,2.871503784957417,2.948130548733301,0.0,0.0,0.0,1.0,0.0,0.0,0.001,1,0.0
1600,400,extreme,2,low,2,1560965085,50,2.991631679307755,2.8989415507359033,2.941962573826057,0.0,0.0,0.0,1.0,0.0,0.0,0.001,1,0.0
1600,400,extreme,2,low,3,579054735,50,2.9899509690531643,2.895323585786542,2.932644461726542,0.0,0.0,0.0,1.0,0.0,0.0,0.001,1,0.0
1600,400,extreme,2,medium,0,1463593491,50,2.9689017739687067,2.6205841249678,2.7475340742714205,0.0,0.0,0.0,1.0,0.0,0.0,0.001,1,0.0
1600,400,extreme,2,medium,1,1750088326,50,2.958617139614933,2.6020804116122913,2.753850668619817,0.0,0.0,0.0,1.0,0.0,0.0,0.001,1,0.0
1600,400,extreme,2,medium,2,920563195,50,3.026986840743981,2.6364782623545144,2.857216703010146,0.0,0.0,0.0,1.0,0.0,0.0,0.001,1,0.0
1600,400,extreme,2,medium,3,1981528833,50,2.9213568850863054,2.5870426470273524,2.76841201713441,0.0,0.0,0.0,1.0,0.0,0.0,0.001,1,0.0
1600,400,extreme,2,high,0,683119223,50,2.9938126414022195,2.257662765836769,2.6043861932873065,0.0,0.0,0.0,1.0,0.0,0.0,0.001,1,0.0
1600,400,extreme,2,high,1,1516275045,50,3.0566434035002477,2.3412457011747145,2.6211318010312183,0.0,0.0,0.0375,1.0,0.02,0.0017499999999999998,0.001,1,0.0
1600,400,extreme,2,high,2,1913143896,50,3.045892955853372,2.3641338003150767,2.634782505492814,0.0,0.0,0.0375,1.0,0.0,0.0,0.001,1,0.0
1600,400,extreme,2,high,3,1898887667,50,2.966353095425115,2.265388901972245,2.546133098267145,0.0,0.0,0.075,1.0,0.0,0.00025,0.001,1,0.0
1600,400,extreme,4,low,0,146668972,50,0.02401363981026737,0.0042685570641534986,0.012353804245694563,1.0,1.0,1.0,0.0,0.96,0.9580000000000002,1.0,2,0.0
1600,400,extreme,4,low,1,689359632,50,0.6115150911803049,0.5587541158252123,0.5817692738729412,1.0,1.0,1.0,0.0,0.94,0.87425,1.0,2,0.0
1600,400,extreme,4,low,2,703828842,50,0.9318218646890959,0.8650665427498829,0.896310573517872,0.8875,1.0,1.0,0.1125,0.62,0.59725,0.8875,2,0.0
1600,400,extreme,4,low,3,1386265208,50,0.5326515517166314,0.4918560368734215,0.5077435338901441,1.0,1.0,1.0,0.0,0.88,0.86525,1.0,2,0.0
1600,400,extreme,4,medium,0,856215521,50,1.7897044816795251,1.5761652801366468,1.6873284586399315,0.0,0.05,0.7875,1.0,0.04,0.009,0.001,1,0.0
1600,400,extreme,4,medium,1,1147438791,50,0.07768218358248118,0.019818880910470658,0.03815250251371262,1.0,1.0,1.0,0.0,1.0,0.9877500000000001,1.0,2,0.0
1600,400,extreme,4,medium,2,370134382,50,0.3044315789129731,0.1624577924222457,0.23438392878221442,1.0,1.0,1.0,0.0,0.98,0.91075,1.0,2,0.0
1600,400,extreme,4,medium,3,693683086,50,0.33026224805841997,0.2720287816851431,0.29329830225594933,1.0,1.0,1.0,0.0,0.98,0.9800000000000002,1.0,2,0.0
1600,400,extreme,4,high,0,1010530392,50,2.694196370471894,1.83716991375207,2.233442246061406,0.0,0.0125,0.175,1.0,0.0,0.0017500000000000003,0.001,1,0.0
1600,400,extreme,4,high,1,894228083,50,0.26923784612998547,0.05009244475451462,0.14584449394207186,0.9875,1.0,1.0,0.0125,1.0,0.9179999999999999,0.9875,2,0.0
1600,400,extreme,4,high,2,466482989,50,0.15267597931142424,0.014816646215431087,0.06283992427407609,1.0,1.0,1.0,0.0,1.0,0.9577500000000001,1.0,2,0.0
1600,400,extreme,4,high,3,1758162486,50,0.13356590042165517,0.03075794448303315,0.061111701364155196,0.9875,1.0,1.0,0.0125,1.0,0.9445,0.9875,2,0.0
1600,400,extreme,8,low,0,1555123235,50,0.13368758036207717,0.11783438514433432,0.12394397906461938,1.0,1.0,1.0,0.0,1.0,1.0,1.0,2,0.0
1600,400,extreme,8,low,1,1605725265,50,0.325431429592559,0.3057546446135603,0.31449825244506807,1.0,1.0,1.0,0.0,0.96,0.958,1.0,2,0.0
1600,400,extreme,8,low,2,1917047595,50,0.27499588421739557,0.23213767619381717,0.25280893754871775,1.0,1.0,1.0,0.0,1.0,0.9865000000000002,1.0,2,0.0
1600,400,extreme,8,low,3,183101713,50,0.5181461372288528,0.47370052380717875,0.49114593103087845,1.0,1.0,1.0,0.0,0.96,0.92675,1.0,2,0.0
1600,400,extreme,8,medium,0,802464514,50,0.23570147680096487,0.15440733256096215,0.19371634547658562,1.0,1.0,1.0,0.0,1.0,1.0,1.0,2,0.0
1600,400,extreme,8,medium,1,791307128,50,0.1919726131007496,0.09148299142672374,0.15655558074449646,1.0,1.0,1.0,0.0,1.0,1.0,1.0,2,0.0
1600,400,extreme,8,medium,2,536589357,50,0.115202850653006,0.04338360459130631,0.08422010751641493,1.0,1.0,1.0,0.0,0.98,0.9640000000000001,1.0,2,0.0
1600,400,extreme,8,medium,3,2037268281,50,0.35370450744590015,0.3014810052887852,0.33248416794980196,1.0,1.0,1.0,0.0,0.96,0.9600000000000002,1.0,2,0.0
1600,400,extreme,8,high,0,1599465382,50,0.16137802671193108,0.024418260736695403,0.06025009439060709,0.975,0.9875,0.9875,0.025,1.0,0.9635,0.975,2,0.0
1600,400,extreme,8,high,1,1924771746,50,0.34660237099917435,0.09307609754357507,0.17058612639748524,0.975,0.9875,1.0,0.025,1.0,0.9477499999999999,0.975,2,0.0
1600,400,extreme,8,high,2,1782193017,50,1.750614412891211,1.2660686724877754,1.5070977254513416,0.0125,0.2375,0.7375,0.9875,0.5,0.125,0.0125,1,0.0
1600,400,extreme,8,high,3,1361743553,50,0.6883453476506429,0.40104941366865665,0.5154592937131591,0.775,0.95,1.0,0.225,0.94,0.6632499999999999,0.775,2,0.0
