scenario_id,metric,label,probability
OOD_0000,DSI_2D,1,0.8940559009634694
OOD_0001,DSI_2D,0,0.7057516762213956
OOD_0002,DSI_2D,0,0.6948496992241872
OOD_0003,DSI_2D,0,0.7731173479559192
OOD_0004,DSI_2D,0,0.40183340436700016
OOD_0005,DSI_2D,0,0.8617120721358132
OOD_0006,DSI_2D,0,0.6388287519268672
OOD_0007,DSI_2D,1,0.7562647692437382
OOD_0008,DSI_2D,0,0.831043565991762
OOD_0009,DSI_2D,1,0.8947989826209652
OOD_0010,DSI_2D,1,0.8301863741560584
OOD_0011,DSI_2D,0,0.6149924176531375
OOD_0012,DSI_2D,1,0.8698816304313881
OOD_0013,DSI_2D,1,0.8745969966836998
OOD_0014,DSI_2D,1,0.89262569997196
OOD_0015,DSI_2D,0,0.6768498368463967
OOD_0016,DSI_2D,1,0.8504066059915896
OOD_0017,DSI_2D,0,0.6227522934253189
OOD_0018,DSI_2D,0,0.8676481326410309
OOD_0019,DSI_2D,0,0.8396525634761309
OOD_0020,DSI_2D,1,0.8039473964280068
OOD_0021,DSI_2D,1,0.8875562977429494
OOD_0022,DSI_2D,0,0.6377802738225852
OOD_0023,DSI_2D,1,0.8595711678970483
OOD_0024,DSI_2D,1,0.8786946878013012
OOD_0025,DSI_2D,1,0.8472414350171412
OOD_0026,DSI_2D,0,0.7627225429525557
OOD_0027,DSI_2D,0,0.5540065855252859
OOD_0028,DSI_2D,1,0.8806830521552675
OOD_0029,DSI_2D,1,0.8455982088002847
OOD_0030,DSI_2D,0,0.4830268719716988
OOD_0031,DSI_2D,1,0.7851463326031872
OOD_0032,DSI_2D,1,0.8824492862202797
OOD_0033,DSI_2D,0,0.880242734210273
OOD_0034,DSI_2D,1,0.8866856023573765
OOD_0035,DSI_2D,0,0.714853893388367
OOD_0036,DSI_2D,0,0.7432579609395331
OOD_0037,DSI_2D,0,0.05900867092699952
OOD_0038,DSI_2D,0,0.8569032821443225
OOD_0039,DSI_2D,0,0.5793499301578554
OOD_0040,DSI_2D,0,0.7835530924593501
OOD_0041,DSI_2D,1,0.8945758871462268
OOD_0042,DSI_2D,0,0.727326185237085
OOD_0043,DSI_2D,1,0.879844753939616
OOD_0044,DSI_2D,1,0.8679335034672669
OOD_0045,DSI_2D,0,0.8778581762497332
OOD_0046,DSI_2D,0,0.823355387588542
OOD_0047,DSI_2D,1,0.8861846340140666
OOD_0048,DSI_2D,1,0.8714146900313644
OOD_0049,DSI_2D,0,0.703029667218012
OOD_0050,DSI_2D,0,0.7939018622638051
OOD_0051,DSI_2D,0,0.35074495177921217
OOD_0052,DSI_2D,0,0.8466234046342029
OOD_0053,DSI_2D,0,0.36156656162173834
OOD_0054,DSI_2D,0,0.8836574374562878
OOD_0055,DSI_2D,0,0.8197794085372053
OOD_0056,DSI_2D,0,0.8134171189325567
OOD_0057,DSI_2D,1,0.7460306476423736
OOD_0058,DSI_2D,0,0.5747780419719465
OOD_0059,DSI_2D,0,0.32142347593655674
OOD_0060,DSI_2D,0,0.6944807402333434
OOD_0061,DSI_2D,0,0.7184112141650103
OOD_0062,DSI_2D,0,0.5463669849000887
OOD_0063,DSI_2D,0,0.6467852501547996
OOD_0064,DSI_2D,0,0.651375033775643
OOD_0065,DSI_2D,0,0.6876015651805306
OOD_0066,DSI_2D,0,0.8021858924338402
OOD_0067,DSI_2D,0,0.6039854379617432
OOD_0068,DSI_2D,0,0.8454741259333575
OOD_0069,DSI_2D,0,0.7913987582069043
OOD_0070,DSI_2D,0,0.7155009957631464
OOD_0071,DSI_2D,0,0.8782225359834831
OOD_0072,DSI_2D,0,0.8968498663364827
OOD_0073,DSI_2D,0,0.44483946425134846
OOD_0074,DSI_2D,0,0.8497318769278837
OOD_0075,DSI_2D,0,0.5097210090797014
OOD_0076,DSI_2D,0,0.6763820824941946
OOD_0077,DSI_2D,0,0.05046436771480653
OOD_0078,DSI_2D,0,0.6422983958514159
OOD_0079,DSI_2D,0,0.8258407098566215
OOD_0080,DSI_2D,0,0.5741485458239917
OOD_0081,DSI_2D,0,0.8535954898062249
OOD_0082,DSI_2D,1,0.8175331960742748
OOD_0083,DSI_2D,0,0.6663447666254351
OOD_0084,DSI_2D,1,0.844124948783021
OOD_0085,DSI_2D,0,0.7339277881550881
OOD_0086,DSI_2D,0,0.8045573226606075
OOD_0087,DSI_2D,0,0.8635729554789108
OOD_0088,DSI_2D,1,0.8720430896082368
OOD_0089,DSI_2D,0,0.5598371163328121
OOD_0090,DSI_2D,0,0.6418749645053035
OOD_0091,DSI_2D,0,0.6995658196178962
OOD_0092,DSI_2D,0,0.2633099554343167
OOD_0093,DSI_2D,0,0.6096520312118628
OOD_0094,DSI_2D,0,0.8896938809112365
OOD_0095,DSI_2D,1,0.8940782435184216
OOD_0096,DSI_2D,0,0.6241979763506662
OOD_0097,DSI_2D,0,0.8053055655393166
OOD_0098,DSI_2D,0,0.8791452313498415
OOD_0099,DSI_2D,0,0.5629843392360299
OOD_0100,DSI_2D,0,0.8241419894364507
OOD_0101,DSI_2D,0,0.4434533709968265
OOD_0102,DSI_2D,1,0.8948656988820294
OOD_0103,DSI_2D,0,0.5616432248968202
OOD_0104,DSI_2D,0,0.8125975256344412
OOD_0105,DSI_2D,0,0.6957004013017231
OOD_0106,DSI_2D,0,0.5023595539384396
OOD_0107,DSI_2D,0,0.7463726042935728
OOD_0108,DSI_2D,0,0.7736316614867169
OOD_0109,DSI_2D,0,0.8163230291308601
OOD_0110,DSI_2D,0,0.8655748234841305
OOD_0111,DSI_2D,1,0.8977015291810346
OOD_0112,DSI_2D,1,0.8851985905873775
OOD_0113,DSI_2D,1,0.8897723561045248
OOD_0114,DSI_2D,1,0.8719295216064981
OOD_0115,DSI_2D,1,0.8865244863422792
OOD_0116,DSI_2D,1,0.8226250880137668
OOD_0117,DSI_2D,0,0.07712185152942619
OOD_0118,DSI_2D,1,0.8699736991902264
OOD_0119,DSI_2D,0,0.8449505985190704
OOD_0120,DSI_2D,0,0.33484933528475386
OOD_0121,DSI_2D,0,0.8385294323940702
OOD_0122,DSI_2D,1,0.8622324226358581
OOD_0123,DSI_2D,0,0.12906757783387443
OOD_0124,DSI_2D,1,0.8762661820054896
OOD_0125,DSI_2D,0,0.7243289140147043
OOD_0126,DSI_2D,0,0.8075582744016777
OOD_0127,DSI_2D,0,0.10555606141190679
OOD_0128,DSI_2D,0,0.6294012253574731
OOD_0129,DSI_2D,1,0.8928418286372738
OOD_0130,DSI_2D,0,0.7908540840534592
OOD_0131,DSI_2D,0,0.6577976668114599
OOD_0132,DSI_2D,0,0.8510659764161925
OOD_0133,DSI_2D,1,0.8553394358725414
OOD_0134,DSI_2D,0,0.5364118059140924
OOD_0135,DSI_2D,0,0.7597174639048401
OOD_0136,DSI_2D,0,0.892382079420829
OOD_0137,DSI_2D,1,0.8948221950006127
OOD_0138,DSI_2D,1,0.8825478494486926
OOD_0139,DSI_2D,1,0.8512833949783262
OOD_0140,DSI_2D,0,0.8899632436800111
OOD_0141,DSI_2D,1,0.8960652465615866
OOD_0142,DSI_2D,0,0.8060934926492465
OOD_0143,DSI_2D,1,0.8643773949756355
OOD_0144,DSI_2D,1,0.8477628690380872
OOD_0145,DSI_2D,0,0.7363701071618348
OOD_0146,DSI_2D,0,0.7580301576801272
OOD_0147,DSI_2D,0,0.24267208331945836
OOD_0148,DSI_2D,0,0.8676768164382428
OOD_0149,DSI_2D,0,0.7999227338777302
OOD_0150,DSI_2D,1,0.8570215448240358
OOD_0151,DSI_2D,0,0.7833265181695217
OOD_0152,DSI_2D,0,0.5103186416009394
OOD_0153,DSI_2D,1,0.8653444016962909
OOD_0154,DSI_2D,0,0.839540572414489
OOD_0155,DSI_2D,1,0.8703832796538852
OOD_0156,DSI_2D,0,0.5493886006856884
OOD_0157,DSI_2D,0,0.39817531267838074
OOD_0158,DSI_2D,0,0.7222279483318479
OOD_0159,DSI_2D,0,0.8574241543607664
OOD_0160,DSI_2D,0,0.4354306081787224
OOD_0161,DSI_2D,0,0.7630551815217492
OOD_0162,DSI_2D,0,0.8339815364402627
OOD_0163,DSI_2D,0,0.725680669438239
OOD_0164,DSI_2D,1,0.8896330991210132
OOD_0165,DSI_2D,1,0.8587232463586423
OOD_0166,DSI_2D,1,0.815802609222896
OOD_0167,DSI_2D,1,0.8868701667865594
OOD_0168,DSI_2D,0,0.8762075873459798
OOD_0169,DSI_2D,1,0.8871382623646861
OOD_0170,DSI_2D,0,0.7990157712772346
OOD_0171,DSI_2D,0,0.719996412993647
OOD_0172,DSI_2D,1,0.8435460681751985
OOD_0173,DSI_2D,0,0.8708755643373325
OOD_0174,DSI_2D,0,0.4776106786310376
OOD_0175,DSI_2D,1,0.812520903662543
OOD_0176,DSI_2D,0,0.6612585256823992
OOD_0177,DSI_2D,0,0.4152666183644477
OOD_0178,DSI_2D,0,0.8098999879091566
OOD_0179,DSI_2D,1,0.890349294605871
OOD_0180,DSI_2D,1,0.818521345212349
OOD_0181,DSI_2D,0,0.7760374259701823
OOD_0182,DSI_2D,1,0.878939075214223
OOD_0183,DSI_2D,0,0.0005473006062178788
OOD_0184,DSI_2D,0,0.8111158041825461
OOD_0185,DSI_2D,0,0.8818885183391884
OOD_0186,DSI_2D,1,0.8933847040695899
OOD_0187,DSI_2D,1,0.8879074606079619
OOD_0188,DSI_2D,0,0.8451928912046727
OOD_0189,DSI_2D,0,0.6171138301233089
OOD_0190,DSI_2D,0,0.8685363615239776
OOD_0191,DSI_2D,0,0.5823163162232947
OOD_0192,DSI_2D,1,0.8919727866001324
OOD_0193,DSI_2D,0,0.0826361931321332
OOD_0194,DSI_2D,0,0.7811039125608826
OOD_0195,DSI_2D,0,0.4524013884740143
OOD_0196,DSI_2D,1,0.8320128045890886
OOD_0197,DSI_2D,1,0.8156538473190941
OOD_0198,DSI_2D,1,0.8948337849207164
OOD_0199,DSI_2D,1,0.8903008883613325
OOD_0200,DSI_2D,1,0.8824819029892985
OOD_0201,DSI_2D,0,0.6105677619844885
OOD_0202,DSI_2D,1,0.8890723932465016
OOD_0203,DSI_2D,0,0.5590556088966163
OOD_0204,DSI_2D,1,0.8921584716114566
OOD_0205,DSI_2D,1,0.8872375679018857
OOD_0206,DSI_2D,0,0.8532660087671214
OOD_0207,DSI_2D,0,0.4926498193088989
OOD_0208,DSI_2D,0,0.07599174341306472
OOD_0209,DSI_2D,0,0.845895333145589
OOD_0210,DSI_2D,0,0.8377985155576163
OOD_0211,DSI_2D,0,0.8054463097610279
OOD_0212,DSI_2D,0,0.8630493931591908
OOD_0213,DSI_2D,1,0.7765676732399799
OOD_0214,DSI_2D,0,0.8349568497276215
OOD_0215,DSI_2D,0,0.5527310102319536
OOD_0216,DSI_2D,0,0.7472047371756227
OOD_0217,DSI_2D,1,0.8725403945903583
OOD_0218,DSI_2D,0,0.44891651410950684
OOD_0219,DSI_2D,0,0.7573954297545137
OOD_0220,DSI_2D,1,0.8807204165157643
OOD_0221,DSI_2D,1,0.7651780152273271
OOD_0222,DSI_2D,1,0.8835604337925953
OOD_0223,DSI_2D,0,0.6549911701426283
OOD_0224,DSI_2D,1,0.8820921821449572
OOD_0225,DSI_2D,1,0.8920124443325593
OOD_0226,DSI_2D,0,0.5225791403818305
OOD_0227,DSI_2D,0,0.06498300550540535
OOD_0228,DSI_2D,0,0.8330956835066355
OOD_0229,DSI_2D,0,0.5688972629906024
OOD_0230,DSI_2D,1,0.8161211616199732
OOD_0231,DSI_2D,0,0.6631394346612619
OOD_0232,DSI_2D,0,0.7250227208020221
OOD_0233,DSI_2D,0,0.3008088896307128
OOD_0234,DSI_2D,0,0.5295966922338217
OOD_0235,DSI_2D,0,0.7403474155387859
OOD_0236,DSI_2D,0,0.6802896442915839
OOD_0237,DSI_2D,1,0.8925792115531108
OOD_0238,DSI_2D,1,0.8974715643334872
OOD_0239,DSI_2D,0,0.8243733978940088
OOD_0240,DSI_2D,1,0.892769099838392
OOD_0241,DSI_2D,0,0.18303704449753563
OOD_0242,DSI_2D,1,0.8821173559752117
OOD_0243,DSI_2D,1,0.8955443969129279
OOD_0244,DSI_2D,1,0.8540150918911207
OOD_0245,DSI_2D,0,0.6784822696751128
OOD_0246,DSI_2D,0,0.8279754964823807
OOD_0247,DSI_2D,1,0.8962517746568426
OOD_0248,DSI_2D,0,0.8695118282310571
OOD_0249,DSI_2D,1,0.8924325199346914
OOD_0250,DSI_2D,0,0.8113285105461427
OOD_0251,DSI_2D,0,0.07727581704898119
OOD_0252,DSI_2D,1,0.8964899774154078
OOD_0253,DSI_2D,0,0.804571753100639
OOD_0254,DSI_2D,1,0.8846796715169308
OOD_0255,DSI_2D,0,0.7560383219613507
OOD_0256,DSI_2D,0,0.8111938450672437
OOD_0257,DSI_2D,0,0.8200364036740591
OOD_0258,DSI_2D,0,0.6972141633553189
OOD_0259,DSI_2D,1,0.8675062653367259
OOD_0260,DSI_2D,1,0.7580090745304783
OOD_0261,DSI_2D,1,0.7922967573208303
OOD_0262,DSI_2D,0,0.8373503606328665
OOD_0263,DSI_2D,0,0.5763921259853296
OOD_0264,DSI_2D,0,0.8263385476160574
OOD_0265,DSI_2D,0,0.826253467775863
OOD_0266,DSI_2D,1,0.8356391908676075
OOD_0267,DSI_2D,0,0.8252559533615914
OOD_0268,DSI_2D,1,0.8756282718324295
OOD_0269,DSI_2D,1,0.8898353061590002
OOD_0270,DSI_2D,1,0.8115846218530111
OOD_0271,DSI_2D,1,0.8855770042394984
OOD_0272,DSI_2D,0,0.8664469387797361
OOD_0273,DSI_2D,0,0.8859854261766837
OOD_0274,DSI_2D,1,0.8944016098241363
OOD_0275,DSI_2D,0,0.6982825581629141
OOD_0276,DSI_2D,0,0.7109898910057683
OOD_0277,DSI_2D,1,0.8812728256961827
OOD_0278,DSI_2D,0,0.607851870964712
OOD_0279,DSI_2D,0,0.8102545984324097
OOD_0280,DSI_2D,1,0.8784917192878933
OOD_0281,DSI_2D,1,0.8784124742445388
OOD_0282,DSI_2D,0,0.5557637711322079
OOD_0283,DSI_2D,1,0.8656330985847439
OOD_0284,DSI_2D,0,0.7044447492904307
OOD_0285,DSI_2D,1,0.8446949322009266
OOD_0286,DSI_2D,1,0.887133146698195
OOD_0287,DSI_2D,1,0.75349672553341
OOD_0288,DSI_2D,0,0.4777987379098345
OOD_0289,DSI_2D,0,0.5238029321326956
OOD_0290,DSI_2D,1,0.8240565049461981
OOD_0291,DSI_2D,0,0.7490000960426677
OOD_0292,DSI_2D,1,0.8894652113868972
OOD_0293,DSI_2D,0,0.8227678024634498
OOD_0294,DSI_2D,0,0.4021153827154746
OOD_0295,DSI_2D,1,0.8387837641249172
OOD_0296,DSI_2D,1,0.8736619232694243
OOD_0297,DSI_2D,1,0.8920588088192906
OOD_0298,DSI_2D,0,0.6097110422166777
OOD_0299,DSI_2D,0,0.5763704578218083
OOD_0300,DSI_2D,1,0.8846160581091848
OOD_0301,DSI_2D,0,0.7995042126727722
OOD_0302,DSI_2D,1,0.8948679267470877
OOD_0303,DSI_2D,0,0.7643762003916504
OOD_0304,DSI_2D,1,0.8790773720153636
OOD_0305,DSI_2D,1,0.7237780554373047
OOD_0306,DSI_2D,0,0.7448687897019273
OOD_0307,DSI_2D,0,0.33007521808513635
OOD_0308,DSI_2D,1,0.8880841405177362
OOD_0309,DSI_2D,0,0.6960432422230107
OOD_0310,DSI_2D,0,0.2376489926823796
OOD_0311,DSI_2D,0,0.779802437154441
OOD_0312,DSI_2D,0,0.7955621066378464
OOD_0313,DSI_2D,0,0.8526740299805211
OOD_0314,DSI_2D,1,0.868261347764288
OOD_0315,DSI_2D,0,0.4578202913309071
OOD_0316,DSI_2D,0,0.6791774197976425
OOD_0317,DSI_2D,1,0.869354011251949
OOD_0318,DSI_2D,1,0.8957746729651146
OOD_0319,DSI_2D,1,0.8933801690438767
OOD_0320,DSI_2D,0,0.16024094352873486
OOD_0321,DSI_2D,0,0.8333740483395171
OOD_0322,DSI_2D,0,0.4418068815333591
OOD_0323,DSI_2D,0,0.47950974861475354
OOD_0324,DSI_2D,0,0.7323176740475534
OOD_0325,DSI_2D,1,0.6639124121068617
OOD_0326,DSI_2D,0,0.7644965237504606
OOD_0327,DSI_2D,0,0.7995432429183054
OOD_0328,DSI_2D,0,0.8344356785342274
OOD_0329,DSI_2D,1,0.8924220557688859
OOD_0330,DSI_2D,0,0.6872358409093906
OOD_0331,DSI_2D,0,0.48367485005177735
OOD_0332,DSI_2D,0,0.3234843423270975
OOD_0333,DSI_2D,0,0.2321267940564326
OOD_0334,DSI_2D,0,0.6911538812952667
OOD_0335,DSI_2D,1,0.8891859351097645
OOD_0336,DSI_2D,0,0.8449390977607386
OOD_0337,DSI_2D,0,0.2700367652301228
OOD_0338,DSI_2D,1,0.8835150766530135
OOD_0339,DSI_2D,0,0.8300315803965115
OOD_0340,DSI_2D,1,0.8600621519423132
OOD_0341,DSI_2D,0,0.7696529370499963
OOD_0342,DSI_2D,0,0.7988195417786746
OOD_0343,DSI_2D,0,0.7607945218275746
OOD_0344,DSI_2D,0,0.6784606535061455
OOD_0345,DSI_2D,1,0.8962441998894997
OOD_0346,DSI_2D,1,0.8988971048464287
OOD_0347,DSI_2D,1,0.8967653558001868
OOD_0348,DSI_2D,0,0.7976573222057206
OOD_0349,DSI_2D,0,0.8244590574893796
OOD_0350,DSI_2D,0,0.6512589322832711
OOD_0351,DSI_2D,0,0.030711293208214446
OOD_0352,DSI_2D,0,0.8221238683425621
OOD_0353,DSI_2D,0,0.8582366500809597
OOD_0354,DSI_2D,0,0.8104537507567235
OOD_0355,DSI_2D,1,0.893029164097313
OOD_0356,DSI_2D,0,0.6819516586792289
OOD_0357,DSI_2D,0,0.8345752724268324
OOD_0358,DSI_2D,0,0.8132001854257781
OOD_0359,DSI_2D,1,0.5923179748872932
OOD_0360,DSI_2D,0,0.7919627458927856
OOD_0361,DSI_2D,0,0.49752981407815405
OOD_0362,DSI_2D,0,0.8075425960225004
OOD_0363,DSI_2D,1,0.8178431185597068
OOD_0364,DSI_2D,0,0.7954946415210478
OOD_0365,DSI_2D,1,0.8825507262337429
OOD_0366,DSI_2D,1,0.8572084938539204
OOD_0367,DSI_2D,1,0.7411832560670584
OOD_0368,DSI_2D,0,0.7521408047498944
OOD_0369,DSI_2D,0,0.878731647920586
OOD_0370,DSI_2D,0,0.3530509600327001
OOD_0371,DSI_2D,0,0.7840362239209963
OOD_0372,DSI_2D,0,0.872460014576152
OOD_0373,DSI_2D,1,0.8736204980113286
OOD_0374,DSI_2D,1,0.8422955651528388
OOD_0375,DSI_2D,0,0.8312717160758533
OOD_0376,DSI_2D,0,0.5715740357227099
OOD_0377,DSI_2D,1,0.8837665848434366
OOD_0378,DSI_2D,0,0.0154499219781733
OOD_0379,DSI_2D,0,0.8730923975948572
OOD_0380,DSI_2D,0,0.5228003699466549
OOD_0381,DSI_2D,0,0.6376514387465313
OOD_0382,DSI_2D,0,0.727051566007475
OOD_0383,DSI_2D,1,0.8873517741624573
OOD_0384,DSI_2D,1,0.8370788242537816
OOD_0385,DSI_2D,0,0.8631137741802091
OOD_0386,DSI_2D,0,0.7243334073255707
OOD_0387,DSI_2D,1,0.8950416796142981
OOD_0388,DSI_2D,0,0.8604766591513969
OOD_0389,DSI_2D,1,0.8423534625835238
OOD_0390,DSI_2D,0,0.8209848621198477
OOD_0391,DSI_2D,0,0.47943008618795163
OOD_0392,DSI_2D,1,0.8830743096763674
OOD_0393,DSI_2D,1,0.8795287930514828
OOD_0394,DSI_2D,0,0.8197167630876007
OOD_0395,DSI_2D,1,0.82185137500972
OOD_0396,DSI_2D,0,0.542055693622967
OOD_0397,DSI_2D,0,0.5432107251270816
OOD_0398,DSI_2D,0,0.7929694093041504
OOD_0399,DSI_2D,1,0.8575896139112735
OOD_0400,DSI_2D,1,0.8801973981282739
OOD_0401,DSI_2D,0,0.6646280645429334
OOD_0402,DSI_2D,1,0.8630083989918367
OOD_0403,DSI_2D,0,0.7815907496438469
OOD_0404,DSI_2D,1,0.8689947944861324
OOD_0405,DSI_2D,0,0.890252458799339
OOD_0406,DSI_2D,0,0.6143805642087797
OOD_0407,DSI_2D,0,0.5274875000611341
OOD_0408,DSI_2D,1,0.8638601738556935
OOD_0409,DSI_2D,0,0.7767060985071611
OOD_0410,DSI_2D,1,0.8921014820217862
OOD_0411,DSI_2D,0,0.7513562620756651
OOD_0412,DSI_2D,0,0.126547390219522
OOD_0413,DSI_2D,1,0.8892847423435629
OOD_0414,DSI_2D,0,0.8151733964163435
OOD_0415,DSI_2D,0,0.8091934439871696
OOD_0416,DSI_2D,0,0.6644820816403864
OOD_0417,DSI_2D,0,0.7776608799103065
OOD_0418,DSI_2D,0,0.7572763800638453
OOD_0419,DSI_2D,0,0.7963570909994017
OOD_0420,DSI_2D,0,0.8545974437730789
OOD_0421,DSI_2D,1,0.8863725021555771
OOD_0422,DSI_2D,0,0.5014879213577148
OOD_0423,DSI_2D,0,0.8071813496689251
OOD_0424,DSI_2D,0,0.8017971883542269
OOD_0425,DSI_2D,0,0.015821882999371456
OOD_0426,DSI_2D,0,0.789497356497259
OOD_0427,DSI_2D,1,0.884711997473448
OOD_0428,DSI_2D,1,0.8591514936885639
OOD_0429,DSI_2D,0,0.41495349695929884
OOD_0430,DSI_2D,0,0.7825105924275074
OOD_0431,DSI_2D,1,0.880701222980031
OOD_0432,DSI_2D,0,0.8175171222613686
OOD_0433,DSI_2D,0,0.8603544047821612
OOD_0434,DSI_2D,1,0.7984907446912356
OOD_0435,DSI_2D,0,0.8523876090854836
OOD_0436,DSI_2D,1,0.8782724897414876
OOD_0437,DSI_2D,0,0.5581010396041357
OOD_0438,DSI_2D,1,0.8568263985093124
OOD_0439,DSI_2D,0,0.751036907381812
OOD_0440,DSI_2D,0,0.8678232543251989
OOD_0441,DSI_2D,1,0.8794609969252355
OOD_0442,DSI_2D,1,0.8687800197918482
OOD_0443,DSI_2D,0,0.7280578744002633
OOD_0444,DSI_2D,0,0.8341857155392526
OOD_0445,DSI_2D,0,0.8812911778065387
OOD_0446,DSI_2D,1,0.8574150193311033
OOD_0447,DSI_2D,1,0.8684866157407302
OOD_0448,DSI_2D,0,0.6681852564951268
OOD_0449,DSI_2D,1,0.8801819678918436
OOD_0450,DSI_2D,0,0.8754484635460801
OOD_0451,DSI_2D,0,0.3682731206475105
OOD_0452,DSI_2D,0,0.5110575562325415
OOD_0453,DSI_2D,0,0.8205875084868123
OOD_0454,DSI_2D,0,0.7777424344996646
OOD_0455,DSI_2D,0,0.7677850575571549
OOD_0456,DSI_2D,0,0.8440616191018175
OOD_0457,DSI_2D,1,0.8486055962915325
OOD_0458,DSI_2D,0,0.7231066356473164
OOD_0459,DSI_2D,1,0.7697476228614176
OOD_0460,DSI_2D,1,0.7367738802096375
OOD_0461,DSI_2D,1,0.8744692352813118
OOD_0462,DSI_2D,0,0.8140737720214464
OOD_0463,DSI_2D,0,0.8470949642222928
OOD_0464,DSI_2D,0,0.7968300041066663
OOD_0465,DSI_2D,1,0.8534704713434085
OOD_0466,DSI_2D,0,0.6471955572009689
OOD_0467,DSI_2D,0,0.7934773607903329
OOD_0468,DSI_2D,1,0.8919832115151091
OOD_0469,DSI_2D,1,0.8927511656752057
OOD_0470,DSI_2D,1,0.8929538487962237
OOD_0471,DSI_2D,0,0.8122320999574408
OOD_0472,DSI_2D,1,0.8121495947008024
OOD_0473,DSI_2D,0,0.7406073421783831
OOD_0474,DSI_2D,1,0.8796265387165694
OOD_0475,DSI_2D,1,0.8529489526020243
OOD_0476,DSI_2D,1,0.8875690558043386
OOD_0477,DSI_2D,0,0.211708476250948
OOD_0478,DSI_2D,1,0.8693655391831607
OOD_0479,DSI_2D,1,0.8323628984430728
OOD_0480,DSI_2D,0,0.8401634682746585
OOD_0481,DSI_2D,0,0.8861270436044906
OOD_0482,DSI_2D,1,0.8272475981173512
OOD_0483,DSI_2D,0,0.60659804603926
OOD_0484,DSI_2D,1,0.8958353207310062
OOD_0485,DSI_2D,1,0.8881792209137365
OOD_0486,DSI_2D,0,0.6413246496327143
OOD_0487,DSI_2D,1,0.8557822878305239
OOD_0488,DSI_2D,0,0.7531816669177704
OOD_0489,DSI_2D,1,0.8460750220763457
OOD_0490,DSI_2D,0,0.7180278403967209
OOD_0491,DSI_2D,0,0.8726311886078841
OOD_0492,DSI_2D,1,0.8792210180445025
OOD_0493,DSI_2D,0,0.39838075313820387
OOD_0494,DSI_2D,0,0.17249108252011072
OOD_0495,DSI_2D,0,0.7800352518336438
OOD_0496,DSI_2D,1,0.8855232928022599
OOD_0497,DSI_2D,1,0.8795429026107321
OOD_0498,DSI_2D,0,0.8604978274932884
OOD_0499,DSI_2D,0,0.5256063572806823
OOD_0500,DSI_2D,1,0.8841222199222486
OOD_0501,DSI_2D,0,0.41063181861601555
OOD_0502,DSI_2D,1,0.8413509082179825
OOD_0503,DSI_2D,1,0.8228412753841059
OOD_0504,DSI_2D,0,0.7388743991643244
OOD_0505,DSI_2D,0,0.8518678442298678
OOD_0506,DSI_2D,1,0.8427110436870533
OOD_0507,DSI_2D,1,0.8865947074377777
OOD_0508,DSI_2D,0,0.8155873819394027
OOD_0509,DSI_2D,0,0.8696874052455077
OOD_0510,DSI_2D,1,0.8693228631420334
OOD_0511,DSI_2D,1,0.7651171915849405
OOD_0512,DSI_2D,1,0.8816887823224144
OOD_0513,DSI_2D,0,0.6137807312730997
OOD_0514,DSI_2D,0,0.6432829546972445
OOD_0515,DSI_2D,0,0.7875186903619873
OOD_0516,DSI_2D,0,0.3788542880661434
OOD_0517,DSI_2D,0,0.7330053868246416
OOD_0518,DSI_2D,0,0.8069388280865658
OOD_0519,DSI_2D,1,0.8388647391880881
OOD_0520,DSI_2D,0,0.6164185701610156
OOD_0521,DSI_2D,0,0.49026559954014776
OOD_0522,DSI_2D,0,0.6398683989000642
OOD_0523,DSI_2D,0,0.7985930099047971
OOD_0524,DSI_2D,1,0.893493697290887
OOD_0525,DSI_2D,1,0.8644124231090121
OOD_0526,DSI_2D,0,0.33191689857231893
OOD_0527,DSI_2D,0,0.15129128673714975
OOD_0528,DSI_2D,0,0.6948682932585373
OOD_0529,DSI_2D,1,0.8788003864277706
OOD_0530,DSI_2D,0,0.8617468959133681
OOD_0531,DSI_2D,1,0.880025977695931
OOD_0532,DSI_2D,0,0.09293880583794642
OOD_0533,DSI_2D,0,0.39198896483977064
OOD_0534,DSI_2D,0,0.7345514237043117
OOD_0535,DSI_2D,1,0.8750286377473009
OOD_0536,DSI_2D,1,0.8664515947258558
OOD_0537,DSI_2D,1,0.7153524697451412
OOD_0538,DSI_2D,0,0.8318432698190042
OOD_0539,DSI_2D,1,0.8983918823916954
OOD_0540,DSI_2D,0,0.7962213657029245
OOD_0541,DSI_2D,0,0.5306052227134783
OOD_0542,DSI_2D,0,0.7913183363915004
OOD_0543,DSI_2D,1,0.8966560054229863
OOD_0544,DSI_2D,0,0.2305437400217762
OOD_0545,DSI_2D,0,0.6835860394791771
OOD_0546,DSI_2D,0,0.820466242163616
OOD_0547,DSI_2D,0,0.7867086277820494
OOD_0548,DSI_2D,0,0.17132967701759078
OOD_0549,DSI_2D,1,0.8386450669823045
OOD_0550,DSI_2D,1,0.8748969099822281
OOD_0551,DSI_2D,1,0.8953048837666688
OOD_0552,DSI_2D,0,0.13496237913221962
OOD_0553,DSI_2D,0,0.7387243702755761
OOD_0554,DSI_2D,1,0.8831564169054046
OOD_0555,DSI_2D,0,0.8495705070023609
OOD_0556,DSI_2D,1,0.8938539234296591
OOD_0557,DSI_2D,0,0.5760816911618313
OOD_0558,DSI_2D,0,0.8884201740689455
OOD_0559,DSI_2D,1,0.8886995543170687
OOD_0560,DSI_2D,1,0.8433192699968483
OOD_0561,DSI_2D,0,0.7601241084483475
OOD_0562,DSI_2D,0,0.770988098722516
OOD_0563,DSI_2D,1,0.8881450501688374
OOD_0564,DSI_2D,0,0.17347639395341938
OOD_0565,DSI_2D,1,0.8665789308744386
OOD_0566,DSI_2D,0,0.26069871615453577
OOD_0567,DSI_2D,0,0.2607815660278926
OOD_0568,DSI_2D,0,0.8655478354384325
OOD_0569,DSI_2D,0,0.8549938066079957
OOD_0570,DSI_2D,0,0.7839956464139909
OOD_0571,DSI_2D,0,0.871506201057302
OOD_0572,DSI_2D,1,0.8595476814193507
OOD_0573,DSI_2D,1,0.8629137340461001
OOD_0574,DSI_2D,1,0.8599217655205498
OOD_0575,DSI_2D,1,0.8899860749564811
OOD_0576,DSI_2D,0,0.8224301299495222
OOD_0577,DSI_2D,0,0.7904948102114645
OOD_0578,DSI_2D,0,0.6605111329665555
OOD_0579,DSI_2D,1,0.8478335436460988
OOD_0580,DSI_2D,0,0.7779540918089999
OOD_0581,DSI_2D,0,0.6530834123141122
OOD_0582,DSI_2D,0,0.8320289006616907
OOD_0583,DSI_2D,0,0.6845123507858207
OOD_0584,DSI_2D,1,0.8444517045600914
OOD_0585,DSI_2D,0,0.8215009848938337
OOD_0586,DSI_2D,0,0.8722435692606044
OOD_0587,DSI_2D,0,0.024941176222849727
OOD_0588,DSI_2D,1,0.8562532674262828
OOD_0589,DSI_2D,1,0.7683679289286548
OOD_0590,DSI_2D,0,0.7606768442630952
OOD_0591,DSI_2D,0,0.7594448971973271
OOD_0592,DSI_2D,0,0.14860551094819527
OOD_0593,DSI_2D,1,0.8614931137510952
OOD_0594,DSI_2D,1,0.8413417745491866
OOD_0595,DSI_2D,0,0.47023358627652095
OOD_0596,DSI_2D,0,0.8402524100129172
OOD_0597,DSI_2D,0,0.7803735629035743
OOD_0598,DSI_2D,0,0.7603874798371228
OOD_0599,DSI_2D,1,0.8819002033493656
OOD_0600,DSI_2D,1,0.8211037326792471
OOD_0601,DSI_2D,0,0.8420793216650441
OOD_0602,DSI_2D,0,0.5128575660353719
OOD_0603,DSI_2D,0,0.8430841595041865
OOD_0604,DSI_2D,1,0.8438070612017714
OOD_0605,DSI_2D,0,0.2297683653794351
OOD_0606,DSI_2D,1,0.8950221640349386
OOD_0607,DSI_2D,1,0.8859094278303699
OOD_0608,DSI_2D,1,0.8897120320044436
OOD_0609,DSI_2D,0,0.836873321732819
OOD_0610,DSI_2D,1,0.8724474660580226
OOD_0611,DSI_2D,1,0.8939799459860435
OOD_0612,DSI_2D,0,0.7869238636307675
OOD_0613,DSI_2D,0,0.8233480388726627
OOD_0614,DSI_2D,0,0.7501404954419624
OOD_0615,DSI_2D,1,0.8120084140959739
OOD_0616,DSI_2D,0,0.7704987645566085
OOD_0617,DSI_2D,0,0.8348769105736014
OOD_0618,DSI_2D,0,0.8249536667725021
OOD_0619,DSI_2D,0,0.8108264742765994
OOD_0620,DSI_2D,0,0.6639174200551269
OOD_0621,DSI_2D,0,0.7530528546362993
OOD_0622,DSI_2D,0,0.7681584362257807
OOD_0623,DSI_2D,1,0.8980987124034459
OOD_0624,DSI_2D,1,0.8835180434258717
OOD_0625,DSI_2D,0,0.5617972846503491
OOD_0626,DSI_2D,1,0.8915334264461252
OOD_0627,DSI_2D,1,0.8276171457993176
OOD_0628,DSI_2D,0,0.871977380040884
OOD_0629,DSI_2D,0,0.7672382498536929
OOD_0630,DSI_2D,1,0.895521037582653
OOD_0631,DSI_2D,0,0.8140037061372682
OOD_0632,DSI_2D,0,0.8247373114566127
OOD_0633,DSI_2D,0,0.8546433083504466
OOD_0634,DSI_2D,1,0.8940784074527648
OOD_0635,DSI_2D,1,0.8519599837587022
OOD_0636,DSI_2D,1,0.8750425171145041
OOD_0637,DSI_2D,0,0.8448490110416895
OOD_0638,DSI_2D,0,0.8418200660053856
OOD_0639,DSI_2D,1,0.8936651591042274
OOD_0640,DSI_2D,0,0.8224520001355097
OOD_0641,DSI_2D,0,0.8197200475449745
OOD_0642,DSI_2D,1,0.8745728424719937
OOD_0643,DSI_2D,0,0.785285826129612
OOD_0644,DSI_2D,1,0.865451734701708
OOD_0645,DSI_2D,0,0.8734951408249932
OOD_0646,DSI_2D,1,0.8249820916373766
OOD_0647,DSI_2D,0,0.8795906254476682
OOD_0648,DSI_2D,0,0.8258070271659851
OOD_0649,DSI_2D,0,0.20922692331284765
OOD_0650,DSI_2D,1,0.8904496324565327
OOD_0651,DSI_2D,1,0.8458469206215973
OOD_0652,DSI_2D,1,0.8252151787144063
OOD_0653,DSI_2D,0,0.8558791106579854
OOD_0654,DSI_2D,0,0.6929114285240243
OOD_0655,DSI_2D,0,0.2201917891556324
OOD_0656,DSI_2D,0,0.4595546610337099
OOD_0657,DSI_2D,1,0.8992514263372967
OOD_0658,DSI_2D,1,0.8459280579980665
OOD_0659,DSI_2D,0,0.8457459558812533
OOD_0660,DSI_2D,0,0.7624362196082871
OOD_0661,DSI_2D,1,0.8711216536727409
OOD_0662,DSI_2D,0,0.861636267290778
OOD_0663,DSI_2D,1,0.833590979754478
OOD_0664,DSI_2D,0,0.8048316764905978
OOD_0665,DSI_2D,0,0.12734389421251674
OOD_0666,DSI_2D,1,0.6958581874715896
OOD_0667,DSI_2D,1,0.8650714917389669
OOD_0668,DSI_2D,0,0.8889411461678913
OOD_0669,DSI_2D,0,0.8706280527483511
OOD_0670,DSI_2D,1,0.89047884943566
OOD_0671,DSI_2D,1,0.8674823011992242
OOD_0672,DSI_2D,1,0.8154264467872019
OOD_0673,DSI_2D,0,0.4006233987012083
OOD_0674,DSI_2D,0,0.39562012732113416
OOD_0675,DSI_2D,0,0.8952492195321539
OOD_0676,DSI_2D,1,0.8826500023446398
OOD_0677,DSI_2D,0,0.8479686156962086
OOD_0678,DSI_2D,0,0.564287714141253
OOD_0679,DSI_2D,1,0.8615517954775103
OOD_0680,DSI_2D,1,0.8929510949504018
OOD_0681,DSI_2D,0,0.3979020344974967
OOD_0682,DSI_2D,0,0.35261769349715905
OOD_0683,DSI_2D,1,0.8724230336305617
OOD_0684,DSI_2D,0,0.7777304211332923
OOD_0685,DSI_2D,0,0.6947367735635498
OOD_0686,DSI_2D,1,0.8946437724177672
OOD_0687,DSI_2D,1,0.8628401180681071
OOD_0688,DSI_2D,0,0.827806308147878
OOD_0689,DSI_2D,1,0.893075859411488
OOD_0690,DSI_2D,1,0.8817015018096377
OOD_0691,DSI_2D,0,0.747044486002148
OOD_0692,DSI_2D,0,0.8331344687181312
OOD_0693,DSI_2D,0,0.8031623942048678
OOD_0694,DSI_2D,1,0.8919599103249474
OOD_0695,DSI_2D,0,0.7687551840417504
OOD_0696,DSI_2D,0,0.3472882748618976
OOD_0697,DSI_2D,1,0.8918172707447692
OOD_0698,DSI_2D,1,0.8962256264697235
OOD_0699,DSI_2D,0,0.07604602869472969
OOD_0700,DSI_2D,0,0.5684046337091533
OOD_0701,DSI_2D,0,0.7883814295906711
OOD_0702,DSI_2D,0,0.7265440762250578
OOD_0703,DSI_2D,0,0.8086220580899418
OOD_0704,DSI_2D,0,0.8372335588376566
OOD_0705,DSI_2D,0,0.4371704042538056
OOD_0706,DSI_2D,1,0.8866029147048078
OOD_0707,DSI_2D,0,0.7107489385632741
OOD_0708,DSI_2D,1,0.8858798292031338
OOD_0709,DSI_2D,0,0.8757666997229784
OOD_0710,DSI_2D,0,0.7674406625600293
OOD_0711,DSI_2D,0,0.7305475479019777
OOD_0712,DSI_2D,0,0.5848150895177673
OOD_0713,DSI_2D,1,0.8952301605023366
OOD_0714,DSI_2D,0,0.4308292633378844
OOD_0715,DSI_2D,0,0.5554586947161241
OOD_0716,DSI_2D,1,0.8181497340041384
OOD_0717,DSI_2D,0,0.16871936485296532
OOD_0718,DSI_2D,1,0.8101062841618706
OOD_0719,DSI_2D,0,0.5731231166945546
OOD_0720,DSI_2D,0,0.21590481345007342
OOD_0721,DSI_2D,0,0.8326455509275114
OOD_0722,DSI_2D,0,0.5362786618444716
OOD_0723,DSI_2D,0,0.7823841681428289
OOD_0724,DSI_2D,0,0.5579180962294759
OOD_0725,DSI_2D,1,0.7835167785547583
OOD_0726,DSI_2D,0,0.6494932452923519
OOD_0727,DSI_2D,0,0.3454507126784813
OOD_0728,DSI_2D,1,0.8718926687844697
OOD_0729,DSI_2D,0,0.8789742188713788
OOD_0730,DSI_2D,1,0.889917900781091
OOD_0731,DSI_2D,0,0.7536710831905821
OOD_0732,DSI_2D,0,0.8557135380493147
OOD_0733,DSI_2D,1,0.8408102577975498
OOD_0734,DSI_2D,0,0.865838803100566
OOD_0735,DSI_2D,0,0.8758050607909144
OOD_0736,DSI_2D,0,0.05959971635983877
OOD_0737,DSI_2D,1,0.8821885576491771
OOD_0738,DSI_2D,1,0.8788355866811387
OOD_0739,DSI_2D,0,0.5707662248534818
OOD_0740,DSI_2D,1,0.8695750756324757
OOD_0741,DSI_2D,1,0.7758514475957841
OOD_0742,DSI_2D,0,0.8130835037105063
OOD_0743,DSI_2D,0,0.6455372350843589
OOD_0744,DSI_2D,0,0.8096823456576251
OOD_0745,DSI_2D,0,0.7710246376828043
OOD_0746,DSI_2D,0,0.6613974034815112
OOD_0747,DSI_2D,0,0.7441497822354542
OOD_0748,DSI_2D,0,0.7315444928149796
OOD_0749,DSI_2D,1,0.8760281217373826
OOD_0750,DSI_2D,1,0.8557682740603327
OOD_0751,DSI_2D,1,0.8449428444957601
OOD_0752,DSI_2D,0,0.5545274237461184
OOD_0753,DSI_2D,1,0.7145878100650902
OOD_0754,DSI_2D,0,0.7960854144570021
OOD_0755,DSI_2D,1,0.8869317669786326
OOD_0756,DSI_2D,0,0.8285745435159725
OOD_0757,DSI_2D,1,0.896764528173045
OOD_0758,DSI_2D,0,0.7857360759423828
OOD_0759,DSI_2D,0,0.6817506570775947
OOD_0760,DSI_2D,0,0.8249040178120224
OOD_0761,DSI_2D,1,0.8748218771104155
OOD_0762,DSI_2D,0,0.4612499504895631
OOD_0763,DSI_2D,0,0.7185363981158839
OOD_0764,DSI_2D,1,0.8844664347425268
OOD_0765,DSI_2D,0,0.6848553318910945
OOD_0766,DSI_2D,1,0.8781928238782328
OOD_0767,DSI_2D,0,0.7824043925678335
OOD_0768,DSI_2D,1,0.885997709715284
OOD_0769,DSI_2D,0,0.8596584422806038
OOD_0770,DSI_2D,0,0.7584669959622053
OOD_0771,DSI_2D,0,0.5625187393325795
OOD_0772,DSI_2D,1,0.8401897163583238
OOD_0773,DSI_2D,0,0.8238829148239749
OOD_0774,DSI_2D,1,0.8938951991653434
OOD_0775,DSI_2D,1,0.7706671246881421
OOD_0776,DSI_2D,0,0.7582492060074177
OOD_0777,DSI_2D,0,0.8526519290311019
OOD_0778,DSI_2D,0,0.5128748968570336
OOD_0779,DSI_2D,1,0.8895607274799469
OOD_0780,DSI_2D,1,0.8683946369075046
OOD_0781,DSI_2D,0,0.8393534379278336
OOD_0782,DSI_2D,0,0.6068000084846978
OOD_0783,DSI_2D,0,0.7874277830694324
OOD_0784,DSI_2D,0,0.6415219545358406
OOD_0785,DSI_2D,1,0.8893691475174943
OOD_0786,DSI_2D,1,0.650210088787863
OOD_0787,DSI_2D,0,0.5087056409344379
OOD_0788,DSI_2D,1,0.8706927902456901
OOD_0789,DSI_2D,1,0.8328481637034286
OOD_0790,DSI_2D,0,0.6829445333133668
OOD_0791,DSI_2D,1,0.8778072310156839
OOD_0792,DSI_2D,0,0.4363786569671154
OOD_0793,DSI_2D,0,0.8313636906559247
OOD_0794,DSI_2D,1,0.8818711444756594
OOD_0795,DSI_2D,0,0.8197407300564784
OOD_0796,DSI_2D,1,0.8398683557305302
OOD_0797,DSI_2D,0,0.7464017266232656
OOD_0798,DSI_2D,0,0.8037974855622243
OOD_0799,DSI_2D,1,0.8867985101325673
OOD_0800,DSI_2D,0,0.1169154692458264
OOD_0801,DSI_2D,1,0.8936465844384646
OOD_0802,DSI_2D,0,0.8022457686801938
OOD_0803,DSI_2D,0,0.642192271365846
OOD_0804,DSI_2D,0,0.6955454286295603
OOD_0805,DSI_2D,1,0.8630992654367782
OOD_0806,DSI_2D,1,0.8568616363445909
OOD_0807,DSI_2D,1,0.8935344098795612
OOD_0808,DSI_2D,0,0.815223346227976
OOD_0809,DSI_2D,1,0.8267647101575429
OOD_0810,DSI_2D,1,0.8536141444417954
OOD_0811,DSI_2D,0,0.84142214445849
OOD_0812,DSI_2D,0,0.6903543066395089
OOD_0813,DSI_2D,0,0.5934285800756646
OOD_0814,DSI_2D,0,0.8417459083073552
OOD_0815,DSI_2D,0,0.5354425928502377
OOD_0816,DSI_2D,1,0.8733126586348793
OOD_0817,DSI_2D,0,0.7817573341963944
OOD_0818,DSI_2D,0,0.34538682930352294
OOD_0819,DSI_2D,0,0.8525830195580651
OOD_0820,DSI_2D,1,0.8532839988654526
OOD_0821,DSI_2D,1,0.8916930201191146
OOD_0822,DSI_2D,1,0.8464444335846192
OOD_0823,DSI_2D,1,0.8938911284577277
OOD_0824,DSI_2D,1,0.8911790293020768
OOD_0825,DSI_2D,0,0.8589796465066339
OOD_0826,DSI_2D,0,0.7324592531952009
OOD_0827,DSI_2D,1,0.888937511467058
OOD_0828,DSI_2D,0,0.6978514223325893
OOD_0829,DSI_2D,1,0.8964339701684927
OOD_0830,DSI_2D,1,0.7015816791765981
OOD_0831,DSI_2D,0,0.6595026413805712
OOD_0832,DSI_2D,0,0.841965344194282
OOD_0833,DSI_2D,0,0.7389724278603358
OOD_0834,DSI_2D,1,0.850877530260265
OOD_0835,DSI_2D,1,0.8105626487013544
OOD_0836,DSI_2D,0,0.7796131675289901
OOD_0837,DSI_2D,0,0.36609494657389735
OOD_0838,DSI_2D,1,0.8725897569957572
OOD_0839,DSI_2D,1,0.7748771772120597
OOD_0840,DSI_2D,0,0.4217973465314549
OOD_0841,DSI_2D,0,0.8866283263775468
OOD_0842,DSI_2D,1,0.853950582104247
OOD_0843,DSI_2D,0,0.5922278583259121
OOD_0844,DSI_2D,1,0.8679068389590721
OOD_0845,DSI_2D,0,0.8800158775599449
OOD_0846,DSI_2D,1,0.8977381660699398
OOD_0847,DSI_2D,1,0.894808657984645
OOD_0848,DSI_2D,0,0.8001132095950501
OOD_0849,DSI_2D,0,0.41844174174030785
OOD_0850,DSI_2D,1,0.8925396091326884
OOD_0851,DSI_2D,1,0.8956436023761998
OOD_0852,DSI_2D,0,0.859289147425621
OOD_0853,DSI_2D,0,0.7149011791148624
OOD_0854,DSI_2D,1,0.8767576073983063
OOD_0855,DSI_2D,1,0.8560686944010718
OOD_0856,DSI_2D,0,0.8461100330010768
OOD_0857,DSI_2D,1,0.835492681634771
OOD_0858,DSI_2D,1,0.7803769026157067
OOD_0859,DSI_2D,0,0.6684080312963534
OOD_0860,DSI_2D,1,0.8586120101127307
OOD_0861,DSI_2D,0,0.8553329825745224
OOD_0862,DSI_2D,0,0.7932345746865299
OOD_0863,DSI_2D,0,0.8707276995107824
OOD_0864,DSI_2D,1,0.8673237358134285
OOD_0865,DSI_2D,0,0.8118151019618461
OOD_0866,DSI_2D,1,0.8950273536585378
OOD_0867,DSI_2D,0,0.8846132118633586
OOD_0868,DSI_2D,0,0.6197589960584307
OOD_0869,DSI_2D,0,0.417807130093438
OOD_0870,DSI_2D,0,0.7922903182534412
OOD_0871,DSI_2D,0,0.7861052827810436
OOD_0872,DSI_2D,1,0.723321124463355
OOD_0873,DSI_2D,1,0.8684789838482563
OOD_0874,DSI_2D,1,0.788192864851596
OOD_0875,DSI_2D,0,0.8095169145120522
OOD_0876,DSI_2D,1,0.8801977810494288
OOD_0877,DSI_2D,1,0.8983412098989007
OOD_0878,DSI_2D,1,0.8729659076674452
OOD_0879,DSI_2D,0,0.8793346454500827
OOD_0880,DSI_2D,0,0.19086586919818666
OOD_0881,DSI_2D,0,0.843306471497661
OOD_0882,DSI_2D,1,0.8900146504926179
OOD_0883,DSI_2D,0,0.8743853001698599
OOD_0884,DSI_2D,0,0.7228670190239084
OOD_0885,DSI_2D,0,0.6165571051174795
OOD_0886,DSI_2D,1,0.8915589694213589
OOD_0887,DSI_2D,0,0.3501323210413422
OOD_0888,DSI_2D,0,0.7291334772085377
OOD_0889,DSI_2D,1,0.7456165388653404
OOD_0890,DSI_2D,0,0.7264928270604777
OOD_0891,DSI_2D,1,0.8890664359153612
OOD_0892,DSI_2D,0,0.852250851317739
OOD_0893,DSI_2D,1,0.8865064763968679
OOD_0894,DSI_2D,1,0.7834510998088107
OOD_0895,DSI_2D,0,0.3890576620666694
OOD_0896,DSI_2D,0,0.8711674009739432
OOD_0897,DSI_2D,1,0.8551638795436014
OOD_0898,DSI_2D,1,0.8230234802060613
OOD_0899,DSI_2D,0,0.8495881869098487
OOD_0900,DSI_2D,1,0.8183823297251669
OOD_0901,DSI_2D,0,0.7645112086832032
OOD_0902,DSI_2D,0,0.8174450816132449
OOD_0903,DSI_2D,1,0.8517311632120319
OOD_0904,DSI_2D,0,0.7786695434093346
OOD_0905,DSI_2D,0,0.3658203007576049
OOD_0906,DSI_2D,1,0.8387555514706453
OOD_0907,DSI_2D,0,0.7975900458133115
OOD_0908,DSI_2D,1,0.8097645540466256
OOD_0909,DSI_2D,0,0.8439706003497164
OOD_0910,DSI_2D,1,0.8740490374911571
OOD_0911,DSI_2D,0,0.10635004460704298
OOD_0912,DSI_2D,0,0.7689576716338894
OOD_0913,DSI_2D,0,0.8175957090230985
OOD_0914,DSI_2D,0,0.7424133862485295
OOD_0915,DSI_2D,0,0.5524454734805114
OOD_0916,DSI_2D,1,0.8444659309410658
OOD_0917,DSI_2D,1,0.7894398980179065
OOD_0918,DSI_2D,1,0.8069632928049899
OOD_0919,DSI_2D,1,0.7796867356363198
OOD_0920,DSI_2D,1,0.8673691335676272
OOD_0921,DSI_2D,1,0.8424285171620151
OOD_0922,DSI_2D,0,0.3432611006403724
OOD_0923,DSI_2D,0,0.7986570109862813
OOD_0924,DSI_2D,0,0.6932570143174318
OOD_0925,DSI_2D,0,0.741213533064018
OOD_0926,DSI_2D,0,0.7176089146172271
OOD_0927,DSI_2D,0,0.6388638375701938
OOD_0928,DSI_2D,1,0.8118690330923105
OOD_0929,DSI_2D,1,0.8159197686327317
OOD_0930,DSI_2D,0,0.8869129511004299
OOD_0931,DSI_2D,1,0.8831497604020642
OOD_0932,DSI_2D,0,0.7717889832364545
OOD_0933,DSI_2D,1,0.8772857635184064
OOD_0934,DSI_2D,1,0.8571962919009393
OOD_0935,DSI_2D,1,0.8281461563175174
OOD_0936,DSI_2D,0,0.41476458260165505
OOD_0937,DSI_2D,0,0.8743707951509662
OOD_0938,DSI_2D,1,0.8819365969461204
OOD_0939,DSI_2D,0,0.7864478911634663
OOD_0940,DSI_2D,1,0.8592298804397756
OOD_0941,DSI_2D,0,0.811677925457159
OOD_0942,DSI_2D,1,0.839630646978173
OOD_0943,DSI_2D,1,0.880378651090745
OOD_0944,DSI_2D,0,0.871631803076606
OOD_0945,DSI_2D,0,0.8335000019853595
OOD_0946,DSI_2D,0,0.6164785458951326
OOD_0947,DSI_2D,0,0.7634207886678277
OOD_0948,DSI_2D,0,0.06899519495935491
OOD_0949,DSI_2D,0,0.6724444397778347
OOD_0950,DSI_2D,0,0.7200969816871227
OOD_0951,DSI_2D,1,0.6023785998341884
OOD_0952,DSI_2D,0,0.739787415312056
OOD_0953,DSI_2D,0,0.7750737527472352
OOD_0954,DSI_2D,1,0.3810876319598905
OOD_0955,DSI_2D,1,0.8757216902635272
OOD_0956,DSI_2D,0,0.7516113085383122
OOD_0957,DSI_2D,0,0.7585516354549666
OOD_0958,DSI_2D,0,0.7401616406117724
OOD_0959,DSI_2D,1,0.8973438580165314
OOD_0960,DSI_2D,0,0.22412361466977984
OOD_0961,DSI_2D,0,0.1638216346821281
OOD_0962,DSI_2D,0,0.8183545677831432
OOD_0963,DSI_2D,0,0.8279546695960317
OOD_0964,DSI_2D,0,0.004473064621047035
OOD_0965,DSI_2D,0,0.8309441855655648
OOD_0966,DSI_2D,0,0.8408296766787601
OOD_0967,DSI_2D,1,0.8738740593297216
OOD_0968,DSI_2D,1,0.8936193800802972
OOD_0969,DSI_2D,0,0.8672520774663259
OOD_0970,DSI_2D,0,0.025342469383962802
OOD_0971,DSI_2D,0,0.31647563263641304
OOD_0972,DSI_2D,0,0.6521735241739787
OOD_0973,DSI_2D,0,0.8429749805102381
OOD_0974,DSI_2D,0,0.7166256809888377
OOD_0975,DSI_2D,0,0.8929733145908141
OOD_0976,DSI_2D,1,0.8520206589397669
OOD_0977,DSI_2D,1,0.833204960285868
OOD_0978,DSI_2D,0,0.7807805679313913
OOD_0979,DSI_2D,0,0.7510104784341111
OOD_0980,DSI_2D,0,0.7947660134289748
OOD_0981,DSI_2D,1,0.8409545894869797
OOD_0982,DSI_2D,1,0.8697014098919298
OOD_0983,DSI_2D,1,0.8075266577667826
OOD_0984,DSI_2D,0,0.8202025494974902
OOD_0985,DSI_2D,0,0.42347658964910223
OOD_0986,DSI_2D,0,0.20684816103672563
OOD_0987,DSI_2D,1,0.8125416487411926
OOD_0988,DSI_2D,1,0.878561327040064
OOD_0989,DSI_2D,0,0.7191948686229009
OOD_0990,DSI_2D,0,0.8191486334268325
OOD_0991,DSI_2D,0,0.7850317085927679
OOD_0992,DSI_2D,0,0.41604163315893644
OOD_0993,DSI_2D,1,0.8951026912668778
OOD_0994,DSI_2D,0,0.8761976763285154
OOD_0995,DSI_2D,1,0.8908937534745122
OOD_0996,DSI_2D,0,0.655915496450456
OOD_0997,DSI_2D,1,0.8959523331958623
OOD_0998,DSI_2D,0,0.8849199338635235
OOD_0999,DSI_2D,1,0.8365872329430293
OOD_1000,DSI_2D,1,0.8807124663342912
OOD_1001,DSI_2D,1,0.843725444393573
OOD_1002,DSI_2D,1,0.8968670733745538
OOD_1003,DSI_2D,0,0.8963560860790103
OOD_1004,DSI_2D,0,0.8119419964004562
OOD_1005,DSI_2D,1,0.8736168408559745
OOD_1006,DSI_2D,1,0.8943413399235045
OOD_1007,DSI_2D,1,0.8493010741583714
OOD_1008,DSI_2D,0,0.7753849288449001
OOD_1009,DSI_2D,0,0.019879199539375635
OOD_1010,DSI_2D,0,0.5520703199335404
OOD_1011,DSI_2D,0,0.7953850892687061
OOD_1012,DSI_2D,1,0.8902382291228874
OOD_1013,DSI_2D,0,0.614101734283075
OOD_1014,DSI_2D,0,0.5564580117055068
OOD_1015,DSI_2D,0,0.4336884918216301
OOD_1016,DSI_2D,0,0.7664694021100721
OOD_1017,DSI_2D,0,0.5035264167177844
OOD_1018,DSI_2D,1,0.891926041017568
OOD_1019,DSI_2D,0,0.762772012965245
OOD_1020,DSI_2D,0,0.4154302780575792
OOD_1021,DSI_2D,1,0.8466512908012925
OOD_1022,DSI_2D,1,0.8792979666517357
OOD_1023,DSI_2D,0,0.86859885345327
OOD_1024,DSI_2D,1,0.8625041440452452
OOD_1025,DSI_2D,1,0.8824801808437702
OOD_1026,DSI_2D,0,0.8599263310967088
OOD_1027,DSI_2D,0,0.8524645932044264
OOD_1028,DSI_2D,0,0.8365689066013319
OOD_1029,DSI_2D,1,0.842366764419775
OOD_1030,DSI_2D,1,0.7830527770266456
OOD_1031,DSI_2D,0,0.855893760537433
OOD_1032,DSI_2D,0,0.7569502646131098
OOD_1033,DSI_2D,1,0.8949821719071116
OOD_1034,DSI_2D,1,0.8916988100013598
OOD_1035,DSI_2D,1,0.891255747496762
OOD_1036,DSI_2D,1,0.8276160457389314
OOD_1037,DSI_2D,0,0.8276748618393833
OOD_1038,DSI_2D,0,0.6702765489956655
OOD_1039,DSI_2D,1,0.8857764713284559
OOD_1040,DSI_2D,0,0.8654337078344799
OOD_1041,DSI_2D,1,0.8646291262551721
OOD_1042,DSI_2D,0,0.8582232334801596
OOD_1043,DSI_2D,0,0.8556457929193706
OOD_1044,DSI_2D,0,0.8521769754048661
OOD_1045,DSI_2D,0,0.26539083361598287
OOD_1046,DSI_2D,1,0.8770187969618307
OOD_1047,DSI_2D,0,0.872221369437819
OOD_1048,DSI_2D,0,0.8324674690732583
OOD_1049,DSI_2D,0,0.8530208283006403
OOD_1050,DSI_2D,0,0.48895721168449124
OOD_1051,DSI_2D,0,0.44934433419281744
OOD_1052,DSI_2D,1,0.8889651464539774
OOD_1053,DSI_2D,1,0.883046787268748
OOD_1054,DSI_2D,0,0.6247936004928553
OOD_1055,DSI_2D,0,0.7226449442121615
OOD_1056,DSI_2D,0,0.7095756682250904
OOD_1057,DSI_2D,0,0.1560611269391877
OOD_1058,DSI_2D,0,0.8744304880921294
OOD_1059,DSI_2D,0,0.015875113540788292
OOD_1060,DSI_2D,0,0.14864695178527426
OOD_1061,DSI_2D,0,0.674895965298314
OOD_1062,DSI_2D,0,0.8278283999564517
OOD_1063,DSI_2D,1,0.8700842895910813
OOD_1064,DSI_2D,0,0.8405422813372663
OOD_1065,DSI_2D,1,0.8834709662211708
OOD_1066,DSI_2D,1,0.8776420496851668
OOD_1067,DSI_2D,1,0.8076020328336522
OOD_1068,DSI_2D,0,0.19106277040988062
OOD_1069,DSI_2D,0,0.8418020957839877
OOD_1070,DSI_2D,0,0.36912369121261224
OOD_1071,DSI_2D,0,0.8305409363837956
OOD_1072,DSI_2D,0,0.8604971913991861
OOD_1073,DSI_2D,0,0.7184249163655695
OOD_1074,DSI_2D,0,0.7253725147869775
OOD_1075,DSI_2D,1,0.8727795836889685
OOD_1076,DSI_2D,0,0.5915866598027357
OOD_1077,DSI_2D,0,0.785692614366821
OOD_1078,DSI_2D,0,0.547658206517329
OOD_1079,DSI_2D,0,0.5035461062676813
OOD_1080,DSI_2D,1,0.8940248637737799
OOD_1081,DSI_2D,0,0.6018436353061934
OOD_1082,DSI_2D,1,0.8704957209971118
OOD_1083,DSI_2D,0,0.7224621170893558
OOD_1084,DSI_2D,0,0.895005686780549
OOD_1085,DSI_2D,0,0.636237120879672
OOD_1086,DSI_2D,0,0.862017384197442
OOD_1087,DSI_2D,1,0.8389634748298362
OOD_1088,DSI_2D,0,0.8404344901094525
OOD_1089,DSI_2D,0,0.5877452285910146
OOD_1090,DSI_2D,1,0.8885664780540649
OOD_1091,DSI_2D,1,0.8484862465496295
OOD_1092,DSI_2D,1,0.8735295670699322
OOD_1093,DSI_2D,0,0.8627426593972212
OOD_1094,DSI_2D,0,0.6779902510266987
OOD_1095,DSI_2D,1,0.8737664104523748
OOD_1096,DSI_2D,0,0.8944087881780245
OOD_1097,DSI_2D,0,0.7506663178032597
OOD_1098,DSI_2D,0,0.839257746462065
OOD_1099,DSI_2D,1,0.8967869941363782
OOD_1100,DSI_2D,0,0.5935060844483814
OOD_1101,DSI_2D,0,0.6381687930072842
OOD_1102,DSI_2D,0,0.6790602345275266
OOD_1103,DSI_2D,0,0.2892671946650864
OOD_1104,DSI_2D,1,0.8867641006811804
OOD_1105,DSI_2D,0,0.37532114372738984
OOD_1106,DSI_2D,0,0.6851370783851061
OOD_1107,DSI_2D,0,0.8590806011548886
OOD_1108,DSI_2D,0,0.4407115608020825
OOD_1109,DSI_2D,1,0.8940694933423619
OOD_1110,DSI_2D,1,0.8946844698820416
OOD_1111,DSI_2D,0,0.7004870210894215
OOD_1112,DSI_2D,1,0.8750596286604316
OOD_1113,DSI_2D,0,0.534490737762096
OOD_1114,DSI_2D,1,0.8778537040128025
OOD_1115,DSI_2D,1,0.8477541833684671
OOD_1116,DSI_2D,1,0.8260136799670746
OOD_1117,DSI_2D,0,0.8207487026090738
OOD_1118,DSI_2D,1,0.8840619928989036
OOD_1119,DSI_2D,0,0.668418022446253
OOD_1120,DSI_2D,0,0.756313335357214
OOD_1121,DSI_2D,0,0.603499025564439
OOD_1122,DSI_2D,0,0.8643500656182971
OOD_1123,DSI_2D,0,0.7188964334840028
OOD_1124,DSI_2D,1,0.8614704472431856
OOD_1125,DSI_2D,0,0.8773416058596427
OOD_1126,DSI_2D,1,0.8937695147632858
OOD_1127,DSI_2D,1,0.8659576018376625
OOD_1128,DSI_2D,0,0.8521971890593861
OOD_1129,DSI_2D,1,0.8733829383486483
OOD_1130,DSI_2D,0,0.6171960460115882
OOD_1131,DSI_2D,0,0.8724355842913991
OOD_1132,DSI_2D,0,0.8009588454325487
OOD_1133,DSI_2D,0,0.6475549280641619
OOD_1134,DSI_2D,0,0.7446226672428659
OOD_1135,DSI_2D,0,0.8018784777765553
OOD_1136,DSI_2D,1,0.8883563416963762
OOD_1137,DSI_2D,1,0.8192532578498154
OOD_1138,DSI_2D,0,0.6226165420995334
OOD_1139,DSI_2D,0,0.5071309080198727
OOD_1140,DSI_2D,1,0.8687549598385199
OOD_1141,DSI_2D,0,0.8647750185537543
OOD_1142,DSI_2D,0,0.799335369825928
OOD_1143,DSI_2D,0,0.7095219354331879
OOD_1144,DSI_2D,0,0.7095318057133128
OOD_1145,DSI_2D,0,0.8024910725105586
OOD_1146,DSI_2D,0,0.8153388135939855
OOD_1147,DSI_2D,0,0.7293074467064978
OOD_1148,DSI_2D,0,0.750158853658766
OOD_1149,DSI_2D,0,0.5732844337060832
OOD_1150,DSI_2D,1,0.8646398307278853
OOD_1151,DSI_2D,1,0.8930129444442001
OOD_1152,DSI_2D,0,0.8197469983618563
OOD_1153,DSI_2D,0,0.7518615485658597
OOD_1154,DSI_2D,1,0.7980808480459832
OOD_1155,DSI_2D,0,0.8344529866568406
OOD_1156,DSI_2D,0,0.7149772112065775
OOD_1157,DSI_2D,1,0.8617358539817097
OOD_1158,DSI_2D,0,0.8041286405689693
OOD_1159,DSI_2D,0,0.8410113824807245
OOD_1160,DSI_2D,1,0.875522832830396
OOD_1161,DSI_2D,1,0.89206241039584
OOD_1162,DSI_2D,1,0.8510085764672454
OOD_1163,DSI_2D,1,0.8255065206846519
OOD_1164,DSI_2D,0,0.8581727910458741
OOD_1165,DSI_2D,0,0.8844908109496028
OOD_1166,DSI_2D,0,0.6409058764984192
OOD_1167,DSI_2D,1,0.8766462767296658
OOD_1168,DSI_2D,0,0.7056877853608733
OOD_1169,DSI_2D,0,0.43636030989775154
OOD_1170,DSI_2D,0,0.758904789498355
OOD_1171,DSI_2D,1,0.8970819435533322
OOD_1172,DSI_2D,0,0.7191557614614829
OOD_1173,DSI_2D,0,0.8668022615771733
OOD_1174,DSI_2D,0,0.8425568945338711
OOD_1175,DSI_2D,0,0.8553064679444647
OOD_1176,DSI_2D,0,0.6953944792407282
OOD_1177,DSI_2D,0,0.8669656294454066
OOD_1178,DSI_2D,0,0.8821854010174881
OOD_1179,DSI_2D,0,0.8430862375494553
OOD_1180,DSI_2D,1,0.8918765621646597
OOD_1181,DSI_2D,1,0.8683327378131279
OOD_1182,DSI_2D,0,0.23486506809389596
OOD_1183,DSI_2D,1,0.8277530148470075
OOD_1184,DSI_2D,0,0.7632203796347777
OOD_1185,DSI_2D,0,0.3466535157714482
OOD_1186,DSI_2D,0,0.39590568636839213
OOD_1187,DSI_2D,1,0.8575364738459815
OOD_1188,DSI_2D,1,0.8769414631894855
OOD_1189,DSI_2D,1,0.8788920123191887
OOD_1190,DSI_2D,1,0.8205041654140998
OOD_1191,DSI_2D,0,0.7200360407087568
OOD_1192,DSI_2D,0,0.8464356888299271
OOD_1193,DSI_2D,1,0.8857188910807162
OOD_1194,DSI_2D,0,0.6265456334830721
OOD_1195,DSI_2D,0,0.5276711269665024
OOD_1196,DSI_2D,0,0.8414599955780215
OOD_1197,DSI_2D,0,0.6798217619964603
OOD_1198,DSI_2D,0,0.5289844099441314
OOD_1199,DSI_2D,1,0.8333738556265068
OOD_1200,DSI_2D,1,0.8507206032264032
OOD_1201,DSI_2D,1,0.8838335669616486
OOD_1202,DSI_2D,0,0.791020733509907
OOD_1203,DSI_2D,1,0.8770961638771705
OOD_1204,DSI_2D,1,0.8918245097496176
OOD_1205,DSI_2D,1,0.6401539109182194
OOD_1206,DSI_2D,0,0.7963915946202903
OOD_1207,DSI_2D,0,0.3321176514311031
OOD_1208,DSI_2D,0,0.7760301473592522
OOD_1209,DSI_2D,0,0.08227462156720013
OOD_1210,DSI_2D,0,0.8519294784243383
OOD_1211,DSI_2D,0,0.741971751866145
OOD_1212,DSI_2D,0,0.024571106797063133
OOD_1213,DSI_2D,0,0.8543315021562531
OOD_1214,DSI_2D,0,0.8220971855817799
OOD_1215,DSI_2D,0,0.8620016558132263
OOD_1216,DSI_2D,0,0.6805821022366668
OOD_1217,DSI_2D,0,0.8726899399240694
OOD_1218,DSI_2D,0,0.855937524101544
OOD_1219,DSI_2D,1,0.8741626842471901
OOD_1220,DSI_2D,1,0.8747859762401604
OOD_1221,DSI_2D,1,0.8727423020901499
OOD_1222,DSI_2D,0,0.7413200172664195
OOD_1223,DSI_2D,0,0.7017594919247198
OOD_1224,DSI_2D,0,0.6453777964130221
OOD_1225,DSI_2D,0,0.5945534171121133
OOD_1226,DSI_2D,1,0.8433014674545086
OOD_1227,DSI_2D,0,0.8000928662525534
OOD_1228,DSI_2D,0,0.7584117084882
OOD_1229,DSI_2D,0,0.7156481845291858
OOD_1230,DSI_2D,1,0.8895892977334615
OOD_1231,DSI_2D,0,0.6739250690988671
OOD_1232,DSI_2D,1,0.8849951392019242
OOD_1233,DSI_2D,1,0.8627033498685306
OOD_1234,DSI_2D,1,0.8854706663737183
OOD_1235,DSI_2D,1,0.8774531621524322
OOD_1236,DSI_2D,0,0.30744432769322616
OOD_1237,DSI_2D,0,0.7575859930705772
OOD_1238,DSI_2D,1,0.84335710590867
OOD_1239,DSI_2D,0,0.3920804812666739
OOD_1240,DSI_2D,1,0.878832560477725
OOD_1241,DSI_2D,0,0.3195019840306158
OOD_1242,DSI_2D,1,0.8871085678913994
OOD_1243,DSI_2D,1,0.8954148873525684
OOD_1244,DSI_2D,0,0.6502038229071243
OOD_1245,DSI_2D,1,0.8975564949022052
OOD_1246,DSI_2D,0,0.8616873735943378
OOD_1247,DSI_2D,0,0.7373035608303421
OOD_1248,DSI_2D,1,0.8581929749110963
OOD_1249,DSI_2D,0,0.6976274397633416
OOD_1250,DSI_2D,1,0.7831696248706992
OOD_1251,DSI_2D,0,0.08261595584155629
OOD_1252,DSI_2D,0,0.8034640707094279
OOD_1253,DSI_2D,0,0.8200426271880014
OOD_1254,DSI_2D,1,0.8549121948256789
OOD_1255,DSI_2D,0,0.7685699262500817
OOD_1256,DSI_2D,1,0.8944975817733409
OOD_1257,DSI_2D,1,0.8980618229847996
OOD_1258,DSI_2D,0,0.8333689797755228
OOD_1259,DSI_2D,1,0.8734843649618164
OOD_1260,DSI_2D,0,0.4222546094882271
OOD_1261,DSI_2D,0,0.7319501553987631
OOD_1262,DSI_2D,0,0.5833399490325554
OOD_1263,DSI_2D,1,0.8947128290220621
OOD_1264,DSI_2D,0,0.7997024461678102
OOD_1265,DSI_2D,0,0.8061214154545765
OOD_1266,DSI_2D,0,0.8328020153517566
OOD_1267,DSI_2D,1,0.8496652435480112
OOD_1268,DSI_2D,0,0.5537367235108599
OOD_1269,DSI_2D,1,0.8976135749567415
OOD_1270,DSI_2D,1,0.7294998651940398
OOD_1271,DSI_2D,0,0.8018466238129728
OOD_1272,DSI_2D,1,0.8681905938153092
OOD_1273,DSI_2D,1,0.890780324660515
OOD_1274,DSI_2D,1,0.869173275080495
OOD_1275,DSI_2D,1,0.8706321396980456
OOD_1276,DSI_2D,0,0.6854971181507453
OOD_1277,DSI_2D,0,0.25412821628862686
OOD_1278,DSI_2D,1,0.8806962056535647
OOD_1279,DSI_2D,0,0.7618875414286262
OOD_1280,DSI_2D,1,0.85545660348759
OOD_1281,DSI_2D,1,0.8920563921484783
OOD_1282,DSI_2D,1,0.8689137847897536
OOD_1283,DSI_2D,0,0.7960326831642365
OOD_1284,DSI_2D,0,0.7558876512876632
OOD_1285,DSI_2D,0,0.23741812204675
OOD_1286,DSI_2D,1,0.8405011548288308
OOD_1287,DSI_2D,0,0.3072460110670444
OOD_1288,DSI_2D,1,0.8713378248277295
OOD_1289,DSI_2D,0,0.8408034370991407
OOD_1290,DSI_2D,0,0.8674025377515934
OOD_1291,DSI_2D,1,0.7980730891897897
OOD_1292,DSI_2D,0,0.8508056358428554
OOD_1293,DSI_2D,0,0.7904763734934305
OOD_1294,DSI_2D,0,0.8184953130748658
OOD_1295,DSI_2D,0,0.6716656995007373
OOD_1296,DSI_2D,0,0.8741549281186048
OOD_1297,DSI_2D,0,0.8595874259002295
OOD_1298,DSI_2D,1,0.8297409853384722
OOD_1299,DSI_2D,0,0.8422342277938762
OOD_1300,DSI_2D,0,0.3334590027570183
OOD_1301,DSI_2D,0,0.7868407251149488
OOD_1302,DSI_2D,0,0.7188974137371689
OOD_1303,DSI_2D,1,0.8758035448409193
OOD_1304,DSI_2D,1,0.879853548211702
OOD_1305,DSI_2D,0,0.8405147791578772
OOD_1306,DSI_2D,1,0.8381910941900298
OOD_1307,DSI_2D,0,0.7904176682211698
OOD_1308,DSI_2D,1,0.7124740674925769
OOD_1309,DSI_2D,0,0.768441770491592
OOD_1310,DSI_2D,0,0.6566351686201838
OOD_1311,DSI_2D,0,0.8432144747576765
OOD_1312,DSI_2D,1,0.888774794208908
OOD_1313,DSI_2D,0,0.8803766112241779
OOD_1314,DSI_2D,0,0.5834424767660213
OOD_1315,DSI_2D,0,0.8447764047850752
OOD_1316,DSI_2D,0,0.7767873891266892
OOD_1317,DSI_2D,0,0.7671083338844009
OOD_1318,DSI_2D,0,0.7752501660051103
OOD_1319,DSI_2D,1,0.7775008421862154
OOD_1320,DSI_2D,0,0.20386736810764639
OOD_1321,DSI_2D,1,0.8849488437798902
OOD_1322,DSI_2D,0,0.7898292849488271
OOD_1323,DSI_2D,0,0.7260198052499768
OOD_1324,DSI_2D,1,0.8827507858768734
OOD_1325,DSI_2D,0,0.8373851083896506
OOD_1326,DSI_2D,1,0.896155097789486
OOD_1327,DSI_2D,1,0.8599421867596895
OOD_1328,DSI_2D,0,0.8464218566162092
OOD_1329,DSI_2D,0,0.5646000927717026
OOD_1330,DSI_2D,1,0.8888405708541292
OOD_1331,DSI_2D,0,0.15209905516933875
OOD_1332,DSI_2D,0,0.7479205869113866
OOD_1333,DSI_2D,0,0.665522286862516
OOD_1334,DSI_2D,1,0.8931851841024248
OOD_1335,DSI_2D,0,0.8341720115134045
OOD_1336,DSI_2D,1,0.7743790946822725
OOD_1337,DSI_2D,0,0.2370981959552754
OOD_1338,DSI_2D,1,0.8549310798920089
OOD_1339,DSI_2D,0,0.6725873364057061
OOD_1340,DSI_2D,1,0.8676814489382325
OOD_1341,DSI_2D,0,0.7344714943709705
OOD_1342,DSI_2D,0,0.7950841465197723
OOD_1343,DSI_2D,1,0.8160290242550099
OOD_1344,DSI_2D,0,0.7881310281158957
OOD_1345,DSI_2D,1,0.8972031118665392
OOD_1346,DSI_2D,1,0.7162272126455412
OOD_1347,DSI_2D,0,0.7649115454300559
OOD_1348,DSI_2D,1,0.8483353624811302
OOD_1349,DSI_2D,1,0.8881774705641582
OOD_1350,DSI_2D,0,0.8710608923621441
OOD_1351,DSI_2D,0,0.8946743097797498
OOD_1352,DSI_2D,1,0.7978478259210127
OOD_1353,DSI_2D,0,0.03995061206612449
OOD_1354,DSI_2D,0,0.8109145092331782
OOD_1355,DSI_2D,0,0.7966057812153093
OOD_1356,DSI_2D,0,0.2851702516873119
OOD_1357,DSI_2D,1,0.8947117423346568
OOD_1358,DSI_2D,0,0.7794380884698014
OOD_1359,DSI_2D,0,0.6953653761227697
OOD_1360,DSI_2D,0,0.655803662484807
OOD_1361,DSI_2D,0,0.7783573316178559
OOD_1362,DSI_2D,0,0.7616582791540394
OOD_1363,DSI_2D,1,0.8630658388921894
OOD_1364,DSI_2D,0,0.49413467569779956
OOD_1365,DSI_2D,0,0.7744878326903312
OOD_1366,DSI_2D,0,0.5312470081059951
OOD_1367,DSI_2D,1,0.8878279453714897
OOD_1368,DSI_2D,1,0.8940663191663181
OOD_1369,DSI_2D,0,0.6193816340181587
OOD_1370,DSI_2D,1,0.851217064012657
OOD_1371,DSI_2D,0,0.8786730249300068
OOD_1372,DSI_2D,0,0.8392172838453091
OOD_1373,DSI_2D,0,0.7887154030031968
OOD_1374,DSI_2D,0,0.8121239672476787
OOD_1375,DSI_2D,1,0.8873153532981166
OOD_1376,DSI_2D,1,0.8936973593773195
OOD_1377,DSI_2D,0,0.6257409669544653
OOD_1378,DSI_2D,0,0.3665312790231499
OOD_1379,DSI_2D,0,0.36708794470275274
OOD_1380,DSI_2D,0,0.6833230960765965
OOD_1381,DSI_2D,1,0.8739416288169625
OOD_1382,DSI_2D,0,0.7767872829434458
OOD_1383,DSI_2D,1,0.8690952190327872
OOD_1384,DSI_2D,0,0.6365261006797608
OOD_1385,DSI_2D,1,0.8942777145974153
OOD_1386,DSI_2D,0,0.6144605998967185
OOD_1387,DSI_2D,1,0.8577492370948596
OOD_1388,DSI_2D,0,0.6665605716160202
OOD_1389,DSI_2D,0,0.6549672922664562
OOD_1390,DSI_2D,0,0.8716979356377453
OOD_1391,DSI_2D,0,0.8408918180701038
OOD_1392,DSI_2D,1,0.8974882430230553
OOD_1393,DSI_2D,0,0.8861464000923335
OOD_1394,DSI_2D,0,0.8673986779627689
OOD_1395,DSI_2D,0,0.734000668463095
OOD_1396,DSI_2D,0,0.04570955584419436
OOD_1397,DSI_2D,0,0.6316639726712518
OOD_1398,DSI_2D,0,0.8311083643114338
OOD_1399,DSI_2D,1,0.8757710167482844
OOD_1400,DSI_2D,0,0.7427226889119923
OOD_1401,DSI_2D,0,0.7583726661704535
OOD_1402,DSI_2D,0,0.6677386664458396
OOD_1403,DSI_2D,1,0.8827805080907697
OOD_1404,DSI_2D,0,0.2705445103792805
OOD_1405,DSI_2D,1,0.8107660614369157
OOD_1406,DSI_2D,0,0.6695660141766258
OOD_1407,DSI_2D,1,0.878233306415073
OOD_1408,DSI_2D,1,0.8912178521366767
OOD_1409,DSI_2D,0,0.8267873423493957
OOD_1410,DSI_2D,1,0.8923754239388099
OOD_1411,DSI_2D,0,0.6973680012062377
OOD_1412,DSI_2D,1,0.8714466848458065
OOD_1413,DSI_2D,0,0.7836533609361642
OOD_1414,DSI_2D,0,0.7423015978079914
OOD_1415,DSI_2D,0,0.5930099588003861
OOD_1416,DSI_2D,1,0.8939008212459968
OOD_1417,DSI_2D,0,0.10526923135996535
OOD_1418,DSI_2D,0,0.7205262707593834
OOD_1419,DSI_2D,0,0.7932915349442368
OOD_1420,DSI_2D,0,0.7358246642561915
OOD_1421,DSI_2D,0,0.7646836323712015
OOD_1422,DSI_2D,1,0.8777121901505766
OOD_1423,DSI_2D,0,0.7743706088971064
OOD_1424,DSI_2D,0,0.7861403104761846
OOD_1425,DSI_2D,0,0.6917839669629122
OOD_1426,DSI_2D,1,0.8412562524687681
OOD_1427,DSI_2D,0,0.7532206217810798
OOD_1428,DSI_2D,0,0.7858157798125139
OOD_1429,DSI_2D,0,0.8164538014395674
OOD_1430,DSI_2D,0,0.02195180848584267
OOD_1431,DSI_2D,0,0.6867903465142183
OOD_1432,DSI_2D,0,0.7974595236025099
OOD_1433,DSI_2D,0,0.2186613383262878
OOD_1434,DSI_2D,1,0.7566558023629695
OOD_1435,DSI_2D,1,0.8393900146217509
OOD_1436,DSI_2D,1,0.8865318316898115
OOD_1437,DSI_2D,0,0.8257232716275592
OOD_1438,DSI_2D,0,0.7369417953334431
OOD_1439,DSI_2D,1,0.8959061107739343
OOD_1440,DSI_2D,1,0.8652180336805033
OOD_1441,DSI_2D,1,0.8947093615512682
OOD_1442,DSI_2D,0,0.5606128605718503
OOD_1443,DSI_2D,1,0.8311290682521362
OOD_1444,DSI_2D,0,0.8473630575163941
OOD_1445,DSI_2D,0,0.8593025565373568
OOD_1446,DSI_2D,1,0.8570835350489324
OOD_1447,DSI_2D,0,0.45393512284037224
OOD_1448,DSI_2D,0,0.7874800667648384
OOD_1449,DSI_2D,0,0.36009392377874416
OOD_1450,DSI_2D,0,0.7603955123072094
OOD_1451,DSI_2D,0,0.8383088785050017
OOD_1452,DSI_2D,1,0.8600309272693444
OOD_1453,DSI_2D,0,0.8798710454531087
OOD_1454,DSI_2D,0,0.8912450641716191
OOD_1455,DSI_2D,1,0.8900986251573908
OOD_1456,DSI_2D,0,0.43693502220611585
OOD_1457,DSI_2D,1,0.8317759974973883
OOD_1458,DSI_2D,0,0.5492893488818714
OOD_1459,DSI_2D,0,0.5596784443399704
OOD_1460,DSI_2D,0,0.8146336766949365
OOD_1461,DSI_2D,1,0.8931772706409303
OOD_1462,DSI_2D,0,0.40967370531828967
OOD_1463,DSI_2D,0,0.7250427892971093
OOD_1464,DSI_2D,1,0.868178964564838
OOD_1465,DSI_2D,1,0.6354985437405508
OOD_1466,DSI_2D,0,0.6508054482148485
OOD_1467,DSI_2D,0,0.8013629832305892
OOD_1468,DSI_2D,0,0.7849017197576822
OOD_1469,DSI_2D,0,0.8082222981061923
OOD_1470,DSI_2D,0,0.8555347027159922
OOD_1471,DSI_2D,1,0.8924709176249337
OOD_1472,DSI_2D,1,0.8764997226355875
OOD_1473,DSI_2D,0,0.8167366135468083
OOD_1474,DSI_2D,1,0.8972809585343701
OOD_1475,DSI_2D,1,0.8913562997790999
OOD_1476,DSI_2D,0,0.8764722858973626
OOD_1477,DSI_2D,0,0.802056275303989
OOD_1478,DSI_2D,0,0.8245001021886188
OOD_1479,DSI_2D,0,0.7238296940389048
OOD_1480,DSI_2D,1,0.8360752505593841
OOD_1481,DSI_2D,0,0.8352726602662133
OOD_1482,DSI_2D,0,0.865186300456667
OOD_1483,DSI_2D,1,0.7361115162957071
OOD_1484,DSI_2D,0,0.38246295075302694
OOD_1485,DSI_2D,0,0.8854180354486566
OOD_1486,DSI_2D,0,0.37703067370614046
OOD_1487,DSI_2D,0,0.7737090411754778
OOD_1488,DSI_2D,1,0.754300907651581
OOD_1489,DSI_2D,0,0.8114604572196865
OOD_1490,DSI_2D,1,0.8924808038670649
OOD_1491,DSI_2D,0,0.7146812623941939
OOD_1492,DSI_2D,0,0.5554944495006736
OOD_1493,DSI_2D,1,0.8781976538213848
OOD_1494,DSI_2D,0,0.4091770460917567
OOD_1495,DSI_2D,0,0.12182671406607573
OOD_1496,DSI_2D,1,0.8966476905225899
OOD_1497,DSI_2D,0,0.8544383683605947
OOD_1498,DSI_2D,1,0.8517592075760619
OOD_1499,DSI_2D,1,0.8692395649068144
OOD_1500,DSI_2D,0,0.4679226603069577
OOD_1501,DSI_2D,1,0.8825032190402442
OOD_1502,DSI_2D,0,0.8121613932489596
OOD_1503,DSI_2D,1,0.8924249451562559
OOD_1504,DSI_2D,1,0.8940085576756875
OOD_1505,DSI_2D,1,0.8955035216935935
OOD_1506,DSI_2D,0,0.6401282366513779
OOD_1507,DSI_2D,0,0.2563996197914371
OOD_1508,DSI_2D,0,0.8659926675571394
OOD_1509,DSI_2D,1,0.786233331064176
OOD_1510,DSI_2D,0,0.860450478596948
OOD_1511,DSI_2D,0,0.868607428361636
OOD_1512,DSI_2D,1,0.8946847387455732
OOD_1513,DSI_2D,0,0.809987582640878
OOD_1514,DSI_2D,0,0.7997207880125372
OOD_1515,DSI_2D,1,0.8676456184312485
OOD_1516,DSI_2D,1,0.8366017372405489
OOD_1517,DSI_2D,1,0.7691980284120983
OOD_1518,DSI_2D,0,0.6195117091033682
OOD_1519,DSI_2D,0,0.8982188447613174
OOD_1520,DSI_2D,0,0.71502729032849
OOD_1521,DSI_2D,0,0.8683294872974499
OOD_1522,DSI_2D,0,0.7345163979598104
OOD_1523,DSI_2D,0,0.3813418120508578
OOD_1524,DSI_2D,1,0.8983110468601051
OOD_1525,DSI_2D,1,0.8592071868870896
OOD_1526,DSI_2D,1,0.8908689648091938
OOD_1527,DSI_2D,1,0.8470519894506793
OOD_1528,DSI_2D,0,0.8206637222437063
OOD_1529,DSI_2D,1,0.693930903020486
OOD_1530,DSI_2D,1,0.8565488070584701
OOD_1531,DSI_2D,1,0.8927748704890027
OOD_1532,DSI_2D,1,0.817222151711708
OOD_1533,DSI_2D,0,0.8095642898209642
OOD_1534,DSI_2D,0,0.48706249761775994
OOD_1535,DSI_2D,1,0.8850548044255576
OOD_1536,DSI_2D,0,0.7212509264419715
OOD_1537,DSI_2D,1,0.8374389903243751
OOD_1538,DSI_2D,1,0.8370563755338712
OOD_1539,DSI_2D,1,0.8245162858004006
OOD_1540,DSI_2D,0,0.841221250046202
OOD_1541,DSI_2D,1,0.8475819503095133
OOD_1542,DSI_2D,0,0.17957105633047454
OOD_1543,DSI_2D,1,0.8884099500314243
OOD_1544,DSI_2D,0,0.1726374506731475
OOD_1545,DSI_2D,0,0.5511120248248927
OOD_1546,DSI_2D,1,0.8747417732733058
OOD_1547,DSI_2D,0,0.8356565386016671
OOD_1548,DSI_2D,1,0.8356339277859617
OOD_1549,DSI_2D,1,0.8306316056738967
OOD_1550,DSI_2D,0,0.7591711282025833
OOD_1551,DSI_2D,0,0.7183995338565662
OOD_1552,DSI_2D,0,0.8506868622079816
OOD_1553,DSI_2D,0,0.8543513124517981
OOD_1554,DSI_2D,1,0.8667583041285322
OOD_1555,DSI_2D,0,0.8282242325223073
OOD_1556,DSI_2D,0,0.2216889238540714
OOD_1557,DSI_2D,0,0.7958664320209411
OOD_1558,DSI_2D,1,0.8270119276328609
OOD_1559,DSI_2D,0,0.4210317817016264
OOD_1560,DSI_2D,0,0.7174393149884325
OOD_1561,DSI_2D,1,0.871022603879401
OOD_1562,DSI_2D,1,0.8163054065500667
OOD_1563,DSI_2D,0,0.801586641218658
OOD_1564,DSI_2D,0,0.4719718436974286
OOD_1565,DSI_2D,0,0.7259763644010075
OOD_1566,DSI_2D,1,0.8931161454929561
OOD_1567,DSI_2D,0,0.8784956053323197
OOD_1568,DSI_2D,0,0.6227761113352946
OOD_1569,DSI_2D,0,0.7979894744522167
OOD_1570,DSI_2D,0,0.8377329880575564
OOD_1571,DSI_2D,0,0.8743067757478321
OOD_1572,DSI_2D,0,0.5188609572487215
OOD_1573,DSI_2D,0,0.8163403697149838
OOD_1574,DSI_2D,0,0.7878639902301185
OOD_1575,DSI_2D,0,0.8456124467066785
OOD_1576,DSI_2D,0,0.1627103436678311
OOD_1577,DSI_2D,0,0.403438814962402
OOD_1578,DSI_2D,0,0.8410175402934649
OOD_1579,DSI_2D,1,0.8746498731731716
OOD_1580,DSI_2D,1,0.8702513100305096
OOD_1581,DSI_2D,0,0.8554394093634706
OOD_1582,DSI_2D,0,0.6732484057752111
OOD_1583,DSI_2D,1,0.8982265909091187
OOD_1584,DSI_2D,0,0.7543613957206821
OOD_1585,DSI_2D,0,0.5101494369312163
OOD_1586,DSI_2D,1,0.7939898293596277
OOD_1587,DSI_2D,1,0.8905333705827199
OOD_1588,DSI_2D,0,0.7480615286481824
OOD_1589,DSI_2D,1,0.8794674650689993
OOD_1590,DSI_2D,1,0.8889995577111779
OOD_1591,DSI_2D,0,0.004496197822027664
OOD_1592,DSI_2D,0,0.653680051563886
OOD_1593,DSI_2D,1,0.8624369391250537
OOD_1594,DSI_2D,0,0.6998545897619893
OOD_1595,DSI_2D,1,0.8389886214982923
OOD_1596,DSI_2D,1,0.8807392077510096
OOD_1597,DSI_2D,0,0.5769876288517727
OOD_1598,DSI_2D,1,0.8960458030703274
OOD_1599,DSI_2D,0,0.8193556719845064
OOD_1600,DSI_2D,1,0.8874708710625455
OOD_1601,DSI_2D,0,0.7535047186010458
OOD_1602,DSI_2D,1,0.870580688768624
OOD_1603,DSI_2D,1,0.892482713419372
OOD_1604,DSI_2D,1,0.8770139671062566
OOD_1605,DSI_2D,1,0.643870144057235
OOD_1606,DSI_2D,0,0.7176208122867825
OOD_1607,DSI_2D,0,0.6546159861826469
OOD_1608,DSI_2D,1,0.8486975427727356
OOD_1609,DSI_2D,0,0.5643376656974338
OOD_1610,DSI_2D,0,0.7602826170146612
OOD_1611,DSI_2D,0,0.790842813857053
OOD_1612,DSI_2D,1,0.8837103843538299
OOD_1613,DSI_2D,0,0.5836487185179666
OOD_1614,DSI_2D,0,0.5496003521560946
OOD_1615,DSI_2D,1,0.8388796249137805
OOD_1616,DSI_2D,1,0.8872430399239264
OOD_1617,DSI_2D,0,0.8798260827142033
OOD_1618,DSI_2D,1,0.8632447760027552
OOD_1619,DSI_2D,0,0.8575982823770657
OOD_1620,DSI_2D,1,0.8798032677426539
OOD_1621,DSI_2D,1,0.8925049221038317
OOD_1622,DSI_2D,1,0.8954082151572809
OOD_1623,DSI_2D,1,0.893421578263262
OOD_1624,DSI_2D,1,0.869292438396124
OOD_1625,DSI_2D,0,0.8483406309834352
OOD_1626,DSI_2D,0,0.848119306836174
OOD_1627,DSI_2D,0,0.5062751796686764
OOD_1628,DSI_2D,1,0.8621602559870079
OOD_1629,DSI_2D,0,0.8277964268969263
OOD_1630,DSI_2D,0,0.6732964692942192
OOD_1631,DSI_2D,1,0.850084111885696
OOD_1632,DSI_2D,0,0.49396663889599285
OOD_1633,DSI_2D,1,0.8473850503744565
OOD_1634,DSI_2D,0,0.818731590244071
OOD_1635,DSI_2D,1,0.8530905160503887
OOD_1636,DSI_2D,0,0.5941769397947214
OOD_1637,DSI_2D,1,0.8961617595882233
OOD_1638,DSI_2D,1,0.8933544754136209
OOD_1639,DSI_2D,1,0.8603950076791916
OOD_1640,DSI_2D,0,0.8053626243184511
OOD_1641,DSI_2D,0,0.6050389058752936
OOD_1642,DSI_2D,0,0.8363432433926983
OOD_1643,DSI_2D,0,0.7067047085230364
OOD_1644,DSI_2D,1,0.8494286015518021
OOD_1645,DSI_2D,0,0.5452193682646108
OOD_1646,DSI_2D,1,0.8840986892571018
OOD_1647,DSI_2D,1,0.8967608724358411
OOD_1648,DSI_2D,0,0.7564076928773644
OOD_1649,DSI_2D,1,0.824795891493889
OOD_1650,DSI_2D,0,0.6798766517323898
OOD_1651,DSI_2D,0,0.8399258964960398
OOD_1652,DSI_2D,1,0.8113625265929059
OOD_1653,DSI_2D,0,0.6606929992677752
OOD_1654,DSI_2D,1,0.8969252949360889
OOD_1655,DSI_2D,0,0.8166757656644346
OOD_1656,DSI_2D,1,0.7896581343381401
OOD_1657,DSI_2D,0,0.8232955483514475
OOD_1658,DSI_2D,0,0.6502805263737907
OOD_1659,DSI_2D,0,0.7794741912825215
OOD_1660,DSI_2D,0,0.7240190986236582
OOD_1661,DSI_2D,0,0.8958035981256575
OOD_1662,DSI_2D,1,0.8959957906320067
OOD_1663,DSI_2D,0,0.4242146404913998
OOD_1664,DSI_2D,0,0.7090199546587405
OOD_1665,DSI_2D,0,0.8530389352785165
OOD_1666,DSI_2D,1,0.8740435702593301
OOD_1667,DSI_2D,0,0.11224656460409145
OOD_1668,DSI_2D,1,0.893708055962838
OOD_1669,DSI_2D,0,0.6557016995762365
OOD_1670,DSI_2D,0,0.3039351514884923
OOD_1671,DSI_2D,1,0.8363301935903533
OOD_1672,DSI_2D,0,0.8549605464722769
OOD_1673,DSI_2D,0,0.38335716759729777
OOD_1674,DSI_2D,0,0.7078094394688706
OOD_1675,DSI_2D,0,0.8071781088802867
OOD_1676,DSI_2D,0,0.31865493274756196
OOD_1677,DSI_2D,1,0.7513360801543483
OOD_1678,DSI_2D,0,0.2798329229960558
OOD_1679,DSI_2D,1,0.8949968379717766
OOD_1680,DSI_2D,0,0.8388227085939826
OOD_1681,DSI_2D,0,0.8350697379997699
OOD_1682,DSI_2D,0,0.2912918991421881
OOD_1683,DSI_2D,1,0.6561849742937113
OOD_1684,DSI_2D,0,0.7086078391864672
OOD_1685,DSI_2D,0,0.8598194981097858
OOD_1686,DSI_2D,0,0.36576775280961155
OOD_1687,DSI_2D,0,0.5623714773545845
OOD_1688,DSI_2D,0,0.7853201226123764
OOD_1689,DSI_2D,1,0.8778316100073751
OOD_1690,DSI_2D,0,0.7935828613750997
OOD_1691,DSI_2D,1,0.8637313491658064
OOD_1692,DSI_2D,1,0.83874186834788
OOD_1693,DSI_2D,1,0.8725559412402689
OOD_1694,DSI_2D,1,0.892168820899391
OOD_1695,DSI_2D,0,0.888483126150923
OOD_1696,DSI_2D,0,0.5294555970080483
OOD_1697,DSI_2D,0,0.7746125437574428
OOD_1698,DSI_2D,0,0.5350067956097837
OOD_1699,DSI_2D,1,0.895336959936267
OOD_1700,DSI_2D,1,0.8964523301818751
OOD_1701,DSI_2D,0,0.4428597247269188
OOD_1702,DSI_2D,0,0.8166170905721152
OOD_1703,DSI_2D,0,0.6749173097353547
OOD_1704,DSI_2D,1,0.8729939316398131
OOD_1705,DSI_2D,0,0.15808315576541723
OOD_1706,DSI_2D,0,0.623963057941508
OOD_1707,DSI_2D,1,0.8296717676085681
OOD_1708,DSI_2D,0,0.13090563008898146
OOD_1709,DSI_2D,0,0.8380995686540599
OOD_1710,DSI_2D,0,0.4164629734654367
OOD_1711,DSI_2D,1,0.884626016409826
OOD_1712,DSI_2D,1,0.8920392688664444
OOD_1713,DSI_2D,0,0.8591047874672647
OOD_1714,DSI_2D,0,0.7017859081231687
OOD_1715,DSI_2D,1,0.8868739976241364
OOD_1716,DSI_2D,0,0.526106708794633
OOD_1717,DSI_2D,0,0.8776128529164151
OOD_1718,DSI_2D,0,0.7937528889645932
OOD_1719,DSI_2D,1,0.7925143224500911
OOD_1720,DSI_2D,1,0.7455133866266844
OOD_1721,DSI_2D,0,0.4555340316606585
OOD_1722,DSI_2D,1,0.8780191002697458
OOD_1723,DSI_2D,0,0.7915921869588645
OOD_1724,DSI_2D,0,0.7083858976418438
OOD_1725,DSI_2D,0,0.8219938147536735
OOD_1726,DSI_2D,1,0.8493123154911947
OOD_1727,DSI_2D,0,0.6830117828980468
OOD_1728,DSI_2D,0,0.8251279476157058
OOD_1729,DSI_2D,0,0.8174808475907613
OOD_1730,DSI_2D,0,0.6828932258442182
OOD_1731,DSI_2D,0,0.49127314950507883
OOD_1732,DSI_2D,0,0.8204621460166474
OOD_1733,DSI_2D,0,0.4184367310840982
OOD_1734,DSI_2D,0,0.7456433307689126
OOD_1735,DSI_2D,0,0.688601656011264
OOD_1736,DSI_2D,1,0.8925283810600486
OOD_1737,DSI_2D,0,0.8216327657475478
OOD_1738,DSI_2D,0,0.8554266515376069
OOD_1739,DSI_2D,1,0.8581382192112872
OOD_1740,DSI_2D,1,0.8880334628695209
OOD_1741,DSI_2D,0,0.8288832843384474
OOD_1742,DSI_2D,0,0.695745135333542
OOD_1743,DSI_2D,0,0.7085320512785851
OOD_1744,DSI_2D,1,0.8595061648207256
OOD_1745,DSI_2D,0,0.11176582585420014
OOD_1746,DSI_2D,1,0.8695904553599709
OOD_1747,DSI_2D,0,0.8455143413302577
OOD_1748,DSI_2D,1,0.7656693972335201
OOD_1749,DSI_2D,1,0.8829867771893499
OOD_1750,DSI_2D,0,0.6080580973904229
OOD_1751,DSI_2D,0,0.7816640702563226
OOD_1752,DSI_2D,0,0.05398134911187101
OOD_1753,DSI_2D,0,0.35554920200845036
OOD_1754,DSI_2D,0,0.6226914364869793
OOD_1755,DSI_2D,0,0.7674692005459164
OOD_1756,DSI_2D,1,0.8705576364576292
OOD_1757,DSI_2D,1,0.6909580129561593
OOD_1758,DSI_2D,0,0.4964402288464505
OOD_1759,DSI_2D,0,0.5754901786784216
OOD_1760,DSI_2D,1,0.8161178338520578
OOD_1761,DSI_2D,1,0.8911099489871456
OOD_1762,DSI_2D,0,0.8677057009290693
OOD_1763,DSI_2D,0,0.6619842823113231
OOD_1764,DSI_2D,0,0.8171766160967294
OOD_1765,DSI_2D,1,0.8758340030419537
OOD_1766,DSI_2D,1,0.8189857745159207
OOD_1767,DSI_2D,1,0.8943346872437545
OOD_1768,DSI_2D,0,0.7764835953464858
OOD_1769,DSI_2D,0,0.690067966167768
OOD_1770,DSI_2D,0,0.7641679771687767
OOD_1771,DSI_2D,0,0.7096930817042789
OOD_1772,DSI_2D,0,0.16279304789942156
OOD_1773,DSI_2D,0,0.23182853564696454
OOD_1774,DSI_2D,0,0.2045607798077518
OOD_1775,DSI_2D,0,0.723178500528785
OOD_1776,DSI_2D,0,0.7384091953240739
OOD_1777,DSI_2D,0,0.8301162553555546
OOD_1778,DSI_2D,1,0.8504347429177972
OOD_1779,DSI_2D,0,0.4265032577306653
OOD_1780,DSI_2D,1,0.8522021464710088
OOD_1781,DSI_2D,0,0.2695062651406929
OOD_1782,DSI_2D,1,0.8985397958259297
OOD_1783,DSI_2D,0,0.8245683967699149
OOD_1784,DSI_2D,1,0.8847137352695008
OOD_1785,DSI_2D,1,0.8977486630802988
OOD_1786,DSI_2D,0,0.8665771928728476
OOD_1787,DSI_2D,0,0.4437553869229145
OOD_1788,DSI_2D,0,0.7364780130113386
OOD_1789,DSI_2D,0,0.85876091811919
OOD_1790,DSI_2D,0,0.8114335758864129
OOD_1791,DSI_2D,0,0.7946953935224103
OOD_1792,DSI_2D,0,0.720382808518093
OOD_1793,DSI_2D,0,0.7799540942932582
OOD_1794,DSI_2D,1,0.8776189559659366
OOD_1795,DSI_2D,1,0.8598577421977468
OOD_1796,DSI_2D,0,0.5484033272134895
OOD_1797,DSI_2D,0,0.8959222738202364
OOD_1798,DSI_2D,0,0.7046121108384363
OOD_1799,DSI_2D,0,0.7718529728947868
OOD_1800,DSI_2D,0,0.8089372821904262
OOD_1801,DSI_2D,1,0.8699102009752027
OOD_1802,DSI_2D,1,0.8776486723842111
OOD_1803,DSI_2D,1,0.8315539564596685
OOD_1804,DSI_2D,1,0.8651680062106395
OOD_1805,DSI_2D,0,0.4452842958546603
OOD_1806,DSI_2D,0,0.5065053653098546
OOD_1807,DSI_2D,0,0.8416386840924227
OOD_1808,DSI_2D,1,0.8847889904979486
OOD_1809,DSI_2D,0,0.6662532439091247
OOD_1810,DSI_2D,0,0.29745782094543144
OOD_1811,DSI_2D,0,0.40194335004480924
OOD_1812,DSI_2D,0,0.7270466439413303
OOD_1813,DSI_2D,0,0.45799794882115796
OOD_1814,DSI_2D,0,0.7788419268139061
OOD_1815,DSI_2D,1,0.8863038791493942
OOD_1816,DSI_2D,0,0.3306650064982734
OOD_1817,DSI_2D,1,0.8933410418067053
OOD_1818,DSI_2D,0,0.8717721264700647
OOD_1819,DSI_2D,0,0.3132128412499376
OOD_1820,DSI_2D,1,0.8911239841168067
OOD_1821,DSI_2D,1,0.8422481404025598
OOD_1822,DSI_2D,1,0.8766309468343587
OOD_1823,DSI_2D,0,0.7941067027858132
OOD_1824,DSI_2D,1,0.8963849686820425
OOD_1825,DSI_2D,0,0.893959269017145
OOD_1826,DSI_2D,0,0.1022045242009825
OOD_1827,DSI_2D,0,0.6117312394791443
OOD_1828,DSI_2D,0,0.7987752056971777
OOD_1829,DSI_2D,1,0.8719401849075147
OOD_1830,DSI_2D,1,0.8573838261216691
OOD_1831,DSI_2D,0,0.1883983269123636
OOD_1832,DSI_2D,0,0.7811569573304635
OOD_1833,DSI_2D,0,0.5074260460376302
OOD_1834,DSI_2D,1,0.8175166913542735
OOD_1835,DSI_2D,0,0.72343942763102
OOD_1836,DSI_2D,1,0.8928762348027707
OOD_1837,DSI_2D,1,0.8880994380851398
OOD_1838,DSI_2D,1,0.8171765125974726
OOD_1839,DSI_2D,0,0.6871129365026476
OOD_1840,DSI_2D,0,0.7341314924418666
OOD_1841,DSI_2D,1,0.871006546878318
OOD_1842,DSI_2D,1,0.8910134773536149
OOD_1843,DSI_2D,1,0.698595245190611
OOD_1844,DSI_2D,1,0.7775599459685798
OOD_1845,DSI_2D,0,0.6676238243785771
OOD_1846,DSI_2D,1,0.8954872391996956
OOD_1847,DSI_2D,0,0.7708358383782665
OOD_1848,DSI_2D,1,0.8644717612046918
OOD_1849,DSI_2D,1,0.8987701680287492
OOD_1850,DSI_2D,0,0.7985409899688057
OOD_1851,DSI_2D,1,0.7919443383674677
OOD_1852,DSI_2D,0,0.6438486020896226
OOD_1853,DSI_2D,0,0.6634844212654916
OOD_1854,DSI_2D,0,0.13603956425708716
OOD_1855,DSI_2D,0,0.8623600099235458
OOD_1856,DSI_2D,1,0.7892401085201742
OOD_1857,DSI_2D,1,0.7628493985610595
OOD_1858,DSI_2D,0,0.8764536812389649
OOD_1859,DSI_2D,0,0.8049058538806012
OOD_1860,DSI_2D,0,0.7295339219534183
OOD_1861,DSI_2D,1,0.8900352091765278
OOD_1862,DSI_2D,0,0.6707333529609442
OOD_1863,DSI_2D,1,0.8977787646718756
OOD_1864,DSI_2D,1,0.8824145127259417
OOD_1865,DSI_2D,0,0.766576182068125
OOD_1866,DSI_2D,0,0.7600633013430702
OOD_1867,DSI_2D,0,0.1922199956833227
OOD_1868,DSI_2D,0,0.39558222698610007
OOD_1869,DSI_2D,1,0.8140366594778652
OOD_1870,DSI_2D,1,0.8544399144839095
OOD_1871,DSI_2D,1,0.7990637767762151
OOD_1872,DSI_2D,1,0.8965436048792793
OOD_1873,DSI_2D,0,0.792656350139598
OOD_1874,DSI_2D,1,0.8793757601951772
OOD_1875,DSI_2D,1,0.8525229501135284
OOD_1876,DSI_2D,1,0.8785661640757277
OOD_1877,DSI_2D,0,0.8587814449699841
OOD_1878,DSI_2D,1,0.7629343740143211
OOD_1879,DSI_2D,0,0.732582799500711
OOD_1880,DSI_2D,0,0.12576255105505316
OOD_1881,DSI_2D,1,0.8911399702229106
OOD_1882,DSI_2D,0,0.8884527506676391
OOD_1883,DSI_2D,0,0.6654742334899508
OOD_1884,DSI_2D,0,0.7344332264783373
OOD_1885,DSI_2D,0,0.5147989480670062
OOD_1886,DSI_2D,1,0.8790618454922915
OOD_1887,DSI_2D,1,0.8408854143321723
OOD_1888,DSI_2D,1,0.8493646503798802
OOD_1889,DSI_2D,1,0.860042592182984
OOD_1890,DSI_2D,1,0.8617043916730693
OOD_1891,DSI_2D,0,0.5832586144618038
OOD_1892,DSI_2D,0,0.3375130146506641
OOD_1893,DSI_2D,0,0.8650981600057945
OOD_1894,DSI_2D,0,0.8372447954728938
OOD_1895,DSI_2D,1,0.8940445588546165
OOD_1896,DSI_2D,1,0.8629998949399442
OOD_1897,DSI_2D,1,0.8685642858113872
OOD_1898,DSI_2D,1,0.8953798552688097
OOD_1899,DSI_2D,0,0.7672425638819532
OOD_1900,DSI_2D,0,0.6131249526119288
OOD_1901,DSI_2D,1,0.8872126638260146
OOD_1902,DSI_2D,1,0.893479419767167
OOD_1903,DSI_2D,0,0.8244188315012257
OOD_1904,DSI_2D,1,0.8959199662570829
OOD_1905,DSI_2D,0,0.6404784239199848
OOD_1906,DSI_2D,0,0.8659428709921883
OOD_1907,DSI_2D,0,0.7410727349814844
OOD_1908,DSI_2D,1,0.8883113157808703
OOD_1909,DSI_2D,1,0.8708576641468533
OOD_1910,DSI_2D,1,0.8883981843700459
OOD_1911,DSI_2D,0,0.4051290095352392
OOD_1912,DSI_2D,0,0.6232493387994889
OOD_1913,DSI_2D,1,0.8849283137346932
OOD_1914,DSI_2D,0,0.5669316098171537
OOD_1915,DSI_2D,0,0.78279759384
OOD_1916,DSI_2D,0,0.6339839777120424
OOD_1917,DSI_2D,1,0.7633547248338475
OOD_1918,DSI_2D,0,0.7702307859398362
OOD_1919,DSI_2D,0,0.749545783169261
OOD_1920,DSI_2D,0,0.8876099110042851
OOD_1921,DSI_2D,0,0.04301826731131065
OOD_1922,DSI_2D,1,0.8608847937556775
OOD_1923,DSI_2D,0,0.7182725468186408
OOD_1924,DSI_2D,1,0.8975583314226299
OOD_1925,DSI_2D,1,0.8522293838382989
OOD_1926,DSI_2D,1,0.6780731783341127
OOD_1927,DSI_2D,1,0.8912322805809986
OOD_1928,DSI_2D,0,0.6749807460325148
OOD_1929,DSI_2D,0,0.7471096207367725
OOD_1930,DSI_2D,0,0.8041806442708799
OOD_1931,DSI_2D,1,0.8900185100994155
OOD_1932,DSI_2D,1,0.8939632041472044
OOD_1933,DSI_2D,1,0.8905026693781989
OOD_1934,DSI_2D,1,0.8791198501356093
OOD_1935,DSI_2D,0,0.5232469306538381
OOD_1936,DSI_2D,0,0.5134051189486177
OOD_1937,DSI_2D,1,0.871946065092536
OOD_1938,DSI_2D,1,0.8731845011339231
OOD_1939,DSI_2D,1,0.8112292505888938
OOD_1940,DSI_2D,0,0.8850380155197071
OOD_1941,DSI_2D,0,0.505859764367846
OOD_1942,DSI_2D,0,0.625825236648955
OOD_1943,DSI_2D,1,0.8947241071515843
OOD_1944,DSI_2D,1,0.8876493818638883
OOD_1945,DSI_2D,1,0.8975666934005097
OOD_1946,DSI_2D,1,0.8786785677903177
OOD_1947,DSI_2D,0,0.6416009078538694
OOD_1948,DSI_2D,0,0.4147186867378996
OOD_1949,DSI_2D,1,0.8862102651227474
OOD_1950,DSI_2D,0,0.8105968117001683
OOD_1951,DSI_2D,0,0.8452576445909208
OOD_1952,DSI_2D,1,0.8575647650904963
OOD_1953,DSI_2D,0,0.8253505205450109
OOD_1954,DSI_2D,0,0.8635700831603655
OOD_1955,DSI_2D,0,0.8086753639765399
OOD_1956,DSI_2D,1,0.8933892590000306
OOD_1957,DSI_2D,0,0.21845271935738458
OOD_1958,DSI_2D,0,0.6517754906975448
OOD_1959,DSI_2D,1,0.8664572732332252
OOD_1960,DSI_2D,0,0.8198812992706709
OOD_1961,DSI_2D,0,0.0823396346744962
OOD_1962,DSI_2D,0,0.723884947736645
OOD_1963,DSI_2D,0,0.760383127628406
OOD_1964,DSI_2D,0,0.49326946338482963
OOD_1965,DSI_2D,0,0.8557667785246041
OOD_1966,DSI_2D,0,0.8068777460742015
OOD_1967,DSI_2D,0,0.4506000644755232
OOD_1968,DSI_2D,0,0.6480071841429318
OOD_1969,DSI_2D,0,0.7152616157640102
OOD_1970,DSI_2D,0,0.4916126491435635
OOD_1971,DSI_2D,1,0.8823404875173543
OOD_1972,DSI_2D,1,0.8888366986944617
OOD_1973,DSI_2D,0,0.8325088878286147
OOD_1974,DSI_2D,0,0.8413346941628025
OOD_1975,DSI_2D,0,0.6035269930809545
OOD_1976,DSI_2D,0,0.6890051870023239
OOD_1977,DSI_2D,1,0.8630672773179086
OOD_1978,DSI_2D,0,0.7259788453399794
OOD_1979,DSI_2D,1,0.8425586440741001
OOD_1980,DSI_2D,0,0.8314616237020377
OOD_1981,DSI_2D,1,0.8954079030147717
OOD_1982,DSI_2D,0,0.8046134467722271
OOD_1983,DSI_2D,1,0.8930838985949162
OOD_1984,DSI_2D,0,0.3127612356030648
OOD_1985,DSI_2D,0,0.7759001596233566
OOD_1986,DSI_2D,1,0.8654137561063301
OOD_1987,DSI_2D,0,0.6148822591062966
OOD_1988,DSI_2D,0,0.19336686342053153
OOD_1989,DSI_2D,0,0.7555671020834483
OOD_1990,DSI_2D,0,0.46702934748215286
OOD_1991,DSI_2D,0,0.8638670723283025
OOD_1992,DSI_2D,1,0.8308225416360132
OOD_1993,DSI_2D,0,0.7740912168540819
OOD_1994,DSI_2D,1,0.8511677061650701
OOD_1995,DSI_2D,1,0.8835678398067749
OOD_1996,DSI_2D,0,0.8413834497350763
OOD_1997,DSI_2D,0,0.8162839595789194
OOD_1998,DSI_2D,0,0.3715327857597622
OOD_1999,DSI_2D,0,0.7494622992504393
OOD_2000,DSI_2D,0,0.7305569418911677
OOD_2001,DSI_2D,1,0.889649581771053
OOD_2002,DSI_2D,0,0.7333626229807744
OOD_2003,DSI_2D,1,0.8918600128742814
OOD_2004,DSI_2D,0,0.8718906492882443
OOD_2005,DSI_2D,1,0.8953172773320603
OOD_2006,DSI_2D,0,0.8122424891427413
OOD_2007,DSI_2D,0,0.7944945223586776
OOD_2008,DSI_2D,1,0.8534897942599343
OOD_2009,DSI_2D,0,0.8187330618611267
OOD_2010,DSI_2D,0,0.8056766560324474
OOD_2011,DSI_2D,0,0.8731066327129214
OOD_2012,DSI_2D,1,0.8724453021256552
OOD_2013,DSI_2D,1,0.876643827501262
OOD_2014,DSI_2D,1,0.8224127073334497
OOD_2015,DSI_2D,0,0.6730320560677493
OOD_2016,DSI_2D,1,0.8959153035864823
OOD_2017,DSI_2D,0,0.6245167940841275
OOD_2018,DSI_2D,0,0.8816904899518473
OOD_2019,DSI_2D,0,0.7329780051784214
OOD_2020,DSI_2D,0,0.8769617923882482
OOD_2021,DSI_2D,0,0.5143981410275291
OOD_2022,DSI_2D,0,0.6776346914271713
OOD_2023,DSI_2D,0,0.8359854797839863
OOD_2024,DSI_2D,0,0.785860837824129
OOD_2025,DSI_2D,1,0.8938821686013352
OOD_2026,DSI_2D,0,0.812489765604728
OOD_2027,DSI_2D,0,0.141154985405122
OOD_2028,DSI_2D,1,0.865529278257292
OOD_2029,DSI_2D,1,0.8097354291448915
OOD_2030,DSI_2D,0,0.8071107627518577
OOD_2031,DSI_2D,0,0.7865837182012116
OOD_2032,DSI_2D,0,0.667826801902627
OOD_2033,DSI_2D,0,0.7320292607967815
OOD_2034,DSI_2D,1,0.8626284620144888
OOD_2035,DSI_2D,0,0.7101008939824538
OOD_2036,DSI_2D,1,0.8702321311875507
OOD_2037,DSI_2D,1,0.8177612949785499
OOD_2038,DSI_2D,0,0.6649160510584691
OOD_2039,DSI_2D,0,0.8272362792933156
OOD_2040,DSI_2D,0,0.6939297882827036
OOD_2041,DSI_2D,0,0.39757588773768665
OOD_2042,DSI_2D,0,0.6828537074775815
OOD_2043,DSI_2D,1,0.8862936385483049
OOD_2044,DSI_2D,0,0.4059225049511508
OOD_2045,DSI_2D,1,0.8954077539371227
OOD_2046,DSI_2D,0,0.8778665285618765
OOD_2047,DSI_2D,0,0.7824779531157683
OOD_2048,DSI_2D,1,0.8909159063875361
OOD_2049,DSI_2D,0,0.2400737393579869
OOD_2050,DSI_2D,0,0.6506521136043973
OOD_2051,DSI_2D,1,0.8553331248969067
OOD_2052,DSI_2D,1,0.8840207011176402
OOD_2053,DSI_2D,1,0.8933945462065562
OOD_2054,DSI_2D,0,0.843927558541715
OOD_2055,DSI_2D,0,0.2724579775178018
OOD_2056,DSI_2D,0,0.6756181637242188
OOD_2057,DSI_2D,0,0.6983989925488456
OOD_2058,DSI_2D,1,0.8069386104037383
OOD_2059,DSI_2D,0,0.8600740333739787
OOD_2060,DSI_2D,0,0.5439785894842529
OOD_2061,DSI_2D,1,0.8508603354803105
OOD_2062,DSI_2D,0,0.7673634848493666
OOD_2063,DSI_2D,1,0.8036902187039732
OOD_2064,DSI_2D,1,0.8878551799781244
OOD_2065,DSI_2D,1,0.879405297109536
OOD_2066,DSI_2D,1,0.8892799760512906
OOD_2067,DSI_2D,0,0.5097895677541118
OOD_2068,DSI_2D,1,0.8331751195241298
OOD_2069,DSI_2D,1,0.8419631227622904
OOD_2070,DSI_2D,1,0.8686674345730537
OOD_2071,DSI_2D,1,0.8399322521309484
OOD_2072,DSI_2D,1,0.8604467551733085
OOD_2073,DSI_2D,0,0.7834028446496741
OOD_2074,DSI_2D,1,0.8361398527625307
OOD_2075,DSI_2D,0,0.8757327641825868
OOD_2076,DSI_2D,1,0.84253904737528
OOD_2077,DSI_2D,0,0.8033680045725394
OOD_2078,DSI_2D,1,0.782019742080222
OOD_2079,DSI_2D,0,0.6073959797986996
OOD_2080,DSI_2D,1,0.8764180708343977
OOD_2081,DSI_2D,1,0.894900281251899
OOD_2082,DSI_2D,0,0.7739360721912414
OOD_2083,DSI_2D,1,0.8836744953731944
OOD_2084,DSI_2D,1,0.8984864600490589
OOD_2085,DSI_2D,0,0.719595397123544
OOD_2086,DSI_2D,0,0.19165690755794978
OOD_2087,DSI_2D,1,0.866935161772793
OOD_2088,DSI_2D,0,0.7675452409754372
OOD_2089,DSI_2D,1,0.8906187435486571
OOD_2090,DSI_2D,0,0.04192848776614366
OOD_2091,DSI_2D,0,0.7389388032283428
OOD_2092,DSI_2D,0,0.7951175119198834
OOD_2093,DSI_2D,1,0.8353135395035218
OOD_2094,DSI_2D,0,0.6797319124607165
OOD_2095,DSI_2D,1,0.7736249716438132
OOD_2096,DSI_2D,0,0.7835809591483324
OOD_2097,DSI_2D,1,0.8652261904951464
OOD_2098,DSI_2D,1,0.8169555100736274
OOD_2099,DSI_2D,0,0.5972681380431537
OOD_2100,DSI_2D,1,0.8842097784713696
OOD_2101,DSI_2D,0,0.8367231064710756
OOD_2102,DSI_2D,1,0.7371932847325348
OOD_2103,DSI_2D,0,0.547129598369892
OOD_2104,DSI_2D,0,0.6751529475611351
OOD_2105,DSI_2D,1,0.8805988510087682
OOD_2106,DSI_2D,0,0.6595926396845327
OOD_2107,DSI_2D,0,0.8249990487310052
OOD_2108,DSI_2D,0,0.8953532317083566
OOD_2109,DSI_2D,0,0.7543878572711518
OOD_2110,DSI_2D,1,0.8515709543791331
OOD_2111,DSI_2D,1,0.8729104600809505
OOD_2112,DSI_2D,0,0.3489278766859434
OOD_2113,DSI_2D,0,0.8315041017149942
OOD_2114,DSI_2D,0,0.8854021889905718
OOD_2115,DSI_2D,1,0.8411909916930745
OOD_2116,DSI_2D,0,0.8830796177527152
OOD_2117,DSI_2D,1,0.8069624447831115
OOD_2118,DSI_2D,0,0.6003036698040465
OOD_2119,DSI_2D,0,0.7951857535194969
OOD_2120,DSI_2D,0,0.3006878519721045
OOD_2121,DSI_2D,0,0.6915428501951923
OOD_2122,DSI_2D,0,0.8430254906314604
OOD_2123,DSI_2D,0,0.1562729515027729
OOD_2124,DSI_2D,0,0.8025112924446305
OOD_2125,DSI_2D,0,0.4198574352853557
OOD_2126,DSI_2D,0,0.5426195528184651
OOD_2127,DSI_2D,0,0.115062798837068
OOD_2128,DSI_2D,0,0.7262150869232437
OOD_2129,DSI_2D,1,0.7526388400585801
OOD_2130,DSI_2D,0,0.48722251322049354
OOD_2131,DSI_2D,1,0.8914353962898341
OOD_2132,DSI_2D,0,0.4037945264942126
OOD_2133,DSI_2D,0,0.8176176657804072
OOD_2134,DSI_2D,1,0.8302557405666562
OOD_2135,DSI_2D,0,0.7648768526821409
OOD_2136,DSI_2D,0,0.662505952666169
OOD_2137,DSI_2D,1,0.8343737566756415
OOD_2138,DSI_2D,1,0.898800685954989
OOD_2139,DSI_2D,1,0.868200482881298
OOD_2140,DSI_2D,0,0.7793985065246738
OOD_2141,DSI_2D,0,0.871527908918826
OOD_2142,DSI_2D,0,0.8747624322697731
OOD_2143,DSI_2D,0,0.718828808419188
OOD_2144,DSI_2D,0,0.304015778541419
OOD_2145,DSI_2D,1,0.8500776068602334
OOD_2146,DSI_2D,1,0.8441915460188865
OOD_2147,DSI_2D,1,0.8925025045617165
OOD_2148,DSI_2D,0,0.7236698131740322
OOD_2149,DSI_2D,0,0.6495678299809092
OOD_2150,DSI_2D,1,0.8714477344814819
OOD_2151,DSI_2D,1,0.8561680272882268
OOD_2152,DSI_2D,1,0.823091606001423
OOD_2153,DSI_2D,1,0.8861257726416966
OOD_2154,DSI_2D,1,0.8955970078307336
OOD_2155,DSI_2D,1,0.8929268490274369
OOD_2156,DSI_2D,0,0.7411869446932923
OOD_2157,DSI_2D,1,0.8763173994945843
OOD_2158,DSI_2D,0,0.8215685537936481
OOD_2159,DSI_2D,1,0.8922518897052555
OOD_2160,DSI_2D,0,0.42806808445862154
OOD_2161,DSI_2D,0,0.7543851615476574
OOD_2162,DSI_2D,1,0.8542636259548124
OOD_2163,DSI_2D,0,0.8714418052238114
OOD_2164,DSI_2D,0,0.13434644865003906
OOD_2165,DSI_2D,1,0.8443250291085671
OOD_2166,DSI_2D,0,0.751574384341791
OOD_2167,DSI_2D,1,0.8665787315156306
OOD_2168,DSI_2D,0,0.7718482897055138
OOD_2169,DSI_2D,0,0.5429000067340243
OOD_2170,DSI_2D,0,0.765503423550897
OOD_2171,DSI_2D,1,0.8833081116050405
OOD_2172,DSI_2D,0,0.6936640043768532
OOD_2173,DSI_2D,1,0.8489285615642405
OOD_2174,DSI_2D,1,0.8897464739207451
OOD_2175,DSI_2D,0,0.7753874200260398
OOD_2176,DSI_2D,0,0.8914356872963392
OOD_2177,DSI_2D,0,0.5638878219282548
OOD_2178,DSI_2D,0,0.85373823615832
OOD_2179,DSI_2D,1,0.8448476959454513
OOD_2180,DSI_2D,1,0.8466886478473827
OOD_2181,DSI_2D,1,0.893436241104404
OOD_2182,DSI_2D,0,0.8860132468590339
OOD_2183,DSI_2D,1,0.7811008481815123
OOD_2184,DSI_2D,1,0.8892486050676089
OOD_2185,DSI_2D,1,0.8907491348703417
OOD_2186,DSI_2D,1,0.8932797881019094
OOD_2187,DSI_2D,1,0.8945194177998118
OOD_2188,DSI_2D,0,0.3967352039244306
OOD_2189,DSI_2D,1,0.8911747536884899
OOD_2190,DSI_2D,1,0.8772891928612153
OOD_2191,DSI_2D,0,0.3594164776413461
OOD_2192,DSI_2D,0,0.8772618545884406
OOD_2193,DSI_2D,0,0.8253394366030303
OOD_2194,DSI_2D,1,0.8450166485012318
OOD_2195,DSI_2D,1,0.8559240020791237
OOD_2196,DSI_2D,1,0.8477660372911583
OOD_2197,DSI_2D,1,0.8860562528392176
OOD_2198,DSI_2D,0,0.848561249476528
OOD_2199,DSI_2D,1,0.882688980905762
OOD_2200,DSI_2D,0,0.38019988501450386
OOD_2201,DSI_2D,0,0.7112317114914541
OOD_2202,DSI_2D,1,0.8963529765198539
OOD_2203,DSI_2D,1,0.8955029177853462
OOD_2204,DSI_2D,0,0.8927730131129277
OOD_2205,DSI_2D,0,0.27393122342382875
OOD_2206,DSI_2D,0,0.6849691064603916
OOD_2207,DSI_2D,1,0.8649944919919329
OOD_2208,DSI_2D,0,0.5735905866941818
OOD_2209,DSI_2D,0,0.7028559829701991
OOD_2210,DSI_2D,1,0.8578602119534774
OOD_2211,DSI_2D,0,0.7953786285612485
OOD_2212,DSI_2D,0,0.6201089006123758
OOD_2213,DSI_2D,0,0.8617349061015687
OOD_2214,DSI_2D,0,0.6398463727394407
OOD_2215,DSI_2D,0,0.7547880592331259
OOD_2216,DSI_2D,0,0.26546680507966974
OOD_2217,DSI_2D,1,0.8490115957696919
OOD_2218,DSI_2D,0,0.7198662093440932
OOD_2219,DSI_2D,0,0.8617253878094022
OOD_2220,DSI_2D,0,0.7982489184826792
OOD_2221,DSI_2D,0,0.7600501153958883
OOD_2222,DSI_2D,1,0.8716924441945049
OOD_2223,DSI_2D,0,0.7510956829788483
OOD_2224,DSI_2D,1,0.892278853225374
OOD_2225,DSI_2D,0,0.8415637761894584
OOD_2226,DSI_2D,1,0.8844801980756407
OOD_2227,DSI_2D,0,0.7894536719404266
OOD_2228,DSI_2D,0,0.8877565279870382
OOD_2229,DSI_2D,1,0.8999400907654129
OOD_2230,DSI_2D,1,0.8873838147693196
OOD_2231,DSI_2D,1,0.8868654206419934
OOD_2232,DSI_2D,1,0.7895336002289239
OOD_2233,DSI_2D,0,0.7982732051545929
OOD_2234,DSI_2D,1,0.8673819338175915
OOD_2235,DSI_2D,0,0.8277859293672463
OOD_2236,DSI_2D,0,0.4769350260829598
OOD_2237,DSI_2D,0,0.7875717450556778
OOD_2238,DSI_2D,0,0.6729879576605482
OOD_2239,DSI_2D,1,0.889367989664929
OOD_2240,DSI_2D,0,0.7489896167295728
OOD_2241,DSI_2D,0,0.8364594626464832
OOD_2242,DSI_2D,1,0.8533013616001198
OOD_2243,DSI_2D,1,0.8574619905021907
OOD_2244,DSI_2D,0,0.7863912520725385
OOD_2245,DSI_2D,0,0.8917606049641387
OOD_2246,DSI_2D,0,0.7991361728485419
OOD_2247,DSI_2D,0,0.8553549012168368
OOD_2248,DSI_2D,0,0.6883583891891983
OOD_2249,DSI_2D,0,0.8593379763442491
OOD_2250,DSI_2D,0,0.7017639434249534
OOD_2251,DSI_2D,0,0.6948287909517372
OOD_2252,DSI_2D,0,0.8399758434428346
OOD_2253,DSI_2D,1,0.8288300738474291
OOD_2254,DSI_2D,0,0.7878428801899845
OOD_2255,DSI_2D,1,0.8723360360836468
OOD_2256,DSI_2D,0,0.8271174935574229
OOD_2257,DSI_2D,0,0.8489231899448688
OOD_2258,DSI_2D,0,0.8723693489719857
OOD_2259,DSI_2D,1,0.8981559637468114
OOD_2260,DSI_2D,1,0.88286145948933
OOD_2261,DSI_2D,0,0.35178777631832847
OOD_2262,DSI_2D,0,0.7532082245311299
OOD_2263,DSI_2D,0,0.5614333281639579
OOD_2264,DSI_2D,0,0.8379054053481547
OOD_2265,DSI_2D,0,0.0507265603276872
OOD_2266,DSI_2D,0,0.3769375361437526
OOD_2267,DSI_2D,0,0.7276864933604943
OOD_2268,DSI_2D,1,0.8613076155462249
OOD_2269,DSI_2D,1,0.8902495064112732
OOD_2270,DSI_2D,0,0.7962220166607042
OOD_2271,DSI_2D,1,0.8194266696110781
OOD_2272,DSI_2D,0,0.6211150768858532
OOD_2273,DSI_2D,0,0.822652630252515
OOD_2274,DSI_2D,1,0.8499708442512302
OOD_2275,DSI_2D,0,0.2742204724808848
OOD_2276,DSI_2D,1,0.7758167172796131
OOD_2277,DSI_2D,1,0.8901656397209238
OOD_2278,DSI_2D,1,0.8761689383096541
OOD_2279,DSI_2D,0,0.8680845871306863
OOD_2280,DSI_2D,1,0.859402644669621
OOD_2281,DSI_2D,0,0.3957452348152424
OOD_2282,DSI_2D,0,0.1718141510776961
OOD_2283,DSI_2D,1,0.8908776251896181
OOD_2284,DSI_2D,1,0.8797966591132427
OOD_2285,DSI_2D,0,0.8182419679559557
OOD_2286,DSI_2D,0,0.8146909602813894
OOD_2287,DSI_2D,0,0.1439598493283018
OOD_2288,DSI_2D,1,0.8107356045962244
OOD_2289,DSI_2D,0,0.8524002122936216
OOD_2290,DSI_2D,0,0.8796683200180612
OOD_2291,DSI_2D,0,0.6629960366244025
OOD_2292,DSI_2D,0,0.712904814976297
OOD_2293,DSI_2D,1,0.8936614417723471
OOD_2294,DSI_2D,1,0.8693989983385891
OOD_2295,DSI_2D,0,0.7858416070355506
OOD_2296,DSI_2D,1,0.8595532810635942
OOD_2297,DSI_2D,0,0.792374337270595
OOD_2298,DSI_2D,0,0.7553664940764231
OOD_2299,DSI_2D,0,0.6968549736226358
OOD_2300,DSI_2D,1,0.8955438527541016
OOD_2301,DSI_2D,0,0.6222279990943691
OOD_2302,DSI_2D,1,0.5565869065537773
OOD_2303,DSI_2D,1,0.8756298621698075
OOD_2304,DSI_2D,0,0.6236252156134972
OOD_2305,DSI_2D,0,0.8015944528278537
OOD_2306,DSI_2D,0,0.8615078008735363
OOD_2307,DSI_2D,0,0.7786912293664205
OOD_2308,DSI_2D,1,0.889913793352374
OOD_2309,DSI_2D,1,0.832127999282271
OOD_2310,DSI_2D,1,0.8954352683900125
OOD_2311,DSI_2D,1,0.8707068220010133
OOD_2312,DSI_2D,1,0.8906972807080716
OOD_2313,DSI_2D,0,0.8650467783046598
OOD_2314,DSI_2D,0,0.8271602573680626
OOD_2315,DSI_2D,0,0.7998256744320406
OOD_2316,DSI_2D,0,0.5082155224836425
OOD_2317,DSI_2D,0,0.5155835254108567
OOD_2318,DSI_2D,0,0.7879118606150788
OOD_2319,DSI_2D,0,0.820461856649657
OOD_2320,DSI_2D,0,0.7541246768474483
OOD_2321,DSI_2D,0,0.856277418480264
OOD_2322,DSI_2D,1,0.888602749928327
OOD_2323,DSI_2D,0,0.7599932277997584
OOD_2324,DSI_2D,1,0.8831175591375425
OOD_2325,DSI_2D,1,0.8732619158951395
OOD_2326,DSI_2D,1,0.8657135326630951
OOD_2327,DSI_2D,1,0.8944312036980444
OOD_2328,DSI_2D,0,0.8628692672861046
OOD_2329,DSI_2D,0,0.5442415843055352
OOD_2330,DSI_2D,0,0.864439322187602
OOD_2331,DSI_2D,1,0.8839645024535828
OOD_2332,DSI_2D,0,0.23164867483611412
OOD_2333,DSI_2D,0,0.7946604336561016
OOD_2334,DSI_2D,1,0.8662755146753264
OOD_2335,DSI_2D,0,0.8040350803864401
OOD_2336,DSI_2D,0,0.8317663726427222
OOD_2337,DSI_2D,0,0.6583468933532254
OOD_2338,DSI_2D,0,0.855331699193116
OOD_2339,DSI_2D,0,0.6338196426562568
OOD_2340,DSI_2D,1,0.8922985259970858
OOD_2341,DSI_2D,0,0.655927781733831
OOD_2342,DSI_2D,0,0.6645495997486043
OOD_2343,DSI_2D,0,0.7552653118547554
OOD_2344,DSI_2D,0,0.39913890232813787
OOD_2345,DSI_2D,0,0.47131727547374397
OOD_2346,DSI_2D,1,0.820156488206527
OOD_2347,DSI_2D,0,0.5984152276297503
OOD_2348,DSI_2D,0,0.8478079187315458
OOD_2349,DSI_2D,0,0.45545206417683276
OOD_2350,DSI_2D,0,0.8253017423670477
OOD_2351,DSI_2D,1,0.8779884110023211
OOD_2352,DSI_2D,0,0.6881632609234962
OOD_2353,DSI_2D,0,0.7679492627937156
OOD_2354,DSI_2D,0,0.8089490227525395
OOD_2355,DSI_2D,0,0.7098621280786657
OOD_2356,DSI_2D,0,0.7899155328175719
OOD_2357,DSI_2D,1,0.8122260723655017
OOD_2358,DSI_2D,0,0.8271165073475283
OOD_2359,DSI_2D,0,0.7877360284353694
OOD_2360,DSI_2D,0,0.8742869043919445
OOD_2361,DSI_2D,0,0.6030600652791976
OOD_2362,DSI_2D,1,0.8440873065533208
OOD_2363,DSI_2D,0,0.6963424868833415
OOD_2364,DSI_2D,1,0.7411856755671946
OOD_2365,DSI_2D,0,0.8729638379180549
OOD_2366,DSI_2D,1,0.8933249893538138
OOD_2367,DSI_2D,1,0.896194816507432
OOD_2368,DSI_2D,1,0.8434322029513122
OOD_2369,DSI_2D,0,0.24112325238862553
OOD_2370,DSI_2D,0,0.7634723505130825
OOD_2371,DSI_2D,1,0.897988836589177
OOD_2372,DSI_2D,1,0.8939286772199307
OOD_2373,DSI_2D,0,0.7520670308334569
OOD_2374,DSI_2D,1,0.7834007609763726
OOD_2375,DSI_2D,0,0.7223840088654738
OOD_2376,DSI_2D,0,0.8414445807950545
OOD_2377,DSI_2D,0,0.7406399689225838
OOD_2378,DSI_2D,1,0.8644670596200736
OOD_2379,DSI_2D,0,0.8640658253958877
OOD_2380,DSI_2D,0,0.5204678996057125
OOD_2381,DSI_2D,0,0.816785440801187
OOD_2382,DSI_2D,0,0.8749477505031921
OOD_2383,DSI_2D,0,0.7897319114275773
OOD_2384,DSI_2D,1,0.858454095859988
OOD_2385,DSI_2D,1,0.8893574419352251
OOD_2386,DSI_2D,1,0.8583879349815563
OOD_2387,DSI_2D,1,0.8705780688556236
OOD_2388,DSI_2D,1,0.8692030443536948
OOD_2389,DSI_2D,0,0.702843156540821
OOD_2390,DSI_2D,0,0.7749549767868744
OOD_2391,DSI_2D,0,0.8334099408992288
OOD_2392,DSI_2D,1,0.8901126828324312
OOD_2393,DSI_2D,1,0.8848408608611772
OOD_2394,DSI_2D,0,0.65152226530692
OOD_2395,DSI_2D,1,0.881213370527276
OOD_2396,DSI_2D,0,0.8536590661196383
OOD_2397,DSI_2D,1,0.8941141074500399
OOD_2398,DSI_2D,0,0.7439399623930871
OOD_2399,DSI_2D,0,0.8434467373273422
OOD_2400,DSI_2D,0,0.8251603598778775
OOD_2401,DSI_2D,1,0.8795907084274744
OOD_2402,DSI_2D,0,0.41110408638634294
OOD_2403,DSI_2D,1,0.8649002190091494
OOD_2404,DSI_2D,1,0.8520963611499635
OOD_2405,DSI_2D,0,0.8305444080775831
OOD_2406,DSI_2D,0,0.751057149668635
OOD_2407,DSI_2D,0,0.827026506799839
OOD_2408,DSI_2D,0,0.6596755112819747
OOD_2409,DSI_2D,0,0.5672766300747315
OOD_2410,DSI_2D,0,0.7253303911068002
OOD_2411,DSI_2D,0,0.6559902630104247
OOD_2412,DSI_2D,0,0.8792006156607292
OOD_2413,DSI_2D,1,0.8919904506683582
OOD_2414,DSI_2D,0,0.23742021882406508
OOD_2415,DSI_2D,0,0.7502408975813781
OOD_2416,DSI_2D,0,0.4676315992792744
OOD_2417,DSI_2D,0,0.7854156770320483
OOD_2418,DSI_2D,0,0.65014301059095
OOD_2419,DSI_2D,0,0.8063628661721214
OOD_2420,DSI_2D,0,0.6398362335654334
OOD_2421,DSI_2D,1,0.8331005398881106
OOD_2422,DSI_2D,1,0.8778877947565525
OOD_2423,DSI_2D,1,0.8550206244507023
OOD_2424,DSI_2D,1,0.8856931232256784
OOD_2425,DSI_2D,1,0.7786397229710942
OOD_2426,DSI_2D,1,0.8619525863092699
OOD_2427,DSI_2D,1,0.8964611856149669
OOD_2428,DSI_2D,0,0.8411731000530726
OOD_2429,DSI_2D,1,0.8626617104173274
OOD_2430,DSI_2D,1,0.8782639562134341
OOD_2431,DSI_2D,1,0.8936376440320563
OOD_2432,DSI_2D,1,0.8898493369909325
OOD_2433,DSI_2D,1,0.8718307079313338
OOD_2434,DSI_2D,0,0.8278000577361744
OOD_2435,DSI_2D,0,0.14806776555803958
OOD_2436,DSI_2D,1,0.7709348599428771
OOD_2437,DSI_2D,0,0.7105024154939722
OOD_2438,DSI_2D,0,0.8398341248197562
OOD_2439,DSI_2D,0,0.7933628379292842
OOD_2440,DSI_2D,0,0.3900975358378599
OOD_2441,DSI_2D,1,0.8915502041808235
OOD_2442,DSI_2D,0,0.7678521945038544
OOD_2443,DSI_2D,1,0.8751845628524911
OOD_2444,DSI_2D,0,0.4595315760517967
OOD_2445,DSI_2D,0,0.6853470433612492
OOD_2446,DSI_2D,1,0.8905482300637168
OOD_2447,DSI_2D,1,0.7417903786117522
OOD_2448,DSI_2D,0,0.7763378050516289
OOD_2449,DSI_2D,0,0.7457375160774536
OOD_2450,DSI_2D,1,0.8932735676299782
OOD_2451,DSI_2D,0,0.8536661860537315
OOD_2452,DSI_2D,0,0.7071624265825925
OOD_2453,DSI_2D,0,0.1558333441151916
OOD_2454,DSI_2D,0,0.45318654696299504
OOD_2455,DSI_2D,0,0.8962448480972008
OOD_2456,DSI_2D,1,0.7749392438998034
OOD_2457,DSI_2D,1,0.8929337601178505
OOD_2458,DSI_2D,0,0.23902038844236298
OOD_2459,DSI_2D,0,0.7669076910364931
OOD_2460,DSI_2D,0,0.6130887209171207
OOD_2461,DSI_2D,1,0.852395017260108
OOD_2462,DSI_2D,0,0.8331826300937598
OOD_2463,DSI_2D,0,0.849590234477574
OOD_2464,DSI_2D,1,0.8789130792036679
OOD_2465,DSI_2D,0,0.32872021416935326
OOD_2466,DSI_2D,1,0.8380087616182842
OOD_2467,DSI_2D,0,0.4577942223635729
OOD_2468,DSI_2D,0,0.8288389930847279
OOD_2469,DSI_2D,0,0.6432935944506049
OOD_2470,DSI_2D,0,0.8631556181196505
OOD_2471,DSI_2D,1,0.8705214913950668
OOD_2472,DSI_2D,1,0.8937139003688316
OOD_2473,DSI_2D,0,0.8816269109552836
OOD_2474,DSI_2D,0,0.16221210986593193
OOD_2475,DSI_2D,1,0.8889896932436702
OOD_2476,DSI_2D,0,0.7520126440072243
OOD_2477,DSI_2D,0,0.8234298406282818
OOD_2478,DSI_2D,1,0.8853170128836279
OOD_2479,DSI_2D,1,0.8765621576877278
OOD_2480,DSI_2D,0,0.14856548483673113
OOD_2481,DSI_2D,0,0.8770740205930312
OOD_2482,DSI_2D,0,0.7582030568953987
OOD_2483,DSI_2D,1,0.8939936660283964
OOD_2484,DSI_2D,1,0.8396746532594302
OOD_2485,DSI_2D,0,0.8568168082573471
OOD_2486,DSI_2D,0,0.008742319166610973
OOD_2487,DSI_2D,0,0.34360609996802116
OOD_2488,DSI_2D,0,0.6737852793657685
OOD_2489,DSI_2D,1,0.8827772504304132
OOD_2490,DSI_2D,0,0.6086069636591691
OOD_2491,DSI_2D,1,0.8914729837671331
OOD_2492,DSI_2D,0,0.8379797743142212
OOD_2493,DSI_2D,0,0.740920367055924
OOD_2494,DSI_2D,0,0.6838137487273089
OOD_2495,DSI_2D,0,0.5363249978136861
OOD_2496,DSI_2D,1,0.8956837662125894
OOD_2497,DSI_2D,0,0.23939629222010408
OOD_2498,DSI_2D,0,0.6511103542958124
OOD_2499,DSI_2D,1,0.7464509314486183
OOD_2500,DSI_2D,1,0.8875328374833963
OOD_2501,DSI_2D,0,0.8368055406981663
OOD_2502,DSI_2D,0,0.7267910191788403
OOD_2503,DSI_2D,1,0.8982905394080897
OOD_2504,DSI_2D,0,0.785517612519078
OOD_2505,DSI_2D,0,0.7947538112433427
OOD_2506,DSI_2D,0,0.5550785737577254
OOD_2507,DSI_2D,1,0.8581220013394193
OOD_2508,DSI_2D,0,0.8357116066611564
OOD_2509,DSI_2D,1,0.8900824150551649
OOD_2510,DSI_2D,1,0.8921547955203654
OOD_2511,DSI_2D,1,0.8725932771713463
OOD_2512,DSI_2D,1,0.7572696554234125
OOD_2513,DSI_2D,1,0.8588842191339633
OOD_2514,DSI_2D,0,0.4769664580987769
OOD_2515,DSI_2D,0,0.7102724480397099
OOD_2516,DSI_2D,0,0.7481727699384015
OOD_2517,DSI_2D,0,0.22436363290302289
OOD_2518,DSI_2D,0,0.396254160267769
OOD_2519,DSI_2D,0,0.8476494644110244
OOD_2520,DSI_2D,0,0.7587253789583055
OOD_2521,DSI_2D,1,0.8944652744692957
OOD_2522,DSI_2D,0,0.8711796949520937
OOD_2523,DSI_2D,1,0.8899840372271943
OOD_2524,DSI_2D,0,0.6020207282357849
OOD_2525,DSI_2D,1,0.8576286477608972
OOD_2526,DSI_2D,0,0.7742673028366011
OOD_2527,DSI_2D,0,0.6158884003798846
OOD_2528,DSI_2D,0,0.7432017596974568
OOD_2529,DSI_2D,0,0.8368114485389737
OOD_2530,DSI_2D,0,0.6766798571554965
OOD_2531,DSI_2D,0,0.5747758522153097
OOD_2532,DSI_2D,0,0.8393716378337689
OOD_2533,DSI_2D,0,0.12296048852249956
OOD_2534,DSI_2D,0,0.8595499248818659
OOD_2535,DSI_2D,0,0.8695881049948463
OOD_2536,DSI_2D,1,0.8462682505564437
OOD_2537,DSI_2D,1,0.8978247785019549
OOD_2538,DSI_2D,1,0.8891484448535674
OOD_2539,DSI_2D,0,0.3758046885749307
OOD_2540,DSI_2D,0,0.8463047026813548
OOD_2541,DSI_2D,0,0.8493551416711894
OOD_2542,DSI_2D,0,0.1371343472179395
OOD_2543,DSI_2D,1,0.8290995532596256
OOD_2544,DSI_2D,0,0.5017047591146067
OOD_2545,DSI_2D,1,0.8806230258052571
OOD_2546,DSI_2D,1,0.7817743717985575
OOD_2547,DSI_2D,0,0.6962760520886159
OOD_2548,DSI_2D,1,0.861579302591732
OOD_2549,DSI_2D,1,0.8581948658146085
OOD_2550,DSI_2D,0,0.8096367655552382
OOD_2551,DSI_2D,0,0.8344012977543457
OOD_2552,DSI_2D,1,0.8969043510161355
OOD_2553,DSI_2D,0,0.8142871365497096
OOD_2554,DSI_2D,0,0.802531721562886
OOD_2555,DSI_2D,1,0.8721118049637987
OOD_2556,DSI_2D,0,0.8479625165216036
OOD_2557,DSI_2D,0,0.5810194885220713
OOD_2558,DSI_2D,0,0.8564251605678833
OOD_2559,DSI_2D,0,0.26833049346322624
OOD_2560,DSI_2D,1,0.8981348418013696
OOD_2561,DSI_2D,1,0.8127248602960897
OOD_2562,DSI_2D,0,0.8108584237624978
OOD_2563,DSI_2D,0,0.8328748159901035
OOD_2564,DSI_2D,0,0.85529032355028
OOD_2565,DSI_2D,0,0.8896065591657557
OOD_2566,DSI_2D,1,0.849315769716965
OOD_2567,DSI_2D,0,0.8065287251337429
OOD_2568,DSI_2D,1,0.8715394257406173
OOD_2569,DSI_2D,0,0.5064110759998913
OOD_2570,DSI_2D,0,0.04854383610621484
OOD_2571,DSI_2D,1,0.7356214402554054
OOD_2572,DSI_2D,1,0.8666532253183185
OOD_2573,DSI_2D,0,0.8377882744921149
OOD_2574,DSI_2D,1,0.7155389769537397
OOD_2575,DSI_2D,1,0.5718734294119266
OOD_2576,DSI_2D,0,0.8066838880336542
OOD_2577,DSI_2D,1,0.8842500957100868
OOD_2578,DSI_2D,1,0.772365378858594
OOD_2579,DSI_2D,0,0.6896354938029368
OOD_2580,DSI_2D,0,0.5999431571494108
OOD_2581,DSI_2D,0,0.8853693157143337
OOD_2582,DSI_2D,0,0.7066618960916627
OOD_2583,DSI_2D,0,0.7532215193124121
OOD_2584,DSI_2D,1,0.8567359905990314
OOD_2585,DSI_2D,0,0.7042319876568698
OOD_2586,DSI_2D,1,0.841897697298491
OOD_2587,DSI_2D,0,0.7257084038911926
OOD_2588,DSI_2D,0,0.8825968570525202
OOD_2589,DSI_2D,0,0.8308433178688757
OOD_2590,DSI_2D,1,0.842309689328471
OOD_2591,DSI_2D,0,0.713529396506456
OOD_2592,DSI_2D,0,0.3909040419098231
OOD_2593,DSI_2D,1,0.837024558475288
OOD_2594,DSI_2D,0,0.3714440337713856
OOD_2595,DSI_2D,0,0.5324072166375916
OOD_2596,DSI_2D,1,0.885682036343912
OOD_2597,DSI_2D,0,0.7504443448315489
OOD_2598,DSI_2D,0,0.7843136971414407
OOD_2599,DSI_2D,0,0.876799357483273
OOD_2600,DSI_2D,0,0.8030349345676789
OOD_2601,DSI_2D,0,0.013500567762458232
OOD_2602,DSI_2D,0,0.49475799429732414
OOD_2603,DSI_2D,0,0.7188635353901142
OOD_2604,DSI_2D,0,0.787798602891374
OOD_2605,DSI_2D,0,0.6847651220752359
OOD_2606,DSI_2D,1,0.894793067246653
OOD_2607,DSI_2D,0,0.5169070504580103
OOD_2608,DSI_2D,1,0.8593491589889827
OOD_2609,DSI_2D,1,0.8688662312899688
OOD_2610,DSI_2D,1,0.8548064189120405
OOD_2611,DSI_2D,0,0.43283118587402336
OOD_2612,DSI_2D,1,0.8349066993523355
OOD_2613,DSI_2D,0,0.6314279068263158
OOD_2614,DSI_2D,0,0.800445651859667
OOD_2615,DSI_2D,1,0.7835923590016071
OOD_2616,DSI_2D,0,0.7230203240187179
OOD_2617,DSI_2D,1,0.8931735388165166
OOD_2618,DSI_2D,1,0.8917516584245951
OOD_2619,DSI_2D,1,0.8912754322109175
OOD_2620,DSI_2D,1,0.8256601936203095
OOD_2621,DSI_2D,0,0.8529126843998736
OOD_2622,DSI_2D,0,0.3351147445728177
OOD_2623,DSI_2D,0,0.3273971051661222
OOD_2624,DSI_2D,0,0.8649865500727045
OOD_2625,DSI_2D,1,0.8670442180668319
OOD_2626,DSI_2D,0,0.8538676796187313
OOD_2627,DSI_2D,1,0.8765216602303791
OOD_2628,DSI_2D,0,0.8057398482123915
OOD_2629,DSI_2D,0,0.23461864909438793
OOD_2630,DSI_2D,0,0.3497116405858712
OOD_2631,DSI_2D,1,0.8898491100137353
OOD_2632,DSI_2D,0,0.7937445979294002
OOD_2633,DSI_2D,0,0.8919993345736593
OOD_2634,DSI_2D,0,0.0010351207040956382
OOD_2635,DSI_2D,0,0.48346272625008696
OOD_2636,DSI_2D,0,0.8378372234113692
OOD_2637,DSI_2D,0,0.3507872927588852
OOD_2638,DSI_2D,0,0.7827952012544119
OOD_2639,DSI_2D,1,0.8973716648598289
OOD_2640,DSI_2D,0,0.762837969866922
OOD_2641,DSI_2D,0,0.7752256107010124
OOD_2642,DSI_2D,0,0.7098958221333147
OOD_2643,DSI_2D,0,0.6410365582013784
OOD_2644,DSI_2D,1,0.8685620697838979
OOD_2645,DSI_2D,1,0.7323748570920104
OOD_2646,DSI_2D,0,0.65185173739002
OOD_2647,DSI_2D,0,0.7345487868498893
OOD_2648,DSI_2D,0,0.884237552892011
OOD_2649,DSI_2D,0,0.6651371795857488
OOD_2650,DSI_2D,0,0.7965505587418574
OOD_2651,DSI_2D,0,0.8379229264198225
OOD_2652,DSI_2D,1,0.8940884584735118
OOD_2653,DSI_2D,0,0.1822182485900277
OOD_2654,DSI_2D,1,0.8921888244258516
OOD_2655,DSI_2D,1,0.8512484700549963
OOD_2656,DSI_2D,1,0.8885833501088847
OOD_2657,DSI_2D,0,0.8679125366648591
OOD_2658,DSI_2D,0,0.6833223089223532
OOD_2659,DSI_2D,0,0.8762537305371884
OOD_2660,DSI_2D,1,0.8382383917758096
OOD_2661,DSI_2D,0,0.7487479142995366
OOD_2662,DSI_2D,0,0.8066416370364385
OOD_2663,DSI_2D,0,0.8043310197415748
OOD_2664,DSI_2D,0,0.87687062719943
OOD_2665,DSI_2D,0,0.3811029217371665
OOD_2666,DSI_2D,1,0.8711300858363327
OOD_2667,DSI_2D,0,0.798993564321693
OOD_2668,DSI_2D,0,0.8064548571386004
OOD_2669,DSI_2D,1,0.7776277471101903
OOD_2670,DSI_2D,1,0.866234938593821
OOD_2671,DSI_2D,1,0.8938315029168988
OOD_2672,DSI_2D,0,0.7700482671433697
OOD_2673,DSI_2D,1,0.8858141103679732
OOD_2674,DSI_2D,1,0.8558346676872295
OOD_2675,DSI_2D,1,0.8929142184333717
OOD_2676,DSI_2D,0,0.7672481601597143
OOD_2677,DSI_2D,1,0.7600570532198717
OOD_2678,DSI_2D,0,0.7894309352049957
OOD_2679,DSI_2D,0,0.8953607096729087
OOD_2680,DSI_2D,1,0.8969405315167489
OOD_2681,DSI_2D,1,0.8935009639351629
OOD_2682,DSI_2D,0,0.5343310971887626
OOD_2683,DSI_2D,1,0.8961653837893953
OOD_2684,DSI_2D,1,0.8245710879356014
OOD_2685,DSI_2D,0,0.4072732794323665
OOD_2686,DSI_2D,1,0.8965785516091053
OOD_2687,DSI_2D,0,0.618388443667095
OOD_2688,DSI_2D,0,0.8061842759911787
OOD_2689,DSI_2D,0,0.785750585907583
OOD_2690,DSI_2D,1,0.8179581213129484
OOD_2691,DSI_2D,1,0.8534845578926
OOD_2692,DSI_2D,0,0.677449055081775
OOD_2693,DSI_2D,0,0.8700524088406547
OOD_2694,DSI_2D,1,0.8448931926242601
OOD_2695,DSI_2D,0,0.8315496598993782
OOD_2696,DSI_2D,0,0.8354914352378102
OOD_2697,DSI_2D,0,0.856125047068849
OOD_2698,DSI_2D,0,0.8576460050044191
OOD_2699,DSI_2D,0,0.39202750992024754
OOD_2700,DSI_2D,1,0.8489308662173924
OOD_2701,DSI_2D,0,0.5487785441158739
OOD_2702,DSI_2D,0,0.8198845893540578
OOD_2703,DSI_2D,0,0.7560191002769643
OOD_2704,DSI_2D,0,0.8339112513058827
OOD_2705,DSI_2D,0,0.18523020109439411
OOD_2706,DSI_2D,1,0.88057578006173
OOD_2707,DSI_2D,0,0.8895868398245143
OOD_2708,DSI_2D,0,0.644056047581521
OOD_2709,DSI_2D,0,0.6324462633302301
OOD_2710,DSI_2D,1,0.8822185543505425
OOD_2711,DSI_2D,0,0.860997363804496
OOD_2712,DSI_2D,0,0.6641021107655858
OOD_2713,DSI_2D,1,0.845042904843594
OOD_2714,DSI_2D,1,0.8745316424102365
OOD_2715,DSI_2D,0,0.6664808547560583
OOD_2716,DSI_2D,0,0.8371619632068962
OOD_2717,DSI_2D,1,0.885613503165948
OOD_2718,DSI_2D,1,0.85262745950688
OOD_2719,DSI_2D,0,0.6997947011321156
OOD_2720,DSI_2D,0,0.6216754422938424
OOD_2721,DSI_2D,1,0.8809939160882893
OOD_2722,DSI_2D,1,0.8618262414275083
OOD_2723,DSI_2D,1,0.8731366634289875
OOD_2724,DSI_2D,0,0.7002231106017557
OOD_2725,DSI_2D,0,0.7514727903749421
OOD_2726,DSI_2D,0,0.8224543013484228
OOD_2727,DSI_2D,1,0.8977881369333204
OOD_2728,DSI_2D,1,0.8383592864411598
OOD_2729,DSI_2D,1,0.8532726728661492
OOD_2730,DSI_2D,1,0.8914773068854296
OOD_2731,DSI_2D,1,0.8794173959110007
OOD_2732,DSI_2D,1,0.8901534909468432
OOD_2733,DSI_2D,1,0.8927893492114897
OOD_2734,DSI_2D,0,0.6152933123111612
OOD_2735,DSI_2D,1,0.8513006234331192
OOD_2736,DSI_2D,1,0.8745250708740092
OOD_2737,DSI_2D,0,0.8060760487627296
OOD_2738,DSI_2D,0,0.7978641532968747
OOD_2739,DSI_2D,1,0.887855929381272
OOD_2740,DSI_2D,0,0.019589779627521852
OOD_2741,DSI_2D,1,0.8911840581059007
OOD_2742,DSI_2D,0,0.8635970834873079
OOD_2743,DSI_2D,0,0.8055684103862945
OOD_2744,DSI_2D,1,0.8724574332699571
OOD_2745,DSI_2D,0,0.6896410999942147
OOD_2746,DSI_2D,0,0.758264962981861
OOD_2747,DSI_2D,1,0.8504786367762873
OOD_2748,DSI_2D,0,0.8077356888176016
OOD_2749,DSI_2D,1,0.8328031958733512
OOD_2750,DSI_2D,0,0.3966305743119071
OOD_2751,DSI_2D,0,0.8252817769184464
OOD_2752,DSI_2D,1,0.8455719098704233
OOD_2753,DSI_2D,0,0.7378752651160105
OOD_2754,DSI_2D,0,0.8629814118251697
OOD_2755,DSI_2D,1,0.8926480396537423
OOD_2756,DSI_2D,0,0.818120384036071
OOD_2757,DSI_2D,0,0.8222923278480524
OOD_2758,DSI_2D,1,0.8976000124619103
OOD_2759,DSI_2D,0,0.5254397027079559
OOD_2760,DSI_2D,1,0.8811215528129585
OOD_2761,DSI_2D,0,0.7891699273485717
OOD_2762,DSI_2D,1,0.8941941432441199
OOD_2763,DSI_2D,0,0.8711804399453131
OOD_2764,DSI_2D,0,0.674007199881427
OOD_2765,DSI_2D,0,0.16833254943423367
OOD_2766,DSI_2D,0,0.16095216257539177
OOD_2767,DSI_2D,1,0.8125801963531052
OOD_2768,DSI_2D,1,0.8457650958716739
OOD_2769,DSI_2D,1,0.542161914932126
OOD_2770,DSI_2D,1,0.8591583887412307
OOD_2771,DSI_2D,0,0.8584963829637223
OOD_2772,DSI_2D,0,0.27536233997005805
OOD_2773,DSI_2D,0,0.8211980372122787
OOD_2774,DSI_2D,0,0.31625408106650565
OOD_2775,DSI_2D,0,0.7030328056296726
OOD_2776,DSI_2D,1,0.839815191988787
OOD_2777,DSI_2D,1,0.8669881886006015
OOD_2778,DSI_2D,1,0.8825749649020482
OOD_2779,DSI_2D,0,0.2682042231575295
OOD_2780,DSI_2D,0,0.8533687577383159
OOD_2781,DSI_2D,0,0.4923066639147924
OOD_2782,DSI_2D,1,0.8873388416730402
OOD_2783,DSI_2D,1,0.8936118822647969
OOD_2784,DSI_2D,0,0.8143986990805296
OOD_2785,DSI_2D,1,0.8622744885454194
OOD_2786,DSI_2D,0,0.7214779055281088
OOD_2787,DSI_2D,1,0.850679005326925
OOD_2788,DSI_2D,0,0.8490294724109698
OOD_2789,DSI_2D,0,0.8425287821764771
OOD_2790,DSI_2D,0,0.3620472363900609
OOD_2791,DSI_2D,0,0.37300203124590786
OOD_2792,DSI_2D,0,0.8367695764524395
OOD_2793,DSI_2D,0,0.771141738187799
OOD_2794,DSI_2D,0,0.034693551692488965
OOD_2795,DSI_2D,0,0.6996677169028432
OOD_2796,DSI_2D,1,0.8874788462002449
OOD_2797,DSI_2D,0,0.8550620281326172
OOD_2798,DSI_2D,0,0.8446369918862032
OOD_2799,DSI_2D,0,0.761335363339401
OOD_2800,DSI_2D,0,0.6576628832842337
OOD_2801,DSI_2D,1,0.8906908328718517
OOD_2802,DSI_2D,0,0.7815277697670048
OOD_2803,DSI_2D,0,0.6177356362723715
OOD_2804,DSI_2D,0,0.750942579518252
OOD_2805,DSI_2D,1,0.8891373882412995
OOD_2806,DSI_2D,0,0.789182047193089
OOD_2807,DSI_2D,0,0.6739761878012758
OOD_2808,DSI_2D,1,0.8682751103454254
OOD_2809,DSI_2D,0,0.6637639644806577
OOD_2810,DSI_2D,0,0.8538769789502153
OOD_2811,DSI_2D,0,0.8399842070291984
OOD_2812,DSI_2D,0,0.6579047823137845
OOD_2813,DSI_2D,0,0.8221469077731045
OOD_2814,DSI_2D,0,0.5965615475287219
OOD_2815,DSI_2D,0,0.7796991923852121
OOD_2816,DSI_2D,0,0.6717133630131616
OOD_2817,DSI_2D,1,0.8776166683216603
OOD_2818,DSI_2D,1,0.8922766591011001
OOD_2819,DSI_2D,0,0.7046861833165877
OOD_2820,DSI_2D,0,0.7363033834327163
OOD_2821,DSI_2D,1,0.8935088937164053
OOD_2822,DSI_2D,1,0.8693358179624606
OOD_2823,DSI_2D,1,0.8726372285907317
OOD_2824,DSI_2D,0,0.27102008046039877
OOD_2825,DSI_2D,0,0.8585919575340997
OOD_2826,DSI_2D,0,0.8616629993488467
OOD_2827,DSI_2D,0,0.850144199174029
OOD_2828,DSI_2D,0,0.745260785795147
OOD_2829,DSI_2D,0,0.7773693432294962
OOD_2830,DSI_2D,1,0.8958599154258704
OOD_2831,DSI_2D,0,0.6169394805640013
OOD_2832,DSI_2D,0,0.8562134384986897
OOD_2833,DSI_2D,0,0.8050070959328477
OOD_2834,DSI_2D,0,0.1627775280772037
OOD_2835,DSI_2D,0,0.848599746279836
OOD_2836,DSI_2D,0,0.7659836259563834
OOD_2837,DSI_2D,0,0.26335648545063844
OOD_2838,DSI_2D,0,0.6729149236041942
OOD_2839,DSI_2D,0,0.676475598330699
OOD_2840,DSI_2D,0,0.8227828023584955
OOD_2841,DSI_2D,1,0.8006723394693284
OOD_2842,DSI_2D,0,0.7595330210058203
OOD_2843,DSI_2D,1,0.8933102663872975
OOD_2844,DSI_2D,0,0.6038007495024612
OOD_2845,DSI_2D,0,0.8876142343386066
OOD_2846,DSI_2D,0,0.8649979187677753
OOD_2847,DSI_2D,0,0.8407070694713034
OOD_2848,DSI_2D,0,0.7691083964572936
OOD_2849,DSI_2D,0,0.8568191693847124
OOD_2850,DSI_2D,1,0.8960518778393755
OOD_2851,DSI_2D,0,0.6807965658871983
OOD_2852,DSI_2D,0,0.4465012101792403
OOD_2853,DSI_2D,0,0.7429449513291082
OOD_2854,DSI_2D,1,0.8340599157783124
OOD_2855,DSI_2D,1,0.6717360522510859
OOD_2856,DSI_2D,1,0.887648668653865
OOD_2857,DSI_2D,1,0.895600494637884
OOD_2858,DSI_2D,0,0.30845283445242294
OOD_2859,DSI_2D,0,0.5549493955939809
OOD_2860,DSI_2D,1,0.7885254704986316
OOD_2861,DSI_2D,0,0.820247306296561
OOD_2862,DSI_2D,1,0.8537228078361002
OOD_2863,DSI_2D,0,0.5912021916456707
OOD_2864,DSI_2D,0,0.7525167883732842
OOD_2865,DSI_2D,0,0.03217442048742321
OOD_2866,DSI_2D,0,0.825718181029379
OOD_2867,DSI_2D,1,0.8659813022101768
OOD_2868,DSI_2D,1,0.8667206167982145
OOD_2869,DSI_2D,0,0.8528875790527114
OOD_2870,DSI_2D,1,0.8696499150041204
OOD_2871,DSI_2D,1,0.8915519058136936
OOD_2872,DSI_2D,0,0.5790870088455032
OOD_2873,DSI_2D,1,0.8756985393877074
OOD_2874,DSI_2D,0,0.7180205144142288
OOD_2875,DSI_2D,0,0.35255327522652313
OOD_2876,DSI_2D,0,0.8146224238323538
OOD_2877,DSI_2D,1,0.8389481496033651
OOD_2878,DSI_2D,0,0.8492792486829212
OOD_2879,DSI_2D,1,0.8451051570207458
OOD_2880,DSI_2D,1,0.8629861094946834
OOD_2881,DSI_2D,0,0.8694676252256422
OOD_2882,DSI_2D,0,0.8713719043217161
OOD_2883,DSI_2D,0,0.8485561063494479
OOD_2884,DSI_2D,1,0.8642963098711489
OOD_2885,DSI_2D,1,0.8779638114790796
OOD_2886,DSI_2D,0,0.761482856703118
OOD_2887,DSI_2D,0,0.6403431828729129
OOD_2888,DSI_2D,0,0.626061784985757
OOD_2889,DSI_2D,1,0.8635066693935516
OOD_2890,DSI_2D,1,0.8721325585335383
OOD_2891,DSI_2D,1,0.8939669686642895
OOD_2892,DSI_2D,0,0.8200505484755773
OOD_2893,DSI_2D,0,0.7266743718762855
OOD_2894,DSI_2D,0,0.7539512192006588
OOD_2895,DSI_2D,1,0.8427313808090059
OOD_2896,DSI_2D,1,0.853434809587059
OOD_2897,DSI_2D,0,0.4986202568292545
OOD_2898,DSI_2D,0,0.6530757654710809
OOD_2899,DSI_2D,1,0.8264134825523837
OOD_2900,DSI_2D,0,0.8447607349131268
OOD_2901,DSI_2D,1,0.8178385516795312
OOD_2902,DSI_2D,1,0.8460298270446311
OOD_2903,DSI_2D,1,0.891874491547347
OOD_2904,DSI_2D,0,0.25878564881870686
OOD_2905,DSI_2D,0,0.4346393476268644
OOD_2906,DSI_2D,0,0.8783519427548836
OOD_2907,DSI_2D,0,0.772041208252263
OOD_2908,DSI_2D,1,0.8911718366109609
OOD_2909,DSI_2D,0,0.8631954761240087
OOD_2910,DSI_2D,0,0.7364866593706798
OOD_2911,DSI_2D,0,0.3077377777148657
OOD_2912,DSI_2D,0,0.8101173749508366
OOD_2913,DSI_2D,1,0.849346919380705
OOD_2914,DSI_2D,0,0.701179143380743
OOD_2915,DSI_2D,1,0.8069511138223997
OOD_2916,DSI_2D,0,0.28364668606918075
OOD_2917,DSI_2D,1,0.8383147571641668
OOD_2918,DSI_2D,0,0.7196661329255493
OOD_2919,DSI_2D,0,0.6357132898647518
OOD_2920,DSI_2D,0,0.6447386505857184
OOD_2921,DSI_2D,0,0.5438731209549627
OOD_2922,DSI_2D,0,0.4144311189859652
OOD_2923,DSI_2D,0,0.8730844674266046
OOD_2924,DSI_2D,0,0.79353064349179
OOD_2925,DSI_2D,0,0.6357216193636221
OOD_2926,DSI_2D,0,0.7130074896527188
OOD_2927,DSI_2D,0,0.7749080877994982
OOD_2928,DSI_2D,1,0.8919759633113193
OOD_2929,DSI_2D,0,0.8606662058554247
OOD_2930,DSI_2D,0,0.500023633965862
OOD_2931,DSI_2D,1,0.8569863141796672
OOD_2932,DSI_2D,1,0.8780941101142108
OOD_2933,DSI_2D,0,0.8090598599493366
OOD_2934,DSI_2D,0,0.6105688893160496
OOD_2935,DSI_2D,1,0.8970908299450359
OOD_2936,DSI_2D,0,0.715683979570003
OOD_2937,DSI_2D,1,0.8644066419995732
OOD_2938,DSI_2D,0,0.8514868595243442
OOD_2939,DSI_2D,0,0.2334442729422762
OOD_2940,DSI_2D,1,0.8921539527100201
OOD_2941,DSI_2D,0,0.3956669131489386
OOD_2942,DSI_2D,0,0.8000467097906873
OOD_2943,DSI_2D,1,0.8844051203974901
OOD_2944,DSI_2D,0,0.7570078524306416
OOD_2945,DSI_2D,1,0.8891674165654936
OOD_2946,DSI_2D,0,0.6663555634740421
OOD_2947,DSI_2D,1,0.6891954207472554
OOD_2948,DSI_2D,0,0.6614147273638801
OOD_2949,DSI_2D,0,0.7346805456736392
OOD_2950,DSI_2D,0,0.4618955870965518
OOD_2951,DSI_2D,0,0.831816998107939
OOD_2952,DSI_2D,1,0.8776092558364252
OOD_2953,DSI_2D,0,0.6794889018482585
OOD_2954,DSI_2D,0,0.8314876704918707
OOD_2955,DSI_2D,1,0.8956873295754699
OOD_2956,DSI_2D,1,0.7959505645976233
OOD_2957,DSI_2D,1,0.8906234353803185
OOD_2958,DSI_2D,1,0.8812452254468277
OOD_2959,DSI_2D,1,0.8859542800411322
OOD_2960,DSI_2D,1,0.8869201021357028
OOD_2961,DSI_2D,0,0.7417463610192069
OOD_2962,DSI_2D,0,0.7863701492994718
OOD_2963,DSI_2D,1,0.8825236091261205
OOD_2964,DSI_2D,1,0.889008006180892
OOD_2965,DSI_2D,0,0.7322025451961091
OOD_2966,DSI_2D,1,0.8881831285921341
OOD_2967,DSI_2D,0,0.7021186507664791
OOD_2968,DSI_2D,1,0.8183355406255233
OOD_2969,DSI_2D,0,0.24963954544601516
OOD_2970,DSI_2D,1,0.8914485140277283
OOD_2971,DSI_2D,1,0.8245710252760045
OOD_2972,DSI_2D,0,0.7095532048548586
OOD_2973,DSI_2D,1,0.8893628548758024
OOD_2974,DSI_2D,0,0.6912096314267462
OOD_2975,DSI_2D,1,0.8959267450911865
OOD_2976,DSI_2D,0,0.7208738328764687
OOD_2977,DSI_2D,1,0.7959416849838766
OOD_2978,DSI_2D,0,0.7866824128737009
OOD_2979,DSI_2D,0,0.7676297129827994
OOD_2980,DSI_2D,0,0.6854301415052416
OOD_2981,DSI_2D,1,0.8959687826160391
OOD_2982,DSI_2D,0,0.8297504071819539
OOD_2983,DSI_2D,1,0.863942245336603
OOD_2984,DSI_2D,1,0.8695987564394475
OOD_2985,DSI_2D,1,0.839411485668605
OOD_2986,DSI_2D,0,0.4104861515534539
OOD_2987,DSI_2D,1,0.7996121660345121
OOD_2988,DSI_2D,0,0.8265979055494399
OOD_2989,DSI_2D,1,0.8153642955480996
OOD_2990,DSI_2D,1,0.892277912011865
OOD_2991,DSI_2D,1,0.8533937344242947
OOD_2992,DSI_2D,1,0.8720578730430363
OOD_2993,DSI_2D,0,0.8237212445475175
OOD_2994,DSI_2D,1,0.8875204844863998
OOD_2995,DSI_2D,0,0.7735387316865366
OOD_2996,DSI_2D,0,0.5136056880009341
OOD_2997,DSI_2D,0,0.8823206865770044
OOD_2998,DSI_2D,1,0.8748685618486883
OOD_2999,DSI_2D,0,0.7934310311455146
OOD_0000,DSI_3D,1,0.8536613700563892
OOD_0001,DSI_3D,0,0.004980950039890362
OOD_0002,DSI_3D,0,3.0898418975336715e-07
OOD_0003,DSI_3D,0,1.3880206871556466e-06
OOD_0004,DSI_3D,0,8.822364685736584e-07
OOD_0005,DSI_3D,0,0.19163432193713767
OOD_0006,DSI_3D,0,0.4678284108750697
OOD_0007,DSI_3D,1,0.6953511429346787
OOD_0008,DSI_3D,0,0.013250570560555505
OOD_0009,DSI_3D,1,0.8529817182026794
OOD_0010,DSI_3D,1,0.003457427390047034
OOD_0011,DSI_3D,0,0.48080537520034256
OOD_0012,DSI_3D,1,0.8292542666194478
OOD_0013,DSI_3D,1,0.7910308365516454
OOD_0014,DSI_3D,1,0.7766273394168983
OOD_0015,DSI_3D,0,3.3463067232599684e-06
OOD_0016,DSI_3D,1,0.7667736804039803
OOD_0017,DSI_3D,0,0.4110237769982352
OOD_0018,DSI_3D,0,0.275171651160688
OOD_0019,DSI_3D,0,0.07143397746301539
OOD_0020,DSI_3D,1,0.4110486705388153
OOD_0021,DSI_3D,1,0.585968394579962
OOD_0022,DSI_3D,0,0.11580063769045819
OOD_0023,DSI_3D,1,0.6515799068111643
OOD_0024,DSI_3D,1,0.8494727149276947
OOD_0025,DSI_3D,1,0.0006201500727378524
OOD_0026,DSI_3D,0,0.5817542316815257
OOD_0027,DSI_3D,0,0.2641796893179525
OOD_0028,DSI_3D,1,0.5342885929443999
OOD_0029,DSI_3D,1,0.47039770777978357
OOD_0030,DSI_3D,0,0.001571901059406093
OOD_0031,DSI_3D,1,0.7790413312990316
OOD_0032,DSI_3D,1,0.8288484786718564
OOD_0033,DSI_3D,0,0.06272298311475513
OOD_0034,DSI_3D,1,0.8107309341708062
OOD_0035,DSI_3D,0,0.6712442721006157
OOD_0036,DSI_3D,0,0.6665084328629716
OOD_0037,DSI_3D,0,0.00037735827855552104
OOD_0038,DSI_3D,0,0.28354113886862126
OOD_0039,DSI_3D,0,0.2783870519625461
OOD_0040,DSI_3D,0,0.03969611212800794
OOD_0041,DSI_3D,1,0.4873090233498546
OOD_0042,DSI_3D,0,0.6357750180495427
OOD_0043,DSI_3D,1,0.8257432348793609
OOD_0044,DSI_3D,1,0.8031039390197662
OOD_0045,DSI_3D,0,0.05587948924539153
OOD_0046,DSI_3D,0,0.37543647302727456
OOD_0047,DSI_3D,1,0.8056943383682262
OOD_0048,DSI_3D,1,0.8187964125209118
OOD_0049,DSI_3D,0,0.36272652130270316
OOD_0050,DSI_3D,0,0.2798724319795561
OOD_0051,DSI_3D,0,4.2581606870578344e-05
OOD_0052,DSI_3D,0,0.012832983288747822
OOD_0053,DSI_3D,0,0.2339321429801129
OOD_0054,DSI_3D,0,0.025911669591365812
OOD_0055,DSI_3D,0,0.15287003905839164
OOD_0056,DSI_3D,0,3.533754438980601e-05
OOD_0057,DSI_3D,1,0.1184130045012529
OOD_0058,DSI_3D,0,0.0019734554484838905
OOD_0059,DSI_3D,0,5.5834989752314646e-05
OOD_0060,DSI_3D,0,0.1311655194101055
OOD_0061,DSI_3D,0,0.07133134762285817
OOD_0062,DSI_3D,0,0.2119194728453243
OOD_0063,DSI_3D,0,0.6885718821255201
OOD_0064,DSI_3D,0,0.5252999865853631
OOD_0065,DSI_3D,0,0.4512447256964622
OOD_0066,DSI_3D,0,0.27559595213553045
OOD_0067,DSI_3D,0,9.077712854534311e-07
OOD_0068,DSI_3D,0,0.2741174956677118
OOD_0069,DSI_3D,0,3.181140877495578e-06
OOD_0070,DSI_3D,0,5.343895173223738e-14
OOD_0071,DSI_3D,0,0.015821452163258084
OOD_0072,DSI_3D,0,0.21977830186454275
OOD_0073,DSI_3D,0,7.5642099251939865e-06
OOD_0074,DSI_3D,0,0.014524001958077053
OOD_0075,DSI_3D,0,0.045010174202786336
OOD_0076,DSI_3D,0,2.705638927932239e-09
OOD_0077,DSI_3D,0,1.564502851546143e-12
OOD_0078,DSI_3D,0,0.0028571820972261423
OOD_0079,DSI_3D,0,0.0014137577181017223
OOD_0080,DSI_3D,0,0.005862879037010164
OOD_0081,DSI_3D,0,0.7316141866047727
OOD_0082,DSI_3D,1,0.7463353707796637
OOD_0083,DSI_3D,0,0.010776466680352677
OOD_0084,DSI_3D,1,0.8284318023201064
OOD_0085,DSI_3D,0,0.6697719047130386
OOD_0086,DSI_3D,0,0.3299760617840952
OOD_0087,DSI_3D,0,0.0008812761334158726
OOD_0088,DSI_3D,1,0.4628320668308752
OOD_0089,DSI_3D,0,0.001571538018957173
OOD_0090,DSI_3D,0,0.007702237659265917
OOD_0091,DSI_3D,0,0.4340581481945249
OOD_0092,DSI_3D,0,0.06289528235688935
OOD_0093,DSI_3D,0,0.00017130140191109997
OOD_0094,DSI_3D,0,0.25618565923881703
OOD_0095,DSI_3D,1,0.7979047536269187
OOD_0096,DSI_3D,0,0.5318746681685808
OOD_0097,DSI_3D,0,3.5933997268572704e-05
OOD_0098,DSI_3D,0,0.32141775025298686
OOD_0099,DSI_3D,0,0.38085895181396034
OOD_0100,DSI_3D,0,0.49169412791652356
OOD_0101,DSI_3D,0,0.00765942804516682
OOD_0102,DSI_3D,1,0.8518672616779215
OOD_0103,DSI_3D,0,0.14542921362894504
OOD_0104,DSI_3D,0,0.0008699008480057654
OOD_0105,DSI_3D,0,4.832699464538933e-05
OOD_0106,DSI_3D,0,0.009824798460609708
OOD_0107,DSI_3D,0,7.228703268907414e-05
OOD_0108,DSI_3D,0,0.24346496166425272
OOD_0109,DSI_3D,0,0.6597439593342042
OOD_0110,DSI_3D,0,0.3718423645983696
OOD_0111,DSI_3D,1,0.833703294602655
OOD_0112,DSI_3D,1,0.29225410383847633
OOD_0113,DSI_3D,1,0.8464633073146077
OOD_0114,DSI_3D,1,0.8040615129746883
OOD_0115,DSI_3D,1,0.7296528094780665
OOD_0116,DSI_3D,1,0.3581280006128385
OOD_0117,DSI_3D,0,6.905057027766471e-10
OOD_0118,DSI_3D,1,0.028175263339427423
OOD_0119,DSI_3D,0,0.7008897772154435
OOD_0120,DSI_3D,0,8.656690735733285e-12
OOD_0121,DSI_3D,0,0.013625993194352853
OOD_0122,DSI_3D,1,0.8140440043473735
OOD_0123,DSI_3D,0,0.0007640551147539379
OOD_0124,DSI_3D,1,0.8140239233054065
OOD_0125,DSI_3D,0,0.575050502825198
OOD_0126,DSI_3D,0,0.4640865754609507
OOD_0127,DSI_3D,0,1.8046735856346976e-10
OOD_0128,DSI_3D,0,0.4800399462930654
OOD_0129,DSI_3D,1,0.7732415875573194
OOD_0130,DSI_3D,0,0.21475186875961458
OOD_0131,DSI_3D,0,1.7026232851370065e-05
OOD_0132,DSI_3D,0,0.7558327104395763
OOD_0133,DSI_3D,1,0.744920548319953
OOD_0134,DSI_3D,0,0.26512887734882035
OOD_0135,DSI_3D,0,0.4345292563807147
OOD_0136,DSI_3D,0,0.22344668973240062
OOD_0137,DSI_3D,1,0.49327799920083654
OOD_0138,DSI_3D,1,0.7982289382648546
OOD_0139,DSI_3D,1,0.7703015739372987
OOD_0140,DSI_3D,0,0.20020306180647363
OOD_0141,DSI_3D,1,0.545069994844134
OOD_0142,DSI_3D,0,0.4524095736107814
OOD_0143,DSI_3D,1,0.5650227424195489
OOD_0144,DSI_3D,1,0.7709127509505435
OOD_0145,DSI_3D,0,5.478068364874069e-13
OOD_0146,DSI_3D,0,0.00041592456554253665
OOD_0147,DSI_3D,0,0.004638127663280687
OOD_0148,DSI_3D,0,0.11547305057949528
OOD_0149,DSI_3D,0,0.04252499884992643
OOD_0150,DSI_3D,1,0.07047259821408598
OOD_0151,DSI_3D,0,0.2526394371123656
OOD_0152,DSI_3D,0,0.05544767793818556
OOD_0153,DSI_3D,1,0.8160627542370936
OOD_0154,DSI_3D,0,0.08352857212154928
OOD_0155,DSI_3D,1,0.11278913663484569
OOD_0156,DSI_3D,0,0.43444839928730944
OOD_0157,DSI_3D,0,0.004857713330729463
OOD_0158,DSI_3D,0,0.08631303433826013
OOD_0159,DSI_3D,0,0.5532644918109029
OOD_0160,DSI_3D,0,8.775365888099265e-05
OOD_0161,DSI_3D,0,0.34993890079459533
OOD_0162,DSI_3D,0,0.1806104342280115
OOD_0163,DSI_3D,0,0.08662869529349065
OOD_0164,DSI_3D,1,0.8149685572785469
OOD_0165,DSI_3D,1,0.5994753849975528
OOD_0166,DSI_3D,1,0.7891490514234014
OOD_0167,DSI_3D,1,0.4375404162183968
OOD_0168,DSI_3D,0,0.01842562696292587
OOD_0169,DSI_3D,1,0.13810182714247637
OOD_0170,DSI_3D,0,0.680816231859605
OOD_0171,DSI_3D,0,0.05913674353599863
OOD_0172,DSI_3D,1,0.7962151747055829
OOD_0173,DSI_3D,0,0.7025605936008619
OOD_0174,DSI_3D,0,0.0004285250155484415
OOD_0175,DSI_3D,1,0.12165041120173582
OOD_0176,DSI_3D,0,0.0018646064496533376
OOD_0177,DSI_3D,0,0.012861446905820932
OOD_0178,DSI_3D,0,0.7324766824335127
OOD_0179,DSI_3D,1,0.8211985601134483
OOD_0180,DSI_3D,1,0.44497104011647465
OOD_0181,DSI_3D,0,0.5483947585072064
OOD_0182,DSI_3D,1,0.851852066647212
OOD_0183,DSI_3D,0,7.030285908002814e-05
OOD_0184,DSI_3D,0,0.018008562678952744
OOD_0185,DSI_3D,0,0.4104196183308913
OOD_0186,DSI_3D,1,0.8190469860483308
OOD_0187,DSI_3D,1,0.5191599105866979
OOD_0188,DSI_3D,0,0.09716768967679942
OOD_0189,DSI_3D,0,0.25987383821027926
OOD_0190,DSI_3D,0,0.045362311221551044
OOD_0191,DSI_3D,0,0.0004882143022389814
OOD_0192,DSI_3D,1,0.46166400987612505
OOD_0193,DSI_3D,0,1.115260688581516e-08
OOD_0194,DSI_3D,0,0.0003183863216510736
OOD_0195,DSI_3D,0,5.19358455542183e-07
OOD_0196,DSI_3D,1,0.5490140462085654
OOD_0197,DSI_3D,1,0.008040523087723859
OOD_0198,DSI_3D,1,0.8401184585335097
OOD_0199,DSI_3D,1,0.5403140213113451
OOD_0200,DSI_3D,1,0.8019953031122026
OOD_0201,DSI_3D,0,0.08156047877214652
OOD_0202,DSI_3D,1,0.8670750220168749
OOD_0203,DSI_3D,0,0.29469685787892075
OOD_0204,DSI_3D,1,0.6007428272841946
OOD_0205,DSI_3D,1,0.7622077382271097
OOD_0206,DSI_3D,0,0.0017546533487586293
OOD_0207,DSI_3D,0,0.020078320173683394
OOD_0208,DSI_3D,0,1.1641576313940122e-08
OOD_0209,DSI_3D,0,0.09154429632624779
OOD_0210,DSI_3D,0,0.27526155893610393
OOD_0211,DSI_3D,0,0.18519543670467037
OOD_0212,DSI_3D,0,0.5519366952179602
OOD_0213,DSI_3D,1,0.7123348718620441
OOD_0214,DSI_3D,0,0.5272874605135147
OOD_0215,DSI_3D,0,0.03339279703942093
OOD_0216,DSI_3D,0,0.6854116632952484
OOD_0217,DSI_3D,1,0.8384695643745855
OOD_0218,DSI_3D,0,0.029996831838368522
OOD_0219,DSI_3D,0,0.3206179510295599
OOD_0220,DSI_3D,1,0.8418947002005761
OOD_0221,DSI_3D,1,0.030713010972750462
OOD_0222,DSI_3D,1,0.7434612869439416
OOD_0223,DSI_3D,0,0.5391502057989873
OOD_0224,DSI_3D,1,0.1354044538483739
OOD_0225,DSI_3D,1,0.8041720790256919
OOD_0226,DSI_3D,0,0.005133959829194948
OOD_0227,DSI_3D,0,1.5922958709661775e-08
OOD_0228,DSI_3D,0,0.1006726340900041
OOD_0229,DSI_3D,0,2.405597207141791e-06
OOD_0230,DSI_3D,1,0.583519116603555
OOD_0231,DSI_3D,0,0.5990165235288453
OOD_0232,DSI_3D,0,0.11860435459701038
OOD_0233,DSI_3D,0,0.011970974826769997
OOD_0234,DSI_3D,0,5.145058756949948e-05
OOD_0235,DSI_3D,0,0.515022977828754
OOD_0236,DSI_3D,0,0.5054701654091436
OOD_0237,DSI_3D,1,0.3262274817460594
OOD_0238,DSI_3D,1,0.8273887206279992
OOD_0239,DSI_3D,0,0.05374273780260545
OOD_0240,DSI_3D,1,0.8786857902317671
OOD_0241,DSI_3D,0,0.055441734928916346
OOD_0242,DSI_3D,1,0.8113261133292035
OOD_0243,DSI_3D,1,0.8532273844439328
OOD_0244,DSI_3D,1,0.7264324227106108
OOD_0245,DSI_3D,0,0.009028490047419652
OOD_0246,DSI_3D,0,0.7348666412658382
OOD_0247,DSI_3D,1,0.7189025612852853
OOD_0248,DSI_3D,0,0.0034828513809697418
OOD_0249,DSI_3D,1,0.8597560900382692
OOD_0250,DSI_3D,0,0.5864174448551887
OOD_0251,DSI_3D,0,1.0816359972776101e-07
OOD_0252,DSI_3D,1,0.8604169803440913
OOD_0253,DSI_3D,0,0.025783611414278325
OOD_0254,DSI_3D,1,0.6395142993893477
OOD_0255,DSI_3D,0,0.7089835736287633
OOD_0256,DSI_3D,0,0.6461679738442891
OOD_0257,DSI_3D,0,0.6073428685405149
OOD_0258,DSI_3D,0,0.11715984602032974
OOD_0259,DSI_3D,1,0.833442175288246
OOD_0260,DSI_3D,1,0.013562640795191276
OOD_0261,DSI_3D,1,0.7758662116419766
OOD_0262,DSI_3D,0,0.18758860938293478
OOD_0263,DSI_3D,0,0.3093547678638099
OOD_0264,DSI_3D,0,0.7352436494211569
OOD_0265,DSI_3D,0,0.03856865378816257
OOD_0266,DSI_3D,1,0.5056325411411604
OOD_0267,DSI_3D,0,0.000580653762053116
OOD_0268,DSI_3D,1,0.8019339099276633
OOD_0269,DSI_3D,1,0.6205490293871982
OOD_0270,DSI_3D,1,0.7706377751172273
OOD_0271,DSI_3D,1,0.833011090145725
OOD_0272,DSI_3D,0,0.6488544169025263
OOD_0273,DSI_3D,0,0.12656376735916194
OOD_0274,DSI_3D,1,0.8342966730223211
OOD_0275,DSI_3D,0,0.3626246353441523
OOD_0276,DSI_3D,0,0.7233926004284997
OOD_0277,DSI_3D,1,0.7469412660622106
OOD_0278,DSI_3D,0,0.3650390857225147
OOD_0279,DSI_3D,0,0.6938141973082208
OOD_0280,DSI_3D,1,0.767717151772604
OOD_0281,DSI_3D,1,0.7154825193342759
OOD_0282,DSI_3D,0,3.0873350168111915e-05
OOD_0283,DSI_3D,1,0.5163979113965025
OOD_0284,DSI_3D,0,0.5504446509887511
OOD_0285,DSI_3D,1,0.7649428429860491
OOD_0286,DSI_3D,1,0.7808395634834985
OOD_0287,DSI_3D,1,0.00012023193203202241
OOD_0288,DSI_3D,0,0.000544457940889024
OOD_0289,DSI_3D,0,3.8476807143556124e-07
OOD_0290,DSI_3D,1,0.6779907077095425
OOD_0291,DSI_3D,0,0.0022417289177688042
OOD_0292,DSI_3D,1,0.09512670755299801
OOD_0293,DSI_3D,0,0.7825496544432401
OOD_0294,DSI_3D,0,0.23463021556316757
OOD_0295,DSI_3D,1,0.8131394928514732
OOD_0296,DSI_3D,1,0.0011095690664155518
OOD_0297,DSI_3D,1,0.16923829710887658
OOD_0298,DSI_3D,0,1.3296226332200796e-07
OOD_0299,DSI_3D,0,0.031305783362979324
OOD_0300,DSI_3D,1,0.029088634565372393
OOD_0301,DSI_3D,0,0.16575024171619396
OOD_0302,DSI_3D,1,0.7266040482988946
OOD_0303,DSI_3D,0,0.3377040499105248
OOD_0304,DSI_3D,1,0.8208104561695977
OOD_0305,DSI_3D,1,0.48933944504137145
OOD_0306,DSI_3D,0,0.01959133188611372
OOD_0307,DSI_3D,0,0.020153339979736076
OOD_0308,DSI_3D,1,0.8498347958409079
OOD_0309,DSI_3D,0,0.5106121419322122
OOD_0310,DSI_3D,0,0.0001335173788104011
OOD_0311,DSI_3D,0,0.7133809476130523
OOD_0312,DSI_3D,0,0.6476179801280676
OOD_0313,DSI_3D,0,0.06865203604671681
OOD_0314,DSI_3D,1,0.8304844561890612
OOD_0315,DSI_3D,0,0.3787868452561957
OOD_0316,DSI_3D,0,0.2499523449661946
OOD_0317,DSI_3D,1,0.8108734024081296
OOD_0318,DSI_3D,1,0.8111771244753049
OOD_0319,DSI_3D,1,0.8608391800299502
OOD_0320,DSI_3D,0,4.884467811214549e-06
OOD_0321,DSI_3D,0,0.44915297486375405
OOD_0322,DSI_3D,0,0.00024247601747700534
OOD_0323,DSI_3D,0,0.3542078457751409
OOD_0324,DSI_3D,0,0.03188524472407668
OOD_0325,DSI_3D,1,0.005444152613049112
OOD_0326,DSI_3D,0,0.024862024641503676
OOD_0327,DSI_3D,0,0.025767589707971942
OOD_0328,DSI_3D,0,0.028171518511303513
OOD_0329,DSI_3D,1,0.6641335169542987
OOD_0330,DSI_3D,0,0.22840055580686305
OOD_0331,DSI_3D,0,0.3217779026967904
OOD_0332,DSI_3D,0,0.0123301394592096
OOD_0333,DSI_3D,0,4.584413149465496e-11
OOD_0334,DSI_3D,0,0.25652356946153476
OOD_0335,DSI_3D,1,0.8421517270716647
OOD_0336,DSI_3D,0,0.10620566086405442
OOD_0337,DSI_3D,0,0.1414042468769554
OOD_0338,DSI_3D,1,0.824179269704217
OOD_0339,DSI_3D,0,0.010154695602318754
OOD_0340,DSI_3D,1,0.6523776262480954
OOD_0341,DSI_3D,0,0.00015403435307388292
OOD_0342,DSI_3D,0,0.0015131919383319298
OOD_0343,DSI_3D,0,0.680823166909722
OOD_0344,DSI_3D,0,1.3641848947670116e-05
OOD_0345,DSI_3D,1,0.7632619981419005
OOD_0346,DSI_3D,1,0.76780159760666
OOD_0347,DSI_3D,1,0.3384620559733141
OOD_0348,DSI_3D,0,0.016666976619307654
OOD_0349,DSI_3D,0,0.5330627347245634
OOD_0350,DSI_3D,0,1.4536877202276088e-09
OOD_0351,DSI_3D,0,1.4772637227572482e-08
OOD_0352,DSI_3D,0,4.810245518347892e-06
OOD_0353,DSI_3D,0,0.7432919319344978
OOD_0354,DSI_3D,0,0.46634641920328124
OOD_0355,DSI_3D,1,0.874723832150852
OOD_0356,DSI_3D,0,0.4774718639674274
OOD_0357,DSI_3D,0,0.7058782927249407
OOD_0358,DSI_3D,0,0.5084145952628321
OOD_0359,DSI_3D,1,0.4380803145009567
OOD_0360,DSI_3D,0,1.8536345899489444e-05
OOD_0361,DSI_3D,0,0.00010487672189830222
OOD_0362,DSI_3D,0,0.30411631228442865
OOD_0363,DSI_3D,1,0.6152034552445158
OOD_0364,DSI_3D,0,0.49793735694766467
OOD_0365,DSI_3D,1,0.8572088022268275
OOD_0366,DSI_3D,1,0.26431921752226123
OOD_0367,DSI_3D,1,0.6771311073200144
OOD_0368,DSI_3D,0,0.5046489133929685
OOD_0369,DSI_3D,0,0.3989502676340694
OOD_0370,DSI_3D,0,0.008920089404957905
OOD_0371,DSI_3D,0,0.010254314987598592
OOD_0372,DSI_3D,0,0.4917339996928555
OOD_0373,DSI_3D,1,0.836751808117293
OOD_0374,DSI_3D,1,0.7913321423912373
OOD_0375,DSI_3D,0,0.32683523433179296
OOD_0376,DSI_3D,0,7.167716535131944e-06
OOD_0377,DSI_3D,1,0.7875920165983368
OOD_0378,DSI_3D,0,2.9338896769757236e-07
OOD_0379,DSI_3D,0,0.0727669858794838
OOD_0380,DSI_3D,0,0.015386028651449692
OOD_0381,DSI_3D,0,0.027031258565945442
OOD_0382,DSI_3D,0,0.29212942390934343
OOD_0383,DSI_3D,1,0.022772752660282298
OOD_0384,DSI_3D,1,0.8188945402214103
OOD_0385,DSI_3D,0,0.6626236795280133
OOD_0386,DSI_3D,0,0.42457555657945617
OOD_0387,DSI_3D,1,0.8391336667721723
OOD_0388,DSI_3D,0,0.14954908870721503
OOD_0389,DSI_3D,1,0.4334014933211648
OOD_0390,DSI_3D,0,0.7123560838968384
OOD_0391,DSI_3D,0,0.008253054250270382
OOD_0392,DSI_3D,1,0.832875539953082
OOD_0393,DSI_3D,1,0.020908742192970793
OOD_0394,DSI_3D,0,0.5617095607752193
OOD_0395,DSI_3D,1,0.5817650429626682
OOD_0396,DSI_3D,0,4.540965141553761e-06
OOD_0397,DSI_3D,0,0.30771146296319424
OOD_0398,DSI_3D,0,0.41577328956420984
OOD_0399,DSI_3D,1,0.8246242595021024
OOD_0400,DSI_3D,1,0.8206752536190596
OOD_0401,DSI_3D,0,0.06593120019435159
OOD_0402,DSI_3D,1,0.6328104861426552
OOD_0403,DSI_3D,0,0.6706110572924007
OOD_0404,DSI_3D,1,0.20480044616650311
OOD_0405,DSI_3D,0,0.454170583720702
OOD_0406,DSI_3D,0,0.2420079246442578
OOD_0407,DSI_3D,0,0.037692238979448435
OOD_0408,DSI_3D,1,0.07585876261230956
OOD_0409,DSI_3D,0,0.39342807835082577
OOD_0410,DSI_3D,1,0.8445662934410991
OOD_0411,DSI_3D,0,0.1711358834296886
OOD_0412,DSI_3D,0,0.0008527648716927311
OOD_0413,DSI_3D,1,0.8040936791905346
OOD_0414,DSI_3D,0,0.7080391629655974
OOD_0415,DSI_3D,0,0.7370200757099749
OOD_0416,DSI_3D,0,0.23998786801059996
OOD_0417,DSI_3D,0,0.40852703113423333
OOD_0418,DSI_3D,0,0.4476416072315524
OOD_0419,DSI_3D,0,0.11731792337912801
OOD_0420,DSI_3D,0,0.5222809250520705
OOD_0421,DSI_3D,1,0.78680721049693
OOD_0422,DSI_3D,0,0.27722363350646484
OOD_0423,DSI_3D,0,0.20102629092522828
OOD_0424,DSI_3D,0,0.15079798991788385
OOD_0425,DSI_3D,0,0.012898448599927288
OOD_0426,DSI_3D,0,1.4765688736515234e-06
OOD_0427,DSI_3D,1,0.8226205751315057
OOD_0428,DSI_3D,1,0.715462217832733
OOD_0429,DSI_3D,0,0.30167590034923664
OOD_0430,DSI_3D,0,0.45782789678029523
OOD_0431,DSI_3D,1,0.727537348597694
OOD_0432,DSI_3D,0,0.43319676028543264
OOD_0433,DSI_3D,0,0.0007820356910783501
OOD_0434,DSI_3D,1,0.5594690403447513
OOD_0435,DSI_3D,0,0.007342859702511423
OOD_0436,DSI_3D,1,0.8217844118228103
OOD_0437,DSI_3D,0,0.01328438313791473
OOD_0438,DSI_3D,1,0.5334965832468608
OOD_0439,DSI_3D,0,0.0010813077882811432
OOD_0440,DSI_3D,0,0.2875569226630217
OOD_0441,DSI_3D,1,0.7263566983933292
OOD_0442,DSI_3D,1,0.7148953111463611
OOD_0443,DSI_3D,0,0.12437291034924422
OOD_0444,DSI_3D,0,0.0007109617672224382
OOD_0445,DSI_3D,0,0.32583858064555754
OOD_0446,DSI_3D,1,0.8331866255358532
OOD_0447,DSI_3D,1,0.4172133601410236
OOD_0448,DSI_3D,0,0.04704125936947463
OOD_0449,DSI_3D,1,0.0995623669258207
OOD_0450,DSI_3D,0,0.1118605842723923
OOD_0451,DSI_3D,0,0.33686896108274617
OOD_0452,DSI_3D,0,5.431974995799863e-06
OOD_0453,DSI_3D,0,0.7626743339930538
OOD_0454,DSI_3D,0,0.611929750333633
OOD_0455,DSI_3D,0,2.7733431679134545e-07
OOD_0456,DSI_3D,0,0.000905593890389899
OOD_0457,DSI_3D,1,0.7839172031926037
OOD_0458,DSI_3D,0,0.0019937176207605197
OOD_0459,DSI_3D,1,0.12552844907597788
OOD_0460,DSI_3D,1,0.5698294988063378
OOD_0461,DSI_3D,1,0.5388557518935788
OOD_0462,DSI_3D,0,0.5915711947821808
OOD_0463,DSI_3D,0,0.00010667747947492695
OOD_0464,DSI_3D,0,0.0003347131396283809
OOD_0465,DSI_3D,1,0.7826220917350827
OOD_0466,DSI_3D,0,0.258187049109544
OOD_0467,DSI_3D,0,0.0010767210731948988
OOD_0468,DSI_3D,1,0.8300505307259497
OOD_0469,DSI_3D,1,0.8297335023898356
OOD_0470,DSI_3D,1,0.7555745016168739
OOD_0471,DSI_3D,0,0.7011205002767888
OOD_0472,DSI_3D,1,0.49420780772827383
OOD_0473,DSI_3D,0,0.12851657318438073
OOD_0474,DSI_3D,1,0.8140307414291548
OOD_0475,DSI_3D,1,0.7924853163971541
OOD_0476,DSI_3D,1,0.1000502159473474
OOD_0477,DSI_3D,0,2.0335015179215643e-07
OOD_0478,DSI_3D,1,0.7597289166552365
OOD_0479,DSI_3D,1,0.5786696277213426
OOD_0480,DSI_3D,0,0.04342877348164654
OOD_0481,DSI_3D,0,0.4515099046236954
OOD_0482,DSI_3D,1,0.8045599434006082
OOD_0483,DSI_3D,0,0.3780879483446844
OOD_0484,DSI_3D,1,0.8479762458902181
OOD_0485,DSI_3D,1,0.8329201703306044
OOD_0486,DSI_3D,0,0.0011707888128001925
OOD_0487,DSI_3D,1,0.8083806406349087
OOD_0488,DSI_3D,0,6.081595529968244e-12
OOD_0489,DSI_3D,1,0.8107623277474187
OOD_0490,DSI_3D,0,0.0011834795865409955
OOD_0491,DSI_3D,0,0.09021507710340823
OOD_0492,DSI_3D,1,0.24792846679692002
OOD_0493,DSI_3D,0,0.04750316717560413
OOD_0494,DSI_3D,0,0.028350995645539098
OOD_0495,DSI_3D,0,0.6800235456240982
OOD_0496,DSI_3D,1,0.8127018897444618
OOD_0497,DSI_3D,1,0.08576321092485095
OOD_0498,DSI_3D,0,0.02917127888904972
OOD_0499,DSI_3D,0,0.1997675920450286
OOD_0500,DSI_3D,1,0.04446956441941416
OOD_0501,DSI_3D,0,2.5108232696539228e-06
OOD_0502,DSI_3D,1,0.8126200407124445
OOD_0503,DSI_3D,1,0.7701656876747458
OOD_0504,DSI_3D,0,0.003806242079166037
OOD_0505,DSI_3D,0,0.779348598217287
OOD_0506,DSI_3D,1,0.7764946069762376
OOD_0507,DSI_3D,1,0.6919508619805546
OOD_0508,DSI_3D,0,0.5679192544705233
OOD_0509,DSI_3D,0,0.005979563935866066
OOD_0510,DSI_3D,1,0.8472917598863439
OOD_0511,DSI_3D,1,0.749410721222821
OOD_0512,DSI_3D,1,0.8482487897196467
OOD_0513,DSI_3D,0,1.6542625312390356e-14
OOD_0514,DSI_3D,0,0.35982570291243204
OOD_0515,DSI_3D,0,0.03246792504691316
OOD_0516,DSI_3D,0,7.90994806837675e-09
OOD_0517,DSI_3D,0,0.0004803683628550714
OOD_0518,DSI_3D,0,0.11941492393089716
OOD_0519,DSI_3D,1,0.8166276761992991
OOD_0520,DSI_3D,0,0.4857726879061039
OOD_0521,DSI_3D,0,0.3464184510277254
OOD_0522,DSI_3D,0,0.49847718428834853
OOD_0523,DSI_3D,0,0.6233519970932683
OOD_0524,DSI_3D,1,0.8679291196550282
OOD_0525,DSI_3D,1,0.5150465127539927
OOD_0526,DSI_3D,0,4.0662796430404694e-10
OOD_0527,DSI_3D,0,0.1616517014052952
OOD_0528,DSI_3D,0,4.931904936683101e-07
OOD_0529,DSI_3D,1,0.8407712183693884
OOD_0530,DSI_3D,0,0.28218082529858024
OOD_0531,DSI_3D,1,0.8150724795098796
OOD_0532,DSI_3D,0,0.004402576124022341
OOD_0533,DSI_3D,0,0.0007515592689733659
OOD_0534,DSI_3D,0,0.3788590834528457
OOD_0535,DSI_3D,1,0.750803724362463
OOD_0536,DSI_3D,1,0.5393990249396992
OOD_0537,DSI_3D,1,0.27442152056296865
OOD_0538,DSI_3D,0,0.2631352068584224
OOD_0539,DSI_3D,1,0.8732957912429797
OOD_0540,DSI_3D,0,0.001142743399271025
OOD_0541,DSI_3D,0,2.430855607492335e-09
OOD_0542,DSI_3D,0,0.7630422977353258
OOD_0543,DSI_3D,1,0.7723860446200967
OOD_0544,DSI_3D,0,2.779406972145763e-06
OOD_0545,DSI_3D,0,0.28338188311435397
OOD_0546,DSI_3D,0,0.23823315482617557
OOD_0547,DSI_3D,0,0.38802647890006675
OOD_0548,DSI_3D,0,1.0467173742837699e-10
OOD_0549,DSI_3D,1,0.7897652524317301
OOD_0550,DSI_3D,1,0.3375136672967448
OOD_0551,DSI_3D,1,0.7827479940754168
OOD_0552,DSI_3D,0,0.0003601373142025728
OOD_0553,DSI_3D,0,0.03379399344445578
OOD_0554,DSI_3D,1,0.6092477533557296
OOD_0555,DSI_3D,0,0.43583079585092244
OOD_0556,DSI_3D,1,0.8337204679429395
OOD_0557,DSI_3D,0,0.4506429295715476
OOD_0558,DSI_3D,0,0.051416178295433414
OOD_0559,DSI_3D,1,0.8552614405738541
OOD_0560,DSI_3D,1,0.7185443478605275
OOD_0561,DSI_3D,0,0.32885378548189
OOD_0562,DSI_3D,0,0.01054082269522302
OOD_0563,DSI_3D,1,0.7190571104781258
OOD_0564,DSI_3D,0,0.00012865181699036
OOD_0565,DSI_3D,1,0.5728943599312778
OOD_0566,DSI_3D,0,3.663440131344467e-06
OOD_0567,DSI_3D,0,0.027595751257640126
OOD_0568,DSI_3D,0,0.7183637150760781
OOD_0569,DSI_3D,0,0.66763980077582
OOD_0570,DSI_3D,0,2.3225550509966086e-06
OOD_0571,DSI_3D,0,0.48910867935111246
OOD_0572,DSI_3D,1,0.8086871933844932
OOD_0573,DSI_3D,1,0.6295633740412148
OOD_0574,DSI_3D,1,0.7252452054742362
OOD_0575,DSI_3D,1,0.8667282646502252
OOD_0576,DSI_3D,0,5.472398004058368e-06
OOD_0577,DSI_3D,0,2.7042211229338153e-06
OOD_0578,DSI_3D,0,0.473439494813307
OOD_0579,DSI_3D,1,0.8159136817522811
OOD_0580,DSI_3D,0,0.732526620021411
OOD_0581,DSI_3D,0,0.03265391312598325
OOD_0582,DSI_3D,0,0.7534038170372459
OOD_0583,DSI_3D,0,1.459119573209797e-08
OOD_0584,DSI_3D,1,0.7485758186568163
OOD_0585,DSI_3D,0,0.6162342840021301
OOD_0586,DSI_3D,0,0.005893251519939769
OOD_0587,DSI_3D,0,6.5285305930998415e-09
OOD_0588,DSI_3D,1,0.7832044729980645
OOD_0589,DSI_3D,1,0.7379031709124162
OOD_0590,DSI_3D,0,0.5609453721324829
OOD_0591,DSI_3D,0,0.003150818475601897
OOD_0592,DSI_3D,0,0.009021900953025935
OOD_0593,DSI_3D,1,0.7971817464268113
OOD_0594,DSI_3D,1,0.038184182264407215
OOD_0595,DSI_3D,0,9.437487232694963e-13
OOD_0596,DSI_3D,0,0.3848393332340957
OOD_0597,DSI_3D,0,0.5749509556115754
OOD_0598,DSI_3D,0,0.6322707315645233
OOD_0599,DSI_3D,1,0.5582371945323334
OOD_0600,DSI_3D,1,0.31971809544599683
OOD_0601,DSI_3D,0,0.7622988427086855
OOD_0602,DSI_3D,0,0.5103196296841074
OOD_0603,DSI_3D,0,7.825153001167037e-05
OOD_0604,DSI_3D,1,0.8105874692477769
OOD_0605,DSI_3D,0,0.10455933132034685
OOD_0606,DSI_3D,1,0.8547100666317166
OOD_0607,DSI_3D,1,0.6017801600154372
OOD_0608,DSI_3D,1,0.6194695998782176
OOD_0609,DSI_3D,0,0.7765087633041767
OOD_0610,DSI_3D,1,0.658236629949289
OOD_0611,DSI_3D,1,0.7221596038085848
OOD_0612,DSI_3D,0,0.009728496869401521
OOD_0613,DSI_3D,0,0.7875768966281887
OOD_0614,DSI_3D,0,8.612071177297e-07
OOD_0615,DSI_3D,1,0.7352956394160788
OOD_0616,DSI_3D,0,0.3232526440942758
OOD_0617,DSI_3D,0,0.4608419033549913
OOD_0618,DSI_3D,0,0.33992663089263914
OOD_0619,DSI_3D,0,0.7105481859174015
OOD_0620,DSI_3D,0,1.5751824868253064e-13
OOD_0621,DSI_3D,0,0.0011899180536185773
OOD_0622,DSI_3D,0,4.2759205739632235e-08
OOD_0623,DSI_3D,1,0.71324482245549
OOD_0624,DSI_3D,1,0.8285967941817605
OOD_0625,DSI_3D,0,0.022470115856814403
OOD_0626,DSI_3D,1,0.8512822929807553
OOD_0627,DSI_3D,1,0.7387293653586032
OOD_0628,DSI_3D,0,0.6371108442646024
OOD_0629,DSI_3D,0,0.5841203151353662
OOD_0630,DSI_3D,1,0.717847964766306
OOD_0631,DSI_3D,0,0.5254020967611571
OOD_0632,DSI_3D,0,0.6450019010890762
OOD_0633,DSI_3D,0,0.6051325824095896
OOD_0634,DSI_3D,1,0.8391066602624261
OOD_0635,DSI_3D,1,0.0003889309689244154
OOD_0636,DSI_3D,1,0.6952291359635763
OOD_0637,DSI_3D,0,1.1258910249894782e-06
OOD_0638,DSI_3D,0,0.009540514356369333
OOD_0639,DSI_3D,1,0.3133526121588216
OOD_0640,DSI_3D,0,0.6883958821342258
OOD_0641,DSI_3D,0,0.011141454689340479
OOD_0642,DSI_3D,1,0.8614917587421964
OOD_0643,DSI_3D,0,0.007755390117883811
OOD_0644,DSI_3D,1,0.7552239757121685
OOD_0645,DSI_3D,0,0.0692403445720502
OOD_0646,DSI_3D,1,0.7464775984623804
OOD_0647,DSI_3D,0,0.02511130228318585
OOD_0648,DSI_3D,0,0.3539171699191564
OOD_0649,DSI_3D,0,0.1441914835676927
OOD_0650,DSI_3D,1,0.8521432327792344
OOD_0651,DSI_3D,1,0.6219678177402153
OOD_0652,DSI_3D,1,0.7368445032218254
OOD_0653,DSI_3D,0,9.90420396959263e-05
OOD_0654,DSI_3D,0,0.0004996262808620057
OOD_0655,DSI_3D,0,0.07409164361651996
OOD_0656,DSI_3D,0,0.2911014844494906
OOD_0657,DSI_3D,1,0.8030511384967534
OOD_0658,DSI_3D,1,0.6755333779400908
OOD_0659,DSI_3D,0,0.2892118699842223
OOD_0660,DSI_3D,0,1.4240848947702872e-11
OOD_0661,DSI_3D,1,0.7071903846332397
OOD_0662,DSI_3D,0,0.40640746141574335
OOD_0663,DSI_3D,1,0.18107411706795173
OOD_0664,DSI_3D,0,0.5896468852880915
OOD_0665,DSI_3D,0,0.023637004506981592
OOD_0666,DSI_3D,1,0.639385008125
OOD_0667,DSI_3D,1,0.05002477776996798
OOD_0668,DSI_3D,0,0.6197162089101786
OOD_0669,DSI_3D,0,0.12683768118407185
OOD_0670,DSI_3D,1,0.799637217455137
OOD_0671,DSI_3D,1,0.08990050026151072
OOD_0672,DSI_3D,1,0.5496280431314255
OOD_0673,DSI_3D,0,1.3785604125748466e-05
OOD_0674,DSI_3D,0,0.03689920560638853
OOD_0675,DSI_3D,0,0.17429109086668476
OOD_0676,DSI_3D,1,0.6805995841545801
OOD_0677,DSI_3D,0,0.09150893948341084
OOD_0678,DSI_3D,0,0.13235065432434726
OOD_0679,DSI_3D,1,0.8258388738407972
OOD_0680,DSI_3D,1,0.08125814254823106
OOD_0681,DSI_3D,0,0.028058115013185204
OOD_0682,DSI_3D,0,1.2321423667176647e-09
OOD_0683,DSI_3D,1,0.7960864949457251
OOD_0684,DSI_3D,0,0.6904872839445942
OOD_0685,DSI_3D,0,0.5317418225414593
OOD_0686,DSI_3D,1,0.8031607713856185
OOD_0687,DSI_3D,1,0.6799695895285789
OOD_0688,DSI_3D,0,0.011229574713864574
OOD_0689,DSI_3D,1,0.2344318659154078
OOD_0690,DSI_3D,1,0.04010529173409105
OOD_0691,DSI_3D,0,0.3906676957907819
OOD_0692,DSI_3D,0,4.0093242413528545e-06
OOD_0693,DSI_3D,0,0.000516869936142256
OOD_0694,DSI_3D,1,0.8442888747759547
OOD_0695,DSI_3D,0,2.7187288407799743e-07
OOD_0696,DSI_3D,0,0.004091195302534732
OOD_0697,DSI_3D,1,0.8236950228304951
OOD_0698,DSI_3D,1,0.728970796044393
OOD_0699,DSI_3D,0,7.111053638593483e-11
OOD_0700,DSI_3D,0,0.005262518014910002
OOD_0701,DSI_3D,0,0.0008443227391484222
OOD_0702,DSI_3D,0,0.6186752726345441
OOD_0703,DSI_3D,0,4.653412606674691e-08
OOD_0704,DSI_3D,0,0.4468164930000918
OOD_0705,DSI_3D,0,0.1491504051372877
OOD_0706,DSI_3D,1,0.8572326844280261
OOD_0707,DSI_3D,0,8.200878709182427e-09
OOD_0708,DSI_3D,1,0.859264109586443
OOD_0709,DSI_3D,0,0.15516837460851027
OOD_0710,DSI_3D,0,0.41972805306188904
OOD_0711,DSI_3D,0,0.011587475814250417
OOD_0712,DSI_3D,0,0.553899580412844
OOD_0713,DSI_3D,1,0.8509540807090737
OOD_0714,DSI_3D,0,2.739818457194247e-08
OOD_0715,DSI_3D,0,0.5132779837261056
OOD_0716,DSI_3D,1,0.6841275289700436
OOD_0717,DSI_3D,0,4.767919474028844e-08
OOD_0718,DSI_3D,1,0.3122341173992739
OOD_0719,DSI_3D,0,0.001278685858811315
OOD_0720,DSI_3D,0,0.15278201814535866
OOD_0721,DSI_3D,0,0.7723491207892803
OOD_0722,DSI_3D,0,1.3891211418208526e-08
OOD_0723,DSI_3D,0,4.132585975104809e-05
OOD_0724,DSI_3D,0,0.44437483815560275
OOD_0725,DSI_3D,1,0.4654372581558956
OOD_0726,DSI_3D,0,0.06734936087325603
OOD_0727,DSI_3D,0,2.7693397125894863e-11
OOD_0728,DSI_3D,1,0.5898857026835869
OOD_0729,DSI_3D,0,0.7202027868191477
OOD_0730,DSI_3D,1,0.8666200949882311
OOD_0731,DSI_3D,0,0.129961991331293
OOD_0732,DSI_3D,0,0.0041768941924686005
OOD_0733,DSI_3D,1,0.6957702391552263
OOD_0734,DSI_3D,0,0.3934479659604431
OOD_0735,DSI_3D,0,0.0006560077201114156
OOD_0736,DSI_3D,0,0.00649761276130893
OOD_0737,DSI_3D,1,0.7805484915815504
OOD_0738,DSI_3D,1,0.03809242669581015
OOD_0739,DSI_3D,0,0.5146659093968109
OOD_0740,DSI_3D,1,0.8014715193471966
OOD_0741,DSI_3D,1,0.5419670429180916
OOD_0742,DSI_3D,0,0.5617269118888566
OOD_0743,DSI_3D,0,0.0032453695760876963
OOD_0744,DSI_3D,0,0.0001547930666560596
OOD_0745,DSI_3D,0,0.00274711911976808
OOD_0746,DSI_3D,0,0.02118807349918682
OOD_0747,DSI_3D,0,0.6511625150005124
OOD_0748,DSI_3D,0,0.5327603429408574
OOD_0749,DSI_3D,1,0.3009969847292299
OOD_0750,DSI_3D,1,0.7946320952226938
OOD_0751,DSI_3D,1,0.6407855594860589
OOD_0752,DSI_3D,0,0.5598447033122859
OOD_0753,DSI_3D,1,0.4128259702652523
OOD_0754,DSI_3D,0,0.0002862914297242059
OOD_0755,DSI_3D,1,0.22277391204839317
OOD_0756,DSI_3D,0,0.26516470905461553
OOD_0757,DSI_3D,1,0.8166053207136795
OOD_0758,DSI_3D,0,0.5573385657118433
OOD_0759,DSI_3D,0,0.0001488326187913972
OOD_0760,DSI_3D,0,0.7851271456392234
OOD_0761,DSI_3D,1,0.22332295532967425
OOD_0762,DSI_3D,0,0.4050006456490175
OOD_0763,DSI_3D,0,0.5713432377111698
OOD_0764,DSI_3D,1,0.7996047300023791
OOD_0765,DSI_3D,0,0.573606255911917
OOD_0766,DSI_3D,1,0.7527230699125053
OOD_0767,DSI_3D,0,0.4128175640216394
OOD_0768,DSI_3D,1,0.2492664565934579
OOD_0769,DSI_3D,0,0.7520723871910757
OOD_0770,DSI_3D,0,0.18311066804630294
OOD_0771,DSI_3D,0,0.26715072544335133
OOD_0772,DSI_3D,1,0.8048122713201201
OOD_0773,DSI_3D,0,6.314940000969862e-06
OOD_0774,DSI_3D,1,0.6356963767237053
OOD_0775,DSI_3D,1,0.7123123229640894
OOD_0776,DSI_3D,0,0.044186059682138526
OOD_0777,DSI_3D,0,0.6652724418824031
OOD_0778,DSI_3D,0,3.506522823242595e-11
OOD_0779,DSI_3D,1,0.8491906138446419
OOD_0780,DSI_3D,1,0.695778049279598
OOD_0781,DSI_3D,0,0.44976545146371266
OOD_0782,DSI_3D,0,0.3804591951896489
OOD_0783,DSI_3D,0,0.36722635329821496
OOD_0784,DSI_3D,0,0.008592187021881057
OOD_0785,DSI_3D,1,0.8142975472487656
OOD_0786,DSI_3D,1,0.32439331963121854
OOD_0787,DSI_3D,0,0.017973772317991934
OOD_0788,DSI_3D,1,0.010593655550348642
OOD_0789,DSI_3D,1,0.7790103892086412
OOD_0790,DSI_3D,0,2.0130980021127663e-12
OOD_0791,DSI_3D,1,0.7497879138238537
OOD_0792,DSI_3D,0,0.30202573047566833
OOD_0793,DSI_3D,0,0.6639252905985072
OOD_0794,DSI_3D,1,0.3840383628468347
OOD_0795,DSI_3D,0,0.0029129546935628653
OOD_0796,DSI_3D,1,0.2009624843830474
OOD_0797,DSI_3D,0,0.39344971573708515
OOD_0798,DSI_3D,0,0.05400498104160269
OOD_0799,DSI_3D,1,0.04666692930000906
OOD_0800,DSI_3D,0,0.0008821611405114626
OOD_0801,DSI_3D,1,0.8447314255294459
OOD_0802,DSI_3D,0,0.6042929360877773
OOD_0803,DSI_3D,0,0.03177034357565083
OOD_0804,DSI_3D,0,0.3417161296212877
OOD_0805,DSI_3D,1,0.8383722552445944
OOD_0806,DSI_3D,1,0.8098649572100044
OOD_0807,DSI_3D,1,0.6528347421166717
OOD_0808,DSI_3D,0,6.54702692111472e-07
OOD_0809,DSI_3D,1,0.2491140840610372
OOD_0810,DSI_3D,1,0.6305614244391049
OOD_0811,DSI_3D,0,0.3469430714131088
OOD_0812,DSI_3D,0,1.263962278902035e-05
OOD_0813,DSI_3D,0,0.5119132275610121
OOD_0814,DSI_3D,0,0.6498849428515984
OOD_0815,DSI_3D,0,0.28390892044026506
OOD_0816,DSI_3D,1,0.0013501140822131206
OOD_0817,DSI_3D,0,0.025953308852746056
OOD_0818,DSI_3D,0,2.2277493766217458e-17
OOD_0819,DSI_3D,0,0.04630594428716831
OOD_0820,DSI_3D,1,0.8147979488274207
OOD_0821,DSI_3D,1,0.14575235496543382
OOD_0822,DSI_3D,1,0.7850205328678881
OOD_0823,DSI_3D,1,0.7819056154744362
OOD_0824,DSI_3D,1,0.34358686297439306
OOD_0825,DSI_3D,0,0.2372637768340546
OOD_0826,DSI_3D,0,0.0033315583435564776
OOD_0827,DSI_3D,1,0.848905978764815
OOD_0828,DSI_3D,0,0.013067681408025977
OOD_0829,DSI_3D,1,0.3122746606177159
OOD_0830,DSI_3D,1,0.37768276055955213
OOD_0831,DSI_3D,0,1.6281875685558581e-06
OOD_0832,DSI_3D,0,0.7171786173979352
OOD_0833,DSI_3D,0,0.030749140528151857
OOD_0834,DSI_3D,1,0.007031190579792497
OOD_0835,DSI_3D,1,0.0057047235980940345
OOD_0836,DSI_3D,0,0.5462082507972293
OOD_0837,DSI_3D,0,0.030094291963961902
OOD_0838,DSI_3D,1,0.777557468454272
OOD_0839,DSI_3D,1,0.5818358298953874
OOD_0840,DSI_3D,0,5.207154883269489e-08
OOD_0841,DSI_3D,0,0.028938299570888303
OOD_0842,DSI_3D,1,0.6997614620471593
OOD_0843,DSI_3D,0,0.0001921386393450627
OOD_0844,DSI_3D,1,0.697409635233175
OOD_0845,DSI_3D,0,0.4104313360471598
OOD_0846,DSI_3D,1,0.6711395947103862
OOD_0847,DSI_3D,1,0.8176092258056649
OOD_0848,DSI_3D,0,0.6790993598358237
OOD_0849,DSI_3D,0,6.8065631259718536e-06
OOD_0850,DSI_3D,1,0.7460614136024358
OOD_0851,DSI_3D,1,0.8595341804459877
OOD_0852,DSI_3D,0,0.2071199227328959
OOD_0853,DSI_3D,0,0.005693604367978835
OOD_0854,DSI_3D,1,0.8146689100870826
OOD_0855,DSI_3D,1,0.656648005423898
OOD_0856,DSI_3D,0,0.22687709617637855
OOD_0857,DSI_3D,1,0.744187902530973
OOD_0858,DSI_3D,1,0.6130884709155868
OOD_0859,DSI_3D,0,0.2903723903817329
OOD_0860,DSI_3D,1,0.04165599742844027
OOD_0861,DSI_3D,0,0.39246581924632973
OOD_0862,DSI_3D,0,0.5688264857997787
OOD_0863,DSI_3D,0,0.15710230049818996
OOD_0864,DSI_3D,1,0.41776448378532477
OOD_0865,DSI_3D,0,0.4208713657105832
OOD_0866,DSI_3D,1,0.8463841015081858
OOD_0867,DSI_3D,0,0.022383756307521114
OOD_0868,DSI_3D,0,0.3650843155846674
OOD_0869,DSI_3D,0,3.02150789600652e-05
OOD_0870,DSI_3D,0,0.0031158511836176283
OOD_0871,DSI_3D,0,0.1480684759372453
OOD_0872,DSI_3D,1,0.6805964325478988
OOD_0873,DSI_3D,1,0.21669440433037368
OOD_0874,DSI_3D,1,0.3147077302745275
OOD_0875,DSI_3D,0,0.4433033173745955
OOD_0876,DSI_3D,1,0.6981516217656109
OOD_0877,DSI_3D,1,0.6186513862989867
OOD_0878,DSI_3D,1,0.015226327864266814
OOD_0879,DSI_3D,0,0.3978038907754938
OOD_0880,DSI_3D,0,3.5194018768443156e-08
OOD_0881,DSI_3D,0,0.4605314790169925
OOD_0882,DSI_3D,1,0.8471219944385293
OOD_0883,DSI_3D,0,0.5265250986314811
OOD_0884,DSI_3D,0,0.019396147479563416
OOD_0885,DSI_3D,0,0.5062653529018447
OOD_0886,DSI_3D,1,0.8753579313218484
OOD_0887,DSI_3D,0,2.679045244637377e-07
OOD_0888,DSI_3D,0,0.6860220961803031
OOD_0889,DSI_3D,1,0.5063684524389518
OOD_0890,DSI_3D,0,8.097079109157191e-05
OOD_0891,DSI_3D,1,0.8667399654656242
OOD_0892,DSI_3D,0,0.32537181560117134
OOD_0893,DSI_3D,1,0.6912322747902989
OOD_0894,DSI_3D,1,0.12541018459401454
OOD_0895,DSI_3D,0,0.028795994279030013
OOD_0896,DSI_3D,0,0.7531727972047714
OOD_0897,DSI_3D,1,0.16089234673540156
OOD_0898,DSI_3D,1,0.7467788196601076
OOD_0899,DSI_3D,0,0.36053512078901795
OOD_0900,DSI_3D,1,7.216971111554073e-05
OOD_0901,DSI_3D,0,0.6017444159241074
OOD_0902,DSI_3D,0,0.25009103884102896
OOD_0903,DSI_3D,1,0.06946430362130124
OOD_0904,DSI_3D,0,0.18306936477866434
OOD_0905,DSI_3D,0,0.07410328464209025
OOD_0906,DSI_3D,1,0.5803924142303315
OOD_0907,DSI_3D,0,0.09575572418359853
OOD_0908,DSI_3D,1,0.6698380970597838
OOD_0909,DSI_3D,0,0.2581062429355239
OOD_0910,DSI_3D,1,0.7010761231725967
OOD_0911,DSI_3D,0,1.0153063606776756e-09
OOD_0912,DSI_3D,0,4.945732775926702e-06
OOD_0913,DSI_3D,0,0.2637782665157327
OOD_0914,DSI_3D,0,0.08304706140817726
OOD_0915,DSI_3D,0,0.38320229258602717
OOD_0916,DSI_3D,1,0.5984284191215478
OOD_0917,DSI_3D,1,0.6034278299604625
OOD_0918,DSI_3D,1,0.7585697291300776
OOD_0919,DSI_3D,1,0.795502869096999
OOD_0920,DSI_3D,1,0.00030071633971633186
OOD_0921,DSI_3D,1,0.03289225534704558
OOD_0922,DSI_3D,0,7.611904689371409e-07
OOD_0923,DSI_3D,0,0.00012096958331690108
OOD_0924,DSI_3D,0,0.0014881845571754647
OOD_0925,DSI_3D,0,0.2981593568767392
OOD_0926,DSI_3D,0,0.19490883913488685
OOD_0927,DSI_3D,0,0.2464100119288182
OOD_0928,DSI_3D,1,0.7098555981634306
OOD_0929,DSI_3D,1,0.7269676112415491
OOD_0930,DSI_3D,0,0.0670037607789522
OOD_0931,DSI_3D,1,0.8611060093066765
OOD_0932,DSI_3D,0,6.624969249664241e-05
OOD_0933,DSI_3D,1,0.3608990421882148
OOD_0934,DSI_3D,1,0.7639848253619668
OOD_0935,DSI_3D,1,0.7834958343311812
OOD_0936,DSI_3D,0,2.577997004319272e-05
OOD_0937,DSI_3D,0,0.7649742425815175
OOD_0938,DSI_3D,1,0.8379689222070881
OOD_0939,DSI_3D,0,1.9036676370306428e-05
OOD_0940,DSI_3D,1,0.826101394975424
OOD_0941,DSI_3D,0,0.3461946786523379
OOD_0942,DSI_3D,1,0.05500401133908591
OOD_0943,DSI_3D,1,0.7889502620098083
OOD_0944,DSI_3D,0,0.5289768590252023
OOD_0945,DSI_3D,0,0.15891232635447142
OOD_0946,DSI_3D,0,1.0099535655604957e-08
OOD_0947,DSI_3D,0,0.290559522040411
OOD_0948,DSI_3D,0,7.00016017328438e-08
OOD_0949,DSI_3D,0,3.418724458448161e-06
OOD_0950,DSI_3D,0,0.47889053405033627
OOD_0951,DSI_3D,1,0.21627641676468642
OOD_0952,DSI_3D,0,0.5125626324883162
OOD_0953,DSI_3D,0,1.2414350432627892e-11
OOD_0954,DSI_3D,1,0.0010552819360210013
OOD_0955,DSI_3D,1,0.8523916412323775
OOD_0956,DSI_3D,0,2.4400640500702465e-06
OOD_0957,DSI_3D,0,1.569960042480153e-11
OOD_0958,DSI_3D,0,0.4108831177927916
OOD_0959,DSI_3D,1,0.8819845209334729
OOD_0960,DSI_3D,0,0.06396831134259559
OOD_0961,DSI_3D,0,0.0008728699261641365
OOD_0962,DSI_3D,0,0.16799450855318396
OOD_0963,DSI_3D,0,0.0010587303608915685
OOD_0964,DSI_3D,0,0.000266147349914316
OOD_0965,DSI_3D,0,0.15704176411800436
OOD_0966,DSI_3D,0,0.296918790725105
OOD_0967,DSI_3D,1,0.8511877738113423
OOD_0968,DSI_3D,1,0.8690503068400461
OOD_0969,DSI_3D,0,0.027247824760021456
OOD_0970,DSI_3D,0,1.1983685951697916e-05
OOD_0971,DSI_3D,0,0.0017094052126733652
OOD_0972,DSI_3D,0,2.7857982130946233e-10
OOD_0973,DSI_3D,0,0.04735056105561409
OOD_0974,DSI_3D,0,0.10911449037694558
OOD_0975,DSI_3D,0,0.04979799454900329
OOD_0976,DSI_3D,1,0.033689709274163225
OOD_0977,DSI_3D,1,0.16561152566352824
OOD_0978,DSI_3D,0,8.142481152709654e-05
OOD_0979,DSI_3D,0,9.330305724563691e-07
OOD_0980,DSI_3D,0,0.03420817205475919
OOD_0981,DSI_3D,1,0.7270029113167698
OOD_0982,DSI_3D,1,0.5602549702751961
OOD_0983,DSI_3D,1,0.668289950026303
OOD_0984,DSI_3D,0,0.7571925889883093
OOD_0985,DSI_3D,0,0.36833562734321373
OOD_0986,DSI_3D,0,0.17224215913179036
OOD_0987,DSI_3D,1,0.6067982095126767
OOD_0988,DSI_3D,1,0.8021761670212648
OOD_0989,DSI_3D,0,0.007798793641356258
OOD_0990,DSI_3D,0,0.3219184033379799
OOD_0991,DSI_3D,0,0.559404916552935
OOD_0992,DSI_3D,0,0.0004703219880873091
OOD_0993,DSI_3D,1,0.7398699338061165
OOD_0994,DSI_3D,0,0.23754113074793393
OOD_0995,DSI_3D,1,0.8514326865777694
OOD_0996,DSI_3D,0,0.00011111814397180978
OOD_0997,DSI_3D,1,0.8717633463171646
OOD_0998,DSI_3D,0,0.7231444878584669
OOD_0999,DSI_3D,1,0.7437245444103117
OOD_1000,DSI_3D,1,0.7648342531600395
OOD_1001,DSI_3D,1,0.00022524403086867097
OOD_1002,DSI_3D,1,0.6622421746261411
OOD_1003,DSI_3D,0,0.09180991844108465
OOD_1004,DSI_3D,0,0.72793780755223
OOD_1005,DSI_3D,1,0.8317153096503618
OOD_1006,DSI_3D,1,0.8674756551844909
OOD_1007,DSI_3D,1,0.48213322687141646
OOD_1008,DSI_3D,0,0.27558260912168114
OOD_1009,DSI_3D,0,1.101467601888779e-11
OOD_1010,DSI_3D,0,9.190502008938928e-11
OOD_1011,DSI_3D,0,0.4345976460697796
OOD_1012,DSI_3D,1,0.8476972113345959
OOD_1013,DSI_3D,0,0.23297057469335547
OOD_1014,DSI_3D,0,0.017103826353045644
OOD_1015,DSI_3D,0,0.013754469846880535
OOD_1016,DSI_3D,0,0.17354093009319826
OOD_1017,DSI_3D,0,9.212240612598349e-07
OOD_1018,DSI_3D,1,0.6796380648982324
OOD_1019,DSI_3D,0,0.6275721990489562
OOD_1020,DSI_3D,0,0.2592021189606991
OOD_1021,DSI_3D,1,0.5395963850738964
OOD_1022,DSI_3D,1,0.11035488046287191
OOD_1023,DSI_3D,0,0.10600345882905575
OOD_1024,DSI_3D,1,0.8086482112331133
OOD_1025,DSI_3D,1,0.8143141632217676
OOD_1026,DSI_3D,0,0.0004943352874006026
OOD_1027,DSI_3D,0,0.6532485858653271
OOD_1028,DSI_3D,0,0.607374558603069
OOD_1029,DSI_3D,1,0.35209542151698603
OOD_1030,DSI_3D,1,0.34823777250075555
OOD_1031,DSI_3D,0,0.5561098166444151
OOD_1032,DSI_3D,0,0.0002350478112474498
OOD_1033,DSI_3D,1,0.11043418818231232
OOD_1034,DSI_3D,1,0.8372136284777745
OOD_1035,DSI_3D,1,0.2503900884367855
OOD_1036,DSI_3D,1,0.673837576202968
OOD_1037,DSI_3D,0,3.269597918318318e-05
OOD_1038,DSI_3D,0,0.010349045617502904
OOD_1039,DSI_3D,1,0.4769513729331107
OOD_1040,DSI_3D,0,0.4167726104688496
OOD_1041,DSI_3D,1,0.5347000025397052
OOD_1042,DSI_3D,0,0.6324783007714172
OOD_1043,DSI_3D,0,0.626817686039456
OOD_1044,DSI_3D,0,0.6104955421504246
OOD_1045,DSI_3D,0,0.16180032761842564
OOD_1046,DSI_3D,1,0.8116066329559561
OOD_1047,DSI_3D,0,0.31740596810044003
OOD_1048,DSI_3D,0,0.009066374367298218
OOD_1049,DSI_3D,0,0.00027866037520506886
OOD_1050,DSI_3D,0,0.0010325217959774146
OOD_1051,DSI_3D,0,0.0002677490284750453
OOD_1052,DSI_3D,1,0.824105177876268
OOD_1053,DSI_3D,1,0.8180686553777111
OOD_1054,DSI_3D,0,0.4243581429990253
OOD_1055,DSI_3D,0,0.07302130469823909
OOD_1056,DSI_3D,0,5.5228622272123485e-08
OOD_1057,DSI_3D,0,0.0008626841799387887
OOD_1058,DSI_3D,0,0.18912447401688076
OOD_1059,DSI_3D,0,2.0419774749958716e-10
OOD_1060,DSI_3D,0,6.911233084920662e-07
OOD_1061,DSI_3D,0,0.6515185837086969
OOD_1062,DSI_3D,0,0.05524104205185505
OOD_1063,DSI_3D,1,0.04115109729376894
OOD_1064,DSI_3D,0,0.00015089804509075175
OOD_1065,DSI_3D,1,0.7626397490545795
OOD_1066,DSI_3D,1,0.6630403958620871
OOD_1067,DSI_3D,1,0.7860413611580933
OOD_1068,DSI_3D,0,0.00046057623871770015
OOD_1069,DSI_3D,0,0.004040655755974384
OOD_1070,DSI_3D,0,0.00015742337135196972
OOD_1071,DSI_3D,0,0.11356666324757887
OOD_1072,DSI_3D,0,0.5868019104337232
OOD_1073,DSI_3D,0,0.12101122660849176
OOD_1074,DSI_3D,0,0.0648869715452249
OOD_1075,DSI_3D,1,0.7820507382314956
OOD_1076,DSI_3D,0,0.39115173820233157
OOD_1077,DSI_3D,0,0.7040331782464854
OOD_1078,DSI_3D,0,2.4280141020098687e-08
OOD_1079,DSI_3D,0,0.3177568504477264
OOD_1080,DSI_3D,1,0.8523983170056512
OOD_1081,DSI_3D,0,0.19196395606732167
OOD_1082,DSI_3D,1,0.8367644699920065
OOD_1083,DSI_3D,0,0.01599741685609219
OOD_1084,DSI_3D,0,0.6777532658260633
OOD_1085,DSI_3D,0,0.11076646034771225
OOD_1086,DSI_3D,0,0.7220054154826564
OOD_1087,DSI_3D,1,0.7501864895169262
OOD_1088,DSI_3D,0,0.3676840538497947
OOD_1089,DSI_3D,0,0.09418741065950867
OOD_1090,DSI_3D,1,0.28448227104801566
OOD_1091,DSI_3D,1,0.7170713044782272
OOD_1092,DSI_3D,1,0.7989742324573864
OOD_1093,DSI_3D,0,0.6963163776999933
OOD_1094,DSI_3D,0,0.5080404347189086
OOD_1095,DSI_3D,1,0.84331872672243
OOD_1096,DSI_3D,0,0.7583412331109076
OOD_1097,DSI_3D,0,0.6710452072489732
OOD_1098,DSI_3D,0,0.0004824125895612866
OOD_1099,DSI_3D,1,0.8480444473263429
OOD_1100,DSI_3D,0,0.017753189134541745
OOD_1101,DSI_3D,0,0.3903799696820895
OOD_1102,DSI_3D,0,0.5120515276346477
OOD_1103,DSI_3D,0,2.1701150102128272e-09
OOD_1104,DSI_3D,1,0.8488169104500621
OOD_1105,DSI_3D,0,3.204710325037237e-05
OOD_1106,DSI_3D,0,0.5116117057562458
OOD_1107,DSI_3D,0,0.00012917326654562458
OOD_1108,DSI_3D,0,0.2511449674453802
OOD_1109,DSI_3D,1,0.7573399429134883
OOD_1110,DSI_3D,1,0.42178188766920527
OOD_1111,DSI_3D,0,0.6076075930294246
OOD_1112,DSI_3D,1,0.5282853928339476
OOD_1113,DSI_3D,0,0.33801639500129516
OOD_1114,DSI_3D,1,0.025414442821493174
OOD_1115,DSI_3D,1,0.6649995334606035
OOD_1116,DSI_3D,1,0.750666625499891
OOD_1117,DSI_3D,0,0.48915919063127283
OOD_1118,DSI_3D,1,0.786100209858417
OOD_1119,DSI_3D,0,0.003947143336094216
OOD_1120,DSI_3D,0,3.822217588248513e-07
OOD_1121,DSI_3D,0,0.21324887255641786
OOD_1122,DSI_3D,0,0.05573448308069594
OOD_1123,DSI_3D,0,0.00026638776417383276
OOD_1124,DSI_3D,1,0.7114836621286245
OOD_1125,DSI_3D,0,0.021440399346310812
OOD_1126,DSI_3D,1,0.877917049296587
OOD_1127,DSI_3D,1,0.6964336019726086
OOD_1128,DSI_3D,0,0.029756126135534113
OOD_1129,DSI_3D,1,0.5815965232754144
OOD_1130,DSI_3D,0,0.0047809919078957595
OOD_1131,DSI_3D,0,0.19172395876464782
OOD_1132,DSI_3D,0,1.7462356634443632e-06
OOD_1133,DSI_3D,0,0.0018763338555989593
OOD_1134,DSI_3D,0,0.26369671151758184
OOD_1135,DSI_3D,0,0.6026453181006279
OOD_1136,DSI_3D,1,0.8574302235034957
OOD_1137,DSI_3D,1,0.2880427583067049
OOD_1138,DSI_3D,0,0.00022897443667044875
OOD_1139,DSI_3D,0,0.024006598134733832
OOD_1140,DSI_3D,1,0.5179395570177044
OOD_1141,DSI_3D,0,0.7601106634691585
OOD_1142,DSI_3D,0,0.37954798620568536
OOD_1143,DSI_3D,0,0.00047947183497585135
OOD_1144,DSI_3D,0,0.49048628134444433
OOD_1145,DSI_3D,0,0.00043819011387060064
OOD_1146,DSI_3D,0,0.47360922858700544
OOD_1147,DSI_3D,0,0.43619814525721673
OOD_1148,DSI_3D,0,0.024577820497249356
OOD_1149,DSI_3D,0,5.742892053465881e-13
OOD_1150,DSI_3D,1,0.7080850296158029
OOD_1151,DSI_3D,1,0.8258944672027262
OOD_1152,DSI_3D,0,0.660010566369224
OOD_1153,DSI_3D,0,0.5644135467186261
OOD_1154,DSI_3D,1,0.08622707673096237
OOD_1155,DSI_3D,0,6.692459877633839e-05
OOD_1156,DSI_3D,0,0.010806166467022288
OOD_1157,DSI_3D,1,0.7641170688739999
OOD_1158,DSI_3D,0,0.00059258941684673
OOD_1159,DSI_3D,0,7.480261753162689e-07
OOD_1160,DSI_3D,1,0.8403147192723909
OOD_1161,DSI_3D,1,0.8580299495689696
OOD_1162,DSI_3D,1,0.6323751117004947
OOD_1163,DSI_3D,1,0.8148354331418516
OOD_1164,DSI_3D,0,0.30675471050290976
OOD_1165,DSI_3D,0,0.6677394694238138
OOD_1166,DSI_3D,0,0.30151177373809
OOD_1167,DSI_3D,1,0.7401937440487988
OOD_1168,DSI_3D,0,0.6453473931160232
OOD_1169,DSI_3D,0,0.20418931994126766
OOD_1170,DSI_3D,0,0.020501396608373707
OOD_1171,DSI_3D,1,0.8568985060957046
OOD_1172,DSI_3D,0,0.024477321893528133
OOD_1173,DSI_3D,0,0.19512543626515447
OOD_1174,DSI_3D,0,0.019473115249568074
OOD_1175,DSI_3D,0,0.42089797450355
OOD_1176,DSI_3D,0,0.15984597369600176
OOD_1177,DSI_3D,0,0.013982044800964207
OOD_1178,DSI_3D,0,0.5704458799992934
OOD_1179,DSI_3D,0,0.0016721873300942947
OOD_1180,DSI_3D,1,0.8515156662312878
OOD_1181,DSI_3D,1,0.007745566002953832
OOD_1182,DSI_3D,0,0.10515212086722939
OOD_1183,DSI_3D,1,0.55501354168032
OOD_1184,DSI_3D,0,0.004137278242677564
OOD_1185,DSI_3D,0,0.32410085424289037
OOD_1186,DSI_3D,0,3.0225888685364993e-09
OOD_1187,DSI_3D,1,0.6342726670105694
OOD_1188,DSI_3D,1,0.11232315792481967
OOD_1189,DSI_3D,1,0.562460695805284
OOD_1190,DSI_3D,1,0.6355105135861084
OOD_1191,DSI_3D,0,1.9957079353220615e-09
OOD_1192,DSI_3D,0,0.14940053050361976
OOD_1193,DSI_3D,1,0.7528926161090412
OOD_1194,DSI_3D,0,0.0022354143864919723
OOD_1195,DSI_3D,0,0.4631096821418582
OOD_1196,DSI_3D,0,0.7005816019157064
OOD_1197,DSI_3D,0,0.14971173866295753
OOD_1198,DSI_3D,0,0.22870901028927354
OOD_1199,DSI_3D,1,0.4063149507955092
OOD_1200,DSI_3D,1,0.8014706807658077
OOD_1201,DSI_3D,1,0.16487011545531086
OOD_1202,DSI_3D,0,0.013007439983331457
OOD_1203,DSI_3D,1,0.7716285978458755
OOD_1204,DSI_3D,1,0.7946626294939524
OOD_1205,DSI_3D,1,0.6200035576439185
OOD_1206,DSI_3D,0,0.4022313347337499
OOD_1207,DSI_3D,0,0.11390158897067168
OOD_1208,DSI_3D,0,0.6680826261928929
OOD_1209,DSI_3D,0,0.00028956403802288304
OOD_1210,DSI_3D,0,0.1244597508685241
OOD_1211,DSI_3D,0,9.950511289151035e-05
OOD_1212,DSI_3D,0,6.900384604830748e-08
OOD_1213,DSI_3D,0,0.010950846182865287
OOD_1214,DSI_3D,0,0.41073093536771593
OOD_1215,DSI_3D,0,0.07165425426791165
OOD_1216,DSI_3D,0,0.15730275718897443
OOD_1217,DSI_3D,0,0.6463405686453707
OOD_1218,DSI_3D,0,0.5638846861729812
OOD_1219,DSI_3D,1,0.6780452127094053
OOD_1220,DSI_3D,1,0.1370700082244634
OOD_1221,DSI_3D,1,0.6116822314426172
OOD_1222,DSI_3D,0,0.00020208561353537
OOD_1223,DSI_3D,0,0.08613137398207739
OOD_1224,DSI_3D,0,0.3325744551729794
OOD_1225,DSI_3D,0,0.008639855327043708
OOD_1226,DSI_3D,1,0.07503559175096342
OOD_1227,DSI_3D,0,0.06670751674916243
OOD_1228,DSI_3D,0,0.10785909792737171
OOD_1229,DSI_3D,0,0.09211579235547752
OOD_1230,DSI_3D,1,0.6356213211687275
OOD_1231,DSI_3D,0,0.26669632520366754
OOD_1232,DSI_3D,1,0.8168199571594422
OOD_1233,DSI_3D,1,0.7824574786954213
OOD_1234,DSI_3D,1,0.7458409269645495
OOD_1235,DSI_3D,1,0.8386305928954946
OOD_1236,DSI_3D,0,0.09366859658080263
OOD_1237,DSI_3D,0,5.720723488537034e-07
OOD_1238,DSI_3D,1,0.2822743100670218
OOD_1239,DSI_3D,0,0.004230706827521327
OOD_1240,DSI_3D,1,0.06509525349495576
OOD_1241,DSI_3D,0,0.0022551121429920003
OOD_1242,DSI_3D,1,0.8607011979491425
OOD_1243,DSI_3D,1,0.7901873318604627
OOD_1244,DSI_3D,0,0.3328742043388759
OOD_1245,DSI_3D,1,0.8667127772295484
OOD_1246,DSI_3D,0,0.024732907707741572
OOD_1247,DSI_3D,0,0.04761257885883209
OOD_1248,DSI_3D,1,0.7155205499380064
OOD_1249,DSI_3D,0,0.006137527134757638
OOD_1250,DSI_3D,1,0.7479178620881027
OOD_1251,DSI_3D,0,0.04497587865371355
OOD_1252,DSI_3D,0,0.18256608789035164
OOD_1253,DSI_3D,0,9.137089877411735e-05
OOD_1254,DSI_3D,1,0.08247625835368601
OOD_1255,DSI_3D,0,0.5620251017394615
OOD_1256,DSI_3D,1,0.5869993440460749
OOD_1257,DSI_3D,1,0.8469142302863857
OOD_1258,DSI_3D,0,1.8418819613545557e-05
OOD_1259,DSI_3D,1,0.24919739418453812
OOD_1260,DSI_3D,0,0.22465513257237787
OOD_1261,DSI_3D,0,0.7631962622385345
OOD_1262,DSI_3D,0,0.09477716455479201
OOD_1263,DSI_3D,1,0.7532755975612051
OOD_1264,DSI_3D,0,0.6698535109178345
OOD_1265,DSI_3D,0,0.7293679648231373
OOD_1266,DSI_3D,0,0.0008213676813894195
OOD_1267,DSI_3D,1,0.2564218155136425
OOD_1268,DSI_3D,0,0.0805638183844681
OOD_1269,DSI_3D,1,0.7683434988354421
OOD_1270,DSI_3D,1,0.6892939499417513
OOD_1271,DSI_3D,0,0.002663330364021102
OOD_1272,DSI_3D,1,0.8147369006045484
OOD_1273,DSI_3D,1,0.8615000626377801
OOD_1274,DSI_3D,1,0.8069506029430394
OOD_1275,DSI_3D,1,0.011047579772507131
OOD_1276,DSI_3D,0,0.001241714413683077
OOD_1277,DSI_3D,0,0.1856722056333105
OOD_1278,DSI_3D,1,0.005012710989798795
OOD_1279,DSI_3D,0,1.1464551821090369e-06
OOD_1280,DSI_3D,1,0.7654563465836678
OOD_1281,DSI_3D,1,0.6023804738454644
OOD_1282,DSI_3D,1,0.8527462052046361
OOD_1283,DSI_3D,0,0.07956746892520825
OOD_1284,DSI_3D,0,0.5819560369295689
OOD_1285,DSI_3D,0,0.041710741678479234
OOD_1286,DSI_3D,1,0.40510828314465824
OOD_1287,DSI_3D,0,0.05033897340971694
OOD_1288,DSI_3D,1,0.82362653350914
OOD_1289,DSI_3D,0,0.005628062802786432
OOD_1290,DSI_3D,0,0.08000949879394562
OOD_1291,DSI_3D,1,0.09451941442830555
OOD_1292,DSI_3D,0,0.7282440723703347
OOD_1293,DSI_3D,0,2.732727720799641e-09
OOD_1294,DSI_3D,0,0.0006418036872718867
OOD_1295,DSI_3D,0,0.001366072082217802
OOD_1296,DSI_3D,0,0.1338154568961133
OOD_1297,DSI_3D,0,0.7976646066220677
OOD_1298,DSI_3D,1,0.3907128379747866
OOD_1299,DSI_3D,0,0.026920076472070134
OOD_1300,DSI_3D,0,0.268137522134363
OOD_1301,DSI_3D,0,0.5879203512652518
OOD_1302,DSI_3D,0,5.505260387932084e-05
OOD_1303,DSI_3D,1,0.5881418046365645
OOD_1304,DSI_3D,1,0.8153858907909535
OOD_1305,DSI_3D,0,0.034367110114941576
OOD_1306,DSI_3D,1,0.7348483918307599
OOD_1307,DSI_3D,0,0.17041750228058794
OOD_1308,DSI_3D,1,0.6929303122148931
OOD_1309,DSI_3D,0,0.6074851420118489
OOD_1310,DSI_3D,0,0.0022857253458204046
OOD_1311,DSI_3D,0,0.6672544150359692
OOD_1312,DSI_3D,1,0.4524604468072625
OOD_1313,DSI_3D,0,0.22251740350383942
OOD_1314,DSI_3D,0,0.5053206810052451
OOD_1315,DSI_3D,0,1.4330390122656536e-05
OOD_1316,DSI_3D,0,0.4868794323924861
OOD_1317,DSI_3D,0,0.00518491334613617
OOD_1318,DSI_3D,0,0.0002416417610941795
OOD_1319,DSI_3D,1,0.14325281222942607
OOD_1320,DSI_3D,0,9.026929078733364e-12
OOD_1321,DSI_3D,1,0.49795782892347124
OOD_1322,DSI_3D,0,0.22786150691050683
OOD_1323,DSI_3D,0,0.33297302051148836
OOD_1324,DSI_3D,1,0.7896437025187938
OOD_1325,DSI_3D,0,0.09609828422252681
OOD_1326,DSI_3D,1,0.8824449991439012
OOD_1327,DSI_3D,1,0.7825964960826173
OOD_1328,DSI_3D,0,0.38113035365840925
OOD_1329,DSI_3D,0,0.5298237023961622
OOD_1330,DSI_3D,1,0.7713051213158489
OOD_1331,DSI_3D,0,0.013451821672552164
OOD_1332,DSI_3D,0,0.304481489631987
OOD_1333,DSI_3D,0,0.6750192354879098
OOD_1334,DSI_3D,1,0.5963626547811756
OOD_1335,DSI_3D,0,0.0336570279261197
OOD_1336,DSI_3D,1,0.5961832212670718
OOD_1337,DSI_3D,0,0.24768035760607982
OOD_1338,DSI_3D,1,0.7852068657350058
OOD_1339,DSI_3D,0,2.0017336756517317e-09
OOD_1340,DSI_3D,1,0.8195799016198422
OOD_1341,DSI_3D,0,0.002104531569010954
OOD_1342,DSI_3D,0,0.4853718807137736
OOD_1343,DSI_3D,1,0.0648246191812943
OOD_1344,DSI_3D,0,5.9787131129109966e-05
OOD_1345,DSI_3D,1,0.7577935538871631
OOD_1346,DSI_3D,1,0.032774597829022985
OOD_1347,DSI_3D,0,0.015197368767751998
OOD_1348,DSI_3D,1,0.3909596481792729
OOD_1349,DSI_3D,1,0.7656120275037329
OOD_1350,DSI_3D,0,0.48424479294828754
OOD_1351,DSI_3D,0,0.47733494609957666
OOD_1352,DSI_3D,1,0.29642900179790704
OOD_1353,DSI_3D,0,4.5489749209926837e-10
OOD_1354,DSI_3D,0,0.33398197009828345
OOD_1355,DSI_3D,0,0.06776059658559384
OOD_1356,DSI_3D,0,5.9184637619598575e-15
OOD_1357,DSI_3D,1,0.8698048075800866
OOD_1358,DSI_3D,0,0.2839415223844558
OOD_1359,DSI_3D,0,0.3588793283861027
OOD_1360,DSI_3D,0,0.003436242380238083
OOD_1361,DSI_3D,0,3.926230027707086e-12
OOD_1362,DSI_3D,0,1.4500283899293279e-08
OOD_1363,DSI_3D,1,0.20717141592311278
OOD_1364,DSI_3D,0,0.24342816513142224
OOD_1365,DSI_3D,0,0.0005384026770325336
OOD_1366,DSI_3D,0,4.2453308003107785e-10
OOD_1367,DSI_3D,1,0.8550109547021081
OOD_1368,DSI_3D,1,0.39968287532431024
OOD_1369,DSI_3D,0,0.5730242178081433
OOD_1370,DSI_3D,1,0.22213247345718895
OOD_1371,DSI_3D,0,0.4867054682989959
OOD_1372,DSI_3D,0,0.025624520485326395
OOD_1373,DSI_3D,0,0.014670829477515015
OOD_1374,DSI_3D,0,0.38413605524726513
OOD_1375,DSI_3D,1,0.8501806194725577
OOD_1376,DSI_3D,1,0.7645204672699069
OOD_1377,DSI_3D,0,0.005420149786668116
OOD_1378,DSI_3D,0,0.04843316285554031
OOD_1379,DSI_3D,0,0.07352758527173592
OOD_1380,DSI_3D,0,0.1309645701245796
OOD_1381,DSI_3D,1,0.7767528938526175
OOD_1382,DSI_3D,0,0.3095467893489188
OOD_1383,DSI_3D,1,0.1598881960997074
OOD_1384,DSI_3D,0,0.3979481532411376
OOD_1385,DSI_3D,1,0.715464029205316
OOD_1386,DSI_3D,0,0.03707423603407977
OOD_1387,DSI_3D,1,0.5941884246904909
OOD_1388,DSI_3D,0,0.1688536515289443
OOD_1389,DSI_3D,0,0.6355559716512368
OOD_1390,DSI_3D,0,0.7769687031470579
OOD_1391,DSI_3D,0,0.00034531358081274754
OOD_1392,DSI_3D,1,0.7729582640131546
OOD_1393,DSI_3D,0,0.7141772019271392
OOD_1394,DSI_3D,0,0.008070734745120843
OOD_1395,DSI_3D,0,0.05291610717920621
OOD_1396,DSI_3D,0,1.2739162784387459e-09
OOD_1397,DSI_3D,0,0.5647453675802449
OOD_1398,DSI_3D,0,0.0507385731914292
OOD_1399,DSI_3D,1,0.5362108040186306
OOD_1400,DSI_3D,0,0.0011392959786993369
OOD_1401,DSI_3D,0,0.0009894182647843083
OOD_1402,DSI_3D,0,8.168988216768594e-09
OOD_1403,DSI_3D,1,0.8181727895343477
OOD_1404,DSI_3D,0,0.00020281459735697178
OOD_1405,DSI_3D,1,0.7135760574722597
OOD_1406,DSI_3D,0,0.4138539526864763
OOD_1407,DSI_3D,1,0.8520286549642714
OOD_1408,DSI_3D,1,0.8348470701422188
OOD_1409,DSI_3D,0,0.13376450638476822
OOD_1410,DSI_3D,1,0.341352210510811
OOD_1411,DSI_3D,0,0.0003821181700005539
OOD_1412,DSI_3D,1,0.019488889365068842
OOD_1413,DSI_3D,0,0.047796829754823314
OOD_1414,DSI_3D,0,0.019203503266711452
OOD_1415,DSI_3D,0,0.12752902583407597
OOD_1416,DSI_3D,1,0.8524881323372896
OOD_1417,DSI_3D,0,0.0001932349122926206
OOD_1418,DSI_3D,0,0.6556419955907328
OOD_1419,DSI_3D,0,0.5809151681861329
OOD_1420,DSI_3D,0,0.06189480583497481
OOD_1421,DSI_3D,0,0.6165626859100231
OOD_1422,DSI_3D,1,0.7589571045425636
OOD_1423,DSI_3D,0,0.313956861381214
OOD_1424,DSI_3D,0,0.6164257050007617
OOD_1425,DSI_3D,0,0.43818634605244206
OOD_1426,DSI_3D,1,0.5713720626564377
OOD_1427,DSI_3D,0,0.7322585287083682
OOD_1428,DSI_3D,0,0.6588415176161909
OOD_1429,DSI_3D,0,0.7320857440256724
OOD_1430,DSI_3D,0,0.06974690756449192
OOD_1431,DSI_3D,0,3.6793363237412326e-07
OOD_1432,DSI_3D,0,0.0036251256900192543
OOD_1433,DSI_3D,0,2.7963594742899697e-05
OOD_1434,DSI_3D,1,0.0003631255694810925
OOD_1435,DSI_3D,1,0.6700892784692696
OOD_1436,DSI_3D,1,0.6211778381026705
OOD_1437,DSI_3D,0,4.4765640839310685e-07
OOD_1438,DSI_3D,0,0.001863561865835451
OOD_1439,DSI_3D,1,0.8330659165988065
OOD_1440,DSI_3D,1,0.7425440608679115
OOD_1441,DSI_3D,1,0.8547461041065357
OOD_1442,DSI_3D,0,0.16143403198904097
OOD_1443,DSI_3D,1,0.768612923689937
OOD_1444,DSI_3D,0,0.6116945162914936
OOD_1445,DSI_3D,0,8.921914243128847e-05
OOD_1446,DSI_3D,1,0.000529034253092036
OOD_1447,DSI_3D,0,0.4926507025740958
OOD_1448,DSI_3D,0,1.34835163179213e-07
OOD_1449,DSI_3D,0,1.6379749661647377e-08
OOD_1450,DSI_3D,0,0.5958624522181774
OOD_1451,DSI_3D,0,0.11226728328334785
OOD_1452,DSI_3D,1,0.7970123809130647
OOD_1453,DSI_3D,0,0.05767362995802794
OOD_1454,DSI_3D,0,0.17830262981718917
OOD_1455,DSI_3D,1,0.8465105607210675
OOD_1456,DSI_3D,0,1.0249793860420501e-10
OOD_1457,DSI_3D,1,0.44271186915331223
OOD_1458,DSI_3D,0,0.1924148564159238
OOD_1459,DSI_3D,0,0.31158427754393603
OOD_1460,DSI_3D,0,0.7923308401479511
OOD_1461,DSI_3D,1,0.8515079657929078
OOD_1462,DSI_3D,0,0.4193158350478925
OOD_1463,DSI_3D,0,0.0010617646369690504
OOD_1464,DSI_3D,1,0.3639975621977677
OOD_1465,DSI_3D,1,0.4907386235869356
OOD_1466,DSI_3D,0,0.42899512558137687
OOD_1467,DSI_3D,0,0.49385690590508935
OOD_1468,DSI_3D,0,0.1453232808339307
OOD_1469,DSI_3D,0,0.32093346886203794
OOD_1470,DSI_3D,0,0.7265305560662867
OOD_1471,DSI_3D,1,0.8074626171429469
OOD_1472,DSI_3D,1,0.8527716921549284
OOD_1473,DSI_3D,0,0.2749940737658697
OOD_1474,DSI_3D,1,0.811058659420763
OOD_1475,DSI_3D,1,0.848466667006929
OOD_1476,DSI_3D,0,0.3432930251949555
OOD_1477,DSI_3D,0,0.016704141441736507
OOD_1478,DSI_3D,0,0.6669091334046049
OOD_1479,DSI_3D,0,0.005972246891191232
OOD_1480,DSI_3D,1,0.7427251297395493
OOD_1481,DSI_3D,0,0.25560546088801944
OOD_1482,DSI_3D,0,0.06318911989948009
OOD_1483,DSI_3D,1,0.501308622841258
OOD_1484,DSI_3D,0,0.029881861093951845
OOD_1485,DSI_3D,0,0.32348717391812887
OOD_1486,DSI_3D,0,1.0842114031949044e-09
OOD_1487,DSI_3D,0,8.77744130052012e-08
OOD_1488,DSI_3D,1,0.7053786894574636
OOD_1489,DSI_3D,0,0.7483395571236663
OOD_1490,DSI_3D,1,0.6958432449495534
OOD_1491,DSI_3D,0,0.011767955463725919
OOD_1492,DSI_3D,0,0.00016080897343062937
OOD_1493,DSI_3D,1,0.8589321769852691
OOD_1494,DSI_3D,0,3.634721966993322e-08
OOD_1495,DSI_3D,0,0.1119582078267297
OOD_1496,DSI_3D,1,0.8450130688013688
OOD_1497,DSI_3D,0,0.2516914934771796
OOD_1498,DSI_3D,1,0.02565517234149334
OOD_1499,DSI_3D,1,0.8057643763845901
OOD_1500,DSI_3D,0,3.2967597289982054e-06
OOD_1501,DSI_3D,1,0.8188655628258588
OOD_1502,DSI_3D,0,0.04095001768342801
OOD_1503,DSI_3D,1,0.8739441070611023
OOD_1504,DSI_3D,1,0.8300291366107105
OOD_1505,DSI_3D,1,0.8612571524310669
OOD_1506,DSI_3D,0,4.534310153261777e-08
OOD_1507,DSI_3D,0,0.00016598212657912106
OOD_1508,DSI_3D,0,0.2839725810660968
OOD_1509,DSI_3D,1,7.23192931992172e-05
OOD_1510,DSI_3D,0,0.7347499549928399
OOD_1511,DSI_3D,0,0.0012509774547800625
OOD_1512,DSI_3D,1,0.8289018244809169
OOD_1513,DSI_3D,0,0.008325894276227841
OOD_1514,DSI_3D,0,0.0035088916801090213
OOD_1515,DSI_3D,1,0.631297891080961
OOD_1516,DSI_3D,1,0.7959658129211689
OOD_1517,DSI_3D,1,0.7780085080339706
OOD_1518,DSI_3D,0,6.314609580933406e-07
OOD_1519,DSI_3D,0,0.2715447015107181
OOD_1520,DSI_3D,0,0.36052747863587165
OOD_1521,DSI_3D,0,0.09331850107646206
OOD_1522,DSI_3D,0,0.0003693325064955987
OOD_1523,DSI_3D,0,0.06185815863938372
OOD_1524,DSI_3D,1,0.7643889739964271
OOD_1525,DSI_3D,1,0.013768419557842282
OOD_1526,DSI_3D,1,0.8500392263408674
OOD_1527,DSI_3D,1,0.7994587347540867
OOD_1528,DSI_3D,0,0.3176099381082653
OOD_1529,DSI_3D,1,0.5815781233612258
OOD_1530,DSI_3D,1,0.3902359579084247
OOD_1531,DSI_3D,1,0.8343684162655935
OOD_1532,DSI_3D,1,0.6420366896024023
OOD_1533,DSI_3D,0,0.6396538789682379
OOD_1534,DSI_3D,0,0.00018160872925354575
OOD_1535,DSI_3D,1,0.6530018950232307
OOD_1536,DSI_3D,0,0.40622405740572165
OOD_1537,DSI_3D,1,0.6473639010540005
OOD_1538,DSI_3D,1,0.00893262658072066
OOD_1539,DSI_3D,1,0.7120626572895707
OOD_1540,DSI_3D,0,0.6489127131469381
OOD_1541,DSI_3D,1,0.3838690722635637
OOD_1542,DSI_3D,0,1.8079321839836283e-06
OOD_1543,DSI_3D,1,0.7806835463430182
OOD_1544,DSI_3D,0,0.11108567065991583
OOD_1545,DSI_3D,0,0.02008280143193195
OOD_1546,DSI_3D,1,0.7635371696466603
OOD_1547,DSI_3D,0,0.00665898336960411
OOD_1548,DSI_3D,1,0.7725370922525066
OOD_1549,DSI_3D,1,0.7491884737336908
OOD_1550,DSI_3D,0,0.10671233161148709
OOD_1551,DSI_3D,0,0.6034062562814629
OOD_1552,DSI_3D,0,0.6841996138335827
OOD_1553,DSI_3D,0,0.14179074090185972
OOD_1554,DSI_3D,1,0.6726707565416726
OOD_1555,DSI_3D,0,0.5154368902218465
OOD_1556,DSI_3D,0,0.008700016825675325
OOD_1557,DSI_3D,0,0.5859152885748742
OOD_1558,DSI_3D,1,0.8048765336478099
OOD_1559,DSI_3D,0,0.013588231558368172
OOD_1560,DSI_3D,0,0.14107356544924526
OOD_1561,DSI_3D,1,0.5014892659568849
OOD_1562,DSI_3D,1,0.7900257793974783
OOD_1563,DSI_3D,0,0.05312520969973908
OOD_1564,DSI_3D,0,0.21585145699313824
OOD_1565,DSI_3D,0,0.003978528985032002
OOD_1566,DSI_3D,1,0.8732506402613565
OOD_1567,DSI_3D,0,0.3673548156268142
OOD_1568,DSI_3D,0,0.46898266305208536
OOD_1569,DSI_3D,0,0.34614738076399215
OOD_1570,DSI_3D,0,0.0006814711208946808
OOD_1571,DSI_3D,0,0.0073634003516690905
OOD_1572,DSI_3D,0,1.7147741492209493e-07
OOD_1573,DSI_3D,0,0.22916385978649959
OOD_1574,DSI_3D,0,0.6347927848865088
OOD_1575,DSI_3D,0,0.6751651103219869
OOD_1576,DSI_3D,0,0.006341057951089961
OOD_1577,DSI_3D,0,0.00034329111246215706
OOD_1578,DSI_3D,0,8.055721951020349e-07
OOD_1579,DSI_3D,1,0.24977325947984547
OOD_1580,DSI_3D,1,0.7400103858457044
OOD_1581,DSI_3D,0,0.0646872983678616
OOD_1582,DSI_3D,0,0.303981065130369
OOD_1583,DSI_3D,1,0.8645326651849051
OOD_1584,DSI_3D,0,0.4621507997601595
OOD_1585,DSI_3D,0,5.502502832159567e-07
OOD_1586,DSI_3D,1,0.6985191491466382
OOD_1587,DSI_3D,1,0.7619414362775538
OOD_1588,DSI_3D,0,0.3408364538376721
OOD_1589,DSI_3D,1,0.7773784011117949
OOD_1590,DSI_3D,1,0.8548477400095962
OOD_1591,DSI_3D,0,4.3935977812146424e-06
OOD_1592,DSI_3D,0,0.05968667069446882
OOD_1593,DSI_3D,1,0.8325958566195376
OOD_1594,DSI_3D,0,0.08232874599660595
OOD_1595,DSI_3D,1,0.7206146713052731
OOD_1596,DSI_3D,1,0.8292809128423893
OOD_1597,DSI_3D,0,0.23646040084866168
OOD_1598,DSI_3D,1,0.5833408246829884
OOD_1599,DSI_3D,0,0.4715902955755412
OOD_1600,DSI_3D,1,0.15257704918967846
OOD_1601,DSI_3D,0,0.04615625248881217
OOD_1602,DSI_3D,1,0.0031948024852687007
OOD_1603,DSI_3D,1,0.8374128301274731
OOD_1604,DSI_3D,1,0.8466735966282145
OOD_1605,DSI_3D,1,0.6666353411931588
OOD_1606,DSI_3D,0,4.871453699467913e-05
OOD_1607,DSI_3D,0,0.33247232679682576
OOD_1608,DSI_3D,1,0.5159075429308545
OOD_1609,DSI_3D,0,0.5192587467378774
OOD_1610,DSI_3D,0,0.021543792723584688
OOD_1611,DSI_3D,0,0.46027878120254634
OOD_1612,DSI_3D,1,0.8232690916007894
OOD_1613,DSI_3D,0,4.817561142993733e-07
OOD_1614,DSI_3D,0,0.1921984185202186
OOD_1615,DSI_3D,1,0.752489793753512
OOD_1616,DSI_3D,1,0.8540887443188527
OOD_1617,DSI_3D,0,0.09080294020286075
OOD_1618,DSI_3D,1,0.7918985685296681
OOD_1619,DSI_3D,0,0.7045976611195902
OOD_1620,DSI_3D,1,0.7297664932866286
OOD_1621,DSI_3D,1,0.7857044800873533
OOD_1622,DSI_3D,1,0.8377341945682051
OOD_1623,DSI_3D,1,0.8710888653225057
OOD_1624,DSI_3D,1,0.8306532189902824
OOD_1625,DSI_3D,0,0.2563287531200686
OOD_1626,DSI_3D,0,0.0010021170925338877
OOD_1627,DSI_3D,0,0.006924848056343967
OOD_1628,DSI_3D,1,0.05237397955906901
OOD_1629,DSI_3D,0,0.5823562606849081
OOD_1630,DSI_3D,0,0.05291526595735008
OOD_1631,DSI_3D,1,0.6707375590568987
OOD_1632,DSI_3D,0,0.42978836855885455
OOD_1633,DSI_3D,1,0.7496285643730592
OOD_1634,DSI_3D,0,0.7108197199408539
OOD_1635,DSI_3D,1,0.6161234490807013
OOD_1636,DSI_3D,0,0.0006145247389757561
OOD_1637,DSI_3D,1,0.6503069916199806
OOD_1638,DSI_3D,1,0.8591794289198249
OOD_1639,DSI_3D,1,0.8499885414755098
OOD_1640,DSI_3D,0,0.26494984235967906
OOD_1641,DSI_3D,0,1.6571185583702195e-10
OOD_1642,DSI_3D,0,0.7552428735239997
OOD_1643,DSI_3D,0,0.16049341545774545
OOD_1644,DSI_3D,1,0.7025919648007847
OOD_1645,DSI_3D,0,4.8893878728866014e-06
OOD_1646,DSI_3D,1,0.06197216124805137
OOD_1647,DSI_3D,1,0.7496401428558462
OOD_1648,DSI_3D,0,0.282805948889587
OOD_1649,DSI_3D,1,0.584443503904983
OOD_1650,DSI_3D,0,0.0011678432888639965
OOD_1651,DSI_3D,0,6.252529545836066e-06
OOD_1652,DSI_3D,1,0.5335032860856729
OOD_1653,DSI_3D,0,0.2530145282787514
OOD_1654,DSI_3D,1,0.8591419003015338
OOD_1655,DSI_3D,0,0.2219986618202786
OOD_1656,DSI_3D,1,0.5199896103909815
OOD_1657,DSI_3D,0,0.23769950166702564
OOD_1658,DSI_3D,0,5.4687722939527615e-09
OOD_1659,DSI_3D,0,0.007349199509783309
OOD_1660,DSI_3D,0,0.0694172790444718
OOD_1661,DSI_3D,0,0.2691109751428477
OOD_1662,DSI_3D,1,0.3783451214273722
OOD_1663,DSI_3D,0,5.504584099720863e-06
OOD_1664,DSI_3D,0,0.020519281611279586
OOD_1665,DSI_3D,0,0.10221457918357489
OOD_1666,DSI_3D,1,0.0004840339598633814
OOD_1667,DSI_3D,0,0.0008409973812074652
OOD_1668,DSI_3D,1,0.8296863488653408
OOD_1669,DSI_3D,0,0.0008405880069537788
OOD_1670,DSI_3D,0,0.00994323366417758
OOD_1671,DSI_3D,1,0.020915911488377636
OOD_1672,DSI_3D,0,0.004068740745687428
OOD_1673,DSI_3D,0,1.468306163106608e-11
OOD_1674,DSI_3D,0,0.5040601754304397
OOD_1675,DSI_3D,0,0.05137066956225222
OOD_1676,DSI_3D,0,2.338856169985405e-21
OOD_1677,DSI_3D,1,0.7043051567198356
OOD_1678,DSI_3D,0,0.1702345379442861
OOD_1679,DSI_3D,1,0.8116165785467834
OOD_1680,DSI_3D,0,0.10291441106274211
OOD_1681,DSI_3D,0,0.018955287612338244
OOD_1682,DSI_3D,0,8.003156975774839e-07
OOD_1683,DSI_3D,1,0.004448733955741826
OOD_1684,DSI_3D,0,0.38240589307833345
OOD_1685,DSI_3D,0,0.5554649099564053
OOD_1686,DSI_3D,0,0.0018267487817234824
OOD_1687,DSI_3D,0,0.023902064655967926
OOD_1688,DSI_3D,0,0.06603413859447278
OOD_1689,DSI_3D,1,0.8532003923477891
OOD_1690,DSI_3D,0,0.4390309583333446
OOD_1691,DSI_3D,1,0.5877785420989644
OOD_1692,DSI_3D,1,0.7406893983888818
OOD_1693,DSI_3D,1,0.5795295955996816
OOD_1694,DSI_3D,1,0.8291658314689058
OOD_1695,DSI_3D,0,0.661253411983334
OOD_1696,DSI_3D,0,0.00011868617606600917
OOD_1697,DSI_3D,0,3.3138198619775175e-05
OOD_1698,DSI_3D,0,0.026658611092114783
OOD_1699,DSI_3D,1,0.7987516394345473
OOD_1700,DSI_3D,1,0.7910211287907885
OOD_1701,DSI_3D,0,4.341756847170751e-06
OOD_1702,DSI_3D,0,0.7585255101024793
OOD_1703,DSI_3D,0,0.00018521204368517985
OOD_1704,DSI_3D,1,0.4587952832945772
OOD_1705,DSI_3D,0,0.03813858608325773
OOD_1706,DSI_3D,0,0.44685878568710863
OOD_1707,DSI_3D,1,0.5484606791338918
OOD_1708,DSI_3D,0,0.039896606034231695
OOD_1709,DSI_3D,0,0.07739076442128809
OOD_1710,DSI_3D,0,0.1275335272362497
OOD_1711,DSI_3D,1,0.036759314725209505
OOD_1712,DSI_3D,1,0.16248521934519272
OOD_1713,DSI_3D,0,0.09362597545433105
OOD_1714,DSI_3D,0,0.503095093645462
OOD_1715,DSI_3D,1,0.5510260422835445
OOD_1716,DSI_3D,0,0.020154739795862676
OOD_1717,DSI_3D,0,0.0020582625554884898
OOD_1718,DSI_3D,0,0.5239553614254066
OOD_1719,DSI_3D,1,0.4381675456245114
OOD_1720,DSI_3D,1,0.002501799484788395
OOD_1721,DSI_3D,0,0.5142560876506329
OOD_1722,DSI_3D,1,0.02880058418879141
OOD_1723,DSI_3D,0,0.2256958051536798
OOD_1724,DSI_3D,0,0.009439288433677117
OOD_1725,DSI_3D,0,0.37253820536546167
OOD_1726,DSI_3D,1,0.8030157314543296
OOD_1727,DSI_3D,0,0.6133627992762473
OOD_1728,DSI_3D,0,0.38031471792199395
OOD_1729,DSI_3D,0,4.262511324645603e-05
OOD_1730,DSI_3D,0,0.13163801466631692
OOD_1731,DSI_3D,0,0.06266400229109319
OOD_1732,DSI_3D,0,0.739313969241524
OOD_1733,DSI_3D,0,0.00011216170417861468
OOD_1734,DSI_3D,0,0.14693020473159282
OOD_1735,DSI_3D,0,0.09188510609880111
OOD_1736,DSI_3D,1,0.6576166233906826
OOD_1737,DSI_3D,0,0.48264432450981554
OOD_1738,DSI_3D,0,0.44115423882093235
OOD_1739,DSI_3D,1,0.5581229113975603
OOD_1740,DSI_3D,1,0.7671764574045509
OOD_1741,DSI_3D,0,0.002055190567901579
OOD_1742,DSI_3D,0,0.4010526950763939
OOD_1743,DSI_3D,0,0.5582390396626291
OOD_1744,DSI_3D,1,0.003109077147975807
OOD_1745,DSI_3D,0,3.3340564223576974e-05
OOD_1746,DSI_3D,1,0.7367208290488044
OOD_1747,DSI_3D,0,0.6204720527468557
OOD_1748,DSI_3D,1,0.6183066356308923
OOD_1749,DSI_3D,1,0.7868084772210142
OOD_1750,DSI_3D,0,0.12387531866713122
OOD_1751,DSI_3D,0,0.0022476164837676926
OOD_1752,DSI_3D,0,0.03081241019588473
OOD_1753,DSI_3D,0,0.0008979579762881733
OOD_1754,DSI_3D,0,0.12477113389542956
OOD_1755,DSI_3D,0,0.0002067305014389633
OOD_1756,DSI_3D,1,0.8277053463195764
OOD_1757,DSI_3D,1,0.16131395506214258
OOD_1758,DSI_3D,0,0.020081342602342962
OOD_1759,DSI_3D,0,0.17751282413592312
OOD_1760,DSI_3D,1,0.40942442590226064
OOD_1761,DSI_3D,1,0.7829904322697083
OOD_1762,DSI_3D,0,0.16185777356453876
OOD_1763,DSI_3D,0,0.46205689188642185
OOD_1764,DSI_3D,0,0.3241001085503867
OOD_1765,DSI_3D,1,0.03772030410017241
OOD_1766,DSI_3D,1,0.7904366384399074
OOD_1767,DSI_3D,1,0.7818847686549988
OOD_1768,DSI_3D,0,0.01097993337357159
OOD_1769,DSI_3D,0,0.0006668068277154027
OOD_1770,DSI_3D,0,5.480060412995802e-10
OOD_1771,DSI_3D,0,0.6047842483436805
OOD_1772,DSI_3D,0,8.471109543628627e-13
OOD_1773,DSI_3D,0,0.0011665448459384975
OOD_1774,DSI_3D,0,0.209133577035022
OOD_1775,DSI_3D,0,0.6789908678697846
OOD_1776,DSI_3D,0,0.32900209214325693
OOD_1777,DSI_3D,0,0.0161750004646022
OOD_1778,DSI_3D,1,0.30799638447116007
OOD_1779,DSI_3D,0,0.0029297724371913176
OOD_1780,DSI_3D,1,0.804489767262123
OOD_1781,DSI_3D,0,0.00010743731798961724
OOD_1782,DSI_3D,1,0.8553472589241171
OOD_1783,DSI_3D,0,0.07381309614534959
OOD_1784,DSI_3D,1,0.8293487509405056
OOD_1785,DSI_3D,1,0.8346223571805808
OOD_1786,DSI_3D,0,0.3259778771496054
OOD_1787,DSI_3D,0,0.120808131104228
OOD_1788,DSI_3D,0,5.203977520973768e-08
OOD_1789,DSI_3D,0,0.0024407023965645758
OOD_1790,DSI_3D,0,1.5952162651075675e-05
OOD_1791,DSI_3D,0,0.6407733961759069
OOD_1792,DSI_3D,0,0.0014081784852944415
OOD_1793,DSI_3D,0,6.040698101572709e-08
OOD_1794,DSI_3D,1,0.48970467848537275
OOD_1795,DSI_3D,1,0.010162670911393598
OOD_1796,DSI_3D,0,0.513446237122059
OOD_1797,DSI_3D,0,0.5920597117074315
OOD_1798,DSI_3D,0,6.427369840243698e-05
OOD_1799,DSI_3D,0,0.003755314078535599
OOD_1800,DSI_3D,0,0.07481571611663035
OOD_1801,DSI_3D,1,0.7465214165378071
OOD_1802,DSI_3D,1,0.7112254953485297
OOD_1803,DSI_3D,1,0.708649988008493
OOD_1804,DSI_3D,1,0.7126322222900056
OOD_1805,DSI_3D,0,0.021073602726349422
OOD_1806,DSI_3D,0,0.4071588909450767
OOD_1807,DSI_3D,0,7.683713892790534e-06
OOD_1808,DSI_3D,1,0.8327985644501538
OOD_1809,DSI_3D,0,0.0009540740130290037
OOD_1810,DSI_3D,0,0.0009015051510719284
OOD_1811,DSI_3D,0,4.946326921204273e-05
OOD_1812,DSI_3D,0,5.877482921634103e-06
OOD_1813,DSI_3D,0,0.02568810456724058
OOD_1814,DSI_3D,0,0.11945480241513298
OOD_1815,DSI_3D,1,0.6447754851632372
OOD_1816,DSI_3D,0,1.9744908566569706e-09
OOD_1817,DSI_3D,1,0.5781856401103367
OOD_1818,DSI_3D,0,0.05722026728135315
OOD_1819,DSI_3D,0,0.09259814104837782
OOD_1820,DSI_3D,1,0.8131518211951765
OOD_1821,DSI_3D,1,0.759484963110272
OOD_1822,DSI_3D,1,0.2041961907991813
OOD_1823,DSI_3D,0,0.35733542802770085
OOD_1824,DSI_3D,1,0.8332500676350243
OOD_1825,DSI_3D,0,0.5332901891437737
OOD_1826,DSI_3D,0,2.2525742067746515e-10
OOD_1827,DSI_3D,0,2.6052486336657966e-09
OOD_1828,DSI_3D,0,0.7294778463378294
OOD_1829,DSI_3D,1,0.2422985446951676
OOD_1830,DSI_3D,1,0.7674790671697403
OOD_1831,DSI_3D,0,0.05419173204329808
OOD_1832,DSI_3D,0,0.4108983650561761
OOD_1833,DSI_3D,0,0.07654766050067922
OOD_1834,DSI_3D,1,0.6621269656902501
OOD_1835,DSI_3D,0,0.11354530104615812
OOD_1836,DSI_3D,1,0.5474683125267091
OOD_1837,DSI_3D,1,0.8384111378252573
OOD_1838,DSI_3D,1,0.7806695891473703
OOD_1839,DSI_3D,0,0.16906921217393864
OOD_1840,DSI_3D,0,0.006077831102817608
OOD_1841,DSI_3D,1,0.2500233239650122
OOD_1842,DSI_3D,1,0.8652188831284147
OOD_1843,DSI_3D,1,0.5496664344096664
OOD_1844,DSI_3D,1,0.12316850774568013
OOD_1845,DSI_3D,0,2.2953148960087703e-06
OOD_1846,DSI_3D,1,0.8660639272023877
OOD_1847,DSI_3D,0,2.0038326987953963e-07
OOD_1848,DSI_3D,1,0.6944767970953918
OOD_1849,DSI_3D,1,0.8387837099815203
OOD_1850,DSI_3D,0,0.718910998742399
OOD_1851,DSI_3D,1,0.0120297307400087
OOD_1852,DSI_3D,0,7.04370015499096e-05
OOD_1853,DSI_3D,0,0.012166175686372216
OOD_1854,DSI_3D,0,3.5107903388298706e-06
OOD_1855,DSI_3D,0,0.42645916925732014
OOD_1856,DSI_3D,1,0.6454091556099654
OOD_1857,DSI_3D,1,0.5621305832941587
OOD_1858,DSI_3D,0,0.17570548099915215
OOD_1859,DSI_3D,0,0.01856044951146588
OOD_1860,DSI_3D,0,0.5004658207380598
OOD_1861,DSI_3D,1,0.7549209512603774
OOD_1862,DSI_3D,0,0.010023468446357795
OOD_1863,DSI_3D,1,0.8722554846444613
OOD_1864,DSI_3D,1,0.38469235742665947
OOD_1865,DSI_3D,0,0.2311199534239121
OOD_1866,DSI_3D,0,0.01676185725496423
OOD_1867,DSI_3D,0,1.0005818965490303e-09
OOD_1868,DSI_3D,0,8.303206184620458e-07
OOD_1869,DSI_3D,1,0.00015062214174467909
OOD_1870,DSI_3D,1,0.6066138531961716
OOD_1871,DSI_3D,1,0.5486488226200539
OOD_1872,DSI_3D,1,0.8565514376563432
OOD_1873,DSI_3D,0,0.6797963855266065
OOD_1874,DSI_3D,1,0.6116861732810954
OOD_1875,DSI_3D,1,0.8200910209633918
OOD_1876,DSI_3D,1,0.79917328645705
OOD_1877,DSI_3D,0,0.7085736414236917
OOD_1878,DSI_3D,1,0.3121297738572995
OOD_1879,DSI_3D,0,0.37030106438442895
OOD_1880,DSI_3D,0,0.0017199614774916299
OOD_1881,DSI_3D,1,0.7907750001991871
OOD_1882,DSI_3D,0,0.4330363708949017
OOD_1883,DSI_3D,0,0.2660702272463217
OOD_1884,DSI_3D,0,1.120537447727573e-09
OOD_1885,DSI_3D,0,4.823593427727468e-09
OOD_1886,DSI_3D,1,0.6701125736688764
OOD_1887,DSI_3D,1,0.808883882917851
OOD_1888,DSI_3D,1,0.7850413964068496
OOD_1889,DSI_3D,1,0.6835407940545539
OOD_1890,DSI_3D,1,0.8117742629818593
OOD_1891,DSI_3D,0,0.42197933582234587
OOD_1892,DSI_3D,0,0.20956356586021727
OOD_1893,DSI_3D,0,0.13998285804579164
OOD_1894,DSI_3D,0,0.5974296155776446
OOD_1895,DSI_3D,1,0.8572513470751574
OOD_1896,DSI_3D,1,0.709835129469537
OOD_1897,DSI_3D,1,0.709686660656641
OOD_1898,DSI_3D,1,0.8487813494121164
OOD_1899,DSI_3D,0,1.333115339709403e-07
OOD_1900,DSI_3D,0,6.649629510391649e-12
OOD_1901,DSI_3D,1,0.6892662450815522
OOD_1902,DSI_3D,1,0.4541082802916389
OOD_1903,DSI_3D,0,3.8305090462350684e-05
OOD_1904,DSI_3D,1,0.8747488653825654
OOD_1905,DSI_3D,0,0.5332697940977674
OOD_1906,DSI_3D,0,0.7510841653086772
OOD_1907,DSI_3D,0,0.013049615725082436
OOD_1908,DSI_3D,1,0.7744621534188996
OOD_1909,DSI_3D,1,0.04816452056034743
OOD_1910,DSI_3D,1,0.6692066380216798
OOD_1911,DSI_3D,0,0.038141110434089555
OOD_1912,DSI_3D,0,0.5441974568333927
OOD_1913,DSI_3D,1,0.7262859842354041
OOD_1914,DSI_3D,0,0.04598488144476412
OOD_1915,DSI_3D,0,0.08584751632922845
OOD_1916,DSI_3D,0,0.023338558319601542
OOD_1917,DSI_3D,1,0.24279608817129683
OOD_1918,DSI_3D,0,0.04596768604915204
OOD_1919,DSI_3D,0,0.15923312848662763
OOD_1920,DSI_3D,0,0.481505098614062
OOD_1921,DSI_3D,0,2.7836143130598315e-07
OOD_1922,DSI_3D,1,0.6570836053431072
OOD_1923,DSI_3D,0,4.6901846232681116e-06
OOD_1924,DSI_3D,1,0.8584192112295644
OOD_1925,DSI_3D,1,0.7811603490358123
OOD_1926,DSI_3D,1,0.04546470320266498
OOD_1927,DSI_3D,1,0.8643595498116182
OOD_1928,DSI_3D,0,0.4694152757156828
OOD_1929,DSI_3D,0,0.02818830941304373
OOD_1930,DSI_3D,0,0.5451240189062876
OOD_1931,DSI_3D,1,0.8585781547360151
OOD_1932,DSI_3D,1,0.8510750805084283
OOD_1933,DSI_3D,1,0.845121837446478
OOD_1934,DSI_3D,1,0.8067376306682513
OOD_1935,DSI_3D,0,7.139956387807645e-09
OOD_1936,DSI_3D,0,2.274020625048915e-06
OOD_1937,DSI_3D,1,0.8016637051049349
OOD_1938,DSI_3D,1,0.6707901587849701
OOD_1939,DSI_3D,1,0.023512664121363474
OOD_1940,DSI_3D,0,0.4039423777116219
OOD_1941,DSI_3D,0,2.7422702277937256e-14
OOD_1942,DSI_3D,0,0.01700729730474284
OOD_1943,DSI_3D,1,0.8650611508936824
OOD_1944,DSI_3D,1,0.30872637089203336
OOD_1945,DSI_3D,1,0.6649838419139075
OOD_1946,DSI_3D,1,0.07177523235754185
OOD_1947,DSI_3D,0,0.19735820983351174
OOD_1948,DSI_3D,0,2.0349318078850152e-13
OOD_1949,DSI_3D,1,0.7092505065314235
OOD_1950,DSI_3D,0,0.32774121325675065
OOD_1951,DSI_3D,0,0.1239944971901893
OOD_1952,DSI_3D,1,0.6368263019946702
OOD_1953,DSI_3D,0,3.819505642769948e-06
OOD_1954,DSI_3D,0,0.057281931328361395
OOD_1955,DSI_3D,0,0.0057983698644960635
OOD_1956,DSI_3D,1,0.8752987316157127
OOD_1957,DSI_3D,0,0.030367650339497006
OOD_1958,DSI_3D,0,0.5197506579434195
OOD_1959,DSI_3D,1,0.7622542690734435
OOD_1960,DSI_3D,0,0.6137187777150258
OOD_1961,DSI_3D,0,8.052721281100215e-12
OOD_1962,DSI_3D,0,1.095358487981402e-09
OOD_1963,DSI_3D,0,0.5618773647296234
OOD_1964,DSI_3D,0,0.37356061455681094
OOD_1965,DSI_3D,0,0.0645335607839549
OOD_1966,DSI_3D,0,5.728208509004216e-06
OOD_1967,DSI_3D,0,8.52529388378959e-05
OOD_1968,DSI_3D,0,0.03364219219132503
OOD_1969,DSI_3D,0,0.5395457254751538
OOD_1970,DSI_3D,0,0.2811383092631199
OOD_1971,DSI_3D,1,0.7161870410804478
OOD_1972,DSI_3D,1,0.8099627360543589
OOD_1973,DSI_3D,0,0.6140571294759645
OOD_1974,DSI_3D,0,0.11376216953168848
OOD_1975,DSI_3D,0,0.0599784038133693
OOD_1976,DSI_3D,0,7.728319659330113e-07
OOD_1977,DSI_3D,1,0.6321589457543186
OOD_1978,DSI_3D,0,0.4311233495830431
OOD_1979,DSI_3D,1,0.23112434758365233
OOD_1980,DSI_3D,0,0.5025944035502932
OOD_1981,DSI_3D,1,0.8438974395805586
OOD_1982,DSI_3D,0,0.009503702664309457
OOD_1983,DSI_3D,1,0.8542076838943856
OOD_1984,DSI_3D,0,0.0005240072767595528
OOD_1985,DSI_3D,0,0.25697306247194174
OOD_1986,DSI_3D,1,0.8484547424316141
OOD_1987,DSI_3D,0,5.953839653278603e-05
OOD_1988,DSI_3D,0,0.0019812987262661135
OOD_1989,DSI_3D,0,0.406388154713163
OOD_1990,DSI_3D,0,0.030846125494413474
OOD_1991,DSI_3D,0,0.21939112898086954
OOD_1992,DSI_3D,1,0.6177990829853276
OOD_1993,DSI_3D,0,0.6379017900107223
OOD_1994,DSI_3D,1,0.2224589612107715
OOD_1995,DSI_3D,1,0.6030387905092853
OOD_1996,DSI_3D,0,0.05741367204982365
OOD_1997,DSI_3D,0,0.3656207498427347
OOD_1998,DSI_3D,0,7.227638155703399e-05
OOD_1999,DSI_3D,0,0.6795699245711427
OOD_2000,DSI_3D,0,1.9061744197658508e-07
OOD_2001,DSI_3D,1,0.8287099229911259
OOD_2002,DSI_3D,0,0.1795621428808203
OOD_2003,DSI_3D,1,0.7445482442633685
OOD_2004,DSI_3D,0,0.02016264910834626
OOD_2005,DSI_3D,1,0.8426969932477817
OOD_2006,DSI_3D,0,0.6503663903937366
OOD_2007,DSI_3D,0,0.5748834160804005
OOD_2008,DSI_3D,1,0.7713757850493758
OOD_2009,DSI_3D,0,0.2652639458183237
OOD_2010,DSI_3D,0,0.0370926025233079
OOD_2011,DSI_3D,0,0.15491224679842178
OOD_2012,DSI_3D,1,0.8591129848796174
OOD_2013,DSI_3D,1,0.32767071698678796
OOD_2014,DSI_3D,1,0.6078323787387628
OOD_2015,DSI_3D,0,0.6587342397582882
OOD_2016,DSI_3D,1,0.39789427829356966
OOD_2017,DSI_3D,0,0.2836011208892705
OOD_2018,DSI_3D,0,0.7026012047573146
OOD_2019,DSI_3D,0,0.018413638002669
OOD_2020,DSI_3D,0,0.1173571303353621
OOD_2021,DSI_3D,0,6.91600191034013e-12
OOD_2022,DSI_3D,0,0.45478132278107625
OOD_2023,DSI_3D,0,0.5007050732826162
OOD_2024,DSI_3D,0,0.44717452828530957
OOD_2025,DSI_3D,1,0.8553638463127101
OOD_2026,DSI_3D,0,5.2159453111818834e-06
OOD_2027,DSI_3D,0,0.0010757686611061485
OOD_2028,DSI_3D,1,0.8054484381413913
OOD_2029,DSI_3D,1,0.7421092207059234
OOD_2030,DSI_3D,0,0.5382270203672505
OOD_2031,DSI_3D,0,0.026752579739847283
OOD_2032,DSI_3D,0,0.5333689802723842
OOD_2033,DSI_3D,0,1.0021362097849195e-06
OOD_2034,DSI_3D,1,0.8001462590452416
OOD_2035,DSI_3D,0,0.006180258895686794
OOD_2036,DSI_3D,1,0.8406616125114463
OOD_2037,DSI_3D,1,0.770471060430073
OOD_2038,DSI_3D,0,0.5822361772003373
OOD_2039,DSI_3D,0,0.3372536205503345
OOD_2040,DSI_3D,0,0.4878189519788546
OOD_2041,DSI_3D,0,0.013732238890772524
OOD_2042,DSI_3D,0,0.03288793399474516
OOD_2043,DSI_3D,1,0.7778850225755073
OOD_2044,DSI_3D,0,0.18482367649371653
OOD_2045,DSI_3D,1,0.44478089962238104
OOD_2046,DSI_3D,0,0.025671097910556766
OOD_2047,DSI_3D,0,0.005380305174900187
OOD_2048,DSI_3D,1,0.8474094069058521
OOD_2049,DSI_3D,0,9.700942184728549e-06
OOD_2050,DSI_3D,0,0.02188825646776273
OOD_2051,DSI_3D,1,0.7367270809427284
OOD_2052,DSI_3D,1,0.8521391806627104
OOD_2053,DSI_3D,1,0.8175155635305734
OOD_2054,DSI_3D,0,0.13286581640843861
OOD_2055,DSI_3D,0,0.151074262633814
OOD_2056,DSI_3D,0,1.1063549858873706e-07
OOD_2057,DSI_3D,0,0.08607925272689117
OOD_2058,DSI_3D,1,0.026160887998557886
OOD_2059,DSI_3D,0,0.6168246217724705
OOD_2060,DSI_3D,0,0.2467172503282014
OOD_2061,DSI_3D,1,0.6347149532083854
OOD_2062,DSI_3D,0,0.4994684165831291
OOD_2063,DSI_3D,1,0.7286540840849537
OOD_2064,DSI_3D,1,0.8352335655699716
OOD_2065,DSI_3D,1,0.8513127411495103
OOD_2066,DSI_3D,1,0.8291600569197747
OOD_2067,DSI_3D,0,8.375254852275056e-06
OOD_2068,DSI_3D,1,0.04408615284703041
OOD_2069,DSI_3D,1,0.0032109184748368266
OOD_2070,DSI_3D,1,0.7577946695603069
OOD_2071,DSI_3D,1,0.7339341895941354
OOD_2072,DSI_3D,1,0.7613190831401099
OOD_2073,DSI_3D,0,0.30651685675391493
OOD_2074,DSI_3D,1,0.8312073204085676
OOD_2075,DSI_3D,0,0.046347696267103444
OOD_2076,DSI_3D,1,0.3679989389224672
OOD_2077,DSI_3D,0,0.08237942036704934
OOD_2078,DSI_3D,1,0.6727783938938848
OOD_2079,DSI_3D,0,0.012822961234516851
OOD_2080,DSI_3D,1,0.4176507726920865
OOD_2081,DSI_3D,1,0.8681609158153244
OOD_2082,DSI_3D,0,8.249720597490528e-07
OOD_2083,DSI_3D,1,0.030686587734156154
OOD_2084,DSI_3D,1,0.8761681244064399
OOD_2085,DSI_3D,0,0.09794267167887867
OOD_2086,DSI_3D,0,0.04487096316009358
OOD_2087,DSI_3D,1,0.1273457238370513
OOD_2088,DSI_3D,0,0.00010806702452336405
OOD_2089,DSI_3D,1,0.845160486249186
OOD_2090,DSI_3D,0,1.6087608447782722e-08
OOD_2091,DSI_3D,0,0.005854401425190543
OOD_2092,DSI_3D,0,0.3912566194016673
OOD_2093,DSI_3D,1,0.8195145910359829
OOD_2094,DSI_3D,0,0.16561510063059764
OOD_2095,DSI_3D,1,0.7373899700868097
OOD_2096,DSI_3D,0,0.6612366033523627
OOD_2097,DSI_3D,1,0.8273583833110327
OOD_2098,DSI_3D,1,0.6260688213191149
OOD_2099,DSI_3D,0,0.14140848992270302
OOD_2100,DSI_3D,1,0.3520340301785395
OOD_2101,DSI_3D,0,2.26102230005294e-05
OOD_2102,DSI_3D,1,0.4799394428812689
OOD_2103,DSI_3D,0,0.02110760592957782
OOD_2104,DSI_3D,0,0.4033562595492038
OOD_2105,DSI_3D,1,0.33380013686908067
OOD_2106,DSI_3D,0,0.011036546795842846
OOD_2107,DSI_3D,0,0.0021898259558914626
OOD_2108,DSI_3D,0,0.11083660825214516
OOD_2109,DSI_3D,0,1.7830896910467057e-07
OOD_2110,DSI_3D,1,0.7293123195680514
OOD_2111,DSI_3D,1,0.007155250233323135
OOD_2112,DSI_3D,0,2.9152020066352112e-05
OOD_2113,DSI_3D,0,0.758481909144577
OOD_2114,DSI_3D,0,0.617736368031715
OOD_2115,DSI_3D,1,0.823498342550709
OOD_2116,DSI_3D,0,0.4930049125274752
OOD_2117,DSI_3D,1,0.5573665103491341
OOD_2118,DSI_3D,0,0.0005338013926190204
OOD_2119,DSI_3D,0,0.18390493078937561
OOD_2120,DSI_3D,0,0.3344365446569219
OOD_2121,DSI_3D,0,0.0057055030847404115
OOD_2122,DSI_3D,0,0.03573926685579274
OOD_2123,DSI_3D,0,0.036305496202859826
OOD_2124,DSI_3D,0,1.0142614311417486e-05
OOD_2125,DSI_3D,0,1.720490987137629e-14
OOD_2126,DSI_3D,0,6.130301565283848e-11
OOD_2127,DSI_3D,0,0.0008342024070346022
OOD_2128,DSI_3D,0,1.198676889555086e-07
OOD_2129,DSI_3D,1,0.5487289642409525
OOD_2130,DSI_3D,0,0.0628931256336426
OOD_2131,DSI_3D,1,0.7768376077375974
OOD_2132,DSI_3D,0,0.15133567260774336
OOD_2133,DSI_3D,0,0.6321849576175089
OOD_2134,DSI_3D,1,0.7434567305959942
OOD_2135,DSI_3D,0,0.01416267500351175
OOD_2136,DSI_3D,0,0.36244159537141973
OOD_2137,DSI_3D,1,0.6576422229800816
OOD_2138,DSI_3D,1,0.2387253555847511
OOD_2139,DSI_3D,1,0.8419566783679312
OOD_2140,DSI_3D,0,1.7193733703463068e-06
OOD_2141,DSI_3D,0,0.5182897726349188
OOD_2142,DSI_3D,0,0.660070088634394
OOD_2143,DSI_3D,0,1.0545381948110826e-05
OOD_2144,DSI_3D,0,0.0001729713312622711
OOD_2145,DSI_3D,1,0.0505994733157699
OOD_2146,DSI_3D,1,0.628519313619722
OOD_2147,DSI_3D,1,0.632607737205105
OOD_2148,DSI_3D,0,0.023095568894586225
OOD_2149,DSI_3D,0,0.0014933851067031572
OOD_2150,DSI_3D,1,0.7802561495552379
OOD_2151,DSI_3D,1,0.7495573380209442
OOD_2152,DSI_3D,1,0.7682897945641449
OOD_2153,DSI_3D,1,0.8531274510727369
OOD_2154,DSI_3D,1,0.8483749236086744
OOD_2155,DSI_3D,1,0.8397490821160023
OOD_2156,DSI_3D,0,0.046364364380469716
OOD_2157,DSI_3D,1,0.47475221433962844
OOD_2158,DSI_3D,0,0.42338371572139044
OOD_2159,DSI_3D,1,0.6957059125078628
OOD_2160,DSI_3D,0,0.0016337089205161934
OOD_2161,DSI_3D,0,0.315769233653308
OOD_2162,DSI_3D,1,0.8402677432942622
OOD_2163,DSI_3D,0,0.6487514334419536
OOD_2164,DSI_3D,0,1.6137773136778192e-12
OOD_2165,DSI_3D,1,0.527556781310541
OOD_2166,DSI_3D,0,0.6479105272382565
OOD_2167,DSI_3D,1,0.7055470338362911
OOD_2168,DSI_3D,0,0.013328080985658807
OOD_2169,DSI_3D,0,0.00721823071918812
OOD_2170,DSI_3D,0,0.002405142630104817
OOD_2171,DSI_3D,1,0.8480303694267453
OOD_2172,DSI_3D,0,0.1379291477523342
OOD_2173,DSI_3D,1,0.7227827868666284
OOD_2174,DSI_3D,1,0.8407267507840441
OOD_2175,DSI_3D,0,0.7032445822657121
OOD_2176,DSI_3D,0,0.06789808353135454
OOD_2177,DSI_3D,0,0.023868647656724272
OOD_2178,DSI_3D,0,0.35106173418403136
OOD_2179,DSI_3D,1,0.8057875508791569
OOD_2180,DSI_3D,1,0.3700814690759607
OOD_2181,DSI_3D,1,0.8579469138366395
OOD_2182,DSI_3D,0,0.164799613687317
OOD_2183,DSI_3D,1,0.7658319537914249
OOD_2184,DSI_3D,1,0.8524498143868277
OOD_2185,DSI_3D,1,0.8630197147071169
OOD_2186,DSI_3D,1,0.13035860076995556
OOD_2187,DSI_3D,1,0.836730265318183
OOD_2188,DSI_3D,0,0.3987084951341375
OOD_2189,DSI_3D,1,0.6948888039549561
OOD_2190,DSI_3D,1,0.4304799038120134
OOD_2191,DSI_3D,0,0.15586758122917516
OOD_2192,DSI_3D,0,0.34129853290098644
OOD_2193,DSI_3D,0,0.6338704633595852
OOD_2194,DSI_3D,1,0.8140288184178874
OOD_2195,DSI_3D,1,0.7354046102086149
OOD_2196,DSI_3D,1,0.7660884597294575
OOD_2197,DSI_3D,1,0.8613785168663068
OOD_2198,DSI_3D,0,0.05109282970628336
OOD_2199,DSI_3D,1,0.7648607546901195
OOD_2200,DSI_3D,0,0.00022924375512230826
OOD_2201,DSI_3D,0,0.07486168150063235
OOD_2202,DSI_3D,1,0.49633246663478475
OOD_2203,DSI_3D,1,0.7284166321130552
OOD_2204,DSI_3D,0,0.13404508627089282
OOD_2205,DSI_3D,0,0.010819647071299072
OOD_2206,DSI_3D,0,0.02895843607409296
OOD_2207,DSI_3D,1,0.3035805415438086
OOD_2208,DSI_3D,0,0.4616069101195213
OOD_2209,DSI_3D,0,1.2675887825752706e-05
OOD_2210,DSI_3D,1,0.020660197629906753
OOD_2211,DSI_3D,0,0.1787990336416531
OOD_2212,DSI_3D,0,8.031545071236711e-10
OOD_2213,DSI_3D,0,0.007865411080432698
OOD_2214,DSI_3D,0,0.0506637938182701
OOD_2215,DSI_3D,0,0.6011244294256877
OOD_2216,DSI_3D,0,0.13300591627860828
OOD_2217,DSI_3D,1,0.19454416575099617
OOD_2218,DSI_3D,0,0.03310766004530962
OOD_2219,DSI_3D,0,0.7801949308337163
OOD_2220,DSI_3D,0,0.1565673582443302
OOD_2221,DSI_3D,0,0.4174640030046853
OOD_2222,DSI_3D,1,0.44575911852787065
OOD_2223,DSI_3D,0,0.06741063484703219
OOD_2224,DSI_3D,1,0.8404101204347143
OOD_2225,DSI_3D,0,0.2845435080254962
OOD_2226,DSI_3D,1,0.6805359458160415
OOD_2227,DSI_3D,0,0.043300787735945284
OOD_2228,DSI_3D,0,0.19222033055958426
OOD_2229,DSI_3D,1,0.7450331612316943
OOD_2230,DSI_3D,1,0.8420586792851203
OOD_2231,DSI_3D,1,0.7305336855468431
OOD_2232,DSI_3D,1,0.6779575304726845
OOD_2233,DSI_3D,0,0.08867220046342443
OOD_2234,DSI_3D,1,0.008157209325901029
OOD_2235,DSI_3D,0,0.6525173248214152
OOD_2236,DSI_3D,0,0.5662750267959462
OOD_2237,DSI_3D,0,0.1813420951678718
OOD_2238,DSI_3D,0,0.00029910320465935386
OOD_2239,DSI_3D,1,0.8347483397662876
OOD_2240,DSI_3D,0,0.0018143524417579605
OOD_2241,DSI_3D,0,0.002675792698479925
OOD_2242,DSI_3D,1,0.7982891142273049
OOD_2243,DSI_3D,1,0.8025640939851854
OOD_2244,DSI_3D,0,0.2956530291327953
OOD_2245,DSI_3D,0,0.07783479607072273
OOD_2246,DSI_3D,0,0.057937630203722106
OOD_2247,DSI_3D,0,0.4525444176998581
OOD_2248,DSI_3D,0,0.02736606491875547
OOD_2249,DSI_3D,0,0.6442373885350531
OOD_2250,DSI_3D,0,0.30857213494821945
OOD_2251,DSI_3D,0,0.269191539697015
OOD_2252,DSI_3D,0,0.0012080616639066329
OOD_2253,DSI_3D,1,0.3093335136483234
OOD_2254,DSI_3D,0,0.015288044041592844
OOD_2255,DSI_3D,1,0.49348298116463174
OOD_2256,DSI_3D,0,7.669740747946089e-05
OOD_2257,DSI_3D,0,0.3502461968053278
OOD_2258,DSI_3D,0,0.0007012991121015357
OOD_2259,DSI_3D,1,0.8511070954716364
OOD_2260,DSI_3D,1,0.8547098989924469
OOD_2261,DSI_3D,0,1.1630726235481746e-05
OOD_2262,DSI_3D,0,0.24328051549322796
OOD_2263,DSI_3D,0,0.5090408194590679
OOD_2264,DSI_3D,0,0.2964033325018528
OOD_2265,DSI_3D,0,1.7564952908420846e-18
OOD_2266,DSI_3D,0,3.173583830724518e-10
OOD_2267,DSI_3D,0,0.44988908413702966
OOD_2268,DSI_3D,1,0.7525387948423651
OOD_2269,DSI_3D,1,0.029693511969270378
OOD_2270,DSI_3D,0,0.42832295127539627
OOD_2271,DSI_3D,1,0.5544496830237309
OOD_2272,DSI_3D,0,2.99026329089756e-07
OOD_2273,DSI_3D,0,0.5328087384115991
OOD_2274,DSI_3D,1,0.3959854507308492
OOD_2275,DSI_3D,0,0.008516563696687606
OOD_2276,DSI_3D,1,0.7095381884954058
OOD_2277,DSI_3D,1,0.2655113735154659
OOD_2278,DSI_3D,1,0.7485939153786229
OOD_2279,DSI_3D,0,0.01050149688629747
OOD_2280,DSI_3D,1,0.25897761862796237
OOD_2281,DSI_3D,0,0.07983967936251518
OOD_2282,DSI_3D,0,6.105869580888847e-06
OOD_2283,DSI_3D,1,0.7838973642836492
OOD_2284,DSI_3D,1,0.787054358008853
OOD_2285,DSI_3D,0,0.4949623554221589
OOD_2286,DSI_3D,0,0.6886394400047878
OOD_2287,DSI_3D,0,2.4126423552846506e-07
OOD_2288,DSI_3D,1,0.015938393645056607
OOD_2289,DSI_3D,0,0.4711081252752535
OOD_2290,DSI_3D,0,0.03234730817219418
OOD_2291,DSI_3D,0,0.4660539181661758
OOD_2292,DSI_3D,0,0.5926267744759002
OOD_2293,DSI_3D,1,0.7323997646567646
OOD_2294,DSI_3D,1,0.03229551352821381
OOD_2295,DSI_3D,0,3.869064023629981e-06
OOD_2296,DSI_3D,1,0.7200039767536462
OOD_2297,DSI_3D,0,0.2179893635227698
OOD_2298,DSI_3D,0,0.3795351098093178
OOD_2299,DSI_3D,0,0.006515648735055732
OOD_2300,DSI_3D,1,0.7529332229471988
OOD_2301,DSI_3D,0,0.25926283637167735
OOD_2302,DSI_3D,1,0.07402278389157962
OOD_2303,DSI_3D,1,0.8562677334451402
OOD_2304,DSI_3D,0,6.838437424785016e-05
OOD_2305,DSI_3D,0,1.1406876354290443e-05
OOD_2306,DSI_3D,0,2.6340591993307875e-05
OOD_2307,DSI_3D,0,0.0618330595902825
OOD_2308,DSI_3D,1,0.7997075530143709
OOD_2309,DSI_3D,1,0.5951323117348614
OOD_2310,DSI_3D,1,0.8553542558054543
OOD_2311,DSI_3D,1,0.5383813247704038
OOD_2312,DSI_3D,1,0.7692375071868972
OOD_2313,DSI_3D,0,0.2670057686778932
OOD_2314,DSI_3D,0,0.6953627600004412
OOD_2315,DSI_3D,0,0.6244584179517004
OOD_2316,DSI_3D,0,2.0178441900981017e-11
OOD_2317,DSI_3D,0,0.4220876311923023
OOD_2318,DSI_3D,0,2.417840742114528e-07
OOD_2319,DSI_3D,0,0.30468984414359684
OOD_2320,DSI_3D,0,0.4550523388305611
OOD_2321,DSI_3D,0,0.00043540574156108737
OOD_2322,DSI_3D,1,0.4973085805059813
OOD_2323,DSI_3D,0,0.6801393798261615
OOD_2324,DSI_3D,1,0.8341046028386099
OOD_2325,DSI_3D,1,0.6826497041052346
OOD_2326,DSI_3D,1,0.05926764983375718
OOD_2327,DSI_3D,1,0.5322222476823588
OOD_2328,DSI_3D,0,0.033411642551802866
OOD_2329,DSI_3D,0,0.25868739338600294
OOD_2330,DSI_3D,0,0.0010731476062553972
OOD_2331,DSI_3D,1,0.7797174162283882
OOD_2332,DSI_3D,0,0.09691570403454125
OOD_2333,DSI_3D,0,0.25217236582716357
OOD_2334,DSI_3D,1,0.6425487849035814
OOD_2335,DSI_3D,0,0.5910242311002847
OOD_2336,DSI_3D,0,0.5225588390195576
OOD_2337,DSI_3D,0,3.2262140906870087e-07
OOD_2338,DSI_3D,0,0.00333153240382618
OOD_2339,DSI_3D,0,0.002564575429563635
OOD_2340,DSI_3D,1,0.6152836230371976
OOD_2341,DSI_3D,0,0.6286499244363308
OOD_2342,DSI_3D,0,0.0034635865302879553
OOD_2343,DSI_3D,0,0.596861378749691
OOD_2344,DSI_3D,0,0.12650982231710042
OOD_2345,DSI_3D,0,0.23463075137937173
OOD_2346,DSI_3D,1,0.6646000040478173
OOD_2347,DSI_3D,0,0.002039554869454204
OOD_2348,DSI_3D,0,3.318585285891678e-05
OOD_2349,DSI_3D,0,0.34685791303298197
OOD_2350,DSI_3D,0,0.04176267212835605
OOD_2351,DSI_3D,1,0.7186304116229983
OOD_2352,DSI_3D,0,0.30583821225082664
OOD_2353,DSI_3D,0,0.7590162042437066
OOD_2354,DSI_3D,0,0.13624799121888845
OOD_2355,DSI_3D,0,0.45182865421806323
OOD_2356,DSI_3D,0,0.28131985473580823
OOD_2357,DSI_3D,1,0.06845772256306916
OOD_2358,DSI_3D,0,1.055028026370615e-06
OOD_2359,DSI_3D,0,0.0187587970711518
OOD_2360,DSI_3D,0,0.36050105350991096
OOD_2361,DSI_3D,0,0.4861220998009264
OOD_2362,DSI_3D,1,0.8193463284502128
OOD_2363,DSI_3D,0,0.26793017078705783
OOD_2364,DSI_3D,1,0.10463071817001841
OOD_2365,DSI_3D,0,0.655928614482039
OOD_2366,DSI_3D,1,0.8626381850405577
OOD_2367,DSI_3D,1,0.5116190135047027
OOD_2368,DSI_3D,1,0.7811272043925246
OOD_2369,DSI_3D,0,1.2290195460558218e-06
OOD_2370,DSI_3D,0,0.004771844570928102
OOD_2371,DSI_3D,1,0.872328461776088
OOD_2372,DSI_3D,1,0.8621140089935502
OOD_2373,DSI_3D,0,6.226824831191254e-07
OOD_2374,DSI_3D,1,0.02537594564047682
OOD_2375,DSI_3D,0,1.4379031862833287e-05
OOD_2376,DSI_3D,0,0.01634387730466245
OOD_2377,DSI_3D,0,0.09114252574684091
OOD_2378,DSI_3D,1,0.5606146033274625
OOD_2379,DSI_3D,0,0.0035928249504768132
OOD_2380,DSI_3D,0,1.7140800558360447e-15
OOD_2381,DSI_3D,0,0.19444711803809264
OOD_2382,DSI_3D,0,0.12447450508643335
OOD_2383,DSI_3D,0,0.4193177946017948
OOD_2384,DSI_3D,1,0.6968399088254752
OOD_2385,DSI_3D,1,0.8335238064916428
OOD_2386,DSI_3D,1,0.8320450748934595
OOD_2387,DSI_3D,1,0.8240609761772022
OOD_2388,DSI_3D,1,0.1179836131604592
OOD_2389,DSI_3D,0,0.6946342660550463
OOD_2390,DSI_3D,0,0.39339743969823626
OOD_2391,DSI_3D,0,0.6484881558469577
OOD_2392,DSI_3D,1,0.8542649626507945
OOD_2393,DSI_3D,1,0.8389424285619592
OOD_2394,DSI_3D,0,0.0002358652696408602
OOD_2395,DSI_3D,1,0.7249388198546265
OOD_2396,DSI_3D,0,2.994098702565973e-05
OOD_2397,DSI_3D,1,0.8733126564853326
OOD_2398,DSI_3D,0,0.0027189824056312547
OOD_2399,DSI_3D,0,0.025637366848505785
OOD_2400,DSI_3D,0,0.7668021025523982
OOD_2401,DSI_3D,1,0.7950889540729255
OOD_2402,DSI_3D,0,1.915416505045579e-06
OOD_2403,DSI_3D,1,0.039646641457504656
OOD_2404,DSI_3D,1,0.05737750938996108
OOD_2405,DSI_3D,0,0.007652928613334773
OOD_2406,DSI_3D,0,0.6693417204688987
OOD_2407,DSI_3D,0,0.12410149538841497
OOD_2408,DSI_3D,0,0.6360130143833068
OOD_2409,DSI_3D,0,0.009853852961117623
OOD_2410,DSI_3D,0,0.059641015566163136
OOD_2411,DSI_3D,0,0.3494235810061119
OOD_2412,DSI_3D,0,0.7788836027127546
OOD_2413,DSI_3D,1,0.8461045246032898
OOD_2414,DSI_3D,0,0.020982229718764085
OOD_2415,DSI_3D,0,0.5230554859415845
OOD_2416,DSI_3D,0,0.0709781634573743
OOD_2417,DSI_3D,0,0.0006629356826110013
OOD_2418,DSI_3D,0,3.751536018340769e-08
OOD_2419,DSI_3D,0,0.3367056756823791
OOD_2420,DSI_3D,0,3.413446007247e-05
OOD_2421,DSI_3D,1,0.717433643790554
OOD_2422,DSI_3D,1,0.738584796476185
OOD_2423,DSI_3D,1,0.730834289405112
OOD_2424,DSI_3D,1,0.8194826549484814
OOD_2425,DSI_3D,1,0.713021898776793
OOD_2426,DSI_3D,1,0.7790948196673301
OOD_2427,DSI_3D,1,0.346029266682529
OOD_2428,DSI_3D,0,0.00873040224335373
OOD_2429,DSI_3D,1,0.8096066893046657
OOD_2430,DSI_3D,1,0.7641322337295398
OOD_2431,DSI_3D,1,0.3580726795361576
OOD_2432,DSI_3D,1,0.8262784812705037
OOD_2433,DSI_3D,1,0.8103058307385849
OOD_2434,DSI_3D,0,0.7189310638697747
OOD_2435,DSI_3D,0,1.4525117733235984e-10
OOD_2436,DSI_3D,1,0.7309385811583875
OOD_2437,DSI_3D,0,0.002697032133374373
OOD_2438,DSI_3D,0,0.42239931470083253
OOD_2439,DSI_3D,0,0.7442680802256477
OOD_2440,DSI_3D,0,4.4072805961636747e-11
OOD_2441,DSI_3D,1,0.6091585691766553
OOD_2442,DSI_3D,0,0.6922969365852297
OOD_2443,DSI_3D,1,0.8228113267882246
OOD_2444,DSI_3D,0,0.001602894360133554
OOD_2445,DSI_3D,0,0.0009171907116298607
OOD_2446,DSI_3D,1,0.8568310359931115
OOD_2447,DSI_3D,1,0.6540857730115182
OOD_2448,DSI_3D,0,8.543506985230988e-12
OOD_2449,DSI_3D,0,0.6600540022258953
OOD_2450,DSI_3D,1,0.8721853194431993
OOD_2451,DSI_3D,0,0.27819967956185204
OOD_2452,DSI_3D,0,0.10423057249556308
OOD_2453,DSI_3D,0,0.00034435047099604934
OOD_2454,DSI_3D,0,0.003288279014353876
OOD_2455,DSI_3D,0,0.26108762591466655
OOD_2456,DSI_3D,1,0.7094094296666905
OOD_2457,DSI_3D,1,0.8208343865593868
OOD_2458,DSI_3D,0,0.16023869379192154
OOD_2459,DSI_3D,0,0.2861372416924361
OOD_2460,DSI_3D,0,0.09507856150004967
OOD_2461,DSI_3D,1,0.5803381991959274
OOD_2462,DSI_3D,0,0.6302722199052021
OOD_2463,DSI_3D,0,0.017121675565621712
OOD_2464,DSI_3D,1,0.32626912946323394
OOD_2465,DSI_3D,0,1.914075408516586e-09
OOD_2466,DSI_3D,1,0.5176331739254376
OOD_2467,DSI_3D,0,0.25110888952802213
OOD_2468,DSI_3D,0,0.06706851492475326
OOD_2469,DSI_3D,0,0.33920670331364716
OOD_2470,DSI_3D,0,0.051631888259950263
OOD_2471,DSI_3D,1,0.6589801443657338
OOD_2472,DSI_3D,1,0.5919053074190203
OOD_2473,DSI_3D,0,0.6492342366068162
OOD_2474,DSI_3D,0,0.0018887883655545762
OOD_2475,DSI_3D,1,0.8638255096046816
OOD_2476,DSI_3D,0,3.943148833310721e-05
OOD_2477,DSI_3D,0,0.7818598561804435
OOD_2478,DSI_3D,1,0.8189233989321684
OOD_2479,DSI_3D,1,0.8492310125577499
OOD_2480,DSI_3D,0,0.013014994476606524
OOD_2481,DSI_3D,0,0.012577645504547156
OOD_2482,DSI_3D,0,0.0002920395807859247
OOD_2483,DSI_3D,1,0.782685526657746
OOD_2484,DSI_3D,1,0.7014716124769671
OOD_2485,DSI_3D,0,0.16112055171063613
OOD_2486,DSI_3D,0,3.907863432652712e-06
OOD_2487,DSI_3D,0,1.266815422891039e-05
OOD_2488,DSI_3D,0,0.00030919586052820605
OOD_2489,DSI_3D,1,0.7643128055447239
OOD_2490,DSI_3D,0,0.2263104655707783
OOD_2491,DSI_3D,1,0.8682093199966219
OOD_2492,DSI_3D,0,0.0073314315730962365
OOD_2493,DSI_3D,0,0.6746764233755913
OOD_2494,DSI_3D,0,0.003717254079244857
OOD_2495,DSI_3D,0,0.02955075816452228
OOD_2496,DSI_3D,1,0.7319131882695308
OOD_2497,DSI_3D,0,0.009137155764553127
OOD_2498,DSI_3D,0,0.011167673884896099
OOD_2499,DSI_3D,1,0.026785912854168353
OOD_2500,DSI_3D,1,0.7205920252810513
OOD_2501,DSI_3D,0,0.11486492516842065
OOD_2502,DSI_3D,0,0.030379590510464464
OOD_2503,DSI_3D,1,0.5014256407459365
OOD_2504,DSI_3D,0,0.6888806006319405
OOD_2505,DSI_3D,0,0.11469436718689373
OOD_2506,DSI_3D,0,0.14726218141142913
OOD_2507,DSI_3D,1,0.42621508974174294
OOD_2508,DSI_3D,0,0.5823799160706221
OOD_2509,DSI_3D,1,0.8133002485882296
OOD_2510,DSI_3D,1,0.8331206734056205
OOD_2511,DSI_3D,1,0.40213913365388265
OOD_2512,DSI_3D,1,0.00021344732112260804
OOD_2513,DSI_3D,1,0.7181069578666535
OOD_2514,DSI_3D,0,0.02816449025788755
OOD_2515,DSI_3D,0,0.5783761490175837
OOD_2516,DSI_3D,0,6.72832160294449e-08
OOD_2517,DSI_3D,0,0.002977505311150354
OOD_2518,DSI_3D,0,1.207898018483845e-11
OOD_2519,DSI_3D,0,0.021986100278318644
OOD_2520,DSI_3D,0,0.44476492241811844
OOD_2521,DSI_3D,1,0.04880686243370088
OOD_2522,DSI_3D,0,0.3991368291233009
OOD_2523,DSI_3D,1,0.7410105554213899
OOD_2524,DSI_3D,0,0.08832359578758917
OOD_2525,DSI_3D,1,0.7993892341382989
OOD_2526,DSI_3D,0,2.584631441586575e-07
OOD_2527,DSI_3D,0,0.0020998525871030785
OOD_2528,DSI_3D,0,0.20872552837034922
OOD_2529,DSI_3D,0,0.22867932309473343
OOD_2530,DSI_3D,0,0.273612494258828
OOD_2531,DSI_3D,0,2.811444152742993e-09
OOD_2532,DSI_3D,0,0.5541304628423747
OOD_2533,DSI_3D,0,1.6025263326133285e-05
OOD_2534,DSI_3D,0,0.45857230620656586
OOD_2535,DSI_3D,0,0.5226989362206579
OOD_2536,DSI_3D,1,0.6846701110877788
OOD_2537,DSI_3D,1,0.2943616721761428
OOD_2538,DSI_3D,1,0.15996565677131544
OOD_2539,DSI_3D,0,1.290748922120185e-07
OOD_2540,DSI_3D,0,0.8087216694558282
OOD_2541,DSI_3D,0,0.7274242625331595
OOD_2542,DSI_3D,0,0.0002965883639423923
OOD_2543,DSI_3D,1,0.8224949438805824
OOD_2544,DSI_3D,0,1.2263797975120081e-05
OOD_2545,DSI_3D,1,0.8569369558053352
OOD_2546,DSI_3D,1,0.7679563118957214
OOD_2547,DSI_3D,0,0.427803182348957
OOD_2548,DSI_3D,1,0.6690788912136147
OOD_2549,DSI_3D,1,0.831378491344128
OOD_2550,DSI_3D,0,0.03171914560955186
OOD_2551,DSI_3D,0,0.7924797088406169
OOD_2552,DSI_3D,1,0.8026324098024493
OOD_2553,DSI_3D,0,0.04524239400122865
OOD_2554,DSI_3D,0,0.0005678056404949714
OOD_2555,DSI_3D,1,0.8346060520917725
OOD_2556,DSI_3D,0,0.011912792853411567
OOD_2557,DSI_3D,0,0.1029749330179941
OOD_2558,DSI_3D,0,0.020893556289126567
OOD_2559,DSI_3D,0,0.005397525350981661
OOD_2560,DSI_3D,1,0.8282161563120739
OOD_2561,DSI_3D,1,0.8038280906161638
OOD_2562,DSI_3D,0,0.7838750239381408
OOD_2563,DSI_3D,0,0.5318726518737867
OOD_2564,DSI_3D,0,0.7283711448416338
OOD_2565,DSI_3D,0,0.7580562660150697
OOD_2566,DSI_3D,1,0.6071998090024133
OOD_2567,DSI_3D,0,0.47418222081256817
OOD_2568,DSI_3D,1,0.8509569416228266
OOD_2569,DSI_3D,0,0.017833752547282075
OOD_2570,DSI_3D,0,7.440192574468979e-06
OOD_2571,DSI_3D,1,0.058402693068720604
OOD_2572,DSI_3D,1,0.5966408259135229
OOD_2573,DSI_3D,0,2.9385191991286895e-06
OOD_2574,DSI_3D,1,0.5592020240787354
OOD_2575,DSI_3D,1,0.00805449993547821
OOD_2576,DSI_3D,0,0.006532499855184275
OOD_2577,DSI_3D,1,0.24242988228287812
OOD_2578,DSI_3D,1,0.6783216739112513
OOD_2579,DSI_3D,0,0.01782263500202149
OOD_2580,DSI_3D,0,0.04781423660495954
OOD_2581,DSI_3D,0,0.49965911981002764
OOD_2582,DSI_3D,0,0.0019197769694111956
OOD_2583,DSI_3D,0,0.24135570176703522
OOD_2584,DSI_3D,1,0.8248017353275515
OOD_2585,DSI_3D,0,0.6562873803009253
OOD_2586,DSI_3D,1,0.7448653640598594
OOD_2587,DSI_3D,0,0.26102216055611205
OOD_2588,DSI_3D,0,0.33062548451948875
OOD_2589,DSI_3D,0,0.7387875570744996
OOD_2590,DSI_3D,1,0.8358916954611476
OOD_2591,DSI_3D,0,0.3070277094901234
OOD_2592,DSI_3D,0,0.020643079067793946
OOD_2593,DSI_3D,1,0.8263950431677404
OOD_2594,DSI_3D,0,0.033536858904393785
OOD_2595,DSI_3D,0,0.029395177906542634
OOD_2596,DSI_3D,1,0.426378702282924
OOD_2597,DSI_3D,0,4.1437221813570227e-07
OOD_2598,DSI_3D,0,3.0814402466022325e-09
OOD_2599,DSI_3D,0,0.6112736347526749
OOD_2600,DSI_3D,0,0.000441112158452846
OOD_2601,DSI_3D,0,2.199470924327579e-05
OOD_2602,DSI_3D,0,6.418963315113139e-10
OOD_2603,DSI_3D,0,0.034258686993849694
OOD_2604,DSI_3D,0,0.00011359155097670747
OOD_2605,DSI_3D,0,0.5510972561041249
OOD_2606,DSI_3D,1,0.8466835947575648
OOD_2607,DSI_3D,0,0.024833614992829052
OOD_2608,DSI_3D,1,0.833769589157869
OOD_2609,DSI_3D,1,0.8293459185912834
OOD_2610,DSI_3D,1,0.612084581671807
OOD_2611,DSI_3D,0,0.029471525062016023
OOD_2612,DSI_3D,1,0.7915489587807494
OOD_2613,DSI_3D,0,0.0003255749017231072
OOD_2614,DSI_3D,0,0.07099227314529583
OOD_2615,DSI_3D,1,0.7379882608149403
OOD_2616,DSI_3D,0,0.00010841732694484712
OOD_2617,DSI_3D,1,0.8442917056388789
OOD_2618,DSI_3D,1,0.05262641404845301
OOD_2619,DSI_3D,1,0.861437253691517
OOD_2620,DSI_3D,1,0.6685937763572575
OOD_2621,DSI_3D,0,0.19576489091243313
OOD_2622,DSI_3D,0,2.861551223392163e-09
OOD_2623,DSI_3D,0,0.38084636561943686
OOD_2624,DSI_3D,0,0.6613669958540127
OOD_2625,DSI_3D,1,0.7564936019017232
OOD_2626,DSI_3D,0,0.013225152535046062
OOD_2627,DSI_3D,1,0.07053341664682301
OOD_2628,DSI_3D,0,8.864215762922457e-06
OOD_2629,DSI_3D,0,2.3248324823504597e-13
OOD_2630,DSI_3D,0,2.3143318693011104e-05
OOD_2631,DSI_3D,1,0.8583650368343954
OOD_2632,DSI_3D,0,0.7478478586604914
OOD_2633,DSI_3D,0,0.058520095307818654
OOD_2634,DSI_3D,0,1.1553607993166262e-11
OOD_2635,DSI_3D,0,2.1202739143035875e-09
OOD_2636,DSI_3D,0,0.8068641439821567
OOD_2637,DSI_3D,0,0.08189153143199016
OOD_2638,DSI_3D,0,0.0015779468931730193
OOD_2639,DSI_3D,1,0.7575651203070801
OOD_2640,DSI_3D,0,0.004317317748469703
OOD_2641,DSI_3D,0,3.4852747428884936e-05
OOD_2642,DSI_3D,0,5.0530294168552306e-15
OOD_2643,DSI_3D,0,0.01050016795268302
OOD_2644,DSI_3D,1,0.8058176044820979
OOD_2645,DSI_3D,1,0.6273823905365942
OOD_2646,DSI_3D,0,0.01709477596534388
OOD_2647,DSI_3D,0,6.283561001367166e-13
OOD_2648,DSI_3D,0,0.558639569681985
OOD_2649,DSI_3D,0,0.5992643742996683
OOD_2650,DSI_3D,0,3.693815143988416e-06
OOD_2651,DSI_3D,0,0.7493221889373889
OOD_2652,DSI_3D,1,0.86632214485935
OOD_2653,DSI_3D,0,3.497237672539369e-11
OOD_2654,DSI_3D,1,0.7889011291546123
OOD_2655,DSI_3D,1,0.729561809202067
OOD_2656,DSI_3D,1,0.7538911771246658
OOD_2657,DSI_3D,0,0.09587343583645119
OOD_2658,DSI_3D,0,0.004323678589513818
OOD_2659,DSI_3D,0,0.0017547162076408378
OOD_2660,DSI_3D,1,0.590224349793441
OOD_2661,DSI_3D,0,3.3239930153640245e-07
OOD_2662,DSI_3D,0,0.6285964565851342
OOD_2663,DSI_3D,0,7.827357624761319e-06
OOD_2664,DSI_3D,0,0.05857484271667635
OOD_2665,DSI_3D,0,0.01192452111004585
OOD_2666,DSI_3D,1,0.274027281504342
OOD_2667,DSI_3D,0,0.3004577211086202
OOD_2668,DSI_3D,0,0.4890150536438471
OOD_2669,DSI_3D,1,0.7588434462331958
OOD_2670,DSI_3D,1,0.7756205848731931
OOD_2671,DSI_3D,1,0.6930839653735202
OOD_2672,DSI_3D,0,0.5306426187127877
OOD_2673,DSI_3D,1,0.8290245441015945
OOD_2674,DSI_3D,1,0.6321542427976758
OOD_2675,DSI_3D,1,0.7049858349886081
OOD_2676,DSI_3D,0,0.46580850305356764
OOD_2677,DSI_3D,1,0.0008857654095545936
OOD_2678,DSI_3D,0,0.4715253441660427
OOD_2679,DSI_3D,0,0.2763405368258027
OOD_2680,DSI_3D,1,0.5666746790652164
OOD_2681,DSI_3D,1,0.6199914338027719
OOD_2682,DSI_3D,0,9.40661867851317e-10
OOD_2683,DSI_3D,1,0.6809619664948872
OOD_2684,DSI_3D,1,0.7985759947034125
OOD_2685,DSI_3D,0,0.14521835729017998
OOD_2686,DSI_3D,1,0.8254721333812968
OOD_2687,DSI_3D,0,0.09916603445294879
OOD_2688,DSI_3D,0,0.28548266885863516
OOD_2689,DSI_3D,0,1.0377723950405834e-06
OOD_2690,DSI_3D,1,0.7749619381217234
OOD_2691,DSI_3D,1,0.7803460329090784
OOD_2692,DSI_3D,0,0.5250670145746275
OOD_2693,DSI_3D,0,0.42644040054456456
OOD_2694,DSI_3D,1,0.6950129730000159
OOD_2695,DSI_3D,0,0.004612465606047192
OOD_2696,DSI_3D,0,3.037720395137534e-07
OOD_2697,DSI_3D,0,0.6804631854018109
OOD_2698,DSI_3D,0,0.690368395130279
OOD_2699,DSI_3D,0,0.1616302792915151
OOD_2700,DSI_3D,1,0.7274204093912663
OOD_2701,DSI_3D,0,0.2025875836217327
OOD_2702,DSI_3D,0,0.3311278541443685
OOD_2703,DSI_3D,0,0.011904383607074163
OOD_2704,DSI_3D,0,0.006106459459382016
OOD_2705,DSI_3D,0,0.013098561551717833
OOD_2706,DSI_3D,1,0.6658542582735276
OOD_2707,DSI_3D,0,0.2386665603339837
OOD_2708,DSI_3D,0,0.3634117857250798
OOD_2709,DSI_3D,0,0.13060014989104252
OOD_2710,DSI_3D,1,0.850223016397508
OOD_2711,DSI_3D,0,0.5152475572444983
OOD_2712,DSI_3D,0,0.0008783496510070508
OOD_2713,DSI_3D,1,0.7317183242619134
OOD_2714,DSI_3D,1,0.23963735136958475
OOD_2715,DSI_3D,0,0.04789583178849333
OOD_2716,DSI_3D,0,0.6862778623918764
OOD_2717,DSI_3D,1,0.19216261528602785
OOD_2718,DSI_3D,1,0.02980556232573174
OOD_2719,DSI_3D,0,0.6854007107758852
OOD_2720,DSI_3D,0,1.3013455689727978e-11
OOD_2721,DSI_3D,1,0.5940951874939294
OOD_2722,DSI_3D,1,0.04833338895619652
OOD_2723,DSI_3D,1,0.8079504995318346
OOD_2724,DSI_3D,0,0.17927865340782834
OOD_2725,DSI_3D,0,0.36455125702682334
OOD_2726,DSI_3D,0,2.8215878246834807e-06
OOD_2727,DSI_3D,1,0.6445753971911365
OOD_2728,DSI_3D,1,0.7380136537379469
OOD_2729,DSI_3D,1,0.8073111194431946
OOD_2730,DSI_3D,1,0.8399270419342297
OOD_2731,DSI_3D,1,0.8190973885923607
OOD_2732,DSI_3D,1,0.6166431683974151
OOD_2733,DSI_3D,1,0.8060862853739627
OOD_2734,DSI_3D,0,0.28166325370587625
OOD_2735,DSI_3D,1,0.213557122012923
OOD_2736,DSI_3D,1,0.010115684704946755
OOD_2737,DSI_3D,0,0.0004576348527039255
OOD_2738,DSI_3D,0,0.13635739945585415
OOD_2739,DSI_3D,1,0.0009637386226527199
OOD_2740,DSI_3D,0,6.395314952523011e-06
OOD_2741,DSI_3D,1,0.6265012577534997
OOD_2742,DSI_3D,0,0.001242926585978992
OOD_2743,DSI_3D,0,0.23784605543550028
OOD_2744,DSI_3D,1,0.7924963344742274
OOD_2745,DSI_3D,0,0.5759028158128404
OOD_2746,DSI_3D,0,0.2493459375372011
OOD_2747,DSI_3D,1,0.39594747029849614
OOD_2748,DSI_3D,0,0.5940413561691766
OOD_2749,DSI_3D,1,0.055689820169591495
OOD_2750,DSI_3D,0,0.06505425609119803
OOD_2751,DSI_3D,0,0.5416776917249646
OOD_2752,DSI_3D,1,0.7439700770373558
OOD_2753,DSI_3D,0,0.05456287704035928
OOD_2754,DSI_3D,0,0.0011469571024804255
OOD_2755,DSI_3D,1,0.8771676859798608
OOD_2756,DSI_3D,0,0.022580786073811837
OOD_2757,DSI_3D,0,0.6486340857798204
OOD_2758,DSI_3D,1,0.7890441943714318
OOD_2759,DSI_3D,0,0.14781074151952056
OOD_2760,DSI_3D,1,0.07719670147973086
OOD_2761,DSI_3D,0,0.0023703319137545263
OOD_2762,DSI_3D,1,0.5954928114143443
OOD_2763,DSI_3D,0,0.26030760232543554
OOD_2764,DSI_3D,0,0.520960671991817
OOD_2765,DSI_3D,0,1.7673914143319848e-06
OOD_2766,DSI_3D,0,0.020160475794998498
OOD_2767,DSI_3D,1,0.22165372621898058
OOD_2768,DSI_3D,1,0.821014440032717
OOD_2769,DSI_3D,1,0.0304726662359833
OOD_2770,DSI_3D,1,0.7920391796130015
OOD_2771,DSI_3D,0,0.6037546248433814
OOD_2772,DSI_3D,0,0.00026544911290564616
OOD_2773,DSI_3D,0,0.01840230906979959
OOD_2774,DSI_3D,0,1.7210264292563884e-05
OOD_2775,DSI_3D,0,0.5744725478540097
OOD_2776,DSI_3D,1,0.6418073905666303
OOD_2777,DSI_3D,1,0.8433770527880692
OOD_2778,DSI_3D,1,0.8558660653219119
OOD_2779,DSI_3D,0,4.828828539610062e-11
OOD_2780,DSI_3D,0,0.06800308116340158
OOD_2781,DSI_3D,0,0.2745514498341223
OOD_2782,DSI_3D,1,0.7275711999382192
OOD_2783,DSI_3D,1,0.8629727328491273
OOD_2784,DSI_3D,0,0.562226026564511
OOD_2785,DSI_3D,1,0.5216668956205791
OOD_2786,DSI_3D,0,0.1459541847635353
OOD_2787,DSI_3D,1,0.8001177522474958
OOD_2788,DSI_3D,0,0.3270165580047496
OOD_2789,DSI_3D,0,0.000898134896133863
OOD_2790,DSI_3D,0,0.320118564932275
OOD_2791,DSI_3D,0,0.007585229476117468
OOD_2792,DSI_3D,0,0.6524296368961523
OOD_2793,DSI_3D,0,0.6120556264418577
OOD_2794,DSI_3D,0,1.7393994845935187e-12
OOD_2795,DSI_3D,0,0.15856402622112534
OOD_2796,DSI_3D,1,0.15813091719251512
OOD_2797,DSI_3D,0,0.002855479542906766
OOD_2798,DSI_3D,0,0.6923208791691927
OOD_2799,DSI_3D,0,0.358199207852075
OOD_2800,DSI_3D,0,0.001880118677916613
OOD_2801,DSI_3D,1,0.8465599041710858
OOD_2802,DSI_3D,0,0.05628506486097816
OOD_2803,DSI_3D,0,0.6407390199813688
OOD_2804,DSI_3D,0,0.6145272736129577
OOD_2805,DSI_3D,1,0.7345464240796674
OOD_2806,DSI_3D,0,0.005356262213418697
OOD_2807,DSI_3D,0,0.5141584077967649
OOD_2808,DSI_3D,1,0.8158080945047265
OOD_2809,DSI_3D,0,0.6476041829006327
OOD_2810,DSI_3D,0,0.5860474627286669
OOD_2811,DSI_3D,0,0.7689687380931868
OOD_2812,DSI_3D,0,0.0015763961746222722
OOD_2813,DSI_3D,0,0.04366920098696145
OOD_2814,DSI_3D,0,0.4077697102731833
OOD_2815,DSI_3D,0,0.6454103519500999
OOD_2816,DSI_3D,0,1.942920801616964e-08
OOD_2817,DSI_3D,1,0.6628820712951019
OOD_2818,DSI_3D,1,0.32776606615341486
OOD_2819,DSI_3D,0,0.6447928476403539
OOD_2820,DSI_3D,0,1.2347250629380272e-05
OOD_2821,DSI_3D,1,0.839478924472297
OOD_2822,DSI_3D,1,0.6787138925879012
OOD_2823,DSI_3D,1,0.0015009012639887985
OOD_2824,DSI_3D,0,4.04293522153157e-06
OOD_2825,DSI_3D,0,0.00028374038993597716
OOD_2826,DSI_3D,0,0.11570839166641526
OOD_2827,DSI_3D,0,0.5469111382453997
OOD_2828,DSI_3D,0,3.739911538673501e-05
OOD_2829,DSI_3D,0,0.13523226219655718
OOD_2830,DSI_3D,1,0.7639560742547766
OOD_2831,DSI_3D,0,0.1017141844325114
OOD_2832,DSI_3D,0,0.42762201695978896
OOD_2833,DSI_3D,0,0.5567470381951949
OOD_2834,DSI_3D,0,0.060753826559230804
OOD_2835,DSI_3D,0,0.7835634252886946
OOD_2836,DSI_3D,0,0.4330083479225074
OOD_2837,DSI_3D,0,3.784901963393946e-06
OOD_2838,DSI_3D,0,0.39849211642482746
OOD_2839,DSI_3D,0,5.94809805602121e-10
OOD_2840,DSI_3D,0,0.7602519869435042
OOD_2841,DSI_3D,1,0.7894549549935669
OOD_2842,DSI_3D,0,0.08090601905566874
OOD_2843,DSI_3D,1,0.8479093983580255
OOD_2844,DSI_3D,0,0.1333838593773203
OOD_2845,DSI_3D,0,0.25908767739935623
OOD_2846,DSI_3D,0,0.42415148363427346
OOD_2847,DSI_3D,0,0.571897233028511
OOD_2848,DSI_3D,0,0.4844719951896207
OOD_2849,DSI_3D,0,0.00019699364953600413
OOD_2850,DSI_3D,1,0.41872704833219754
OOD_2851,DSI_3D,0,0.2983778576339532
OOD_2852,DSI_3D,0,0.009063302406360205
OOD_2853,DSI_3D,0,0.6782145614239053
OOD_2854,DSI_3D,1,0.763070662574896
OOD_2855,DSI_3D,1,0.5263852563001319
OOD_2856,DSI_3D,1,0.6962062359614327
OOD_2857,DSI_3D,1,0.8090677958665398
OOD_2858,DSI_3D,0,0.0060735843956493014
OOD_2859,DSI_3D,0,0.003193619338931161
OOD_2860,DSI_3D,1,0.700508682878655
OOD_2861,DSI_3D,0,8.567673278958738e-06
OOD_2862,DSI_3D,1,0.7689292955421151
OOD_2863,DSI_3D,0,9.461764185986348e-06
OOD_2864,DSI_3D,0,0.36605282216101176
OOD_2865,DSI_3D,0,0.0006664970778997372
OOD_2866,DSI_3D,0,7.813611007768762e-05
OOD_2867,DSI_3D,1,0.7334609702060145
OOD_2868,DSI_3D,1,0.776015842810936
OOD_2869,DSI_3D,0,0.2512470432802197
OOD_2870,DSI_3D,1,0.8185199952250708
OOD_2871,DSI_3D,1,0.7946293828582525
OOD_2872,DSI_3D,0,0.0028868879416351955
OOD_2873,DSI_3D,1,0.7980525798079382
OOD_2874,DSI_3D,0,0.732421690449622
OOD_2875,DSI_3D,0,0.011412970353795052
OOD_2876,DSI_3D,0,0.5657425640632304
OOD_2877,DSI_3D,1,0.8106855688166503
OOD_2878,DSI_3D,0,0.15501029443426811
OOD_2879,DSI_3D,1,0.7595270971211597
OOD_2880,DSI_3D,1,0.7649367496468082
OOD_2881,DSI_3D,0,0.7212391983626807
OOD_2882,DSI_3D,0,0.7527407054302067
OOD_2883,DSI_3D,0,0.21311986519492285
OOD_2884,DSI_3D,1,0.43246634764683717
OOD_2885,DSI_3D,1,0.8636102726624086
OOD_2886,DSI_3D,0,3.2235318739156534e-05
OOD_2887,DSI_3D,0,0.1345278957255784
OOD_2888,DSI_3D,0,0.6090596509484143
OOD_2889,DSI_3D,1,0.6400131770077634
OOD_2890,DSI_3D,1,0.8471299558670616
OOD_2891,DSI_3D,1,0.41942459207190264
OOD_2892,DSI_3D,0,5.8230509042116696e-05
OOD_2893,DSI_3D,0,0.2926238992656237
OOD_2894,DSI_3D,0,0.17842563141202997
OOD_2895,DSI_3D,1,0.8247493236107091
OOD_2896,DSI_3D,1,0.7336188360492173
OOD_2897,DSI_3D,0,0.1248638339965595
OOD_2898,DSI_3D,0,0.0047710793751702665
OOD_2899,DSI_3D,1,0.6352745340965401
OOD_2900,DSI_3D,0,0.004399571539481076
OOD_2901,DSI_3D,1,0.11334010028299729
OOD_2902,DSI_3D,1,0.19459188990082218
OOD_2903,DSI_3D,1,0.5963537188307401
OOD_2904,DSI_3D,0,0.2577705374647497
OOD_2905,DSI_3D,0,0.4418202467611505
OOD_2906,DSI_3D,0,0.3110341291980751
OOD_2907,DSI_3D,0,0.6622779134463793
OOD_2908,DSI_3D,1,0.8604323135145806
OOD_2909,DSI_3D,0,0.5548960814368625
OOD_2910,DSI_3D,0,1.86328327899382e-08
OOD_2911,DSI_3D,0,4.343002953544848e-06
OOD_2912,DSI_3D,0,0.6118354647346373
OOD_2913,DSI_3D,1,0.09313680457982648
OOD_2914,DSI_3D,0,3.308765611562576e-07
OOD_2915,DSI_3D,1,0.4782561069206595
OOD_2916,DSI_3D,0,6.438027010568974e-09
OOD_2917,DSI_3D,1,0.1501875360708365
OOD_2918,DSI_3D,0,0.00035585007899321237
OOD_2919,DSI_3D,0,0.17020858433155858
OOD_2920,DSI_3D,0,0.5078089088634634
OOD_2921,DSI_3D,0,0.20825072295521524
OOD_2922,DSI_3D,0,0.32623793350708996
OOD_2923,DSI_3D,0,0.24291970932609477
OOD_2924,DSI_3D,0,1.3922249580835004e-05
OOD_2925,DSI_3D,0,0.01285651261096503
OOD_2926,DSI_3D,0,0.1824974318802641
OOD_2927,DSI_3D,0,0.0010565312119113252
OOD_2928,DSI_3D,1,0.12388204910959968
OOD_2929,DSI_3D,0,0.004732853987150628
OOD_2930,DSI_3D,0,0.3171510456027984
OOD_2931,DSI_3D,1,0.7052901579406986
OOD_2932,DSI_3D,1,0.788121356945484
OOD_2933,DSI_3D,0,0.7593350975260242
OOD_2934,DSI_3D,0,5.746088917899438e-05
OOD_2935,DSI_3D,1,0.8784835145084675
OOD_2936,DSI_3D,0,0.00012207063015480966
OOD_2937,DSI_3D,1,0.8165977522662194
OOD_2938,DSI_3D,0,0.2475277290691189
OOD_2939,DSI_3D,0,9.184919769747636e-06
OOD_2940,DSI_3D,1,0.6013095836153215
OOD_2941,DSI_3D,0,0.11805543068527806
OOD_2942,DSI_3D,0,0.09214545168623242
OOD_2943,DSI_3D,1,0.6761305870702766
OOD_2944,DSI_3D,0,0.18883116046782525
OOD_2945,DSI_3D,1,0.8021630109300377
OOD_2946,DSI_3D,0,0.25937143199508444
OOD_2947,DSI_3D,1,0.5112866613568932
OOD_2948,DSI_3D,0,0.08011976682310787
OOD_2949,DSI_3D,0,0.34100675374160583
OOD_2950,DSI_3D,0,0.30002835758507007
OOD_2951,DSI_3D,0,0.2034515001936181
OOD_2952,DSI_3D,1,0.6684143280760069
OOD_2953,DSI_3D,0,0.5277962275982071
OOD_2954,DSI_3D,0,0.05418123844969707
OOD_2955,DSI_3D,1,0.7327496171671365
OOD_2956,DSI_3D,1,0.7209502916514068
OOD_2957,DSI_3D,1,0.8414756610734239
OOD_2958,DSI_3D,1,0.08863779528310357
OOD_2959,DSI_3D,1,0.17089970458165457
OOD_2960,DSI_3D,1,0.17210842766182846
OOD_2961,DSI_3D,0,0.17629853685649582
OOD_2962,DSI_3D,0,0.0693271683985424
OOD_2963,DSI_3D,1,0.8391379771193752
OOD_2964,DSI_3D,1,0.8560966720949009
OOD_2965,DSI_3D,0,0.6888753917426746
OOD_2966,DSI_3D,1,0.8562004285319322
OOD_2967,DSI_3D,0,0.16612776223442455
OOD_2968,DSI_3D,1,0.025805479511756442
OOD_2969,DSI_3D,0,2.8813500790849616e-06
OOD_2970,DSI_3D,1,0.6208037560136328
OOD_2971,DSI_3D,1,0.7830148987270736
OOD_2972,DSI_3D,0,0.021445387393895194
OOD_2973,DSI_3D,1,0.8439515516535904
OOD_2974,DSI_3D,0,1.4705876036250752e-10
OOD_2975,DSI_3D,1,0.34301240043076353
OOD_2976,DSI_3D,0,0.03680079404029033
OOD_2977,DSI_3D,1,0.48833565685844804
OOD_2978,DSI_3D,0,8.418187429292835e-05
OOD_2979,DSI_3D,0,0.018281577314304333
OOD_2980,DSI_3D,0,0.003761961004113264
OOD_2981,DSI_3D,1,0.8302318626859677
OOD_2982,DSI_3D,0,0.6960538823745159
OOD_2983,DSI_3D,1,0.6956182389487401
OOD_2984,DSI_3D,1,0.7952551365214698
OOD_2985,DSI_3D,1,0.6942291623208409
OOD_2986,DSI_3D,0,1.470138939254351e-11
OOD_2987,DSI_3D,1,0.7068259616696684
OOD_2988,DSI_3D,0,0.11360365955897105
OOD_2989,DSI_3D,1,0.7106406796986726
OOD_2990,DSI_3D,1,0.8465403050041542
OOD_2991,DSI_3D,1,0.1746471441689174
OOD_2992,DSI_3D,1,0.14105591499033956
OOD_2993,DSI_3D,0,0.731997180098555
OOD_2994,DSI_3D,1,0.8058253136602088
OOD_2995,DSI_3D,0,0.6749484448111441
OOD_2996,DSI_3D,0,0.0009786063638202863
OOD_2997,DSI_3D,0,0.364357924072758
OOD_2998,DSI_3D,1,0.8352883078887678
OOD_2999,DSI_3D,0,0.16774053976987327
OOD_0000,distance_diff_2D,1,0.991230045536977
OOD_0001,distance_diff_2D,0,0.023113043773774815
OOD_0002,distance_diff_2D,0,0.016384517397400915
OOD_0003,distance_diff_2D,0,0.07170158503743843
OOD_0004,distance_diff_2D,0,0.003648307675925102
OOD_0005,distance_diff_2D,0,0.9455565686026433
OOD_0006,distance_diff_2D,0,0.1473541457807985
OOD_0007,distance_diff_2D,1,0.25852000916843826
OOD_0008,distance_diff_2D,0,0.4162638363426442
OOD_0009,distance_diff_2D,1,0.9899440919016755
OOD_0010,distance_diff_2D,1,0.709432607010532
OOD_0011,distance_diff_2D,0,0.036170123737833244
OOD_0012,distance_diff_2D,1,0.9552262136321502
OOD_0013,distance_diff_2D,1,0.9431320905740986
OOD_0014,distance_diff_2D,1,0.9859840650305356
OOD_0015,distance_diff_2D,0,0.00013544375951393705
OOD_0016,distance_diff_2D,1,0.8400747089352704
OOD_0017,distance_diff_2D,0,0.0899436608280237
OOD_0018,distance_diff_2D,0,0.9573270613495881
OOD_0019,distance_diff_2D,0,0.7435952965996498
OOD_0020,distance_diff_2D,1,0.6317777467085955
OOD_0021,distance_diff_2D,1,0.981015034256434
OOD_0022,distance_diff_2D,0,0.08094715899901807
OOD_0023,distance_diff_2D,1,0.9425652628994946
OOD_0024,distance_diff_2D,1,0.9675263168008695
OOD_0025,distance_diff_2D,1,0.7075843300276189
OOD_0026,distance_diff_2D,0,0.036725321550182564
OOD_0027,distance_diff_2D,0,0.024574741456233375
OOD_0028,distance_diff_2D,1,0.9675764844343785
OOD_0029,distance_diff_2D,1,0.8883023033762969
OOD_0030,distance_diff_2D,0,3.842489373511993e-05
OOD_0031,distance_diff_2D,1,0.48536313047019947
OOD_0032,distance_diff_2D,1,0.9733328494345503
OOD_0033,distance_diff_2D,0,0.9687109650305759
OOD_0034,distance_diff_2D,1,0.9801450366302434
OOD_0035,distance_diff_2D,0,0.6427539677192015
OOD_0036,distance_diff_2D,0,0.06830882056001217
OOD_0037,distance_diff_2D,0,2.5875015042756023e-07
OOD_0038,distance_diff_2D,0,0.887686052073548
OOD_0039,distance_diff_2D,0,0.05958384532502824
OOD_0040,distance_diff_2D,0,0.23505633089622954
OOD_0041,distance_diff_2D,1,0.99295034791004
OOD_0042,distance_diff_2D,0,0.15873801403096763
OOD_0043,distance_diff_2D,1,0.9688151256655307
OOD_0044,distance_diff_2D,1,0.9405663092258639
OOD_0045,distance_diff_2D,0,0.9637618934669874
OOD_0046,distance_diff_2D,0,0.19405014703442294
OOD_0047,distance_diff_2D,1,0.9789902415568928
OOD_0048,distance_diff_2D,1,0.940984853986775
OOD_0049,distance_diff_2D,0,0.007669465627925214
OOD_0050,distance_diff_2D,0,0.09788289923427863
OOD_0051,distance_diff_2D,0,0.06983023963228797
OOD_0052,distance_diff_2D,0,0.5222343939422972
OOD_0053,distance_diff_2D,0,4.878441738733774e-06
OOD_0054,distance_diff_2D,0,0.9738325500821974
OOD_0055,distance_diff_2D,0,0.22629566764066114
OOD_0056,distance_diff_2D,0,0.17812922763093472
OOD_0057,distance_diff_2D,1,0.8733677944793148
OOD_0058,distance_diff_2D,0,0.01536147239948487
OOD_0059,distance_diff_2D,0,5.710258187894156e-05
OOD_0060,distance_diff_2D,0,0.16113120691626212
OOD_0061,distance_diff_2D,0,0.19848249614679703
OOD_0062,distance_diff_2D,0,6.706658738265174e-05
OOD_0063,distance_diff_2D,0,0.1859856664719233
OOD_0064,distance_diff_2D,0,0.0024492496750655305
OOD_0065,distance_diff_2D,0,0.341042516649742
OOD_0066,distance_diff_2D,0,0.02704527290388612
OOD_0067,distance_diff_2D,0,0.07806640781791714
OOD_0068,distance_diff_2D,0,0.47030286191801807
OOD_0069,distance_diff_2D,0,0.17816922438790658
OOD_0070,distance_diff_2D,0,0.000866824460601157
OOD_0071,distance_diff_2D,0,0.9544297792116946
OOD_0072,distance_diff_2D,0,0.9940865785864506
OOD_0073,distance_diff_2D,0,0.000174783807899385
OOD_0074,distance_diff_2D,0,0.3318291770296636
OOD_0075,distance_diff_2D,0,0.01302793850305151
OOD_0076,distance_diff_2D,0,0.004193881042836093
OOD_0077,distance_diff_2D,0,1.401773873532962e-05
OOD_0078,distance_diff_2D,0,0.014633512292415421
OOD_0079,distance_diff_2D,0,0.4205148778171613
OOD_0080,distance_diff_2D,0,0.007047961569873615
OOD_0081,distance_diff_2D,0,0.8741080710597126
OOD_0082,distance_diff_2D,1,0.48812168001470135
OOD_0083,distance_diff_2D,0,2.738152746704022e-05
OOD_0084,distance_diff_2D,1,0.9401004250666093
OOD_0085,distance_diff_2D,0,0.3243751945051106
OOD_0086,distance_diff_2D,0,0.091276712927934
OOD_0087,distance_diff_2D,0,0.8514706884424295
OOD_0088,distance_diff_2D,1,0.9625073911323275
OOD_0089,distance_diff_2D,0,0.001295818063638083
OOD_0090,distance_diff_2D,0,0.017464247969522922
OOD_0091,distance_diff_2D,0,0.2127384669974071
OOD_0092,distance_diff_2D,0,0.0006715144164643038
OOD_0093,distance_diff_2D,0,0.16294591505155737
OOD_0094,distance_diff_2D,0,0.9813151852521664
OOD_0095,distance_diff_2D,1,0.986493744295405
OOD_0096,distance_diff_2D,0,0.20299789293198905
OOD_0097,distance_diff_2D,0,0.19699731425744998
OOD_0098,distance_diff_2D,0,0.9625821720254053
OOD_0099,distance_diff_2D,0,0.01429158424358984
OOD_0100,distance_diff_2D,0,0.8826547973391997
OOD_0101,distance_diff_2D,0,8.942236091150219e-07
OOD_0102,distance_diff_2D,1,0.9941855693118338
OOD_0103,distance_diff_2D,0,0.2788140840312693
OOD_0104,distance_diff_2D,0,0.8318780057565007
OOD_0105,distance_diff_2D,0,0.2951303901519646
OOD_0106,distance_diff_2D,0,0.04171730509549556
OOD_0107,distance_diff_2D,0,0.002504922026651895
OOD_0108,distance_diff_2D,0,0.005665935344443774
OOD_0109,distance_diff_2D,0,0.20204830229074977
OOD_0110,distance_diff_2D,0,0.8293929175184394
OOD_0111,distance_diff_2D,1,0.9925872309140027
OOD_0112,distance_diff_2D,1,0.9774935988363851
OOD_0113,distance_diff_2D,1,0.9864750866601693
OOD_0114,distance_diff_2D,1,0.9697771854921694
OOD_0115,distance_diff_2D,1,0.9776357302709097
OOD_0116,distance_diff_2D,1,0.46691006903421445
OOD_0117,distance_diff_2D,0,0.00028596220803697253
OOD_0118,distance_diff_2D,1,0.9360654372285391
OOD_0119,distance_diff_2D,0,0.7992969384157749
OOD_0120,distance_diff_2D,0,2.1879760884261767e-06
OOD_0121,distance_diff_2D,0,0.3516039499719668
OOD_0122,distance_diff_2D,1,0.9241895335724137
OOD_0123,distance_diff_2D,0,0.0001717363228546278
OOD_0124,distance_diff_2D,1,0.9457020235325976
OOD_0125,distance_diff_2D,0,0.054861141507458744
OOD_0126,distance_diff_2D,0,0.22250798858380527
OOD_0127,distance_diff_2D,0,1.1513891479987664e-05
OOD_0128,distance_diff_2D,0,0.0014812346519440431
OOD_0129,distance_diff_2D,1,0.9884531058187916
OOD_0130,distance_diff_2D,0,0.12838340675961785
OOD_0131,distance_diff_2D,0,0.15746006558208506
OOD_0132,distance_diff_2D,0,0.8766162331224587
OOD_0133,distance_diff_2D,1,0.9621992231535946
OOD_0134,distance_diff_2D,0,0.021040265059148005
OOD_0135,distance_diff_2D,0,0.047121491386616934
OOD_0136,distance_diff_2D,0,0.988502252536983
OOD_0137,distance_diff_2D,1,0.9903397698204773
OOD_0138,distance_diff_2D,1,0.9730839294765972
OOD_0139,distance_diff_2D,1,0.7479872261130697
OOD_0140,distance_diff_2D,0,0.9823385364803665
OOD_0141,distance_diff_2D,1,0.9917349413593943
OOD_0142,distance_diff_2D,0,0.11550389516801537
OOD_0143,distance_diff_2D,1,0.932653856981343
OOD_0144,distance_diff_2D,1,0.9093775122762305
OOD_0145,distance_diff_2D,0,0.002562984361852786
OOD_0146,distance_diff_2D,0,0.6939877072150676
OOD_0147,distance_diff_2D,0,0.0006919981423388585
OOD_0148,distance_diff_2D,0,0.882271114352065
OOD_0149,distance_diff_2D,0,0.26776107771961355
OOD_0150,distance_diff_2D,1,0.9364984741067632
OOD_0151,distance_diff_2D,0,0.0023171449402451107
OOD_0152,distance_diff_2D,0,0.20897685386529666
OOD_0153,distance_diff_2D,1,0.9358733895708986
OOD_0154,distance_diff_2D,0,0.8732182341824125
OOD_0155,distance_diff_2D,1,0.9508080211699508
OOD_0156,distance_diff_2D,0,0.00018847927667322033
OOD_0157,distance_diff_2D,0,0.027283325424454493
OOD_0158,distance_diff_2D,0,0.0015608660849237633
OOD_0159,distance_diff_2D,0,0.7843706962568545
OOD_0160,distance_diff_2D,0,0.11431823811874707
OOD_0161,distance_diff_2D,0,0.03809810370893745
OOD_0162,distance_diff_2D,0,0.24681684300580028
OOD_0163,distance_diff_2D,0,0.3051722118492652
OOD_0164,distance_diff_2D,1,0.9819276267214122
OOD_0165,distance_diff_2D,1,0.9486447355497091
OOD_0166,distance_diff_2D,1,0.8465626288225616
OOD_0167,distance_diff_2D,1,0.9783958355171596
OOD_0168,distance_diff_2D,0,0.9433423057608485
OOD_0169,distance_diff_2D,1,0.9810690142218347
OOD_0170,distance_diff_2D,0,0.4677684522510729
OOD_0171,distance_diff_2D,0,0.001567179030719599
OOD_0172,distance_diff_2D,1,0.9120120162578329
OOD_0173,distance_diff_2D,0,0.9439333860966084
OOD_0174,distance_diff_2D,0,0.04442674045254702
OOD_0175,distance_diff_2D,1,0.8208789737473154
OOD_0176,distance_diff_2D,0,0.55394047677986
OOD_0177,distance_diff_2D,0,9.470265236927355e-05
OOD_0178,distance_diff_2D,0,0.284703937037367
OOD_0179,distance_diff_2D,1,0.9887009389375246
OOD_0180,distance_diff_2D,1,0.5381900995304179
OOD_0181,distance_diff_2D,0,0.037826486578904236
OOD_0182,distance_diff_2D,1,0.9700886472681061
OOD_0183,distance_diff_2D,0,1.7186566885495232e-06
OOD_0184,distance_diff_2D,0,0.332359506492482
OOD_0185,distance_diff_2D,0,0.9708858484438054
OOD_0186,distance_diff_2D,1,0.9927773831751739
OOD_0187,distance_diff_2D,1,0.9826045832906732
OOD_0188,distance_diff_2D,0,0.9206075280802757
OOD_0189,distance_diff_2D,0,0.016396160970693446
OOD_0190,distance_diff_2D,0,0.9602785285430095
OOD_0191,distance_diff_2D,0,0.30285335671631936
OOD_0192,distance_diff_2D,1,0.988651139223065
OOD_0193,distance_diff_2D,0,0.000155930466704951
OOD_0194,distance_diff_2D,0,0.48996348877457985
OOD_0195,distance_diff_2D,0,0.09300789182624095
OOD_0196,distance_diff_2D,1,0.6042739747129957
OOD_0197,distance_diff_2D,1,0.7889458280866017
OOD_0198,distance_diff_2D,1,0.9894973262710968
OOD_0199,distance_diff_2D,1,0.9825046348931715
OOD_0200,distance_diff_2D,1,0.9698481659026147
OOD_0201,distance_diff_2D,0,0.0003090221916036779
OOD_0202,distance_diff_2D,1,0.9828316080147556
OOD_0203,distance_diff_2D,0,0.0004107512919687296
OOD_0204,distance_diff_2D,1,0.9890726687580874
OOD_0205,distance_diff_2D,1,0.9815641215119033
OOD_0206,distance_diff_2D,0,0.8450908490633283
OOD_0207,distance_diff_2D,0,1.7594906847179924e-05
OOD_0208,distance_diff_2D,0,0.00014167209411273333
OOD_0209,distance_diff_2D,0,0.6924990484822505
OOD_0210,distance_diff_2D,0,0.4602062203479437
OOD_0211,distance_diff_2D,0,0.07344863610237684
OOD_0212,distance_diff_2D,0,0.7507093623244231
OOD_0213,distance_diff_2D,1,0.7209620226916379
OOD_0214,distance_diff_2D,0,0.7574726398634954
OOD_0215,distance_diff_2D,0,0.003979001453322637
OOD_0216,distance_diff_2D,0,0.40235186856719724
OOD_0217,distance_diff_2D,1,0.9442678764287677
OOD_0218,distance_diff_2D,0,0.17366946573163694
OOD_0219,distance_diff_2D,0,0.009333837094631729
OOD_0220,distance_diff_2D,1,0.9718209426871621
OOD_0221,distance_diff_2D,1,0.8361067022123225
OOD_0222,distance_diff_2D,1,0.9741568846278188
OOD_0223,distance_diff_2D,0,0.15106694837362397
OOD_0224,distance_diff_2D,1,0.9720159788772683
OOD_0225,distance_diff_2D,1,0.9892126855399709
OOD_0226,distance_diff_2D,0,0.002358432787373606
OOD_0227,distance_diff_2D,0,0.0001451513926935702
OOD_0228,distance_diff_2D,0,0.7092324437932702
OOD_0229,distance_diff_2D,0,0.041679962752624186
OOD_0230,distance_diff_2D,1,0.16805342994108277
OOD_0231,distance_diff_2D,0,0.017751967865884503
OOD_0232,distance_diff_2D,0,0.3209562087343401
OOD_0233,distance_diff_2D,0,0.005000581238134966
OOD_0234,distance_diff_2D,0,0.027270344365528398
OOD_0235,distance_diff_2D,0,0.2524186769130939
OOD_0236,distance_diff_2D,0,0.19371262745815993
OOD_0237,distance_diff_2D,1,0.9885149697963296
OOD_0238,distance_diff_2D,1,0.9944031187797766
OOD_0239,distance_diff_2D,0,0.6972182096667163
OOD_0240,distance_diff_2D,1,0.9885607196186346
OOD_0241,distance_diff_2D,0,0.007088383133310577
OOD_0242,distance_diff_2D,1,0.9707573436731647
OOD_0243,distance_diff_2D,1,0.9949055652674802
OOD_0244,distance_diff_2D,1,0.8679277146561597
OOD_0245,distance_diff_2D,0,0.8232118278260242
OOD_0246,distance_diff_2D,0,0.8755007635258314
OOD_0247,distance_diff_2D,1,0.9919675445578312
OOD_0248,distance_diff_2D,0,0.9209165884982954
OOD_0249,distance_diff_2D,1,0.989291843555426
OOD_0250,distance_diff_2D,0,0.24370847798198575
OOD_0251,distance_diff_2D,0,0.0054637454726228565
OOD_0252,distance_diff_2D,1,0.9940056540614218
OOD_0253,distance_diff_2D,0,0.25035276001685614
OOD_0254,distance_diff_2D,1,0.9768109150973613
OOD_0255,distance_diff_2D,0,0.21241453614743241
OOD_0256,distance_diff_2D,0,0.5673702195521247
OOD_0257,distance_diff_2D,0,0.9079507390898389
OOD_0258,distance_diff_2D,0,0.01274655242089791
OOD_0259,distance_diff_2D,1,0.949038074875432
OOD_0260,distance_diff_2D,1,0.6767609859690014
OOD_0261,distance_diff_2D,1,0.6983378400865518
OOD_0262,distance_diff_2D,0,0.1296723030683394
OOD_0263,distance_diff_2D,0,0.002246473662846034
OOD_0264,distance_diff_2D,0,0.8755149251104068
OOD_0265,distance_diff_2D,0,0.4660999756506905
OOD_0266,distance_diff_2D,1,0.7302647729328224
OOD_0267,distance_diff_2D,0,0.6449609170921236
OOD_0268,distance_diff_2D,1,0.9586960047310763
OOD_0269,distance_diff_2D,1,0.9822106099740924
OOD_0270,distance_diff_2D,1,0.6176502633760699
OOD_0271,distance_diff_2D,1,0.978425272269921
OOD_0272,distance_diff_2D,0,0.9441655526141151
OOD_0273,distance_diff_2D,0,0.978372387344867
OOD_0274,distance_diff_2D,1,0.9929922046213986
OOD_0275,distance_diff_2D,0,0.14781138846244699
OOD_0276,distance_diff_2D,0,0.06796175475721485
OOD_0277,distance_diff_2D,1,0.9614820257062415
OOD_0278,distance_diff_2D,0,0.15980824001620084
OOD_0279,distance_diff_2D,0,0.4136419573492876
OOD_0280,distance_diff_2D,1,0.9511848934780531
OOD_0281,distance_diff_2D,1,0.9703819995847217
OOD_0282,distance_diff_2D,0,0.11917512797489309
OOD_0283,distance_diff_2D,1,0.8498978649917323
OOD_0284,distance_diff_2D,0,0.19908443780107585
OOD_0285,distance_diff_2D,1,0.8305546748761758
OOD_0286,distance_diff_2D,1,0.9810148885821147
OOD_0287,distance_diff_2D,1,0.5949460989437467
OOD_0288,distance_diff_2D,0,0.16591288031527648
OOD_0289,distance_diff_2D,0,0.01023770161262721
OOD_0290,distance_diff_2D,1,0.6475777818755668
OOD_0291,distance_diff_2D,0,0.6379652913321374
OOD_0292,distance_diff_2D,1,0.9863349087207731
OOD_0293,distance_diff_2D,0,0.7163280221060246
OOD_0294,distance_diff_2D,0,4.3428560304274384e-05
OOD_0295,distance_diff_2D,1,0.7982940642271664
OOD_0296,distance_diff_2D,1,0.9283518133188099
OOD_0297,distance_diff_2D,1,0.986574151501988
OOD_0298,distance_diff_2D,0,0.00033898004498410163
OOD_0299,distance_diff_2D,0,5.284038002268455e-05
OOD_0300,distance_diff_2D,1,0.9763461002146788
OOD_0301,distance_diff_2D,0,0.634247060080363
OOD_0302,distance_diff_2D,1,0.9929353367039252
OOD_0303,distance_diff_2D,0,0.09915654921113293
OOD_0304,distance_diff_2D,1,0.9643663034395156
OOD_0305,distance_diff_2D,1,0.2886588298619778
OOD_0306,distance_diff_2D,0,0.02166379067542455
OOD_0307,distance_diff_2D,0,0.006693827558926148
OOD_0308,distance_diff_2D,1,0.984225056178599
OOD_0309,distance_diff_2D,0,0.01291242246033575
OOD_0310,distance_diff_2D,0,0.024114790588681358
OOD_0311,distance_diff_2D,0,0.1585509919875173
OOD_0312,distance_diff_2D,0,0.7812985516873658
OOD_0313,distance_diff_2D,0,0.7444620843252987
OOD_0314,distance_diff_2D,1,0.9328871765994474
OOD_0315,distance_diff_2D,0,0.001847498275541811
OOD_0316,distance_diff_2D,0,0.44556236816596106
OOD_0317,distance_diff_2D,1,0.9414154446448088
OOD_0318,distance_diff_2D,1,0.99430781840372
OOD_0319,distance_diff_2D,1,0.989786507067821
OOD_0320,distance_diff_2D,0,5.936422520660894e-07
OOD_0321,distance_diff_2D,0,0.6044272495257005
OOD_0322,distance_diff_2D,0,0.28266869197986355
OOD_0323,distance_diff_2D,0,0.0016239015228740516
OOD_0324,distance_diff_2D,0,0.008848475994196817
OOD_0325,distance_diff_2D,1,0.7464029188764769
OOD_0326,distance_diff_2D,0,0.1525644180102887
OOD_0327,distance_diff_2D,0,0.022525367959504734
OOD_0328,distance_diff_2D,0,0.7610292131241514
OOD_0329,distance_diff_2D,1,0.9872850056576489
OOD_0330,distance_diff_2D,0,0.0010694460498548051
OOD_0331,distance_diff_2D,0,0.007421360118163436
OOD_0332,distance_diff_2D,0,0.009221599620672857
OOD_0333,distance_diff_2D,0,6.772320314879121e-05
OOD_0334,distance_diff_2D,0,0.0011034044616650663
OOD_0335,distance_diff_2D,1,0.9838131021033358
OOD_0336,distance_diff_2D,0,0.6135592936437931
OOD_0337,distance_diff_2D,0,0.00040062097797615586
OOD_0338,distance_diff_2D,1,0.9735675262457472
OOD_0339,distance_diff_2D,0,0.8161682819325625
OOD_0340,distance_diff_2D,1,0.8641980436889891
OOD_0341,distance_diff_2D,0,0.3835288550740338
OOD_0342,distance_diff_2D,0,0.04972019635775517
OOD_0343,distance_diff_2D,0,0.757285791583898
OOD_0344,distance_diff_2D,0,0.002173893962576024
OOD_0345,distance_diff_2D,1,0.9930514736214187
OOD_0346,distance_diff_2D,1,0.9949871455164317
OOD_0347,distance_diff_2D,1,0.9939165282235887
OOD_0348,distance_diff_2D,0,0.05744024182198984
OOD_0349,distance_diff_2D,0,0.15763851045738433
OOD_0350,distance_diff_2D,0,0.000416511917119314
OOD_0351,distance_diff_2D,0,2.0248764206164326e-05
OOD_0352,distance_diff_2D,0,0.4188296682302194
OOD_0353,distance_diff_2D,0,0.8826525039571639
OOD_0354,distance_diff_2D,0,0.3856907209908326
OOD_0355,distance_diff_2D,1,0.9897432601566603
OOD_0356,distance_diff_2D,0,0.01664338383221515
OOD_0357,distance_diff_2D,0,0.8177121450652611
OOD_0358,distance_diff_2D,0,0.18898240370500136
OOD_0359,distance_diff_2D,1,0.10584366140294697
OOD_0360,distance_diff_2D,0,0.7655079306966565
OOD_0361,distance_diff_2D,0,0.00021883908147534863
OOD_0362,distance_diff_2D,0,0.4352130410769574
OOD_0363,distance_diff_2D,1,0.8988315939259374
OOD_0364,distance_diff_2D,0,0.48187677291877135
OOD_0365,distance_diff_2D,1,0.975285899754235
OOD_0366,distance_diff_2D,1,0.8983000964304139
OOD_0367,distance_diff_2D,1,0.6841944764419373
OOD_0368,distance_diff_2D,0,0.7607258303108821
OOD_0369,distance_diff_2D,0,0.9577023224809975
OOD_0370,distance_diff_2D,0,0.003525891810469695
OOD_0371,distance_diff_2D,0,0.13795650679401186
OOD_0372,distance_diff_2D,0,0.9063805776512468
OOD_0373,distance_diff_2D,1,0.9588374897643472
OOD_0374,distance_diff_2D,1,0.9083729353949994
OOD_0375,distance_diff_2D,0,0.5760513234548142
OOD_0376,distance_diff_2D,0,4.0392447856083364e-05
OOD_0377,distance_diff_2D,1,0.9740848259857137
OOD_0378,distance_diff_2D,0,0.00036837825798639845
OOD_0379,distance_diff_2D,0,0.9630245556939274
OOD_0380,distance_diff_2D,0,0.006209666594115466
OOD_0381,distance_diff_2D,0,0.22040555837240008
OOD_0382,distance_diff_2D,0,0.20875597241156613
OOD_0383,distance_diff_2D,1,0.9829234850856952
OOD_0384,distance_diff_2D,1,0.8410769202127071
OOD_0385,distance_diff_2D,0,0.8134628936264832
OOD_0386,distance_diff_2D,0,0.02693065593655531
OOD_0387,distance_diff_2D,1,0.9954671414369106
OOD_0388,distance_diff_2D,0,0.8039602642489089
OOD_0389,distance_diff_2D,1,0.9060021220129334
OOD_0390,distance_diff_2D,0,0.5773039461534692
OOD_0391,distance_diff_2D,0,0.001943585519507227
OOD_0392,distance_diff_2D,1,0.9730044405348287
OOD_0393,distance_diff_2D,1,0.9605668610259434
OOD_0394,distance_diff_2D,0,0.4616788280268046
OOD_0395,distance_diff_2D,1,0.5135063162079048
OOD_0396,distance_diff_2D,0,0.022364886507563284
OOD_0397,distance_diff_2D,0,0.004826858763497638
OOD_0398,distance_diff_2D,0,0.0738650928324985
OOD_0399,distance_diff_2D,1,0.952563907658045
OOD_0400,distance_diff_2D,1,0.9692989169955776
OOD_0401,distance_diff_2D,0,0.01830923765082999
OOD_0402,distance_diff_2D,1,0.9630243076053248
OOD_0403,distance_diff_2D,0,0.6943160921363141
OOD_0404,distance_diff_2D,1,0.9428574768000112
OOD_0405,distance_diff_2D,0,0.986649010983998
OOD_0406,distance_diff_2D,0,0.04744364714490879
OOD_0407,distance_diff_2D,0,0.09010742456718045
OOD_0408,distance_diff_2D,1,0.9292069485964746
OOD_0409,distance_diff_2D,0,0.3099662660368342
OOD_0410,distance_diff_2D,1,0.9841814392327854
OOD_0411,distance_diff_2D,0,0.007172144323496166
OOD_0412,distance_diff_2D,0,0.0005206607547083432
OOD_0413,distance_diff_2D,1,0.9869156637384046
OOD_0414,distance_diff_2D,0,0.5887224093567135
OOD_0415,distance_diff_2D,0,0.4679791996301218
OOD_0416,distance_diff_2D,0,0.4899452006303089
OOD_0417,distance_diff_2D,0,0.00816595346467958
OOD_0418,distance_diff_2D,0,0.23009683187584906
OOD_0419,distance_diff_2D,0,0.26808777986494
OOD_0420,distance_diff_2D,0,0.9024991338146312
OOD_0421,distance_diff_2D,1,0.9789465173214131
OOD_0422,distance_diff_2D,0,0.006062650158521509
OOD_0423,distance_diff_2D,0,0.6540300310027297
OOD_0424,distance_diff_2D,0,0.04118613965864019
OOD_0425,distance_diff_2D,0,1.1580626231586075e-05
OOD_0426,distance_diff_2D,0,0.026635776300012008
OOD_0427,distance_diff_2D,1,0.9769904585818208
OOD_0428,distance_diff_2D,1,0.8921794584961572
OOD_0429,distance_diff_2D,0,0.0009569476647085249
OOD_0430,distance_diff_2D,0,0.18841077622846475
OOD_0431,distance_diff_2D,1,0.9617866588816046
OOD_0432,distance_diff_2D,0,0.42163651726169743
OOD_0433,distance_diff_2D,0,0.85534635084571
OOD_0434,distance_diff_2D,1,0.09307922423528295
OOD_0435,distance_diff_2D,0,0.8820013781972278
OOD_0436,distance_diff_2D,1,0.9617323102470379
OOD_0437,distance_diff_2D,0,5.224003589455412e-06
OOD_0438,distance_diff_2D,1,0.9227410258037515
OOD_0439,distance_diff_2D,0,0.0030190760295374978
OOD_0440,distance_diff_2D,0,0.8842233856869581
OOD_0441,distance_diff_2D,1,0.9731207827423102
OOD_0442,distance_diff_2D,1,0.9466548933823135
OOD_0443,distance_diff_2D,0,0.3965782943329947
OOD_0444,distance_diff_2D,0,0.6799149484275707
OOD_0445,distance_diff_2D,0,0.9727665581274788
OOD_0446,distance_diff_2D,1,0.9367234167293115
OOD_0447,distance_diff_2D,1,0.917550996535475
OOD_0448,distance_diff_2D,0,0.14118200856980212
OOD_0449,distance_diff_2D,1,0.9709689069421296
OOD_0450,distance_diff_2D,0,0.9593969164192565
OOD_0451,distance_diff_2D,0,3.47109356777329e-05
OOD_0452,distance_diff_2D,0,0.020196496044529867
OOD_0453,distance_diff_2D,0,0.7921969828912383
OOD_0454,distance_diff_2D,0,0.06793498283176716
OOD_0455,distance_diff_2D,0,0.010792179514838395
OOD_0456,distance_diff_2D,0,0.7463230177520003
OOD_0457,distance_diff_2D,1,0.925565287083798
OOD_0458,distance_diff_2D,0,0.02582269565059491
OOD_0459,distance_diff_2D,1,0.2177392685743436
OOD_0460,distance_diff_2D,1,0.36766923897970344
OOD_0461,distance_diff_2D,1,0.9474436557420733
OOD_0462,distance_diff_2D,0,0.7426806890224074
OOD_0463,distance_diff_2D,0,0.513222109080709
OOD_0464,distance_diff_2D,0,0.6317062122421252
OOD_0465,distance_diff_2D,1,0.9063201790167879
OOD_0466,distance_diff_2D,0,0.0007875695613320347
OOD_0467,distance_diff_2D,0,0.7101232781191656
OOD_0468,distance_diff_2D,1,0.989554836418994
OOD_0469,distance_diff_2D,1,0.9870392649029841
OOD_0470,distance_diff_2D,1,0.9869712173395476
OOD_0471,distance_diff_2D,0,0.45214886509696284
OOD_0472,distance_diff_2D,1,0.8119949636792202
OOD_0473,distance_diff_2D,0,0.0011577951240990959
OOD_0474,distance_diff_2D,1,0.9682936123921105
OOD_0475,distance_diff_2D,1,0.8984645370007466
OOD_0476,distance_diff_2D,1,0.9820221972123081
OOD_0477,distance_diff_2D,0,0.0019123671257416687
OOD_0478,distance_diff_2D,1,0.9292073136016031
OOD_0479,distance_diff_2D,1,0.8023302526174475
OOD_0480,distance_diff_2D,0,0.8837281469326546
OOD_0481,distance_diff_2D,0,0.9789095402957525
OOD_0482,distance_diff_2D,1,0.834314615348227
OOD_0483,distance_diff_2D,0,0.004345498660313714
OOD_0484,distance_diff_2D,1,0.9909889545019464
OOD_0485,distance_diff_2D,1,0.9798536789895697
OOD_0486,distance_diff_2D,0,0.18432555460549074
OOD_0487,distance_diff_2D,1,0.8983976115414675
OOD_0488,distance_diff_2D,0,0.0038324377073579168
OOD_0489,distance_diff_2D,1,0.9317329938682833
OOD_0490,distance_diff_2D,0,0.004390191823312238
OOD_0491,distance_diff_2D,0,0.9640737765937979
OOD_0492,distance_diff_2D,1,0.9623991197502836
OOD_0493,distance_diff_2D,0,0.07947801354113668
OOD_0494,distance_diff_2D,0,0.0004965225574073481
OOD_0495,distance_diff_2D,0,0.15273712125413805
OOD_0496,distance_diff_2D,1,0.9774207441837146
OOD_0497,distance_diff_2D,1,0.9705133726121429
OOD_0498,distance_diff_2D,0,0.9265919013472103
OOD_0499,distance_diff_2D,0,0.04316640911423828
OOD_0500,distance_diff_2D,1,0.9746296930659626
OOD_0501,distance_diff_2D,0,7.556226426113703e-05
OOD_0502,distance_diff_2D,1,0.8175180975894826
OOD_0503,distance_diff_2D,1,0.8953322108154437
OOD_0504,distance_diff_2D,0,0.02920242638615135
OOD_0505,distance_diff_2D,0,0.9105076120930475
OOD_0506,distance_diff_2D,1,0.9340150823819273
OOD_0507,distance_diff_2D,1,0.9798032346237765
OOD_0508,distance_diff_2D,0,0.4334704219541109
OOD_0509,distance_diff_2D,0,0.9351732784260571
OOD_0510,distance_diff_2D,1,0.9530223079487631
OOD_0511,distance_diff_2D,1,0.3883291209900778
OOD_0512,distance_diff_2D,1,0.9742696666513834
OOD_0513,distance_diff_2D,0,5.97466778353002e-05
OOD_0514,distance_diff_2D,0,0.026848832854479934
OOD_0515,distance_diff_2D,0,0.908561409645374
OOD_0516,distance_diff_2D,0,3.281289982477056e-05
OOD_0517,distance_diff_2D,0,0.011190577005432445
OOD_0518,distance_diff_2D,0,0.5294678547354672
OOD_0519,distance_diff_2D,1,0.92157744190203
OOD_0520,distance_diff_2D,0,0.004897389305970819
OOD_0521,distance_diff_2D,0,0.003946783800908187
OOD_0522,distance_diff_2D,0,0.01180926033277743
OOD_0523,distance_diff_2D,0,0.6036016522586557
OOD_0524,distance_diff_2D,1,0.9919035160145743
OOD_0525,distance_diff_2D,1,0.8625395027165049
OOD_0526,distance_diff_2D,0,7.541533594969766e-05
OOD_0527,distance_diff_2D,0,8.410212997566614e-07
OOD_0528,distance_diff_2D,0,0.009200870308870117
OOD_0529,distance_diff_2D,1,0.967705031924711
OOD_0530,distance_diff_2D,0,0.9254103349160215
OOD_0531,distance_diff_2D,1,0.9715811903680517
OOD_0532,distance_diff_2D,0,0.0027051599818465285
OOD_0533,distance_diff_2D,0,0.05448213909105711
OOD_0534,distance_diff_2D,0,0.008323198370751636
OOD_0535,distance_diff_2D,1,0.9673503881112457
OOD_0536,distance_diff_2D,1,0.8547718576638103
OOD_0537,distance_diff_2D,1,0.6550210973419258
OOD_0538,distance_diff_2D,0,0.23128344031780942
OOD_0539,distance_diff_2D,1,0.9971699793976835
OOD_0540,distance_diff_2D,0,0.7162290059647846
OOD_0541,distance_diff_2D,0,0.0002861069552386165
OOD_0542,distance_diff_2D,0,0.5480201782700479
OOD_0543,distance_diff_2D,1,0.9942974629835696
OOD_0544,distance_diff_2D,0,0.01452519314370103
OOD_0545,distance_diff_2D,0,0.0052467833694179985
OOD_0546,distance_diff_2D,0,0.7924094156491929
OOD_0547,distance_diff_2D,0,0.10182249251114912
OOD_0548,distance_diff_2D,0,0.0004919000748666436
OOD_0549,distance_diff_2D,1,0.9026719784665511
OOD_0550,distance_diff_2D,1,0.9592308275948223
OOD_0551,distance_diff_2D,1,0.9933211507188111
OOD_0552,distance_diff_2D,0,0.0011937027739673915
OOD_0553,distance_diff_2D,0,0.2544551105431977
OOD_0554,distance_diff_2D,1,0.9736988574148204
OOD_0555,distance_diff_2D,0,0.5197764541322142
OOD_0556,distance_diff_2D,1,0.9943312410912898
OOD_0557,distance_diff_2D,0,0.010820015063621638
OOD_0558,distance_diff_2D,0,0.9851710417920402
OOD_0559,distance_diff_2D,1,0.9817745440488785
OOD_0560,distance_diff_2D,1,0.7105384798587416
OOD_0561,distance_diff_2D,0,0.768750005443789
OOD_0562,distance_diff_2D,0,0.09599297528193287
OOD_0563,distance_diff_2D,1,0.9808282354682174
OOD_0564,distance_diff_2D,0,0.0038732669529833847
OOD_0565,distance_diff_2D,1,0.9427941813022276
OOD_0566,distance_diff_2D,0,0.015599834419863366
OOD_0567,distance_diff_2D,0,2.390697252874282e-05
OOD_0568,distance_diff_2D,0,0.833758481028248
OOD_0569,distance_diff_2D,0,0.9497873495470537
OOD_0570,distance_diff_2D,0,0.1307489233670556
OOD_0571,distance_diff_2D,0,0.8880515782735942
OOD_0572,distance_diff_2D,1,0.8922508792021953
OOD_0573,distance_diff_2D,1,0.9559448720770444
OOD_0574,distance_diff_2D,1,0.861360933731711
OOD_0575,distance_diff_2D,1,0.9869769733795815
OOD_0576,distance_diff_2D,0,0.27361943944905553
OOD_0577,distance_diff_2D,0,0.07624725794426006
OOD_0578,distance_diff_2D,0,0.18153086789383538
OOD_0579,distance_diff_2D,1,0.949572193022602
OOD_0580,distance_diff_2D,0,0.3962518888029828
OOD_0581,distance_diff_2D,0,0.07195617478509742
OOD_0582,distance_diff_2D,0,0.7928560482701326
OOD_0583,distance_diff_2D,0,0.0033070834306670343
OOD_0584,distance_diff_2D,1,0.8988644448132928
OOD_0585,distance_diff_2D,0,0.6236309039103147
OOD_0586,distance_diff_2D,0,0.9380497673910827
OOD_0587,distance_diff_2D,0,0.00022564558884596194
OOD_0588,distance_diff_2D,1,0.9201408109894398
OOD_0589,distance_diff_2D,1,0.4792726599914839
OOD_0590,distance_diff_2D,0,0.15426812389863173
OOD_0591,distance_diff_2D,0,0.008523048122408023
OOD_0592,distance_diff_2D,0,0.0004249429107268222
OOD_0593,distance_diff_2D,1,0.9382297992357508
OOD_0594,distance_diff_2D,1,0.8849897300603324
OOD_0595,distance_diff_2D,0,0.00044921642941064
OOD_0596,distance_diff_2D,0,0.6823778492567352
OOD_0597,distance_diff_2D,0,0.5851961783705095
OOD_0598,distance_diff_2D,0,0.3800643294506932
OOD_0599,distance_diff_2D,1,0.9693208735355434
OOD_0600,distance_diff_2D,1,0.8286090945491275
OOD_0601,distance_diff_2D,0,0.8927804877924791
OOD_0602,distance_diff_2D,0,0.037241294100725485
OOD_0603,distance_diff_2D,0,0.7241826190981994
OOD_0604,distance_diff_2D,1,0.861978437955451
OOD_0605,distance_diff_2D,0,0.001527343357133862
OOD_0606,distance_diff_2D,1,0.9926853245446176
OOD_0607,distance_diff_2D,1,0.9787789101801725
OOD_0608,distance_diff_2D,1,0.9866579358701226
OOD_0609,distance_diff_2D,0,0.9395127845854684
OOD_0610,distance_diff_2D,1,0.9394195386168824
OOD_0611,distance_diff_2D,1,0.992973015796367
OOD_0612,distance_diff_2D,0,0.10271925993459799
OOD_0613,distance_diff_2D,0,0.5175718869381211
OOD_0614,distance_diff_2D,0,0.03251500309653442
OOD_0615,distance_diff_2D,1,0.6627713090813263
OOD_0616,distance_diff_2D,0,0.021675729561506533
OOD_0617,distance_diff_2D,0,0.3640856689616393
OOD_0618,distance_diff_2D,0,0.4668786114345094
OOD_0619,distance_diff_2D,0,0.5748677077194511
OOD_0620,distance_diff_2D,0,0.00019894644829555053
OOD_0621,distance_diff_2D,0,0.024618731161417693
OOD_0622,distance_diff_2D,0,0.03302023216322476
OOD_0623,distance_diff_2D,1,0.993608950424568
OOD_0624,distance_diff_2D,1,0.9747063541600496
OOD_0625,distance_diff_2D,0,0.2102775117599163
OOD_0626,distance_diff_2D,1,0.9846987105477552
OOD_0627,distance_diff_2D,1,0.7162346307504256
OOD_0628,distance_diff_2D,0,0.9659587460389892
OOD_0629,distance_diff_2D,0,0.055152373360148464
OOD_0630,distance_diff_2D,1,0.9941091393780515
OOD_0631,distance_diff_2D,0,0.14794526986926562
OOD_0632,distance_diff_2D,0,0.5793043585335255
OOD_0633,distance_diff_2D,0,0.9416470715737608
OOD_0634,distance_diff_2D,1,0.990237719190824
OOD_0635,distance_diff_2D,1,0.6586487247730636
OOD_0636,distance_diff_2D,1,0.9701479708683175
OOD_0637,distance_diff_2D,0,0.4849524204931043
OOD_0638,distance_diff_2D,0,0.8756317763258324
OOD_0639,distance_diff_2D,1,0.9918507872837898
OOD_0640,distance_diff_2D,0,0.8321795233821156
OOD_0641,distance_diff_2D,0,0.18273487008179112
OOD_0642,distance_diff_2D,1,0.9622325865933383
OOD_0643,distance_diff_2D,0,0.010119785566446736
OOD_0644,distance_diff_2D,1,0.9071720764036619
OOD_0645,distance_diff_2D,0,0.9546448388499638
OOD_0646,distance_diff_2D,1,0.5932532507416374
OOD_0647,distance_diff_2D,0,0.9704977027815708
OOD_0648,distance_diff_2D,0,0.37510653813374145
OOD_0649,distance_diff_2D,0,8.944857684511454e-06
OOD_0650,distance_diff_2D,1,0.9844617536315411
OOD_0651,distance_diff_2D,1,0.7814067324263527
OOD_0652,distance_diff_2D,1,0.8664823242764482
OOD_0653,distance_diff_2D,0,0.7815868781216153
OOD_0654,distance_diff_2D,0,0.008200050574716082
OOD_0655,distance_diff_2D,0,6.525854939368101e-05
OOD_0656,distance_diff_2D,0,0.0002580373714098432
OOD_0657,distance_diff_2D,1,0.9939401381578653
OOD_0658,distance_diff_2D,1,0.9496196256826996
OOD_0659,distance_diff_2D,0,0.80151665947453
OOD_0660,distance_diff_2D,0,0.00216947242508334
OOD_0661,distance_diff_2D,1,0.892803780506753
OOD_0662,distance_diff_2D,0,0.9563809332422377
OOD_0663,distance_diff_2D,1,0.293652692047659
OOD_0664,distance_diff_2D,0,0.8738235920448729
OOD_0665,distance_diff_2D,0,0.00010671164842543454
OOD_0666,distance_diff_2D,1,0.17662949380061502
OOD_0667,distance_diff_2D,1,0.9283330667133307
OOD_0668,distance_diff_2D,0,0.9812619371526473
OOD_0669,distance_diff_2D,0,0.8782892062448657
OOD_0670,distance_diff_2D,1,0.9872475275513403
OOD_0671,distance_diff_2D,1,0.8833477981921841
OOD_0672,distance_diff_2D,1,0.6000843400288656
OOD_0673,distance_diff_2D,0,0.011465222836350054
OOD_0674,distance_diff_2D,0,0.010287586504344652
OOD_0675,distance_diff_2D,0,0.9916190205390021
OOD_0676,distance_diff_2D,1,0.9742144573912425
OOD_0677,distance_diff_2D,0,0.709408840666808
OOD_0678,distance_diff_2D,0,0.002431201970194593
OOD_0679,distance_diff_2D,1,0.923335744119013
OOD_0680,distance_diff_2D,1,0.9905579026908782
OOD_0681,distance_diff_2D,0,0.0029977503379325903
OOD_0682,distance_diff_2D,0,0.007008176832477323
OOD_0683,distance_diff_2D,1,0.9492178242857753
OOD_0684,distance_diff_2D,0,0.3619762139617819
OOD_0685,distance_diff_2D,0,0.10476687669829714
OOD_0686,distance_diff_2D,1,0.9916454999790781
OOD_0687,distance_diff_2D,1,0.9202556030897147
OOD_0688,distance_diff_2D,0,0.8033466674585379
OOD_0689,distance_diff_2D,1,0.984739357340342
OOD_0690,distance_diff_2D,1,0.9697443522654525
OOD_0691,distance_diff_2D,0,0.5168373195198498
OOD_0692,distance_diff_2D,0,0.4335760049047568
OOD_0693,distance_diff_2D,0,0.6336827228088436
OOD_0694,distance_diff_2D,1,0.9884480977572375
OOD_0695,distance_diff_2D,0,0.009848060788441644
OOD_0696,distance_diff_2D,0,0.010607124928477667
OOD_0697,distance_diff_2D,1,0.9907675641500815
OOD_0698,distance_diff_2D,1,0.9934547994081633
OOD_0699,distance_diff_2D,0,5.886930581838506e-06
OOD_0700,distance_diff_2D,0,7.411332202899725e-05
OOD_0701,distance_diff_2D,0,0.0057014540115315395
OOD_0702,distance_diff_2D,0,0.04256122624187476
OOD_0703,distance_diff_2D,0,0.2238651006485696
OOD_0704,distance_diff_2D,0,0.9333330768971777
OOD_0705,distance_diff_2D,0,0.0003189693460761627
OOD_0706,distance_diff_2D,1,0.9798145058012154
OOD_0707,distance_diff_2D,0,0.004088238046039358
OOD_0708,distance_diff_2D,1,0.9780921472827552
OOD_0709,distance_diff_2D,0,0.9506234604612762
OOD_0710,distance_diff_2D,0,0.18105052193847965
OOD_0711,distance_diff_2D,0,0.5491696257532461
OOD_0712,distance_diff_2D,0,0.27963902675401836
OOD_0713,distance_diff_2D,1,0.98855433206512
OOD_0714,distance_diff_2D,0,0.0014834116051142161
OOD_0715,distance_diff_2D,0,0.00011437945599677027
OOD_0716,distance_diff_2D,1,0.7562050796621596
OOD_0717,distance_diff_2D,0,0.0004548618663379863
OOD_0718,distance_diff_2D,1,0.8505277752883489
OOD_0719,distance_diff_2D,0,0.0027476393985698044
OOD_0720,distance_diff_2D,0,0.0002194841951759728
OOD_0721,distance_diff_2D,0,0.7417835119379256
OOD_0722,distance_diff_2D,0,0.007538817109493977
OOD_0723,distance_diff_2D,0,0.3700174485893145
OOD_0724,distance_diff_2D,0,0.051544612092205594
OOD_0725,distance_diff_2D,1,0.4478871545117852
OOD_0726,distance_diff_2D,0,0.00011416605355042095
OOD_0727,distance_diff_2D,0,0.0001433032728602859
OOD_0728,distance_diff_2D,1,0.9393876987998923
OOD_0729,distance_diff_2D,0,0.9614402525453734
OOD_0730,distance_diff_2D,1,0.9866824689515509
OOD_0731,distance_diff_2D,0,0.23749694564919036
OOD_0732,distance_diff_2D,0,0.7828943474554958
OOD_0733,distance_diff_2D,1,0.6621239434645297
OOD_0734,distance_diff_2D,0,0.8964166160493184
OOD_0735,distance_diff_2D,0,0.9387738499022229
OOD_0736,distance_diff_2D,0,6.719589694322602e-06
OOD_0737,distance_diff_2D,1,0.9733545529319994
OOD_0738,distance_diff_2D,1,0.9614821403986851
OOD_0739,distance_diff_2D,0,0.0051751567654877585
OOD_0740,distance_diff_2D,1,0.9056934375189967
OOD_0741,distance_diff_2D,1,0.5097541434771877
OOD_0742,distance_diff_2D,0,0.46826968346710945
OOD_0743,distance_diff_2D,0,3.6692405829583196e-05
OOD_0744,distance_diff_2D,0,0.4974492508863996
OOD_0745,distance_diff_2D,0,0.688546365019083
OOD_0746,distance_diff_2D,0,0.10805402933487829
OOD_0747,distance_diff_2D,0,0.3475428360397319
OOD_0748,distance_diff_2D,0,0.01432905285107471
OOD_0749,distance_diff_2D,1,0.9724169358996925
OOD_0750,distance_diff_2D,1,0.9313833941369857
OOD_0751,distance_diff_2D,1,0.7483198569756574
OOD_0752,distance_diff_2D,0,0.008917220876582201
OOD_0753,distance_diff_2D,1,0.6815323576654616
OOD_0754,distance_diff_2D,0,0.5298014233177168
OOD_0755,distance_diff_2D,1,0.9790490009664764
OOD_0756,distance_diff_2D,0,0.9246320193141617
OOD_0757,distance_diff_2D,1,0.9945682188404004
OOD_0758,distance_diff_2D,0,0.6673484784468879
OOD_0759,distance_diff_2D,0,0.25282805785309914
OOD_0760,distance_diff_2D,0,0.6628891877805771
OOD_0761,distance_diff_2D,1,0.967137667922161
OOD_0762,distance_diff_2D,0,0.07218556609400946
OOD_0763,distance_diff_2D,0,0.052968845274997435
OOD_0764,distance_diff_2D,1,0.9760462052206048
OOD_0765,distance_diff_2D,0,0.036150486733057145
OOD_0766,distance_diff_2D,1,0.9495063759161672
OOD_0767,distance_diff_2D,0,0.68322820080211
OOD_0768,distance_diff_2D,1,0.9796026071550363
OOD_0769,distance_diff_2D,0,0.9258510927814796
OOD_0770,distance_diff_2D,0,0.6625474900708163
OOD_0771,distance_diff_2D,0,0.00045748146362311807
OOD_0772,distance_diff_2D,1,0.8936248876339009
OOD_0773,distance_diff_2D,0,0.2801484681938164
OOD_0774,distance_diff_2D,1,0.9874565997561765
OOD_0775,distance_diff_2D,1,0.7348960529448215
OOD_0776,distance_diff_2D,0,0.0014621861884181505
OOD_0777,distance_diff_2D,0,0.6441648424744817
OOD_0778,distance_diff_2D,0,0.0001983230505180368
OOD_0779,distance_diff_2D,1,0.9813737305226218
OOD_0780,distance_diff_2D,1,0.954060268125574
OOD_0781,distance_diff_2D,0,0.9225038473845976
OOD_0782,distance_diff_2D,0,0.054947375964692895
OOD_0783,distance_diff_2D,0,0.008387819674936558
OOD_0784,distance_diff_2D,0,0.0019208794215736602
OOD_0785,distance_diff_2D,1,0.9858117154762001
OOD_0786,distance_diff_2D,1,0.0985009365685096
OOD_0787,distance_diff_2D,0,0.034012896816616095
OOD_0788,distance_diff_2D,1,0.915282364585211
OOD_0789,distance_diff_2D,1,0.7542758429695324
OOD_0790,distance_diff_2D,0,7.847519029828707e-05
OOD_0791,distance_diff_2D,1,0.9577089088569791
OOD_0792,distance_diff_2D,0,0.00018388130657998777
OOD_0793,distance_diff_2D,0,0.896330615347217
OOD_0794,distance_diff_2D,1,0.9706812301952921
OOD_0795,distance_diff_2D,0,0.5997301021350752
OOD_0796,distance_diff_2D,1,0.9383460376514655
OOD_0797,distance_diff_2D,0,0.7752472067084073
OOD_0798,distance_diff_2D,0,0.21021435650276285
OOD_0799,distance_diff_2D,1,0.9807101254644702
OOD_0800,distance_diff_2D,0,0.0022940310812782044
OOD_0801,distance_diff_2D,1,0.9920921814301853
OOD_0802,distance_diff_2D,0,0.10779604448904435
OOD_0803,distance_diff_2D,0,0.0005799460322549732
OOD_0804,distance_diff_2D,0,0.001029275492702232
OOD_0805,distance_diff_2D,1,0.9341897457829724
OOD_0806,distance_diff_2D,1,0.8738026007132713
OOD_0807,distance_diff_2D,1,0.9895041998402203
OOD_0808,distance_diff_2D,0,0.08242957342285798
OOD_0809,distance_diff_2D,1,0.5886533024019794
OOD_0810,distance_diff_2D,1,0.8285426432889351
OOD_0811,distance_diff_2D,0,0.8955338382801241
OOD_0812,distance_diff_2D,0,0.07253617557487653
OOD_0813,distance_diff_2D,0,0.02706029916527239
OOD_0814,distance_diff_2D,0,0.8540748678917703
OOD_0815,distance_diff_2D,0,0.0017126191954362265
OOD_0816,distance_diff_2D,1,0.9387623550542986
OOD_0817,distance_diff_2D,0,0.840172850302286
OOD_0818,distance_diff_2D,0,7.277164164385869e-05
OOD_0819,distance_diff_2D,0,0.733113499163014
OOD_0820,distance_diff_2D,1,0.914322026513169
OOD_0821,distance_diff_2D,1,0.9884976626533795
OOD_0822,distance_diff_2D,1,0.9216311823704727
OOD_0823,distance_diff_2D,1,0.9924369670151811
OOD_0824,distance_diff_2D,1,0.9865799860774745
OOD_0825,distance_diff_2D,0,0.8602070891819
OOD_0826,distance_diff_2D,0,0.013625287287139413
OOD_0827,distance_diff_2D,1,0.9805373052990609
OOD_0828,distance_diff_2D,0,0.0197732828991884
OOD_0829,distance_diff_2D,1,0.9952688553495402
OOD_0830,distance_diff_2D,1,0.17957160500574004
OOD_0831,distance_diff_2D,0,0.015028673875042187
OOD_0832,distance_diff_2D,0,0.5555571426240775
OOD_0833,distance_diff_2D,0,0.032574537779688474
OOD_0834,distance_diff_2D,1,0.875158681362529
OOD_0835,distance_diff_2D,1,0.6076204951602145
OOD_0836,distance_diff_2D,0,0.15730576195847565
OOD_0837,distance_diff_2D,0,9.18219458657311e-06
OOD_0838,distance_diff_2D,1,0.9605178142619127
OOD_0839,distance_diff_2D,1,0.09897824570131657
OOD_0840,distance_diff_2D,0,0.0021469561610632736
OOD_0841,distance_diff_2D,0,0.9809472666850761
OOD_0842,distance_diff_2D,1,0.8804965363589728
OOD_0843,distance_diff_2D,0,0.0006501369068852761
OOD_0844,distance_diff_2D,1,0.8733854802632699
OOD_0845,distance_diff_2D,0,0.9627875803447057
OOD_0846,distance_diff_2D,1,0.9952609113620046
OOD_0847,distance_diff_2D,1,0.9909190054730485
OOD_0848,distance_diff_2D,0,0.8400935148129285
OOD_0849,distance_diff_2D,0,0.003935213825349609
OOD_0850,distance_diff_2D,1,0.9824803344248333
OOD_0851,distance_diff_2D,1,0.994109541039296
OOD_0852,distance_diff_2D,0,0.8315572539933587
OOD_0853,distance_diff_2D,0,0.00015498272872711765
OOD_0854,distance_diff_2D,1,0.9671188777467086
OOD_0855,distance_diff_2D,1,0.7637029967735988
OOD_0856,distance_diff_2D,0,0.49580260220105915
OOD_0857,distance_diff_2D,1,0.81853809761554
OOD_0858,distance_diff_2D,1,0.5268894373265557
OOD_0859,distance_diff_2D,0,0.006752328951565385
OOD_0860,distance_diff_2D,1,0.9301813528328697
OOD_0861,distance_diff_2D,0,0.9029388585061664
OOD_0862,distance_diff_2D,0,0.07002584406480922
OOD_0863,distance_diff_2D,0,0.9150008926193098
OOD_0864,distance_diff_2D,1,0.9082765367393886
OOD_0865,distance_diff_2D,0,0.09227607204057227
OOD_0866,distance_diff_2D,1,0.9949486307860558
OOD_0867,distance_diff_2D,0,0.97624057829125
OOD_0868,distance_diff_2D,0,0.0023653926944893293
OOD_0869,distance_diff_2D,0,0.31237548273728766
OOD_0870,distance_diff_2D,0,0.6737946157009594
OOD_0871,distance_diff_2D,0,0.40681201925775284
OOD_0872,distance_diff_2D,1,0.5471694352727202
OOD_0873,distance_diff_2D,1,0.9051577310595991
OOD_0874,distance_diff_2D,1,0.5071448316875402
OOD_0875,distance_diff_2D,0,0.053189918099933925
OOD_0876,distance_diff_2D,1,0.9657570950457322
OOD_0877,distance_diff_2D,1,0.9961097547683658
OOD_0878,distance_diff_2D,1,0.9369561570477078
OOD_0879,distance_diff_2D,0,0.9635501288108274
OOD_0880,distance_diff_2D,0,0.00043281838543985496
OOD_0881,distance_diff_2D,0,0.8668032709105985
OOD_0882,distance_diff_2D,1,0.9849495055892948
OOD_0883,distance_diff_2D,0,0.9625775464419418
OOD_0884,distance_diff_2D,0,0.03660922915494707
OOD_0885,distance_diff_2D,0,0.025193985316550385
OOD_0886,distance_diff_2D,1,0.990463788241163
OOD_0887,distance_diff_2D,0,0.01992289854199837
OOD_0888,distance_diff_2D,0,0.4700368229882288
OOD_0889,distance_diff_2D,1,0.21298198115432768
OOD_0890,distance_diff_2D,0,0.007942703716579916
OOD_0891,distance_diff_2D,1,0.9815266452078154
OOD_0892,distance_diff_2D,0,0.8700904221773031
OOD_0893,distance_diff_2D,1,0.9789444560209604
OOD_0894,distance_diff_2D,1,0.436630905211544
OOD_0895,distance_diff_2D,0,0.0013755124990498294
OOD_0896,distance_diff_2D,0,0.8895764506793966
OOD_0897,distance_diff_2D,1,0.7780225348836204
OOD_0898,distance_diff_2D,1,0.8658408222005788
OOD_0899,distance_diff_2D,0,0.8937494948172098
OOD_0900,distance_diff_2D,1,0.408020586415952
OOD_0901,distance_diff_2D,0,0.12036269256363145
OOD_0902,distance_diff_2D,0,0.13793753865326944
OOD_0903,distance_diff_2D,1,0.7263598760947825
OOD_0904,distance_diff_2D,0,0.7062720786479515
OOD_0905,distance_diff_2D,0,0.00199749704976163
OOD_0906,distance_diff_2D,1,0.8541497261680113
OOD_0907,distance_diff_2D,0,0.02715303814127412
OOD_0908,distance_diff_2D,1,0.14946698543094644
OOD_0909,distance_diff_2D,0,0.868504903595504
OOD_0910,distance_diff_2D,1,0.9444933056437712
OOD_0911,distance_diff_2D,0,0.0008850606838325377
OOD_0912,distance_diff_2D,0,0.22745546798246033
OOD_0913,distance_diff_2D,0,0.37245157315770966
OOD_0914,distance_diff_2D,0,0.016083884763417104
OOD_0915,distance_diff_2D,0,0.001050155100267078
OOD_0916,distance_diff_2D,1,0.8412633714083568
OOD_0917,distance_diff_2D,1,0.7136776109098081
OOD_0918,distance_diff_2D,1,0.8782088573416541
OOD_0919,distance_diff_2D,1,0.7462298205555107
OOD_0920,distance_diff_2D,1,0.8860899560991599
OOD_0921,distance_diff_2D,1,0.8879011974163217
OOD_0922,distance_diff_2D,0,6.172763766601561e-07
OOD_0923,distance_diff_2D,0,0.6080667489235884
OOD_0924,distance_diff_2D,0,0.002947786483949994
OOD_0925,distance_diff_2D,0,0.07082207027528434
OOD_0926,distance_diff_2D,0,0.6098158816105969
OOD_0927,distance_diff_2D,0,0.05019826207914916
OOD_0928,distance_diff_2D,1,0.6869493920846493
OOD_0929,distance_diff_2D,1,0.9160701402485636
OOD_0930,distance_diff_2D,0,0.9812945826670547
OOD_0931,distance_diff_2D,1,0.9750654549286378
OOD_0932,distance_diff_2D,0,0.30116371638191614
OOD_0933,distance_diff_2D,1,0.9545755403943895
OOD_0934,distance_diff_2D,1,0.9204833547611323
OOD_0935,distance_diff_2D,1,0.7394188715355754
OOD_0936,distance_diff_2D,0,2.5636247069227767e-06
OOD_0937,distance_diff_2D,0,0.9335220183377452
OOD_0938,distance_diff_2D,1,0.9741147742314848
OOD_0939,distance_diff_2D,0,0.36139215272908254
OOD_0940,distance_diff_2D,1,0.9484825619860809
OOD_0941,distance_diff_2D,0,0.12740083028453822
OOD_0942,distance_diff_2D,1,0.8836030312211139
OOD_0943,distance_diff_2D,1,0.966030969326381
OOD_0944,distance_diff_2D,0,0.9187743483658917
OOD_0945,distance_diff_2D,0,0.6968950806142933
OOD_0946,distance_diff_2D,0,0.0022591302603479292
OOD_0947,distance_diff_2D,0,0.8051342811359413
OOD_0948,distance_diff_2D,0,0.0002695367770542429
OOD_0949,distance_diff_2D,0,0.07537592864127719
OOD_0950,distance_diff_2D,0,0.02192593081118016
OOD_0951,distance_diff_2D,1,0.11905962408645535
OOD_0952,distance_diff_2D,0,0.22203250429232446
OOD_0953,distance_diff_2D,0,0.003746366464532823
OOD_0954,distance_diff_2D,1,0.5866021252568312
OOD_0955,distance_diff_2D,1,0.9622651279175002
OOD_0956,distance_diff_2D,0,0.05649544360634366
OOD_0957,distance_diff_2D,0,0.0027840180283774407
OOD_0958,distance_diff_2D,0,0.011672418707996712
OOD_0959,distance_diff_2D,1,0.9918142908998516
OOD_0960,distance_diff_2D,0,6.397732778144594e-07
OOD_0961,distance_diff_2D,0,2.0701245657011738e-05
OOD_0962,distance_diff_2D,0,0.6216883164049476
OOD_0963,distance_diff_2D,0,0.6703129678417261
OOD_0964,distance_diff_2D,0,2.2682305777546106e-06
OOD_0965,distance_diff_2D,0,0.9307118209004152
OOD_0966,distance_diff_2D,0,0.5115088826692642
OOD_0967,distance_diff_2D,1,0.9669896890329982
OOD_0968,distance_diff_2D,1,0.9928453967212276
OOD_0969,distance_diff_2D,0,0.954359921853347
OOD_0970,distance_diff_2D,0,3.346007868861163e-06
OOD_0971,distance_diff_2D,0,0.0005910099179445711
OOD_0972,distance_diff_2D,0,0.00016244944693194163
OOD_0973,distance_diff_2D,0,0.9139266156945036
OOD_0974,distance_diff_2D,0,0.0046417233849115665
OOD_0975,distance_diff_2D,0,0.991436235449634
OOD_0976,distance_diff_2D,1,0.8602212953411261
OOD_0977,distance_diff_2D,1,0.6992841413147323
OOD_0978,distance_diff_2D,0,0.2938175113614417
OOD_0979,distance_diff_2D,0,0.09422549931731575
OOD_0980,distance_diff_2D,0,0.08615054139157836
OOD_0981,distance_diff_2D,1,0.9160105785314197
OOD_0982,distance_diff_2D,1,0.9031542921642396
OOD_0983,distance_diff_2D,1,0.8972202470256683
OOD_0984,distance_diff_2D,0,0.610405509934765
OOD_0985,distance_diff_2D,0,0.005851004566715012
OOD_0986,distance_diff_2D,0,8.261405158166807e-06
OOD_0987,distance_diff_2D,1,0.27784409408595107
OOD_0988,distance_diff_2D,1,0.9584141226534559
OOD_0989,distance_diff_2D,0,0.020232859231770334
OOD_0990,distance_diff_2D,0,0.5102081717002129
OOD_0991,distance_diff_2D,0,0.5711421954695516
OOD_0992,distance_diff_2D,0,0.00014580369647624063
OOD_0993,distance_diff_2D,1,0.9925200157086908
OOD_0994,distance_diff_2D,0,0.9422710160097196
OOD_0995,distance_diff_2D,1,0.9872166584264166
OOD_0996,distance_diff_2D,0,0.0009277463518612683
OOD_0997,distance_diff_2D,1,0.9943819040743626
OOD_0998,distance_diff_2D,0,0.9769584194689974
OOD_0999,distance_diff_2D,1,0.8605750747153905
OOD_1000,distance_diff_2D,1,0.9633140393213159
OOD_1001,distance_diff_2D,1,0.6219763631954243
OOD_1002,distance_diff_2D,1,0.9958099968175387
OOD_1003,distance_diff_2D,0,0.9923904651238337
OOD_1004,distance_diff_2D,0,0.7191026684626777
OOD_1005,distance_diff_2D,1,0.9563024503268892
OOD_1006,distance_diff_2D,1,0.99182280574124
OOD_1007,distance_diff_2D,1,0.9299566280013551
OOD_1008,distance_diff_2D,0,0.03228175062413112
OOD_1009,distance_diff_2D,0,6.93217347308371e-05
OOD_1010,distance_diff_2D,0,1.8795706880751574e-05
OOD_1011,distance_diff_2D,0,0.380418834049557
OOD_1012,distance_diff_2D,1,0.9841494145437991
OOD_1013,distance_diff_2D,0,0.002575064087387077
OOD_1014,distance_diff_2D,0,0.7481508958129718
OOD_1015,distance_diff_2D,0,0.0070826415651699445
OOD_1016,distance_diff_2D,0,0.1254826126539056
OOD_1017,distance_diff_2D,0,0.003336214453809517
OOD_1018,distance_diff_2D,1,0.9887990200914447
OOD_1019,distance_diff_2D,0,0.21873917068435897
OOD_1020,distance_diff_2D,0,2.8339893364855474e-06
OOD_1021,distance_diff_2D,1,0.6338902261104243
OOD_1022,distance_diff_2D,1,0.9628487788659631
OOD_1023,distance_diff_2D,0,0.9000609749170239
OOD_1024,distance_diff_2D,1,0.9679445731883625
OOD_1025,distance_diff_2D,1,0.9749399521386245
OOD_1026,distance_diff_2D,0,0.7912197913319994
OOD_1027,distance_diff_2D,0,0.856616269153792
OOD_1028,distance_diff_2D,0,0.943821909408412
OOD_1029,distance_diff_2D,1,0.944680199370015
OOD_1030,distance_diff_2D,1,0.8367862321822208
OOD_1031,distance_diff_2D,0,0.8052766247771898
OOD_1032,distance_diff_2D,0,0.19850707907212714
OOD_1033,distance_diff_2D,1,0.9939110288919284
OOD_1034,distance_diff_2D,1,0.9899245170694818
OOD_1035,distance_diff_2D,1,0.9872153015003082
OOD_1036,distance_diff_2D,1,0.8442235198654953
OOD_1037,distance_diff_2D,0,0.3071747191140835
OOD_1038,distance_diff_2D,0,0.0005187657818172217
OOD_1039,distance_diff_2D,1,0.9786577104378356
OOD_1040,distance_diff_2D,0,0.9309782340252074
OOD_1041,distance_diff_2D,1,0.9289208748833474
OOD_1042,distance_diff_2D,0,0.8673097976091653
OOD_1043,distance_diff_2D,0,0.8002801392839146
OOD_1044,distance_diff_2D,0,0.8920712283672089
OOD_1045,distance_diff_2D,0,0.0021376395297575644
OOD_1046,distance_diff_2D,1,0.9577420277498265
OOD_1047,distance_diff_2D,0,0.9360710697400573
OOD_1048,distance_diff_2D,0,0.8703571930793846
OOD_1049,distance_diff_2D,0,0.7874124245983675
OOD_1050,distance_diff_2D,0,0.00030925909057419847
OOD_1051,distance_diff_2D,0,0.3139438450978288
OOD_1052,distance_diff_2D,1,0.9824769091655764
OOD_1053,distance_diff_2D,1,0.9730533977951576
OOD_1054,distance_diff_2D,0,0.003245900786183427
OOD_1055,distance_diff_2D,0,0.0009896545918340108
OOD_1056,distance_diff_2D,0,0.021868199307788615
OOD_1057,distance_diff_2D,0,0.00033714669331227535
OOD_1058,distance_diff_2D,0,0.9230956033225036
OOD_1059,distance_diff_2D,0,1.2102389043292512e-06
OOD_1060,distance_diff_2D,0,3.768718169422532e-07
OOD_1061,distance_diff_2D,0,0.012675341860719764
OOD_1062,distance_diff_2D,0,0.49764356223894535
OOD_1063,distance_diff_2D,1,0.9488985262551056
OOD_1064,distance_diff_2D,0,0.48587308149687586
OOD_1065,distance_diff_2D,1,0.9728775517635048
OOD_1066,distance_diff_2D,1,0.9681260912935673
OOD_1067,distance_diff_2D,1,0.7306834130526709
OOD_1068,distance_diff_2D,0,3.123910159850798e-05
OOD_1069,distance_diff_2D,0,0.6349590837699665
OOD_1070,distance_diff_2D,0,0.00016046664132091562
OOD_1071,distance_diff_2D,0,0.5758105179869438
OOD_1072,distance_diff_2D,0,0.8243473213410699
OOD_1073,distance_diff_2D,0,0.0005184314672074158
OOD_1074,distance_diff_2D,0,0.0014966123948077625
OOD_1075,distance_diff_2D,1,0.9505595357798411
OOD_1076,distance_diff_2D,0,0.5483384633237777
OOD_1077,distance_diff_2D,0,0.46429354622221797
OOD_1078,distance_diff_2D,0,0.0033106002677209647
OOD_1079,distance_diff_2D,0,0.002880792197239736
OOD_1080,distance_diff_2D,1,0.9903890471531371
OOD_1081,distance_diff_2D,0,2.2044150112415317e-05
OOD_1082,distance_diff_2D,1,0.9541092666503034
OOD_1083,distance_diff_2D,0,0.04081342786685929
OOD_1084,distance_diff_2D,0,0.9884849413962624
OOD_1085,distance_diff_2D,0,0.00015593740084759986
OOD_1086,distance_diff_2D,0,0.9002241873837997
OOD_1087,distance_diff_2D,1,0.9416158896534735
OOD_1088,distance_diff_2D,0,0.502458925607352
OOD_1089,distance_diff_2D,0,0.2736043061388071
OOD_1090,distance_diff_2D,1,0.9837434440709645
OOD_1091,distance_diff_2D,1,0.6972796371063952
OOD_1092,distance_diff_2D,1,0.9598168647444995
OOD_1093,distance_diff_2D,0,0.8514794289339028
OOD_1094,distance_diff_2D,0,0.3327516468638372
OOD_1095,distance_diff_2D,1,0.9497614674072883
OOD_1096,distance_diff_2D,0,0.99266657558426
OOD_1097,distance_diff_2D,0,0.13218389517199944
OOD_1098,distance_diff_2D,0,0.7460944429576537
OOD_1099,distance_diff_2D,1,0.9941507720303419
OOD_1100,distance_diff_2D,0,0.016502679534217746
OOD_1101,distance_diff_2D,0,0.033158316097043276
OOD_1102,distance_diff_2D,0,0.03916642110624641
OOD_1103,distance_diff_2D,0,0.00041508229984282846
OOD_1104,distance_diff_2D,1,0.9784828831199658
OOD_1105,distance_diff_2D,0,0.0018778237315049404
OOD_1106,distance_diff_2D,0,0.31396127200269347
OOD_1107,distance_diff_2D,0,0.7860940158265551
OOD_1108,distance_diff_2D,0,4.337203783913113e-06
OOD_1109,distance_diff_2D,1,0.9886903993288109
OOD_1110,distance_diff_2D,1,0.9925681858755531
OOD_1111,distance_diff_2D,0,0.009068340502433079
OOD_1112,distance_diff_2D,1,0.9532828384995338
OOD_1113,distance_diff_2D,0,0.0009645010883060232
OOD_1114,distance_diff_2D,1,0.9568111796277224
OOD_1115,distance_diff_2D,1,0.8192637464140415
OOD_1116,distance_diff_2D,1,0.8895097969373345
OOD_1117,distance_diff_2D,0,0.5789675616558541
OOD_1118,distance_diff_2D,1,0.9757909143596067
OOD_1119,distance_diff_2D,0,0.002775274048874316
OOD_1120,distance_diff_2D,0,0.050645903947251165
OOD_1121,distance_diff_2D,0,0.2473750518506128
OOD_1122,distance_diff_2D,0,0.9550258955963787
OOD_1123,distance_diff_2D,0,0.001274818741840196
OOD_1124,distance_diff_2D,1,0.8296418480864457
OOD_1125,distance_diff_2D,0,0.9542518575724502
OOD_1126,distance_diff_2D,1,0.9899625887022455
OOD_1127,distance_diff_2D,1,0.9369478532947086
OOD_1128,distance_diff_2D,0,0.9378547558382357
OOD_1129,distance_diff_2D,1,0.9282221641652988
OOD_1130,distance_diff_2D,0,0.0024276087190894346
OOD_1131,distance_diff_2D,0,0.9211685285602407
OOD_1132,distance_diff_2D,0,0.3708346143154579
OOD_1133,distance_diff_2D,0,0.012296159992791959
OOD_1134,distance_diff_2D,0,0.004007205825558255
OOD_1135,distance_diff_2D,0,0.2074711177191159
OOD_1136,distance_diff_2D,1,0.9827248055441544
OOD_1137,distance_diff_2D,1,0.6944299706009541
OOD_1138,distance_diff_2D,0,0.00012004401522680684
OOD_1139,distance_diff_2D,0,0.06676095058293227
OOD_1140,distance_diff_2D,1,0.9400869904047581
OOD_1141,distance_diff_2D,0,0.8854888350384293
OOD_1142,distance_diff_2D,0,0.6233072744500122
OOD_1143,distance_diff_2D,0,0.00255901366185874
OOD_1144,distance_diff_2D,0,0.012109184010735175
OOD_1145,distance_diff_2D,0,0.17259752226779745
OOD_1146,distance_diff_2D,0,0.08319636667824698
OOD_1147,distance_diff_2D,0,0.45960957486645326
OOD_1148,distance_diff_2D,0,0.023024880419171872
OOD_1149,distance_diff_2D,0,1.4321841830424953e-05
OOD_1150,distance_diff_2D,1,0.7770288791041682
OOD_1151,distance_diff_2D,1,0.9938766457832976
OOD_1152,distance_diff_2D,0,0.42726665429506405
OOD_1153,distance_diff_2D,0,0.2166076110340208
OOD_1154,distance_diff_2D,1,0.8937429349297118
OOD_1155,distance_diff_2D,0,0.5532604686172203
OOD_1156,distance_diff_2D,0,0.0022008420547193213
OOD_1157,distance_diff_2D,1,0.9040437564225609
OOD_1158,distance_diff_2D,0,0.5645214020381218
OOD_1159,distance_diff_2D,0,0.5693538980146362
OOD_1160,distance_diff_2D,1,0.9681453941256237
OOD_1161,distance_diff_2D,1,0.9848263705887499
OOD_1162,distance_diff_2D,1,0.6625066238876113
OOD_1163,distance_diff_2D,1,0.6340052059993024
OOD_1164,distance_diff_2D,0,0.7790399178560602
OOD_1165,distance_diff_2D,0,0.975564599451634
OOD_1166,distance_diff_2D,0,0.07118191110037553
OOD_1167,distance_diff_2D,1,0.9579210872558055
OOD_1168,distance_diff_2D,0,0.04176355286916498
OOD_1169,distance_diff_2D,0,0.0005163109667030375
OOD_1170,distance_diff_2D,0,0.09075528302290534
OOD_1171,distance_diff_2D,1,0.9943688558611936
OOD_1172,distance_diff_2D,0,0.0039431155140919535
OOD_1173,distance_diff_2D,0,0.8843023151011924
OOD_1174,distance_diff_2D,0,0.48967509276790605
OOD_1175,distance_diff_2D,0,0.8816375803330839
OOD_1176,distance_diff_2D,0,0.033941928866179215
OOD_1177,distance_diff_2D,0,0.911542008006669
OOD_1178,distance_diff_2D,0,0.9699777230583333
OOD_1179,distance_diff_2D,0,0.7587636730553019
OOD_1180,distance_diff_2D,1,0.9871364522156905
OOD_1181,distance_diff_2D,1,0.9236939581049687
OOD_1182,distance_diff_2D,0,2.0785597456358696e-06
OOD_1183,distance_diff_2D,1,0.5818319222284961
OOD_1184,distance_diff_2D,0,0.03175508283288406
OOD_1185,distance_diff_2D,0,0.0012586048065525333
OOD_1186,distance_diff_2D,0,0.00012477234186541222
OOD_1187,distance_diff_2D,1,0.9410883960246663
OOD_1188,distance_diff_2D,1,0.9656872961422529
OOD_1189,distance_diff_2D,1,0.9660717200809017
OOD_1190,distance_diff_2D,1,0.8908738787242247
OOD_1191,distance_diff_2D,0,0.015852825466681836
OOD_1192,distance_diff_2D,0,0.6205392394137917
OOD_1193,distance_diff_2D,1,0.9784753814572058
OOD_1194,distance_diff_2D,0,0.009251185136193317
OOD_1195,distance_diff_2D,0,0.029996706087560426
OOD_1196,distance_diff_2D,0,0.5890322813746712
OOD_1197,distance_diff_2D,0,0.5595315571323927
OOD_1198,distance_diff_2D,0,0.008497559764877656
OOD_1199,distance_diff_2D,1,0.39021604096566376
OOD_1200,distance_diff_2D,1,0.8894086008456845
OOD_1201,distance_diff_2D,1,0.9759995743729257
OOD_1202,distance_diff_2D,0,0.28083374934117833
OOD_1203,distance_diff_2D,1,0.9581324711910535
OOD_1204,distance_diff_2D,1,0.9878900974731213
OOD_1205,distance_diff_2D,1,0.008996117327411774
OOD_1206,distance_diff_2D,0,0.04014447045668508
OOD_1207,distance_diff_2D,0,0.0018987005195861511
OOD_1208,distance_diff_2D,0,0.5396818339207577
OOD_1209,distance_diff_2D,0,4.16412440972082e-05
OOD_1210,distance_diff_2D,0,0.7723126552765305
OOD_1211,distance_diff_2D,0,0.004689333224151376
OOD_1212,distance_diff_2D,0,0.0007499410225091157
OOD_1213,distance_diff_2D,0,0.8705051619901362
OOD_1214,distance_diff_2D,0,0.9054304552197165
OOD_1215,distance_diff_2D,0,0.9172751790465381
OOD_1216,distance_diff_2D,0,0.0006109330601165363
OOD_1217,distance_diff_2D,0,0.9295935780609322
OOD_1218,distance_diff_2D,0,0.7869568633016004
OOD_1219,distance_diff_2D,1,0.945718528118924
OOD_1220,distance_diff_2D,1,0.9447729001324955
OOD_1221,distance_diff_2D,1,0.9629846917524513
OOD_1222,distance_diff_2D,0,0.02997131889715532
OOD_1223,distance_diff_2D,0,0.001498197649325195
OOD_1224,distance_diff_2D,0,0.0005821550033104468
OOD_1225,distance_diff_2D,0,0.0064603218316024325
OOD_1226,distance_diff_2D,1,0.8672968643589373
OOD_1227,distance_diff_2D,0,0.8769231957145788
OOD_1228,distance_diff_2D,0,0.0074947901229353
OOD_1229,distance_diff_2D,0,0.0033028860747781664
OOD_1230,distance_diff_2D,1,0.980937132538149
OOD_1231,distance_diff_2D,0,0.0007294678980596012
OOD_1232,distance_diff_2D,1,0.9767740542250928
OOD_1233,distance_diff_2D,1,0.8760651000549162
OOD_1234,distance_diff_2D,1,0.9784330998085246
OOD_1235,distance_diff_2D,1,0.9625019690326797
OOD_1236,distance_diff_2D,0,0.030967672235464257
OOD_1237,distance_diff_2D,0,0.029325473974690805
OOD_1238,distance_diff_2D,1,0.8291887073726384
OOD_1239,distance_diff_2D,0,0.022252056799677036
OOD_1240,distance_diff_2D,1,0.9614402562340295
OOD_1241,distance_diff_2D,0,2.0974199420593614e-05
OOD_1242,distance_diff_2D,1,0.9807171477644093
OOD_1243,distance_diff_2D,1,0.9899691297191489
OOD_1244,distance_diff_2D,0,0.008346801704803146
OOD_1245,distance_diff_2D,1,0.9969498324990315
OOD_1246,distance_diff_2D,0,0.9255998812211383
OOD_1247,distance_diff_2D,0,0.7516441336085665
OOD_1248,distance_diff_2D,1,0.9242276387562006
OOD_1249,distance_diff_2D,0,9.006793369101971e-05
OOD_1250,distance_diff_2D,1,0.3661020679437907
OOD_1251,distance_diff_2D,0,2.123851534948472e-05
OOD_1252,distance_diff_2D,0,0.026801056640910745
OOD_1253,distance_diff_2D,0,0.4172247897613383
OOD_1254,distance_diff_2D,1,0.80215931020395
OOD_1255,distance_diff_2D,0,0.10430550185364817
OOD_1256,distance_diff_2D,1,0.9903380344708493
OOD_1257,distance_diff_2D,1,0.995605655461737
OOD_1258,distance_diff_2D,0,0.4184697171817482
OOD_1259,distance_diff_2D,1,0.9637414539190843
OOD_1260,distance_diff_2D,0,0.000515882922453022
OOD_1261,distance_diff_2D,0,0.1634641760994647
OOD_1262,distance_diff_2D,0,0.015334256137727834
OOD_1263,distance_diff_2D,1,0.9898936678160842
OOD_1264,distance_diff_2D,0,0.12066173641279893
OOD_1265,distance_diff_2D,0,0.7741713508407495
OOD_1266,distance_diff_2D,0,0.49640136286528397
OOD_1267,distance_diff_2D,1,0.9401118804760075
OOD_1268,distance_diff_2D,0,1.968119363971342e-05
OOD_1269,distance_diff_2D,1,0.996430761366654
OOD_1270,distance_diff_2D,1,0.20370444242048713
OOD_1271,distance_diff_2D,0,0.038879438531772725
OOD_1272,distance_diff_2D,1,0.9591391046586528
OOD_1273,distance_diff_2D,1,0.9843782762576956
OOD_1274,distance_diff_2D,1,0.9273197193351695
OOD_1275,distance_diff_2D,1,0.9304198514118494
OOD_1276,distance_diff_2D,0,0.2014218290823867
OOD_1277,distance_diff_2D,0,1.953605494017439e-05
OOD_1278,distance_diff_2D,1,0.9646863787204687
OOD_1279,distance_diff_2D,0,0.01779337162862062
OOD_1280,distance_diff_2D,1,0.9394547401123785
OOD_1281,distance_diff_2D,1,0.9861578574271481
OOD_1282,distance_diff_2D,1,0.9505663104521989
OOD_1283,distance_diff_2D,0,0.7950606053538095
OOD_1284,distance_diff_2D,0,0.6459727207090445
OOD_1285,distance_diff_2D,0,1.5387778767708531e-06
OOD_1286,distance_diff_2D,1,0.9307517860509403
OOD_1287,distance_diff_2D,0,0.0004210767565556966
OOD_1288,distance_diff_2D,1,0.9330002517101491
OOD_1289,distance_diff_2D,0,0.8879022966847383
OOD_1290,distance_diff_2D,0,0.8984955238421176
OOD_1291,distance_diff_2D,1,0.49571519110113876
OOD_1292,distance_diff_2D,0,0.828523137812124
OOD_1293,distance_diff_2D,0,0.02024592227827217
OOD_1294,distance_diff_2D,0,0.021296161004831615
OOD_1295,distance_diff_2D,0,0.0059297722351723675
OOD_1296,distance_diff_2D,0,0.9654116940045852
OOD_1297,distance_diff_2D,0,0.9092135516031001
OOD_1298,distance_diff_2D,1,0.7484884236830414
OOD_1299,distance_diff_2D,0,0.8446585274128773
OOD_1300,distance_diff_2D,0,8.02588613878645e-05
OOD_1301,distance_diff_2D,0,0.44180051033201456
OOD_1302,distance_diff_2D,0,0.20878385743203315
OOD_1303,distance_diff_2D,1,0.9678720619477876
OOD_1304,distance_diff_2D,1,0.9690566554907605
OOD_1305,distance_diff_2D,0,0.36135971987551707
OOD_1306,distance_diff_2D,1,0.7104004169117433
OOD_1307,distance_diff_2D,0,0.15051783798027252
OOD_1308,distance_diff_2D,1,0.6710026889558743
OOD_1309,distance_diff_2D,0,0.28322123736546706
OOD_1310,distance_diff_2D,0,0.00036324953394958784
OOD_1311,distance_diff_2D,0,0.9285636022094423
OOD_1312,distance_diff_2D,1,0.982604693051773
OOD_1313,distance_diff_2D,0,0.9696633381458268
OOD_1314,distance_diff_2D,0,0.012653001217139652
OOD_1315,distance_diff_2D,0,0.6600619983593224
OOD_1316,distance_diff_2D,0,0.024327990408026138
OOD_1317,distance_diff_2D,0,0.6546651480533008
OOD_1318,distance_diff_2D,0,0.28830680533251624
OOD_1319,distance_diff_2D,1,0.9192610958450304
OOD_1320,distance_diff_2D,0,4.040994646200861e-06
OOD_1321,distance_diff_2D,1,0.9769708524584754
OOD_1322,distance_diff_2D,0,0.7426991532225308
OOD_1323,distance_diff_2D,0,0.7121960004592649
OOD_1324,distance_diff_2D,1,0.9738654473619577
OOD_1325,distance_diff_2D,0,0.3806316209355898
OOD_1326,distance_diff_2D,1,0.9928083527191754
OOD_1327,distance_diff_2D,1,0.91618482302919
OOD_1328,distance_diff_2D,0,0.8607854836754768
OOD_1329,distance_diff_2D,0,0.020912245569070783
OOD_1330,distance_diff_2D,1,0.9827622406935002
OOD_1331,distance_diff_2D,0,0.007164477093457846
OOD_1332,distance_diff_2D,0,0.0224242512281837
OOD_1333,distance_diff_2D,0,0.06815159940441687
OOD_1334,distance_diff_2D,1,0.9920746658909294
OOD_1335,distance_diff_2D,0,0.3717713305690195
OOD_1336,distance_diff_2D,1,0.4698028417424935
OOD_1337,distance_diff_2D,0,1.4160618111218391e-05
OOD_1338,distance_diff_2D,1,0.8862642817751865
OOD_1339,distance_diff_2D,0,0.0012206112439184945
OOD_1340,distance_diff_2D,1,0.9310981626224311
OOD_1341,distance_diff_2D,0,0.007997622532971342
OOD_1342,distance_diff_2D,0,0.14342437741348368
OOD_1343,distance_diff_2D,1,0.8429084169744443
OOD_1344,distance_diff_2D,0,0.3253629485760551
OOD_1345,distance_diff_2D,1,0.9953743188294715
OOD_1346,distance_diff_2D,1,0.11246056309826453
OOD_1347,distance_diff_2D,0,0.11054566558813686
OOD_1348,distance_diff_2D,1,0.5459945112250416
OOD_1349,distance_diff_2D,1,0.9811825923875735
OOD_1350,distance_diff_2D,0,0.951340947853904
OOD_1351,distance_diff_2D,0,0.9895945009880404
OOD_1352,distance_diff_2D,1,0.7131092264892103
OOD_1353,distance_diff_2D,0,9.922478895369077e-05
OOD_1354,distance_diff_2D,0,0.2204397823819563
OOD_1355,distance_diff_2D,0,0.38824318858587614
OOD_1356,distance_diff_2D,0,1.1052623230789793e-05
OOD_1357,distance_diff_2D,1,0.9915497919358327
OOD_1358,distance_diff_2D,0,0.7226842537700938
OOD_1359,distance_diff_2D,0,0.003840872869350896
OOD_1360,distance_diff_2D,0,0.00011399809733455405
OOD_1361,distance_diff_2D,0,0.0014508267839039224
OOD_1362,distance_diff_2D,0,0.009027430185939815
OOD_1363,distance_diff_2D,1,0.8837966997086667
OOD_1364,distance_diff_2D,0,0.007140024106633168
OOD_1365,distance_diff_2D,0,0.39323696972979766
OOD_1366,distance_diff_2D,0,0.0005191550184632944
OOD_1367,distance_diff_2D,1,0.9810200356003889
OOD_1368,distance_diff_2D,1,0.991886514692578
OOD_1369,distance_diff_2D,0,0.004512206272786405
OOD_1370,distance_diff_2D,1,0.9394869055637383
OOD_1371,distance_diff_2D,0,0.9632610770242185
OOD_1372,distance_diff_2D,0,0.2648825136966443
OOD_1373,distance_diff_2D,0,0.13916896284447638
OOD_1374,distance_diff_2D,0,0.8311643092016189
OOD_1375,distance_diff_2D,1,0.9819911991381386
OOD_1376,distance_diff_2D,1,0.9898759799365252
OOD_1377,distance_diff_2D,0,0.006720607240917804
OOD_1378,distance_diff_2D,0,0.02848710745952623
OOD_1379,distance_diff_2D,0,7.197483408084078e-05
OOD_1380,distance_diff_2D,0,0.045994910404427644
OOD_1381,distance_diff_2D,1,0.9589429544464022
OOD_1382,distance_diff_2D,0,0.0016909702298455805
OOD_1383,distance_diff_2D,1,0.9500990544710303
OOD_1384,distance_diff_2D,0,0.056806545626719586
OOD_1385,distance_diff_2D,1,0.9909117920395802
OOD_1386,distance_diff_2D,0,0.0002377967918690727
OOD_1387,distance_diff_2D,1,0.8513230097895551
OOD_1388,distance_diff_2D,0,0.0010755108114133716
OOD_1389,distance_diff_2D,0,0.010591160101711667
OOD_1390,distance_diff_2D,0,0.9488571389713953
OOD_1391,distance_diff_2D,0,0.5127740107937617
OOD_1392,distance_diff_2D,1,0.9961955565181553
OOD_1393,distance_diff_2D,0,0.9794151322435818
OOD_1394,distance_diff_2D,0,0.9172647116257067
OOD_1395,distance_diff_2D,0,0.0007318091605229049
OOD_1396,distance_diff_2D,0,0.00014610535998025011
OOD_1397,distance_diff_2D,0,0.08697088556672468
OOD_1398,distance_diff_2D,0,0.46811183176470217
OOD_1399,distance_diff_2D,1,0.9581251461098531
OOD_1400,distance_diff_2D,0,0.2684776918641903
OOD_1401,distance_diff_2D,0,0.36125444737410617
OOD_1402,distance_diff_2D,0,0.000305309867336097
OOD_1403,distance_diff_2D,1,0.9724594175325106
OOD_1404,distance_diff_2D,0,3.608967957341398e-05
OOD_1405,distance_diff_2D,1,0.9009104796635666
OOD_1406,distance_diff_2D,0,0.0007273296489635508
OOD_1407,distance_diff_2D,1,0.9709006452905253
OOD_1408,distance_diff_2D,1,0.9908313678435396
OOD_1409,distance_diff_2D,0,0.09991124054487004
OOD_1410,distance_diff_2D,1,0.9891181876383638
OOD_1411,distance_diff_2D,0,0.23841275831293604
OOD_1412,distance_diff_2D,1,0.9308377664892984
OOD_1413,distance_diff_2D,0,0.20894089321661913
OOD_1414,distance_diff_2D,0,0.0195016664012245
OOD_1415,distance_diff_2D,0,0.024884006095319617
OOD_1416,distance_diff_2D,1,0.9903039147391379
OOD_1417,distance_diff_2D,0,4.796431772379319e-05
OOD_1418,distance_diff_2D,0,0.05047012088838119
OOD_1419,distance_diff_2D,0,0.919592442428273
OOD_1420,distance_diff_2D,0,0.3295365003165896
OOD_1421,distance_diff_2D,0,0.08712381591702067
OOD_1422,distance_diff_2D,1,0.9656189263490763
OOD_1423,distance_diff_2D,0,0.15804002764143102
OOD_1424,distance_diff_2D,0,0.10403504487823867
OOD_1425,distance_diff_2D,0,0.16339663885889394
OOD_1426,distance_diff_2D,1,0.9116328179141334
OOD_1427,distance_diff_2D,0,0.11094749239979557
OOD_1428,distance_diff_2D,0,0.09800270902120485
OOD_1429,distance_diff_2D,0,0.29465577082767136
OOD_1430,distance_diff_2D,0,4.18113659217793e-06
OOD_1431,distance_diff_2D,0,0.008081734101158918
OOD_1432,distance_diff_2D,0,0.7620608759809098
OOD_1433,distance_diff_2D,0,0.1125771831934495
OOD_1434,distance_diff_2D,1,0.4405238244813052
OOD_1435,distance_diff_2D,1,0.9439423407641755
OOD_1436,distance_diff_2D,1,0.9791648217176261
OOD_1437,distance_diff_2D,0,0.09446317930792031
OOD_1438,distance_diff_2D,0,0.004132670319655527
OOD_1439,distance_diff_2D,1,0.9936682883095951
OOD_1440,distance_diff_2D,1,0.908502621764177
OOD_1441,distance_diff_2D,1,0.9942243990719069
OOD_1442,distance_diff_2D,0,0.27974818805391577
OOD_1443,distance_diff_2D,1,0.8173558122632477
OOD_1444,distance_diff_2D,0,0.5906520972605557
OOD_1445,distance_diff_2D,0,0.799116846773583
OOD_1446,distance_diff_2D,1,0.8621979352198873
OOD_1447,distance_diff_2D,0,0.0005117972969574667
OOD_1448,distance_diff_2D,0,0.08353152019455068
OOD_1449,distance_diff_2D,0,0.0004631573982134793
OOD_1450,distance_diff_2D,0,0.39187885333436656
OOD_1451,distance_diff_2D,0,0.46820929216204626
OOD_1452,distance_diff_2D,1,0.9324086689215204
OOD_1453,distance_diff_2D,0,0.9703737933355225
OOD_1454,distance_diff_2D,0,0.9880850300451688
OOD_1455,distance_diff_2D,1,0.9861984513038226
OOD_1456,distance_diff_2D,0,0.0019349776023609073
OOD_1457,distance_diff_2D,1,0.8841159127975652
OOD_1458,distance_diff_2D,0,0.17800768514945942
OOD_1459,distance_diff_2D,0,0.016632921753329203
OOD_1460,distance_diff_2D,0,0.5580096073293118
OOD_1461,distance_diff_2D,1,0.9908993415643091
OOD_1462,distance_diff_2D,0,0.022968561744381572
OOD_1463,distance_diff_2D,0,0.0029054297559891313
OOD_1464,distance_diff_2D,1,0.8997760884643116
OOD_1465,distance_diff_2D,1,0.4824241845690711
OOD_1466,distance_diff_2D,0,0.06265543857297946
OOD_1467,distance_diff_2D,0,0.8821199228960956
OOD_1468,distance_diff_2D,0,0.3939403835655393
OOD_1469,distance_diff_2D,0,0.749515175082176
OOD_1470,distance_diff_2D,0,0.9216007325502682
OOD_1471,distance_diff_2D,1,0.9869076131813933
OOD_1472,distance_diff_2D,1,0.97211562135815
OOD_1473,distance_diff_2D,0,0.8262501429650351
OOD_1474,distance_diff_2D,1,0.9944631338069859
OOD_1475,distance_diff_2D,1,0.9861452104791398
OOD_1476,distance_diff_2D,0,0.969818401289906
OOD_1477,distance_diff_2D,0,0.4440423248053427
OOD_1478,distance_diff_2D,0,0.7620371318089162
OOD_1479,distance_diff_2D,0,0.05568067816365411
OOD_1480,distance_diff_2D,1,0.908072704389705
OOD_1481,distance_diff_2D,0,0.3334576862800935
OOD_1482,distance_diff_2D,0,0.8915460951832481
OOD_1483,distance_diff_2D,1,0.4523579453092121
OOD_1484,distance_diff_2D,0,0.04299377022204533
OOD_1485,distance_diff_2D,0,0.9777597600432915
OOD_1486,distance_diff_2D,0,0.0016871375966806743
OOD_1487,distance_diff_2D,0,0.054925858770037805
OOD_1488,distance_diff_2D,1,0.7726835397877534
OOD_1489,distance_diff_2D,0,0.5864730900869733
OOD_1490,distance_diff_2D,1,0.9857296598702381
OOD_1491,distance_diff_2D,0,0.5908207558508084
OOD_1492,distance_diff_2D,0,4.596052285593841e-05
OOD_1493,distance_diff_2D,1,0.9670630373738135
OOD_1494,distance_diff_2D,0,0.0006333816640191953
OOD_1495,distance_diff_2D,0,3.7017690607747013e-06
OOD_1496,distance_diff_2D,1,0.9929966960208904
OOD_1497,distance_diff_2D,0,0.7769174108603765
OOD_1498,distance_diff_2D,1,0.89557603069162
OOD_1499,distance_diff_2D,1,0.9304830590003251
OOD_1500,distance_diff_2D,0,2.8495182302807626e-05
OOD_1501,distance_diff_2D,1,0.9736210743054351
OOD_1502,distance_diff_2D,0,0.36611781701997825
OOD_1503,distance_diff_2D,1,0.9926719207989892
OOD_1504,distance_diff_2D,1,0.9896704658562255
OOD_1505,distance_diff_2D,1,0.9919494762262174
OOD_1506,distance_diff_2D,0,0.005276990012206002
OOD_1507,distance_diff_2D,0,1.2479083748493453e-05
OOD_1508,distance_diff_2D,0,0.8645625401828796
OOD_1509,distance_diff_2D,1,0.18293046821459533
OOD_1510,distance_diff_2D,0,0.8055969999719826
OOD_1511,distance_diff_2D,0,0.8834061047108356
OOD_1512,distance_diff_2D,1,0.9934527655778116
OOD_1513,distance_diff_2D,0,0.15294020095883273
OOD_1514,distance_diff_2D,0,0.05307466023016511
OOD_1515,distance_diff_2D,1,0.9193697535176362
OOD_1516,distance_diff_2D,1,0.8746266399155721
OOD_1517,distance_diff_2D,1,0.4139321052726898
OOD_1518,distance_diff_2D,0,0.05225852179514555
OOD_1519,distance_diff_2D,0,0.9935798181015963
OOD_1520,distance_diff_2D,0,0.051070205278765844
OOD_1521,distance_diff_2D,0,0.9595246984785682
OOD_1522,distance_diff_2D,0,0.0012130170934139468
OOD_1523,distance_diff_2D,0,0.03734735569504914
OOD_1524,distance_diff_2D,1,0.994641008698373
OOD_1525,distance_diff_2D,1,0.9065114794215107
OOD_1526,distance_diff_2D,1,0.9859027830708598
OOD_1527,distance_diff_2D,1,0.9533221631922094
OOD_1528,distance_diff_2D,0,0.25135086900630343
OOD_1529,distance_diff_2D,1,0.549806487236301
OOD_1530,distance_diff_2D,1,0.8948054225853953
OOD_1531,distance_diff_2D,1,0.9876368861977961
OOD_1532,distance_diff_2D,1,0.863252292168963
OOD_1533,distance_diff_2D,0,0.36734638236437955
OOD_1534,distance_diff_2D,0,0.0002701681081870782
OOD_1535,distance_diff_2D,1,0.9771062502523643
OOD_1536,distance_diff_2D,0,0.09389485125766461
OOD_1537,distance_diff_2D,1,0.8638892177819686
OOD_1538,distance_diff_2D,1,0.8714021318397979
OOD_1539,distance_diff_2D,1,0.6741803402710438
OOD_1540,distance_diff_2D,0,0.8153435016946445
OOD_1541,distance_diff_2D,1,0.8974284607692244
OOD_1542,distance_diff_2D,0,7.162604348288028e-05
OOD_1543,distance_diff_2D,1,0.9839647388353059
OOD_1544,distance_diff_2D,0,0.001717722416253044
OOD_1545,distance_diff_2D,0,1.8706190775933769e-06
OOD_1546,distance_diff_2D,1,0.9600020593082736
OOD_1547,distance_diff_2D,0,0.873231922889387
OOD_1548,distance_diff_2D,1,0.9096342061188804
OOD_1549,distance_diff_2D,1,0.7647494769281347
OOD_1550,distance_diff_2D,0,0.003339245280193239
OOD_1551,distance_diff_2D,0,0.02536481225664874
OOD_1552,distance_diff_2D,0,0.7342003459588051
OOD_1553,distance_diff_2D,0,0.9268127523910269
OOD_1554,distance_diff_2D,1,0.9104274868958167
OOD_1555,distance_diff_2D,0,0.8891791890258611
OOD_1556,distance_diff_2D,0,0.014892336819254991
OOD_1557,distance_diff_2D,0,0.144884331828891
OOD_1558,distance_diff_2D,1,0.7629130966360821
OOD_1559,distance_diff_2D,0,0.006109693048753119
OOD_1560,distance_diff_2D,0,0.008033567024889087
OOD_1561,distance_diff_2D,1,0.9287316818105994
OOD_1562,distance_diff_2D,1,0.686210893812658
OOD_1563,distance_diff_2D,0,0.30888873547404205
OOD_1564,distance_diff_2D,0,0.0002176041250355335
OOD_1565,distance_diff_2D,0,0.3114923614852769
OOD_1566,distance_diff_2D,1,0.9924241701119152
OOD_1567,distance_diff_2D,0,0.9534336981930511
OOD_1568,distance_diff_2D,0,0.11761083086233981
OOD_1569,distance_diff_2D,0,0.40361704261201453
OOD_1570,distance_diff_2D,0,0.6048235441807172
OOD_1571,distance_diff_2D,0,0.930461833150581
OOD_1572,distance_diff_2D,0,0.033203905740001254
OOD_1573,distance_diff_2D,0,0.37525812030341
OOD_1574,distance_diff_2D,0,0.33061111346708455
OOD_1575,distance_diff_2D,0,0.9117888063774963
OOD_1576,distance_diff_2D,0,0.0009126699412156091
OOD_1577,distance_diff_2D,0,0.00015213981756338502
OOD_1578,distance_diff_2D,0,0.6113952845500766
OOD_1579,distance_diff_2D,1,0.961668563428994
OOD_1580,distance_diff_2D,1,0.8972450453107275
OOD_1581,distance_diff_2D,0,0.9316013231937867
OOD_1582,distance_diff_2D,0,0.3649186130909368
OOD_1583,distance_diff_2D,1,0.9953211949642714
OOD_1584,distance_diff_2D,0,0.07399828412152629
OOD_1585,distance_diff_2D,0,0.019391578284523415
OOD_1586,distance_diff_2D,1,0.7619977744852414
OOD_1587,distance_diff_2D,1,0.986714650720003
OOD_1588,distance_diff_2D,0,0.1651497887733233
OOD_1589,distance_diff_2D,1,0.9625800382065387
OOD_1590,distance_diff_2D,1,0.9846558044020053
OOD_1591,distance_diff_2D,0,6.9379777018071155e-06
OOD_1592,distance_diff_2D,0,0.09663194800409924
OOD_1593,distance_diff_2D,1,0.9475586125705909
OOD_1594,distance_diff_2D,0,1.1900059417190335e-05
OOD_1595,distance_diff_2D,1,0.8933334775083333
OOD_1596,distance_diff_2D,1,0.9682307453697045
OOD_1597,distance_diff_2D,0,0.005551807926338404
OOD_1598,distance_diff_2D,1,0.9929855540684069
OOD_1599,distance_diff_2D,0,0.8799131557093742
OOD_1600,distance_diff_2D,1,0.9821709800796268
OOD_1601,distance_diff_2D,0,0.013541488015439529
OOD_1602,distance_diff_2D,1,0.9063028655701465
OOD_1603,distance_diff_2D,1,0.9899378200219194
OOD_1604,distance_diff_2D,1,0.9630841579866631
OOD_1605,distance_diff_2D,1,0.15303503583264688
OOD_1606,distance_diff_2D,0,0.0010101240090199146
OOD_1607,distance_diff_2D,0,0.03228403113797097
OOD_1608,distance_diff_2D,1,0.8768484183138555
OOD_1609,distance_diff_2D,0,0.0019599627408820185
OOD_1610,distance_diff_2D,0,0.7858161088621963
OOD_1611,distance_diff_2D,0,0.29116973181892924
OOD_1612,distance_diff_2D,1,0.9740912662190027
OOD_1613,distance_diff_2D,0,0.004783185406111371
OOD_1614,distance_diff_2D,0,0.0001424652298339884
OOD_1615,distance_diff_2D,1,0.8548510028126521
OOD_1616,distance_diff_2D,1,0.980724800732561
OOD_1617,distance_diff_2D,0,0.9722466929437484
OOD_1618,distance_diff_2D,1,0.915044073108588
OOD_1619,distance_diff_2D,0,0.9072227171214323
OOD_1620,distance_diff_2D,1,0.9618456536830363
OOD_1621,distance_diff_2D,1,0.9859049508727329
OOD_1622,distance_diff_2D,1,0.9947709731332893
OOD_1623,distance_diff_2D,1,0.9887451028995256
OOD_1624,distance_diff_2D,1,0.9651358947047982
OOD_1625,distance_diff_2D,0,0.7944099456172732
OOD_1626,distance_diff_2D,0,0.8867030004172222
OOD_1627,distance_diff_2D,0,0.2382267315282137
OOD_1628,distance_diff_2D,1,0.7886985531635008
OOD_1629,distance_diff_2D,0,0.9240416772435708
OOD_1630,distance_diff_2D,0,0.00668412549570077
OOD_1631,distance_diff_2D,1,0.9340928260356233
OOD_1632,distance_diff_2D,0,7.654299566361178e-05
OOD_1633,distance_diff_2D,1,0.9364640213719198
OOD_1634,distance_diff_2D,0,0.45188450601735836
OOD_1635,distance_diff_2D,1,0.902191829651524
OOD_1636,distance_diff_2D,0,0.00489738623547105
OOD_1637,distance_diff_2D,1,0.994453202659336
OOD_1638,distance_diff_2D,1,0.9920127893174194
OOD_1639,distance_diff_2D,1,0.9400554588357193
OOD_1640,distance_diff_2D,0,0.12275428280551721
OOD_1641,distance_diff_2D,0,0.0013435680164566924
OOD_1642,distance_diff_2D,0,0.6867270632172795
OOD_1643,distance_diff_2D,0,0.037149627913321555
OOD_1644,distance_diff_2D,1,0.9646059683539303
OOD_1645,distance_diff_2D,0,8.057161685899898e-05
OOD_1646,distance_diff_2D,1,0.9751293280562999
OOD_1647,distance_diff_2D,1,0.9952436163304476
OOD_1648,distance_diff_2D,0,0.07983600804810162
OOD_1649,distance_diff_2D,1,0.6621182569679605
OOD_1650,distance_diff_2D,0,0.005297831176852885
OOD_1651,distance_diff_2D,0,0.3404939800500082
OOD_1652,distance_diff_2D,1,0.4376278070762875
OOD_1653,distance_diff_2D,0,0.001550600875808275
OOD_1654,distance_diff_2D,1,0.9909530978860218
OOD_1655,distance_diff_2D,0,0.1029983485893364
OOD_1656,distance_diff_2D,1,0.17445969913911277
OOD_1657,distance_diff_2D,0,0.39224928197239556
OOD_1658,distance_diff_2D,0,0.010073691897851325
OOD_1659,distance_diff_2D,0,0.763329523520184
OOD_1660,distance_diff_2D,0,0.6461320012313339
OOD_1661,distance_diff_2D,0,0.9931170287631114
OOD_1662,distance_diff_2D,1,0.9912722598535046
OOD_1663,distance_diff_2D,0,0.0068376140904153615
OOD_1664,distance_diff_2D,0,0.0319462610798294
OOD_1665,distance_diff_2D,0,0.6810339805780247
OOD_1666,distance_diff_2D,1,0.9277884227782442
OOD_1667,distance_diff_2D,0,0.00025740580155535436
OOD_1668,distance_diff_2D,1,0.9892733248257612
OOD_1669,distance_diff_2D,0,0.34831482902561495
OOD_1670,distance_diff_2D,0,2.1405848394762286e-05
OOD_1671,distance_diff_2D,1,0.8742353852693834
OOD_1672,distance_diff_2D,0,0.8232153729707791
OOD_1673,distance_diff_2D,0,1.8218253893565698e-05
OOD_1674,distance_diff_2D,0,0.031939112893153584
OOD_1675,distance_diff_2D,0,0.2586188990537197
OOD_1676,distance_diff_2D,0,1.0004802753157558e-05
OOD_1677,distance_diff_2D,1,0.6610848547978182
OOD_1678,distance_diff_2D,0,3.929104281834651e-05
OOD_1679,distance_diff_2D,1,0.985915211174979
OOD_1680,distance_diff_2D,0,0.8457291447763096
OOD_1681,distance_diff_2D,0,0.5424289887628654
OOD_1682,distance_diff_2D,0,0.022861891483099018
OOD_1683,distance_diff_2D,1,0.4997803801704457
OOD_1684,distance_diff_2D,0,0.0009645101726547325
OOD_1685,distance_diff_2D,0,0.9227958051284748
OOD_1686,distance_diff_2D,0,0.00034949247127970295
OOD_1687,distance_diff_2D,0,0.12449626958576335
OOD_1688,distance_diff_2D,0,0.8766325499254503
OOD_1689,distance_diff_2D,1,0.9689028455693915
OOD_1690,distance_diff_2D,0,0.17093411655123025
OOD_1691,distance_diff_2D,1,0.9205850074027705
OOD_1692,distance_diff_2D,1,0.8341575449755808
OOD_1693,distance_diff_2D,1,0.9353983791797552
OOD_1694,distance_diff_2D,1,0.9929300240274335
OOD_1695,distance_diff_2D,0,0.9809295286367876
OOD_1696,distance_diff_2D,0,0.00030402757368056573
OOD_1697,distance_diff_2D,0,0.21358873782685942
OOD_1698,distance_diff_2D,0,0.000211642690061525
OOD_1699,distance_diff_2D,1,0.9927323642059545
OOD_1700,distance_diff_2D,1,0.9879081426526797
OOD_1701,distance_diff_2D,0,0.018693864587627142
OOD_1702,distance_diff_2D,0,0.8088730782703948
OOD_1703,distance_diff_2D,0,0.04121101292469884
OOD_1704,distance_diff_2D,1,0.9392261318413497
OOD_1705,distance_diff_2D,0,1.8651553571811576e-06
OOD_1706,distance_diff_2D,0,0.10400281228410925
OOD_1707,distance_diff_2D,1,0.42668299422102934
OOD_1708,distance_diff_2D,0,8.004329536785777e-06
OOD_1709,distance_diff_2D,0,0.5972544056996179
OOD_1710,distance_diff_2D,0,0.0009066681298655136
OOD_1711,distance_diff_2D,1,0.976442257187367
OOD_1712,distance_diff_2D,1,0.9863712928896234
OOD_1713,distance_diff_2D,0,0.8000311439874582
OOD_1714,distance_diff_2D,0,0.19290016653337294
OOD_1715,distance_diff_2D,1,0.9812320423102778
OOD_1716,distance_diff_2D,0,0.05032533741539179
OOD_1717,distance_diff_2D,0,0.9501343398801986
OOD_1718,distance_diff_2D,0,0.21484211399763073
OOD_1719,distance_diff_2D,1,0.8532081525604819
OOD_1720,distance_diff_2D,1,0.6240640217123947
OOD_1721,distance_diff_2D,0,0.0005604177168648518
OOD_1722,distance_diff_2D,1,0.9658521706689023
OOD_1723,distance_diff_2D,0,0.8757790460335166
OOD_1724,distance_diff_2D,0,0.662004735385978
OOD_1725,distance_diff_2D,0,0.7069952953852692
OOD_1726,distance_diff_2D,1,0.9136707772427723
OOD_1727,distance_diff_2D,0,0.015800187163702274
OOD_1728,distance_diff_2D,0,0.19566122399856128
OOD_1729,distance_diff_2D,0,0.48974580146845104
OOD_1730,distance_diff_2D,0,8.281116096008827e-05
OOD_1731,distance_diff_2D,0,0.002093893527062208
OOD_1732,distance_diff_2D,0,0.580615465222161
OOD_1733,distance_diff_2D,0,0.00012193535864395014
OOD_1734,distance_diff_2D,0,0.6674281394799868
OOD_1735,distance_diff_2D,0,0.410259089728469
OOD_1736,distance_diff_2D,1,0.9906424724205054
OOD_1737,distance_diff_2D,0,0.5086797175786899
OOD_1738,distance_diff_2D,0,0.861495169000936
OOD_1739,distance_diff_2D,1,0.8578833519809425
OOD_1740,distance_diff_2D,1,0.9816027896253463
OOD_1741,distance_diff_2D,0,0.13771171228370752
OOD_1742,distance_diff_2D,0,0.04240127407718063
OOD_1743,distance_diff_2D,0,0.021411511741615836
OOD_1744,distance_diff_2D,1,0.8778015488238906
OOD_1745,distance_diff_2D,0,0.018244827063247114
OOD_1746,distance_diff_2D,1,0.9359689017521475
OOD_1747,distance_diff_2D,0,0.7301226684077735
OOD_1748,distance_diff_2D,1,0.864554355233573
OOD_1749,distance_diff_2D,1,0.9739249423838365
OOD_1750,distance_diff_2D,0,0.0003294530107818852
OOD_1751,distance_diff_2D,0,0.6093326330044925
OOD_1752,distance_diff_2D,0,3.5128291586725576e-05
OOD_1753,distance_diff_2D,0,0.0006906461567489753
OOD_1754,distance_diff_2D,0,0.00023313104840447897
OOD_1755,distance_diff_2D,0,0.33267017938213944
OOD_1756,distance_diff_2D,1,0.9441061278618796
OOD_1757,distance_diff_2D,1,0.4309478401978632
OOD_1758,distance_diff_2D,0,0.08954443933771906
OOD_1759,distance_diff_2D,0,0.26454658605587117
OOD_1760,distance_diff_2D,1,0.8720410765169965
OOD_1761,distance_diff_2D,1,0.9894419553992615
OOD_1762,distance_diff_2D,0,0.8942689034977589
OOD_1763,distance_diff_2D,0,0.012622715971906631
OOD_1764,distance_diff_2D,0,0.7663226147978248
OOD_1765,distance_diff_2D,1,0.9627684344512005
OOD_1766,distance_diff_2D,1,0.8401855255815001
OOD_1767,distance_diff_2D,1,0.9931506919558583
OOD_1768,distance_diff_2D,0,0.058370408910661184
OOD_1769,distance_diff_2D,0,0.0016076979707132007
OOD_1770,distance_diff_2D,0,0.043087868454736215
OOD_1771,distance_diff_2D,0,0.09522054508939465
OOD_1772,distance_diff_2D,0,0.00028505598666941814
OOD_1773,distance_diff_2D,0,0.008316220413527677
OOD_1774,distance_diff_2D,0,0.00042570846588304906
OOD_1775,distance_diff_2D,0,0.05455808847998019
OOD_1776,distance_diff_2D,0,0.03986283068718679
OOD_1777,distance_diff_2D,0,0.8581103376827636
OOD_1778,distance_diff_2D,1,0.895122381565692
OOD_1779,distance_diff_2D,0,2.017485694600923e-06
OOD_1780,distance_diff_2D,1,0.909419317146669
OOD_1781,distance_diff_2D,0,0.0008672391632685386
OOD_1782,distance_diff_2D,1,0.9950555223983506
OOD_1783,distance_diff_2D,0,0.8651521017581522
OOD_1784,distance_diff_2D,1,0.9767888448761518
OOD_1785,distance_diff_2D,1,0.9959633243361883
OOD_1786,distance_diff_2D,0,0.9239596034253559
OOD_1787,distance_diff_2D,0,0.0006637619030452222
OOD_1788,distance_diff_2D,0,0.0037230361784789546
OOD_1789,distance_diff_2D,0,0.9249771997982162
OOD_1790,distance_diff_2D,0,0.1424316466084603
OOD_1791,distance_diff_2D,0,0.2610267785560792
OOD_1792,distance_diff_2D,0,0.03341270409243341
OOD_1793,distance_diff_2D,0,0.00566059325925998
OOD_1794,distance_diff_2D,1,0.9625539604466284
OOD_1795,distance_diff_2D,1,0.9246272799892371
OOD_1796,distance_diff_2D,0,0.0015611734245137498
OOD_1797,distance_diff_2D,0,0.9917383048628922
OOD_1798,distance_diff_2D,0,0.00022595035816395524
OOD_1799,distance_diff_2D,0,0.027471330874245116
OOD_1800,distance_diff_2D,0,0.45844101446753044
OOD_1801,distance_diff_2D,1,0.9361950851758943
OOD_1802,distance_diff_2D,1,0.946866892538022
OOD_1803,distance_diff_2D,1,0.6788954167988326
OOD_1804,distance_diff_2D,1,0.8375896529896848
OOD_1805,distance_diff_2D,0,0.11967465082144042
OOD_1806,distance_diff_2D,0,0.003456442801630726
OOD_1807,distance_diff_2D,0,0.5505184661956591
OOD_1808,distance_diff_2D,1,0.9767034722649045
OOD_1809,distance_diff_2D,0,7.719837103406453e-05
OOD_1810,distance_diff_2D,0,0.00010625187346103052
OOD_1811,distance_diff_2D,0,0.08020436659885395
OOD_1812,distance_diff_2D,0,0.0002232233209689897
OOD_1813,distance_diff_2D,0,0.03264382852072654
OOD_1814,distance_diff_2D,0,0.890442647479566
OOD_1815,distance_diff_2D,1,0.9783295544796023
OOD_1816,distance_diff_2D,0,0.0024665195180920726
OOD_1817,distance_diff_2D,1,0.991407179772031
OOD_1818,distance_diff_2D,0,0.9532758278292718
OOD_1819,distance_diff_2D,0,8.773640153136335e-05
OOD_1820,distance_diff_2D,1,0.9884718360668
OOD_1821,distance_diff_2D,1,0.655928348765783
OOD_1822,distance_diff_2D,1,0.9403475644889842
OOD_1823,distance_diff_2D,0,0.7935725366056174
OOD_1824,distance_diff_2D,1,0.9951498424578662
OOD_1825,distance_diff_2D,0,0.9895414735409512
OOD_1826,distance_diff_2D,0,0.0002600248303761357
OOD_1827,distance_diff_2D,0,0.006920260290548194
OOD_1828,distance_diff_2D,0,0.42440259406810044
OOD_1829,distance_diff_2D,1,0.9621360643724882
OOD_1830,distance_diff_2D,1,0.8849712150224622
OOD_1831,distance_diff_2D,0,0.010231599662021454
OOD_1832,distance_diff_2D,0,0.047109552885018176
OOD_1833,distance_diff_2D,0,0.023851125447587468
OOD_1834,distance_diff_2D,1,0.8368420307752328
OOD_1835,distance_diff_2D,0,0.006495007027917631
OOD_1836,distance_diff_2D,1,0.9900063498201728
OOD_1837,distance_diff_2D,1,0.9798172007533548
OOD_1838,distance_diff_2D,1,0.8736765069317879
OOD_1839,distance_diff_2D,0,0.03130298168686819
OOD_1840,distance_diff_2D,0,0.0035930936906051663
OOD_1841,distance_diff_2D,1,0.9164149862257043
OOD_1842,distance_diff_2D,1,0.9894817555967814
OOD_1843,distance_diff_2D,1,0.5185451378474618
OOD_1844,distance_diff_2D,1,0.506698330512065
OOD_1845,distance_diff_2D,0,0.04350677554022493
OOD_1846,distance_diff_2D,1,0.9903118710959985
OOD_1847,distance_diff_2D,0,0.02595211999411251
OOD_1848,distance_diff_2D,1,0.8854223922741783
OOD_1849,distance_diff_2D,1,0.9968350522270191
OOD_1850,distance_diff_2D,0,0.31569439307762714
OOD_1851,distance_diff_2D,1,0.6572138235624614
OOD_1852,distance_diff_2D,0,0.12599301176342925
OOD_1853,distance_diff_2D,0,3.647019043393997e-05
OOD_1854,distance_diff_2D,0,0.010408146229909605
OOD_1855,distance_diff_2D,0,0.8740134360980593
OOD_1856,distance_diff_2D,1,0.5270712248380929
OOD_1857,distance_diff_2D,1,0.7277213762828186
OOD_1858,distance_diff_2D,0,0.9417641692134432
OOD_1859,distance_diff_2D,0,0.13484163275021682
OOD_1860,distance_diff_2D,0,0.19299116858640503
OOD_1861,distance_diff_2D,1,0.9857123382595913
OOD_1862,distance_diff_2D,0,0.010707384184725416
OOD_1863,distance_diff_2D,1,0.9967298841226849
OOD_1864,distance_diff_2D,1,0.9726597046484863
OOD_1865,distance_diff_2D,0,0.1723265990970675
OOD_1866,distance_diff_2D,0,0.027090427731082427
OOD_1867,distance_diff_2D,0,0.0007539474000524297
OOD_1868,distance_diff_2D,0,0.009442555702015012
OOD_1869,distance_diff_2D,1,0.7033784331764961
OOD_1870,distance_diff_2D,1,0.9551102667763784
OOD_1871,distance_diff_2D,1,0.8061683292779818
OOD_1872,distance_diff_2D,1,0.9946936734596981
OOD_1873,distance_diff_2D,0,0.2104970683113717
OOD_1874,distance_diff_2D,1,0.9670431739551572
OOD_1875,distance_diff_2D,1,0.8951345632002238
OOD_1876,distance_diff_2D,1,0.9669419862606119
OOD_1877,distance_diff_2D,0,0.900095939062909
OOD_1878,distance_diff_2D,1,0.12559472718610382
OOD_1879,distance_diff_2D,0,0.0010748380545426643
OOD_1880,distance_diff_2D,0,0.00021986156893465998
OOD_1881,distance_diff_2D,1,0.9849769997812424
OOD_1882,distance_diff_2D,0,0.981127974294954
OOD_1883,distance_diff_2D,0,6.188158131144089e-05
OOD_1884,distance_diff_2D,0,0.006196770438357666
OOD_1885,distance_diff_2D,0,0.0036428650451337963
OOD_1886,distance_diff_2D,1,0.9633243262937844
OOD_1887,distance_diff_2D,1,0.9044277486918475
OOD_1888,distance_diff_2D,1,0.8435595364637326
OOD_1889,distance_diff_2D,1,0.781305787549174
OOD_1890,distance_diff_2D,1,0.9059659090034915
OOD_1891,distance_diff_2D,0,0.014580793649808257
OOD_1892,distance_diff_2D,0,0.00026082779519158206
OOD_1893,distance_diff_2D,0,0.9529984677270974
OOD_1894,distance_diff_2D,0,0.4274992091805753
OOD_1895,distance_diff_2D,1,0.9914494484592966
OOD_1896,distance_diff_2D,1,0.8314611973274496
OOD_1897,distance_diff_2D,1,0.9642854804685184
OOD_1898,distance_diff_2D,1,0.9903910589658721
OOD_1899,distance_diff_2D,0,0.03404455646956133
OOD_1900,distance_diff_2D,0,0.00011189219385221502
OOD_1901,distance_diff_2D,1,0.9795139101762553
OOD_1902,distance_diff_2D,1,0.9861355250379731
OOD_1903,distance_diff_2D,0,0.45465398203328744
OOD_1904,distance_diff_2D,1,0.9908341257102431
OOD_1905,distance_diff_2D,0,0.024613591587670198
OOD_1906,distance_diff_2D,0,0.8782530725322211
OOD_1907,distance_diff_2D,0,0.02069545358980645
OOD_1908,distance_diff_2D,1,0.9806623505233724
OOD_1909,distance_diff_2D,1,0.9518073958401859
OOD_1910,distance_diff_2D,1,0.9818224867047464
OOD_1911,distance_diff_2D,0,1.8626742914266331e-06
OOD_1912,distance_diff_2D,0,0.008502466062525
OOD_1913,distance_diff_2D,1,0.9773017305489559
OOD_1914,distance_diff_2D,0,0.0200351468518446
OOD_1915,distance_diff_2D,0,0.5191342979030935
OOD_1916,distance_diff_2D,0,0.01320498252980824
OOD_1917,distance_diff_2D,1,0.5495177291216182
OOD_1918,distance_diff_2D,0,0.06464145074830664
OOD_1919,distance_diff_2D,0,0.03213378532666254
OOD_1920,distance_diff_2D,0,0.9800534738439524
OOD_1921,distance_diff_2D,0,0.0009895688607415624
OOD_1922,distance_diff_2D,1,0.6624890275324524
OOD_1923,distance_diff_2D,0,0.04886174216677404
OOD_1924,distance_diff_2D,1,0.9922266020621768
OOD_1925,distance_diff_2D,1,0.8826098135299019
OOD_1926,distance_diff_2D,1,0.774377673726859
OOD_1927,distance_diff_2D,1,0.9883512465264391
OOD_1928,distance_diff_2D,0,0.006875414944448553
OOD_1929,distance_diff_2D,0,0.6630722469936702
OOD_1930,distance_diff_2D,0,0.4548298569231031
OOD_1931,distance_diff_2D,1,0.9863674106941034
OOD_1932,distance_diff_2D,1,0.9914008078633665
OOD_1933,distance_diff_2D,1,0.9865775401021624
OOD_1934,distance_diff_2D,1,0.9605265992363913
OOD_1935,distance_diff_2D,0,0.0013603618765234448
OOD_1936,distance_diff_2D,0,0.009588487594594892
OOD_1937,distance_diff_2D,1,0.9503487413391976
OOD_1938,distance_diff_2D,1,0.9271391458931411
OOD_1939,distance_diff_2D,1,0.28673347964059254
OOD_1940,distance_diff_2D,0,0.977044070577787
OOD_1941,distance_diff_2D,0,3.1631639386734843e-06
OOD_1942,distance_diff_2D,0,3.306976890663457e-05
OOD_1943,distance_diff_2D,1,0.9928424280327437
OOD_1944,distance_diff_2D,1,0.9816011572442624
OOD_1945,distance_diff_2D,1,0.9929578836948006
OOD_1946,distance_diff_2D,1,0.9703924422926827
OOD_1947,distance_diff_2D,0,0.34310601800106794
OOD_1948,distance_diff_2D,0,0.00044659058982132304
OOD_1949,distance_diff_2D,1,0.9786905330716054
OOD_1950,distance_diff_2D,0,0.1216238208413583
OOD_1951,distance_diff_2D,0,0.8111759597336345
OOD_1952,distance_diff_2D,1,0.8656313486403354
OOD_1953,distance_diff_2D,0,0.3821181470728305
OOD_1954,distance_diff_2D,0,0.9291831436145749
OOD_1955,distance_diff_2D,0,0.15562797642060994
OOD_1956,distance_diff_2D,1,0.9919599290518119
OOD_1957,distance_diff_2D,0,0.00045700823885494815
OOD_1958,distance_diff_2D,0,0.30046262476923224
OOD_1959,distance_diff_2D,1,0.8797562847350422
OOD_1960,distance_diff_2D,0,0.47585308021131334
OOD_1961,distance_diff_2D,0,0.00011436861331114796
OOD_1962,distance_diff_2D,0,0.027266669792708496
OOD_1963,distance_diff_2D,0,0.04531450967810171
OOD_1964,distance_diff_2D,0,0.0002662872997520902
OOD_1965,distance_diff_2D,0,0.6584073844434319
OOD_1966,distance_diff_2D,0,0.18762201929200586
OOD_1967,distance_diff_2D,0,0.11125961625477297
OOD_1968,distance_diff_2D,0,0.12538701839287886
OOD_1969,distance_diff_2D,0,0.4695131917879164
OOD_1970,distance_diff_2D,0,6.0239879398260806e-05
OOD_1971,distance_diff_2D,1,0.9720681398974522
OOD_1972,distance_diff_2D,1,0.9802579880984809
OOD_1973,distance_diff_2D,0,0.6292530534798787
OOD_1974,distance_diff_2D,0,0.789296967562091
OOD_1975,distance_diff_2D,0,0.03433232100196269
OOD_1976,distance_diff_2D,0,0.07955644748978646
OOD_1977,distance_diff_2D,1,0.9630540870960342
OOD_1978,distance_diff_2D,0,0.017550442944760755
OOD_1979,distance_diff_2D,1,0.6983546992567179
OOD_1980,distance_diff_2D,0,0.7592311312408104
OOD_1981,distance_diff_2D,1,0.989536869777347
OOD_1982,distance_diff_2D,0,0.2287835716053768
OOD_1983,distance_diff_2D,1,0.9900231601467354
OOD_1984,distance_diff_2D,0,2.6751783318041435e-06
OOD_1985,distance_diff_2D,0,0.0542754954546155
OOD_1986,distance_diff_2D,1,0.945172363274892
OOD_1987,distance_diff_2D,0,1.203043601706998e-05
OOD_1988,distance_diff_2D,0,6.641721245128669e-05
OOD_1989,distance_diff_2D,0,0.32356193130664573
OOD_1990,distance_diff_2D,0,0.003941408564990028
OOD_1991,distance_diff_2D,0,0.8897191233953307
OOD_1992,distance_diff_2D,1,0.6774391982681032
OOD_1993,distance_diff_2D,0,0.17086044950525037
OOD_1994,distance_diff_2D,1,0.8377335329930677
OOD_1995,distance_diff_2D,1,0.9751565856720714
OOD_1996,distance_diff_2D,0,0.5196873758480121
OOD_1997,distance_diff_2D,0,0.08159684090348182
OOD_1998,distance_diff_2D,0,0.1855222681661831
OOD_1999,distance_diff_2D,0,0.1423208741326574
OOD_2000,distance_diff_2D,0,0.007621143745274271
OOD_2001,distance_diff_2D,1,0.9823294075613956
OOD_2002,distance_diff_2D,0,0.2022599858913009
OOD_2003,distance_diff_2D,1,0.9898395305575247
OOD_2004,distance_diff_2D,0,0.9358241601746529
OOD_2005,distance_diff_2D,1,0.9922220719775886
OOD_2006,distance_diff_2D,0,0.8918414574058497
OOD_2007,distance_diff_2D,0,0.5205162310496814
OOD_2008,distance_diff_2D,1,0.9223392333825384
OOD_2009,distance_diff_2D,0,0.7416572626830285
OOD_2010,distance_diff_2D,0,0.34349923534489174
OOD_2011,distance_diff_2D,0,0.9482732330600794
OOD_2012,distance_diff_2D,1,0.962778350405442
OOD_2013,distance_diff_2D,1,0.947287608011853
OOD_2014,distance_diff_2D,1,0.8147747041883635
OOD_2015,distance_diff_2D,0,0.18204842307708316
OOD_2016,distance_diff_2D,1,0.9942604002209192
OOD_2017,distance_diff_2D,0,0.00034074463898856906
OOD_2018,distance_diff_2D,0,0.9652743829350114
OOD_2019,distance_diff_2D,0,0.8241338151534344
OOD_2020,distance_diff_2D,0,0.9615403884253851
OOD_2021,distance_diff_2D,0,9.389715526054578e-06
OOD_2022,distance_diff_2D,0,0.0029737356366520648
OOD_2023,distance_diff_2D,0,0.5183710082287147
OOD_2024,distance_diff_2D,0,0.667931828222883
OOD_2025,distance_diff_2D,1,0.9925534317880802
OOD_2026,distance_diff_2D,0,0.31458518774980737
OOD_2027,distance_diff_2D,0,0.25096491041449176
OOD_2028,distance_diff_2D,1,0.9462436278718788
OOD_2029,distance_diff_2D,1,0.529772993568238
OOD_2030,distance_diff_2D,0,0.0352458291204016
OOD_2031,distance_diff_2D,0,0.10257595275050516
OOD_2032,distance_diff_2D,0,0.0032473873100303708
OOD_2033,distance_diff_2D,0,0.008920077502828255
OOD_2034,distance_diff_2D,1,0.9378894969234164
OOD_2035,distance_diff_2D,0,0.02361197615023397
OOD_2036,distance_diff_2D,1,0.9519053517938062
OOD_2037,distance_diff_2D,1,0.6780209367853897
OOD_2038,distance_diff_2D,0,0.3378684210857652
OOD_2039,distance_diff_2D,0,0.29962732787882185
OOD_2040,distance_diff_2D,0,0.10678882122107008
OOD_2041,distance_diff_2D,0,0.02923204603692093
OOD_2042,distance_diff_2D,0,0.12700602522184667
OOD_2043,distance_diff_2D,1,0.9791590870776087
OOD_2044,distance_diff_2D,0,0.03744262938783884
OOD_2045,distance_diff_2D,1,0.9929096005170991
OOD_2046,distance_diff_2D,0,0.9578267408294543
OOD_2047,distance_diff_2D,0,0.09465733811352793
OOD_2048,distance_diff_2D,1,0.9861110104012003
OOD_2049,distance_diff_2D,0,2.087434254148908e-06
OOD_2050,distance_diff_2D,0,0.0002961748764119544
OOD_2051,distance_diff_2D,1,0.8340995527548639
OOD_2052,distance_diff_2D,1,0.9752926758541712
OOD_2053,distance_diff_2D,1,0.9921160675071377
OOD_2054,distance_diff_2D,0,0.6532091672088887
OOD_2055,distance_diff_2D,0,0.0011676671666402839
OOD_2056,distance_diff_2D,0,0.02376649829918476
OOD_2057,distance_diff_2D,0,0.2515988524066938
OOD_2058,distance_diff_2D,1,0.6837012711677304
OOD_2059,distance_diff_2D,0,0.8910285118687994
OOD_2060,distance_diff_2D,0,0.0028338945984495985
OOD_2061,distance_diff_2D,1,0.8385822950126317
OOD_2062,distance_diff_2D,0,0.3343221802515057
OOD_2063,distance_diff_2D,1,0.7258098309925043
OOD_2064,distance_diff_2D,1,0.980624203617646
OOD_2065,distance_diff_2D,1,0.9690305159824606
OOD_2066,distance_diff_2D,1,0.9828822556865817
OOD_2067,distance_diff_2D,0,0.2793767166440877
OOD_2068,distance_diff_2D,1,0.9189366147696231
OOD_2069,distance_diff_2D,1,0.7349085972760521
OOD_2070,distance_diff_2D,1,0.9062646922909183
OOD_2071,distance_diff_2D,1,0.7891409522815687
OOD_2072,distance_diff_2D,1,0.8940451805327221
OOD_2073,distance_diff_2D,0,0.0811961421730835
OOD_2074,distance_diff_2D,1,0.8696929265980791
OOD_2075,distance_diff_2D,0,0.9587945815929189
OOD_2076,distance_diff_2D,1,0.5858648455415957
OOD_2077,distance_diff_2D,0,0.3358069340776861
OOD_2078,distance_diff_2D,1,0.653353613896517
OOD_2079,distance_diff_2D,0,0.004644044915624008
OOD_2080,distance_diff_2D,1,0.9556090854247427
OOD_2081,distance_diff_2D,1,0.9897279398936911
OOD_2082,distance_diff_2D,0,0.06661808350169279
OOD_2083,distance_diff_2D,1,0.9738167400923418
OOD_2084,distance_diff_2D,1,0.9934178911982348
OOD_2085,distance_diff_2D,0,0.0007059787930682912
OOD_2086,distance_diff_2D,0,0.0008357148700320862
OOD_2087,distance_diff_2D,1,0.8712452891425554
OOD_2088,distance_diff_2D,0,0.009026732958175491
OOD_2089,distance_diff_2D,1,0.9868224506653588
OOD_2090,distance_diff_2D,0,7.52444223806547e-07
OOD_2091,distance_diff_2D,0,0.14733807536858806
OOD_2092,distance_diff_2D,0,0.04136670905654592
OOD_2093,distance_diff_2D,1,0.736568622084715
OOD_2094,distance_diff_2D,0,0.2324428033893487
OOD_2095,distance_diff_2D,1,0.5053276591534316
OOD_2096,distance_diff_2D,0,0.7061438009741188
OOD_2097,distance_diff_2D,1,0.9246813238645653
OOD_2098,distance_diff_2D,1,0.48555472491680196
OOD_2099,distance_diff_2D,0,3.375526592329486e-05
OOD_2100,distance_diff_2D,1,0.9750704804828453
OOD_2101,distance_diff_2D,0,0.49341388947000037
OOD_2102,distance_diff_2D,1,0.172067594039425
OOD_2103,distance_diff_2D,0,0.00021377312686431953
OOD_2104,distance_diff_2D,0,0.062317983645394766
OOD_2105,distance_diff_2D,1,0.9717780730292946
OOD_2106,distance_diff_2D,0,0.5313455879194482
OOD_2107,distance_diff_2D,0,0.7837569872470976
OOD_2108,distance_diff_2D,0,0.991938959604593
OOD_2109,distance_diff_2D,0,0.025088131851204547
OOD_2110,distance_diff_2D,1,0.9200703473682165
OOD_2111,distance_diff_2D,1,0.9382913954743805
OOD_2112,distance_diff_2D,0,0.01409902377905172
OOD_2113,distance_diff_2D,0,0.76296184120617
OOD_2114,distance_diff_2D,0,0.97748008820955
OOD_2115,distance_diff_2D,1,0.9018676210634106
OOD_2116,distance_diff_2D,0,0.9738546740709783
OOD_2117,distance_diff_2D,1,0.14778862158552353
OOD_2118,distance_diff_2D,0,0.0018962656922843944
OOD_2119,distance_diff_2D,0,0.19214656687676943
OOD_2120,distance_diff_2D,0,4.0677779369095916e-05
OOD_2121,distance_diff_2D,0,2.072252009411243e-05
OOD_2122,distance_diff_2D,0,0.3698423072640863
OOD_2123,distance_diff_2D,0,0.0008615785790136119
OOD_2124,distance_diff_2D,0,0.21692250053910808
OOD_2125,distance_diff_2D,0,1.271555600169245e-06
OOD_2126,distance_diff_2D,0,0.0037255415012286248
OOD_2127,distance_diff_2D,0,8.861458058468864e-05
OOD_2128,distance_diff_2D,0,0.0013817279147962753
OOD_2129,distance_diff_2D,1,0.03030310812894951
OOD_2130,distance_diff_2D,0,0.18460397272220963
OOD_2131,distance_diff_2D,1,0.9846334375664747
OOD_2132,distance_diff_2D,0,0.0003107004643322989
OOD_2133,distance_diff_2D,0,0.42852321169113133
OOD_2134,distance_diff_2D,1,0.8283732658702798
OOD_2135,distance_diff_2D,0,0.041823108876227956
OOD_2136,distance_diff_2D,0,0.0009583702288828328
OOD_2137,distance_diff_2D,1,0.5558258598990584
OOD_2138,distance_diff_2D,1,0.9963644298404685
OOD_2139,distance_diff_2D,1,0.9448497949964918
OOD_2140,distance_diff_2D,0,0.018768219318973177
OOD_2141,distance_diff_2D,0,0.9180546482849634
OOD_2142,distance_diff_2D,0,0.9600126644350678
OOD_2143,distance_diff_2D,0,0.014342130204771212
OOD_2144,distance_diff_2D,0,4.509405529033267e-05
OOD_2145,distance_diff_2D,1,0.7142612527863433
OOD_2146,distance_diff_2D,1,0.9371073914903035
OOD_2147,distance_diff_2D,1,0.9871517132397347
OOD_2148,distance_diff_2D,0,0.09827993201385787
OOD_2149,distance_diff_2D,0,0.001813162989945964
OOD_2150,distance_diff_2D,1,0.938671526701636
OOD_2151,distance_diff_2D,1,0.8981771649236207
OOD_2152,distance_diff_2D,1,0.6676541113450463
OOD_2153,distance_diff_2D,1,0.9793759656035339
OOD_2154,distance_diff_2D,1,0.9942471052521349
OOD_2155,distance_diff_2D,1,0.9875358085744635
OOD_2156,distance_diff_2D,0,0.00012438036195718785
OOD_2157,distance_diff_2D,1,0.956623944275251
OOD_2158,distance_diff_2D,0,0.2040968450142273
OOD_2159,distance_diff_2D,1,0.9879014853049297
OOD_2160,distance_diff_2D,0,0.021313116135975363
OOD_2161,distance_diff_2D,0,0.698073783117764
OOD_2162,distance_diff_2D,1,0.9023223667336481
OOD_2163,distance_diff_2D,0,0.9623579487766504
OOD_2164,distance_diff_2D,0,4.2991933163940865e-06
OOD_2165,distance_diff_2D,1,0.7423201920376123
OOD_2166,distance_diff_2D,0,0.11480583841392583
OOD_2167,distance_diff_2D,1,0.9277148158112741
OOD_2168,distance_diff_2D,0,0.7241583969491636
OOD_2169,distance_diff_2D,0,0.0012959213838943083
OOD_2170,distance_diff_2D,0,0.012180007175609252
OOD_2171,distance_diff_2D,1,0.9755912549498024
OOD_2172,distance_diff_2D,0,0.0007103191136952728
OOD_2173,distance_diff_2D,1,0.9584725954773047
OOD_2174,distance_diff_2D,1,0.9847269512380215
OOD_2175,distance_diff_2D,0,0.7721077040303906
OOD_2176,distance_diff_2D,0,0.9862066240820299
OOD_2177,distance_diff_2D,0,0.017682258363268484
OOD_2178,distance_diff_2D,0,0.8487464952539967
OOD_2179,distance_diff_2D,1,0.8960527497103772
OOD_2180,distance_diff_2D,1,0.9154975002326815
OOD_2181,distance_diff_2D,1,0.9915564078917554
OOD_2182,distance_diff_2D,0,0.9781250737132282
OOD_2183,distance_diff_2D,1,0.45538436982974295
OOD_2184,distance_diff_2D,1,0.9824001813018602
OOD_2185,distance_diff_2D,1,0.9878273097194853
OOD_2186,distance_diff_2D,1,0.9892127255616432
OOD_2187,distance_diff_2D,1,0.9904411388957904
OOD_2188,distance_diff_2D,0,4.764969972539996e-05
OOD_2189,distance_diff_2D,1,0.9894275942406123
OOD_2190,distance_diff_2D,1,0.9659716513597875
OOD_2191,distance_diff_2D,0,0.000319044586391237
OOD_2192,distance_diff_2D,0,0.9506097197217336
OOD_2193,distance_diff_2D,0,0.3424031121921201
OOD_2194,distance_diff_2D,1,0.8842148151441361
OOD_2195,distance_diff_2D,1,0.8915980173647078
OOD_2196,distance_diff_2D,1,0.8752630238840106
OOD_2197,distance_diff_2D,1,0.9782714819531542
OOD_2198,distance_diff_2D,0,0.8602105397050915
OOD_2199,distance_diff_2D,1,0.9699191915342134
OOD_2200,distance_diff_2D,0,6.381799463352158e-05
OOD_2201,distance_diff_2D,0,0.8401111297443015
OOD_2202,distance_diff_2D,1,0.9938585700710825
OOD_2203,distance_diff_2D,1,0.9914347917323684
OOD_2204,distance_diff_2D,0,0.9876088586298526
OOD_2205,distance_diff_2D,0,0.009282168453035367
OOD_2206,distance_diff_2D,0,0.07591026994160219
OOD_2207,distance_diff_2D,1,0.9315022551339687
OOD_2208,distance_diff_2D,0,0.01066158248617379
OOD_2209,distance_diff_2D,0,0.09026740244010358
OOD_2210,distance_diff_2D,1,0.9015166171814529
OOD_2211,distance_diff_2D,0,0.6443885214488988
OOD_2212,distance_diff_2D,0,0.0001053071375834271
OOD_2213,distance_diff_2D,0,0.8919438020058121
OOD_2214,distance_diff_2D,0,0.0002593346910231765
OOD_2215,distance_diff_2D,0,0.06417018697121656
OOD_2216,distance_diff_2D,0,9.197339882441724e-05
OOD_2217,distance_diff_2D,1,0.9231491106807875
OOD_2218,distance_diff_2D,0,0.06719142046782797
OOD_2219,distance_diff_2D,0,0.9205539106263385
OOD_2220,distance_diff_2D,0,0.5673746292630069
OOD_2221,distance_diff_2D,0,0.28097957432697557
OOD_2222,distance_diff_2D,1,0.9367080521660022
OOD_2223,distance_diff_2D,0,0.0032533983792567673
OOD_2224,distance_diff_2D,1,0.9913897111605889
OOD_2225,distance_diff_2D,0,0.8337616591257746
OOD_2226,distance_diff_2D,1,0.9764431076107404
OOD_2227,distance_diff_2D,0,0.13500485788312386
OOD_2228,distance_diff_2D,0,0.9841731891222386
OOD_2229,distance_diff_2D,1,0.9964815650128099
OOD_2230,distance_diff_2D,1,0.9820781234142022
OOD_2231,distance_diff_2D,1,0.9798205545966145
OOD_2232,distance_diff_2D,1,0.8708464779054443
OOD_2233,distance_diff_2D,0,0.5218021729519756
OOD_2234,distance_diff_2D,1,0.9214602390640766
OOD_2235,distance_diff_2D,0,0.7881256346073547
OOD_2236,distance_diff_2D,0,0.004860580338365308
OOD_2237,distance_diff_2D,0,0.022552977518156873
OOD_2238,distance_diff_2D,0,0.002254631029876359
OOD_2239,distance_diff_2D,1,0.9861747749916726
OOD_2240,distance_diff_2D,0,0.37500535147440517
OOD_2241,distance_diff_2D,0,0.6349336435610271
OOD_2242,distance_diff_2D,1,0.9259035393714198
OOD_2243,distance_diff_2D,1,0.9135213592116826
OOD_2244,distance_diff_2D,0,0.14014268861529974
OOD_2245,distance_diff_2D,0,0.9883720153360517
OOD_2246,distance_diff_2D,0,0.9314332385975957
OOD_2247,distance_diff_2D,0,0.8709500471980941
OOD_2248,distance_diff_2D,0,0.07812806684741223
OOD_2249,distance_diff_2D,0,0.8468507403236449
OOD_2250,distance_diff_2D,0,0.051177354636514016
OOD_2251,distance_diff_2D,0,0.0010803094097940362
OOD_2252,distance_diff_2D,0,0.7661910083601547
OOD_2253,distance_diff_2D,1,0.3764206043263357
OOD_2254,distance_diff_2D,0,0.19993819557578152
OOD_2255,distance_diff_2D,1,0.9674195877270775
OOD_2256,distance_diff_2D,0,0.4479945370686653
OOD_2257,distance_diff_2D,0,0.8020641131336849
OOD_2258,distance_diff_2D,0,0.942662805879414
OOD_2259,distance_diff_2D,1,0.9955556962441054
OOD_2260,distance_diff_2D,1,0.9756367714703262
OOD_2261,distance_diff_2D,0,0.030577596013030933
OOD_2262,distance_diff_2D,0,0.5104939917069284
OOD_2263,distance_diff_2D,0,0.0072494652226473
OOD_2264,distance_diff_2D,0,0.545800975310308
OOD_2265,distance_diff_2D,0,2.8462934279149217e-07
OOD_2266,distance_diff_2D,0,0.0004842049521880766
OOD_2267,distance_diff_2D,0,0.17029538082398804
OOD_2268,distance_diff_2D,1,0.9571312177585033
OOD_2269,distance_diff_2D,1,0.9869273036808952
OOD_2270,distance_diff_2D,0,0.19235245452783228
OOD_2271,distance_diff_2D,1,0.5828755635132004
OOD_2272,distance_diff_2D,0,0.0002987986452405105
OOD_2273,distance_diff_2D,0,0.17286069250087416
OOD_2274,distance_diff_2D,1,0.8240028259996427
OOD_2275,distance_diff_2D,0,0.017830567045897253
OOD_2276,distance_diff_2D,1,0.437167407769336
OOD_2277,distance_diff_2D,1,0.9812733175013284
OOD_2278,distance_diff_2D,1,0.9475320217494833
OOD_2279,distance_diff_2D,0,0.9203373813920381
OOD_2280,distance_diff_2D,1,0.8898345672789167
OOD_2281,distance_diff_2D,0,0.02362005129063118
OOD_2282,distance_diff_2D,0,0.002814867260597884
OOD_2283,distance_diff_2D,1,0.9861975152703442
OOD_2284,distance_diff_2D,1,0.9658470949966853
OOD_2285,distance_diff_2D,0,0.5401513918679776
OOD_2286,distance_diff_2D,0,0.8273483581212576
OOD_2287,distance_diff_2D,0,0.017359528464761874
OOD_2288,distance_diff_2D,1,0.764595934194602
OOD_2289,distance_diff_2D,0,0.7865951466616913
OOD_2290,distance_diff_2D,0,0.9633156210352155
OOD_2291,distance_diff_2D,0,0.7365166478498654
OOD_2292,distance_diff_2D,0,0.036846213509572255
OOD_2293,distance_diff_2D,1,0.9868881333107878
OOD_2294,distance_diff_2D,1,0.9124422973339076
OOD_2295,distance_diff_2D,0,0.17661465318152195
OOD_2296,distance_diff_2D,1,0.777971607450959
OOD_2297,distance_diff_2D,0,0.013777575516252277
OOD_2298,distance_diff_2D,0,0.034523997505168026
OOD_2299,distance_diff_2D,0,0.030068965972548864
OOD_2300,distance_diff_2D,1,0.9909130227197549
OOD_2301,distance_diff_2D,0,0.036975653178681026
OOD_2302,distance_diff_2D,1,0.3995158893582185
OOD_2303,distance_diff_2D,1,0.9658985962770757
OOD_2304,distance_diff_2D,0,0.1443137350824197
OOD_2305,distance_diff_2D,0,0.07432184310589832
OOD_2306,distance_diff_2D,0,0.8523766141398628
OOD_2307,distance_diff_2D,0,0.868088750962829
OOD_2308,distance_diff_2D,1,0.983280861726294
OOD_2309,distance_diff_2D,1,0.8015384132691318
OOD_2310,distance_diff_2D,1,0.9960932430080018
OOD_2311,distance_diff_2D,1,0.9522060086499463
OOD_2312,distance_diff_2D,1,0.9841245035027614
OOD_2313,distance_diff_2D,0,0.9243052586434792
OOD_2314,distance_diff_2D,0,0.6894641711694368
OOD_2315,distance_diff_2D,0,0.7810548344056261
OOD_2316,distance_diff_2D,0,0.00014063570992086353
OOD_2317,distance_diff_2D,0,0.009883438197737796
OOD_2318,distance_diff_2D,0,0.5766650916305878
OOD_2319,distance_diff_2D,0,0.4190535534647926
OOD_2320,distance_diff_2D,0,0.059909911965410664
OOD_2321,distance_diff_2D,0,0.8474114729546913
OOD_2322,distance_diff_2D,1,0.9808541075361465
OOD_2323,distance_diff_2D,0,0.6348067048835537
OOD_2324,distance_diff_2D,1,0.9725961714051409
OOD_2325,distance_diff_2D,1,0.9403135309784504
OOD_2326,distance_diff_2D,1,0.926056390082982
OOD_2327,distance_diff_2D,1,0.9875676902986659
OOD_2328,distance_diff_2D,0,0.9293738642075764
OOD_2329,distance_diff_2D,0,0.0020856383614594512
OOD_2330,distance_diff_2D,0,0.903125272825132
OOD_2331,distance_diff_2D,1,0.9747296503075676
OOD_2332,distance_diff_2D,0,4.236699530725326e-05
OOD_2333,distance_diff_2D,0,0.7732079431061888
OOD_2334,distance_diff_2D,1,0.9040234843955116
OOD_2335,distance_diff_2D,0,0.5345946301470696
OOD_2336,distance_diff_2D,0,0.2708790416033534
OOD_2337,distance_diff_2D,0,0.032934727520023466
OOD_2338,distance_diff_2D,0,0.8688956241914829
OOD_2339,distance_diff_2D,0,0.5303936949167336
OOD_2340,distance_diff_2D,1,0.991313974056315
OOD_2341,distance_diff_2D,0,0.09379957227394364
OOD_2342,distance_diff_2D,0,0.023180345413357922
OOD_2343,distance_diff_2D,0,0.34003231422196484
OOD_2344,distance_diff_2D,0,0.35684057068849667
OOD_2345,distance_diff_2D,0,0.004392374864371695
OOD_2346,distance_diff_2D,1,0.7737585416720246
OOD_2347,distance_diff_2D,0,0.24466624514187127
OOD_2348,distance_diff_2D,0,0.7601015965422635
OOD_2349,distance_diff_2D,0,0.0004936316386951193
OOD_2350,distance_diff_2D,0,0.49887362887927866
OOD_2351,distance_diff_2D,1,0.9597483512200811
OOD_2352,distance_diff_2D,0,0.004130554999432695
OOD_2353,distance_diff_2D,0,0.5085334483364427
OOD_2354,distance_diff_2D,0,0.04989501692150793
OOD_2355,distance_diff_2D,0,0.2719307938284995
OOD_2356,distance_diff_2D,0,0.24559634034800246
OOD_2357,distance_diff_2D,1,0.8909412780000928
OOD_2358,distance_diff_2D,0,0.271367420186534
OOD_2359,distance_diff_2D,0,0.13590036180772705
OOD_2360,distance_diff_2D,0,0.9547552978112517
OOD_2361,distance_diff_2D,0,0.02627815804675239
OOD_2362,distance_diff_2D,1,0.9080205759723516
OOD_2363,distance_diff_2D,0,0.00326479692309869
OOD_2364,distance_diff_2D,1,0.4912937200150412
OOD_2365,distance_diff_2D,0,0.9438622038036799
OOD_2366,distance_diff_2D,1,0.985539132204038
OOD_2367,distance_diff_2D,1,0.9919301880650885
OOD_2368,distance_diff_2D,1,0.9256166398876307
OOD_2369,distance_diff_2D,0,4.37501984851489e-06
OOD_2370,distance_diff_2D,0,0.6826599303289667
OOD_2371,distance_diff_2D,1,0.9960198752959949
OOD_2372,distance_diff_2D,1,0.992235590861277
OOD_2373,distance_diff_2D,0,0.004096987323471278
OOD_2374,distance_diff_2D,1,0.147679880110805
OOD_2375,distance_diff_2D,0,0.18411209264463008
OOD_2376,distance_diff_2D,0,0.4604233318448753
OOD_2377,distance_diff_2D,0,0.042552958596147814
OOD_2378,distance_diff_2D,1,0.8681738173892565
OOD_2379,distance_diff_2D,0,0.9110223153129448
OOD_2380,distance_diff_2D,0,0.00128980606582228
OOD_2381,distance_diff_2D,0,0.6360869941021245
OOD_2382,distance_diff_2D,0,0.9651853469313859
OOD_2383,distance_diff_2D,0,0.42187134574979007
OOD_2384,distance_diff_2D,1,0.9304507120016268
OOD_2385,distance_diff_2D,1,0.9822919851217404
OOD_2386,distance_diff_2D,1,0.9377717883946642
OOD_2387,distance_diff_2D,1,0.9695592245961854
OOD_2388,distance_diff_2D,1,0.9403041377474962
OOD_2389,distance_diff_2D,0,0.1585047673793027
OOD_2390,distance_diff_2D,0,0.002532118253011751
OOD_2391,distance_diff_2D,0,0.6389585055215344
OOD_2392,distance_diff_2D,1,0.9868151289431345
OOD_2393,distance_diff_2D,1,0.9767330021276546
OOD_2394,distance_diff_2D,0,0.3337551107517229
OOD_2395,distance_diff_2D,1,0.9675024327753203
OOD_2396,distance_diff_2D,0,0.653927648897619
OOD_2397,distance_diff_2D,1,0.9953796578408494
OOD_2398,distance_diff_2D,0,0.009445218419867936
OOD_2399,distance_diff_2D,0,0.1961548686244239
OOD_2400,distance_diff_2D,0,0.675973405682046
OOD_2401,distance_diff_2D,1,0.9641941279773607
OOD_2402,distance_diff_2D,0,0.03327983434906447
OOD_2403,distance_diff_2D,1,0.9081831274291315
OOD_2404,distance_diff_2D,1,0.9381731244813765
OOD_2405,distance_diff_2D,0,0.8076015316917503
OOD_2406,distance_diff_2D,0,0.1723623281191369
OOD_2407,distance_diff_2D,0,0.48895689870706077
OOD_2408,distance_diff_2D,0,0.009799444081698564
OOD_2409,distance_diff_2D,0,2.0326240982995675e-05
OOD_2410,distance_diff_2D,0,0.35612051338179523
OOD_2411,distance_diff_2D,0,0.014333674855842526
OOD_2412,distance_diff_2D,0,0.9643421591597973
OOD_2413,distance_diff_2D,1,0.9904730324943081
OOD_2414,distance_diff_2D,0,0.0028919610157736213
OOD_2415,distance_diff_2D,0,0.012556364847187307
OOD_2416,distance_diff_2D,0,0.3742293565159599
OOD_2417,distance_diff_2D,0,0.4393008238765587
OOD_2418,distance_diff_2D,0,0.02143134778599188
OOD_2419,distance_diff_2D,0,0.40410347600131935
OOD_2420,distance_diff_2D,0,0.2727964897635658
OOD_2421,distance_diff_2D,1,0.9095133958558607
OOD_2422,distance_diff_2D,1,0.9697567967561094
OOD_2423,distance_diff_2D,1,0.798023117529324
OOD_2424,distance_diff_2D,1,0.9785526370861559
OOD_2425,distance_diff_2D,1,0.7133732525015516
OOD_2426,distance_diff_2D,1,0.9003988721970202
OOD_2427,distance_diff_2D,1,0.9890705182365565
OOD_2428,distance_diff_2D,0,0.8435934899994063
OOD_2429,distance_diff_2D,1,0.9417234705349458
OOD_2430,distance_diff_2D,1,0.9534520029576057
OOD_2431,distance_diff_2D,1,0.9883422007049708
OOD_2432,distance_diff_2D,1,0.984146734201912
OOD_2433,distance_diff_2D,1,0.9437666161733741
OOD_2434,distance_diff_2D,0,0.4267137443575606
OOD_2435,distance_diff_2D,0,0.0011951291765017068
OOD_2436,distance_diff_2D,1,0.2732663119240336
OOD_2437,distance_diff_2D,0,0.014781621535549239
OOD_2438,distance_diff_2D,0,0.46959641735889796
OOD_2439,distance_diff_2D,0,0.6858817478105387
OOD_2440,distance_diff_2D,0,0.0004167675346116733
OOD_2441,distance_diff_2D,1,0.987327394889863
OOD_2442,distance_diff_2D,0,0.19893629569039886
OOD_2443,distance_diff_2D,1,0.9652780593432383
OOD_2444,distance_diff_2D,0,0.0011228339590299134
OOD_2445,distance_diff_2D,0,0.004836964350253455
OOD_2446,distance_diff_2D,1,0.9845129808917127
OOD_2447,distance_diff_2D,1,0.08016786375497255
OOD_2448,distance_diff_2D,0,0.0013695977254689466
OOD_2449,distance_diff_2D,0,0.656066261137677
OOD_2450,distance_diff_2D,1,0.9882088517151637
OOD_2451,distance_diff_2D,0,0.8772236288191534
OOD_2452,distance_diff_2D,0,0.11866165959013296
OOD_2453,distance_diff_2D,0,2.793249529844962e-05
OOD_2454,distance_diff_2D,0,0.011722033388744193
OOD_2455,distance_diff_2D,0,0.9943432795506639
OOD_2456,distance_diff_2D,1,0.5090201300507322
OOD_2457,distance_diff_2D,1,0.9884190575128621
OOD_2458,distance_diff_2D,0,5.7003522432818995e-06
OOD_2459,distance_diff_2D,0,0.15125739393424836
OOD_2460,distance_diff_2D,0,0.5106320349047458
OOD_2461,distance_diff_2D,1,0.9445211050383209
OOD_2462,distance_diff_2D,0,0.26229800215927174
OOD_2463,distance_diff_2D,0,0.48832463726186254
OOD_2464,distance_diff_2D,1,0.9589020975136713
OOD_2465,distance_diff_2D,0,0.03231096229429425
OOD_2466,distance_diff_2D,1,0.7655027640186091
OOD_2467,distance_diff_2D,0,0.0026090578272244883
OOD_2468,distance_diff_2D,0,0.8688852066177326
OOD_2469,distance_diff_2D,0,0.3413212735927766
OOD_2470,distance_diff_2D,0,0.9453524519620019
OOD_2471,distance_diff_2D,1,0.9556293238693057
OOD_2472,distance_diff_2D,1,0.9896149052403986
OOD_2473,distance_diff_2D,0,0.9676730254285976
OOD_2474,distance_diff_2D,0,0.013667327869122958
OOD_2475,distance_diff_2D,1,0.9829034907206804
OOD_2476,distance_diff_2D,0,0.11792593629068698
OOD_2477,distance_diff_2D,0,0.5766660763306181
OOD_2478,distance_diff_2D,1,0.9778707534722377
OOD_2479,distance_diff_2D,1,0.9662989476254517
OOD_2480,distance_diff_2D,0,5.846852383253053e-05
OOD_2481,distance_diff_2D,0,0.949380806271108
OOD_2482,distance_diff_2D,0,0.31421353690964776
OOD_2483,distance_diff_2D,1,0.9923856328599276
OOD_2484,distance_diff_2D,1,0.40379513330134
OOD_2485,distance_diff_2D,0,0.935936402149041
OOD_2486,distance_diff_2D,0,4.466373078017059e-07
OOD_2487,distance_diff_2D,0,0.041640156640571614
OOD_2488,distance_diff_2D,0,0.0006811831659187477
OOD_2489,distance_diff_2D,1,0.9719763644204225
OOD_2490,distance_diff_2D,0,0.001169124143044688
OOD_2491,distance_diff_2D,1,0.9837735954582876
OOD_2492,distance_diff_2D,0,0.904837454368083
OOD_2493,distance_diff_2D,0,0.5334054232167721
OOD_2494,distance_diff_2D,0,0.0032587334164587162
OOD_2495,distance_diff_2D,0,0.3297771515811031
OOD_2496,distance_diff_2D,1,0.9945005214591085
OOD_2497,distance_diff_2D,0,0.006072924630815785
OOD_2498,distance_diff_2D,0,0.00021878339561569408
OOD_2499,distance_diff_2D,1,0.5359357558945667
OOD_2500,distance_diff_2D,1,0.98164408077426
OOD_2501,distance_diff_2D,0,0.2981722396331325
OOD_2502,distance_diff_2D,0,0.24114916023312896
OOD_2503,distance_diff_2D,1,0.9937583786571842
OOD_2504,distance_diff_2D,0,0.705160011077984
OOD_2505,distance_diff_2D,0,0.008817976602184651
OOD_2506,distance_diff_2D,0,0.15520207533091546
OOD_2507,distance_diff_2D,1,0.7773584285408371
OOD_2508,distance_diff_2D,0,0.7727378128489849
OOD_2509,distance_diff_2D,1,0.9873896349169308
OOD_2510,distance_diff_2D,1,0.9846754855104001
OOD_2511,distance_diff_2D,1,0.9394559832658639
OOD_2512,distance_diff_2D,1,0.42983698434852596
OOD_2513,distance_diff_2D,1,0.9549584667799046
OOD_2514,distance_diff_2D,0,0.02101707706514585
OOD_2515,distance_diff_2D,0,0.04526569053658666
OOD_2516,distance_diff_2D,0,0.03008380477141937
OOD_2517,distance_diff_2D,0,4.7271416404507334e-07
OOD_2518,distance_diff_2D,0,1.0533565964752781e-05
OOD_2519,distance_diff_2D,0,0.8393121286099149
OOD_2520,distance_diff_2D,0,0.29803828218839185
OOD_2521,distance_diff_2D,1,0.9935415057685133
OOD_2522,distance_diff_2D,0,0.9355210028430138
OOD_2523,distance_diff_2D,1,0.9843443000542825
OOD_2524,distance_diff_2D,0,0.35335885736770806
OOD_2525,distance_diff_2D,1,0.8698640481627937
OOD_2526,distance_diff_2D,0,0.007823060904736489
OOD_2527,distance_diff_2D,0,0.00017748211632419273
OOD_2528,distance_diff_2D,0,0.4420767612327067
OOD_2529,distance_diff_2D,0,0.8099733875254224
OOD_2530,distance_diff_2D,0,0.02848530681925384
OOD_2531,distance_diff_2D,0,0.003848812588086961
OOD_2532,distance_diff_2D,0,0.523625483526535
OOD_2533,distance_diff_2D,0,0.0014699444236254363
OOD_2534,distance_diff_2D,0,0.7621625285317072
OOD_2535,distance_diff_2D,0,0.9010230651831103
OOD_2536,distance_diff_2D,1,0.5280230310731574
OOD_2537,distance_diff_2D,1,0.9908055779223786
OOD_2538,distance_diff_2D,1,0.982964335236147
OOD_2539,distance_diff_2D,0,0.012740540577316084
OOD_2540,distance_diff_2D,0,0.8083805774656838
OOD_2541,distance_diff_2D,0,0.8048028369071846
OOD_2542,distance_diff_2D,0,0.0002901893498189396
OOD_2543,distance_diff_2D,1,0.7662524234354506
OOD_2544,distance_diff_2D,0,0.026181379296025046
OOD_2545,distance_diff_2D,1,0.9690940422845923
OOD_2546,distance_diff_2D,1,0.45176576677162467
OOD_2547,distance_diff_2D,0,0.1657359355722299
OOD_2548,distance_diff_2D,1,0.906751676765533
OOD_2549,distance_diff_2D,1,0.9374141225083433
OOD_2550,distance_diff_2D,0,0.3171427714821225
OOD_2551,distance_diff_2D,0,0.7263640757895359
OOD_2552,distance_diff_2D,1,0.9912999878253576
OOD_2553,distance_diff_2D,0,0.273927178688984
OOD_2554,distance_diff_2D,0,0.616868001479549
OOD_2555,distance_diff_2D,1,0.96024145035969
OOD_2556,distance_diff_2D,0,0.7765454929187009
OOD_2557,distance_diff_2D,0,0.006510049847805555
OOD_2558,distance_diff_2D,0,0.9097530839677915
OOD_2559,distance_diff_2D,0,1.5297483297992378e-05
OOD_2560,distance_diff_2D,1,0.9932150244350089
OOD_2561,distance_diff_2D,1,0.8477162042337216
OOD_2562,distance_diff_2D,0,0.8711087790887752
OOD_2563,distance_diff_2D,0,0.39958040588735794
OOD_2564,distance_diff_2D,0,0.6909003631133409
OOD_2565,distance_diff_2D,0,0.9852002348101492
OOD_2566,distance_diff_2D,1,0.9462811947501694
OOD_2567,distance_diff_2D,0,0.22477365924222442
OOD_2568,distance_diff_2D,1,0.9665400957338316
OOD_2569,distance_diff_2D,0,5.7811018031336026e-05
OOD_2570,distance_diff_2D,0,1.380236313423125e-06
OOD_2571,distance_diff_2D,1,0.6012857736429942
OOD_2572,distance_diff_2D,1,0.939439711220985
OOD_2573,distance_diff_2D,0,0.4416462037888035
OOD_2574,distance_diff_2D,1,0.40128746543162863
OOD_2575,distance_diff_2D,1,0.6729761091816115
OOD_2576,distance_diff_2D,0,0.5584252821231022
OOD_2577,distance_diff_2D,1,0.9759766904009917
OOD_2578,distance_diff_2D,1,0.6216315335935824
OOD_2579,distance_diff_2D,0,8.410890450830284e-05
OOD_2580,distance_diff_2D,0,0.04782068917948513
OOD_2581,distance_diff_2D,0,0.9780193096690074
OOD_2582,distance_diff_2D,0,0.5684827182101312
OOD_2583,distance_diff_2D,0,0.015015678203494236
OOD_2584,distance_diff_2D,1,0.9035415261266607
OOD_2585,distance_diff_2D,0,0.03772110048340285
OOD_2586,distance_diff_2D,1,0.9348288172093416
OOD_2587,distance_diff_2D,0,0.12739209456052475
OOD_2588,distance_diff_2D,0,0.9716653475151613
OOD_2589,distance_diff_2D,0,0.6675605035144723
OOD_2590,distance_diff_2D,1,0.8938900788965997
OOD_2591,distance_diff_2D,0,0.009577346005385535
OOD_2592,distance_diff_2D,0,0.18806742528204073
OOD_2593,distance_diff_2D,1,0.829745296998499
OOD_2594,distance_diff_2D,0,0.1222817685105625
OOD_2595,distance_diff_2D,0,0.031215677017176584
OOD_2596,distance_diff_2D,1,0.9787467243719037
OOD_2597,distance_diff_2D,0,0.12642067564766266
OOD_2598,distance_diff_2D,0,0.025819504265277998
OOD_2599,distance_diff_2D,0,0.9563884754883549
OOD_2600,distance_diff_2D,0,0.5131460820889665
OOD_2601,distance_diff_2D,0,5.285158029471052e-06
OOD_2602,distance_diff_2D,0,3.127543167396459e-05
OOD_2603,distance_diff_2D,0,0.0947085732075802
OOD_2604,distance_diff_2D,0,0.12323310263563285
OOD_2605,distance_diff_2D,0,0.014094717543998063
OOD_2606,distance_diff_2D,1,0.9932529149063679
OOD_2607,distance_diff_2D,0,0.05732689966228069
OOD_2608,distance_diff_2D,1,0.9617274806181096
OOD_2609,distance_diff_2D,1,0.9401071582015997
OOD_2610,distance_diff_2D,1,0.9217716903337065
OOD_2611,distance_diff_2D,0,0.00024213597962641703
OOD_2612,distance_diff_2D,1,0.8428027260065987
OOD_2613,distance_diff_2D,0,0.02707090931564677
OOD_2614,distance_diff_2D,0,0.80453928531893
OOD_2615,distance_diff_2D,1,0.8215104547515751
OOD_2616,distance_diff_2D,0,0.2136508483994343
OOD_2617,distance_diff_2D,1,0.9903531723854622
OOD_2618,distance_diff_2D,1,0.989768206266486
OOD_2619,distance_diff_2D,1,0.9884131660326149
OOD_2620,distance_diff_2D,1,0.7507367613514992
OOD_2621,distance_diff_2D,0,0.8405706973302536
OOD_2622,distance_diff_2D,0,9.241485177664324e-05
OOD_2623,distance_diff_2D,0,6.05391364199588e-05
OOD_2624,distance_diff_2D,0,0.9396855962777141
OOD_2625,distance_diff_2D,1,0.9206173159273167
OOD_2626,distance_diff_2D,0,0.8641789541756386
OOD_2627,distance_diff_2D,1,0.9597440146922976
OOD_2628,distance_diff_2D,0,0.15876460828824596
OOD_2629,distance_diff_2D,0,4.3032705373738646e-07
OOD_2630,distance_diff_2D,0,6.103724650284616e-06
OOD_2631,distance_diff_2D,1,0.9833628282300768
OOD_2632,distance_diff_2D,0,0.35443673453563657
OOD_2633,distance_diff_2D,0,0.9886332538818299
OOD_2634,distance_diff_2D,0,1.0389428190679345e-06
OOD_2635,distance_diff_2D,0,0.0003540895406432091
OOD_2636,distance_diff_2D,0,0.7709390888426645
OOD_2637,distance_diff_2D,0,0.00010484278945639297
OOD_2638,distance_diff_2D,0,0.028013757533758246
OOD_2639,distance_diff_2D,1,0.9925519897188294
OOD_2640,distance_diff_2D,0,0.024053135131077086
OOD_2641,distance_diff_2D,0,0.4383596893640695
OOD_2642,distance_diff_2D,0,8.515166686900343e-05
OOD_2643,distance_diff_2D,0,9.465846853946653e-05
OOD_2644,distance_diff_2D,1,0.964231323814607
OOD_2645,distance_diff_2D,1,0.1387757434184642
OOD_2646,distance_diff_2D,0,0.011841727708298127
OOD_2647,distance_diff_2D,0,0.0002830211137136637
OOD_2648,distance_diff_2D,0,0.9754508159030728
OOD_2649,distance_diff_2D,0,0.011363915862336142
OOD_2650,distance_diff_2D,0,0.04172712808713133
OOD_2651,distance_diff_2D,0,0.7485030814746708
OOD_2652,distance_diff_2D,1,0.9899937507067558
OOD_2653,distance_diff_2D,0,4.651355976791398e-05
OOD_2654,distance_diff_2D,1,0.987720321575167
OOD_2655,distance_diff_2D,1,0.7826426829898768
OOD_2656,distance_diff_2D,1,0.984562281705963
OOD_2657,distance_diff_2D,0,0.8642595015140745
OOD_2658,distance_diff_2D,0,5.5160975298573036e-05
OOD_2659,distance_diff_2D,0,0.9449738090038343
OOD_2660,distance_diff_2D,1,0.9041188744132712
OOD_2661,distance_diff_2D,0,0.005316436667861389
OOD_2662,distance_diff_2D,0,0.7468490290113001
OOD_2663,distance_diff_2D,0,0.17502522459674982
OOD_2664,distance_diff_2D,0,0.956780957521223
OOD_2665,distance_diff_2D,0,0.014192186213886099
OOD_2666,distance_diff_2D,1,0.9204510792584579
OOD_2667,distance_diff_2D,0,0.806259480602279
OOD_2668,distance_diff_2D,0,0.0713808640414085
OOD_2669,distance_diff_2D,1,0.5285406779621782
OOD_2670,distance_diff_2D,1,0.9600796502528253
OOD_2671,distance_diff_2D,1,0.9901952961330192
OOD_2672,distance_diff_2D,0,0.27648890574033225
OOD_2673,distance_diff_2D,1,0.9782744458301779
OOD_2674,distance_diff_2D,1,0.9593889831049007
OOD_2675,distance_diff_2D,1,0.988520199780104
OOD_2676,distance_diff_2D,0,0.05510156985527202
OOD_2677,distance_diff_2D,1,0.5205127462027423
OOD_2678,distance_diff_2D,0,0.4877396025931722
OOD_2679,distance_diff_2D,0,0.9920409671016803
OOD_2680,distance_diff_2D,1,0.9928838807896426
OOD_2681,distance_diff_2D,1,0.9882218150098195
OOD_2682,distance_diff_2D,0,0.002367491083959987
OOD_2683,distance_diff_2D,1,0.9916546689233631
OOD_2684,distance_diff_2D,1,0.8222773260005415
OOD_2685,distance_diff_2D,0,0.0032946492221964468
OOD_2686,distance_diff_2D,1,0.9937355010923485
OOD_2687,distance_diff_2D,0,0.00010373250624885526
OOD_2688,distance_diff_2D,0,0.011436109055046785
OOD_2689,distance_diff_2D,0,0.1453687016970695
OOD_2690,distance_diff_2D,1,0.750331444490142
OOD_2691,distance_diff_2D,1,0.9212108545172593
OOD_2692,distance_diff_2D,0,0.11654986173445059
OOD_2693,distance_diff_2D,0,0.9321543497171623
OOD_2694,distance_diff_2D,1,0.7716423372393696
OOD_2695,distance_diff_2D,0,0.7051647673270343
OOD_2696,distance_diff_2D,0,0.2858747763283897
OOD_2697,distance_diff_2D,0,0.6257509298714469
OOD_2698,distance_diff_2D,0,0.8406930810319816
OOD_2699,distance_diff_2D,0,0.0006268551076927734
OOD_2700,distance_diff_2D,1,0.8518711729490152
OOD_2701,distance_diff_2D,0,0.00011389596482772281
OOD_2702,distance_diff_2D,0,0.04659215002620562
OOD_2703,distance_diff_2D,0,0.14526801590033775
OOD_2704,distance_diff_2D,0,0.8768818036246174
OOD_2705,distance_diff_2D,0,7.534999180022611e-05
OOD_2706,distance_diff_2D,1,0.9640215366405408
OOD_2707,distance_diff_2D,0,0.9824913329313294
OOD_2708,distance_diff_2D,0,0.04156685785512466
OOD_2709,distance_diff_2D,0,0.28290521775504457
OOD_2710,distance_diff_2D,1,0.9720524362981164
OOD_2711,distance_diff_2D,0,0.9155037565679511
OOD_2712,distance_diff_2D,0,0.4760700681627357
OOD_2713,distance_diff_2D,1,0.875165623167148
OOD_2714,distance_diff_2D,1,0.9353852458485203
OOD_2715,distance_diff_2D,0,0.1702197094281163
OOD_2716,distance_diff_2D,0,0.8545023806433385
OOD_2717,distance_diff_2D,1,0.977932634741516
OOD_2718,distance_diff_2D,1,0.9237771618942833
OOD_2719,distance_diff_2D,0,0.22967570716046298
OOD_2720,distance_diff_2D,0,0.00017911612272530282
OOD_2721,distance_diff_2D,1,0.9704903794611228
OOD_2722,distance_diff_2D,1,0.912911082051898
OOD_2723,distance_diff_2D,1,0.954761692998574
OOD_2724,distance_diff_2D,0,0.004534598466528617
OOD_2725,distance_diff_2D,0,0.2623359417056342
OOD_2726,distance_diff_2D,0,0.25696424740132
OOD_2727,distance_diff_2D,1,0.9919641778421734
OOD_2728,distance_diff_2D,1,0.5554537765845242
OOD_2729,distance_diff_2D,1,0.8643514707522988
OOD_2730,distance_diff_2D,1,0.9820388032119081
OOD_2731,distance_diff_2D,1,0.9681115265464293
OOD_2732,distance_diff_2D,1,0.9866015223883572
OOD_2733,distance_diff_2D,1,0.9917858312188914
OOD_2734,distance_diff_2D,0,0.00036955455634398235
OOD_2735,distance_diff_2D,1,0.7048049084652313
OOD_2736,distance_diff_2D,1,0.9508251577606481
OOD_2737,distance_diff_2D,0,0.42029821120029487
OOD_2738,distance_diff_2D,0,0.2831151480381197
OOD_2739,distance_diff_2D,1,0.9841558935546331
OOD_2740,distance_diff_2D,0,0.00016927836676560595
OOD_2741,distance_diff_2D,1,0.9871867443639042
OOD_2742,distance_diff_2D,0,0.8698527703921941
OOD_2743,distance_diff_2D,0,0.2066458037652074
OOD_2744,distance_diff_2D,1,0.9580456135692369
OOD_2745,distance_diff_2D,0,0.033423927513699284
OOD_2746,distance_diff_2D,0,0.006781928403218367
OOD_2747,distance_diff_2D,1,0.9240146688886912
OOD_2748,distance_diff_2D,0,0.9107037462619018
OOD_2749,distance_diff_2D,1,0.4539313071333335
OOD_2750,distance_diff_2D,0,0.10534385781128365
OOD_2751,distance_diff_2D,0,0.8528324575251328
OOD_2752,distance_diff_2D,1,0.9245803291507846
OOD_2753,distance_diff_2D,0,0.23699067783487118
OOD_2754,distance_diff_2D,0,0.7984995118137045
OOD_2755,distance_diff_2D,1,0.9878973291963971
OOD_2756,distance_diff_2D,0,0.3402290101490257
OOD_2757,distance_diff_2D,0,0.7519820291327707
OOD_2758,distance_diff_2D,1,0.9927640913943296
OOD_2759,distance_diff_2D,0,0.0008526127671259574
OOD_2760,distance_diff_2D,1,0.9691451147749742
OOD_2761,distance_diff_2D,0,0.6935363325799719
OOD_2762,distance_diff_2D,1,0.9924668628973571
OOD_2763,distance_diff_2D,0,0.9555838055643457
OOD_2764,distance_diff_2D,0,0.0684713723633794
OOD_2765,distance_diff_2D,0,0.021018897656673436
OOD_2766,distance_diff_2D,0,3.829725732761028e-06
OOD_2767,distance_diff_2D,1,0.5498310569941892
OOD_2768,distance_diff_2D,1,0.8665430570130832
OOD_2769,distance_diff_2D,1,0.06293934162321652
OOD_2770,distance_diff_2D,1,0.8779057932409959
OOD_2771,distance_diff_2D,0,0.9409469430589738
OOD_2772,distance_diff_2D,0,0.056697555660830255
OOD_2773,distance_diff_2D,0,0.37713768237309514
OOD_2774,distance_diff_2D,0,0.006544505716526049
OOD_2775,distance_diff_2D,0,0.1819335018340348
OOD_2776,distance_diff_2D,1,0.7435924053797184
OOD_2777,distance_diff_2D,1,0.9609498653634315
OOD_2778,distance_diff_2D,1,0.973242691957213
OOD_2779,distance_diff_2D,0,0.00015258291087626478
OOD_2780,distance_diff_2D,0,0.716427282241911
OOD_2781,distance_diff_2D,0,0.0004494124921723745
OOD_2782,distance_diff_2D,1,0.9817903789902173
OOD_2783,distance_diff_2D,1,0.990522574731831
OOD_2784,distance_diff_2D,0,0.6300399561195429
OOD_2785,distance_diff_2D,1,0.8055634872187638
OOD_2786,distance_diff_2D,0,0.007991973475743082
OOD_2787,distance_diff_2D,1,0.9271581890227161
OOD_2788,distance_diff_2D,0,0.7044898322080141
OOD_2789,distance_diff_2D,0,0.70252429195246
OOD_2790,distance_diff_2D,0,0.001525982542889731
OOD_2791,distance_diff_2D,0,0.012077598198880223
OOD_2792,distance_diff_2D,0,0.5722885812830683
OOD_2793,distance_diff_2D,0,0.12193020769473663
OOD_2794,distance_diff_2D,0,6.0964081504788336e-06
OOD_2795,distance_diff_2D,0,0.656358315624831
OOD_2796,distance_diff_2D,1,0.9827097871087889
OOD_2797,distance_diff_2D,0,0.8209368946576613
OOD_2798,distance_diff_2D,0,0.6386914822366423
OOD_2799,distance_diff_2D,0,0.2761103151505797
OOD_2800,distance_diff_2D,0,0.0008196604017879725
OOD_2801,distance_diff_2D,1,0.9849772803100939
OOD_2802,distance_diff_2D,0,0.43118473379523814
OOD_2803,distance_diff_2D,0,0.09100472063551764
OOD_2804,distance_diff_2D,0,0.5599845773680286
OOD_2805,distance_diff_2D,1,0.9868924438557845
OOD_2806,distance_diff_2D,0,0.5623907769931245
OOD_2807,distance_diff_2D,0,0.011296337940295774
OOD_2808,distance_diff_2D,1,0.9500794111772722
OOD_2809,distance_diff_2D,0,0.004093086601957289
OOD_2810,distance_diff_2D,0,0.9334558155019799
OOD_2811,distance_diff_2D,0,0.9296870822208144
OOD_2812,distance_diff_2D,0,0.015467240230670493
OOD_2813,distance_diff_2D,0,0.32095300131703874
OOD_2814,distance_diff_2D,0,0.017424986046234173
OOD_2815,distance_diff_2D,0,0.5077495336432899
OOD_2816,distance_diff_2D,0,0.004588485465175749
OOD_2817,distance_diff_2D,1,0.9715224284215478
OOD_2818,distance_diff_2D,1,0.9880304990021963
OOD_2819,distance_diff_2D,0,0.4025514580354401
OOD_2820,distance_diff_2D,0,0.09231235726128255
OOD_2821,distance_diff_2D,1,0.9938456345147627
OOD_2822,distance_diff_2D,1,0.957959135251996
OOD_2823,distance_diff_2D,1,0.9338432288148188
OOD_2824,distance_diff_2D,0,0.02709907516640141
OOD_2825,distance_diff_2D,0,0.8455093213898989
OOD_2826,distance_diff_2D,0,0.8268182878970832
OOD_2827,distance_diff_2D,0,0.7501262693292311
OOD_2828,distance_diff_2D,0,0.07934500775316575
OOD_2829,distance_diff_2D,0,0.44857213262894136
OOD_2830,distance_diff_2D,1,0.9935096841779599
OOD_2831,distance_diff_2D,0,0.1019247671379457
OOD_2832,distance_diff_2D,0,0.9295337466429185
OOD_2833,distance_diff_2D,0,0.3756314322550109
OOD_2834,distance_diff_2D,0,0.0006751026827467385
OOD_2835,distance_diff_2D,0,0.8215956229871475
OOD_2836,distance_diff_2D,0,0.23930961059534425
OOD_2837,distance_diff_2D,0,0.0011689740219778934
OOD_2838,distance_diff_2D,0,0.1340160970328796
OOD_2839,distance_diff_2D,0,0.006945115969679193
OOD_2840,distance_diff_2D,0,0.8645968892987799
OOD_2841,distance_diff_2D,1,0.6478088157555684
OOD_2842,distance_diff_2D,0,0.003035082806525475
OOD_2843,distance_diff_2D,1,0.9888251102590859
OOD_2844,distance_diff_2D,0,0.00014512563982507076
OOD_2845,distance_diff_2D,0,0.9822342304450293
OOD_2846,distance_diff_2D,0,0.9245168959760655
OOD_2847,distance_diff_2D,0,0.9372685329676333
OOD_2848,distance_diff_2D,0,0.59049398368044
OOD_2849,distance_diff_2D,0,0.8199602587470052
OOD_2850,distance_diff_2D,1,0.9911646480940127
OOD_2851,distance_diff_2D,0,0.06475334814097615
OOD_2852,distance_diff_2D,0,6.839499554947894e-05
OOD_2853,distance_diff_2D,0,0.19862835997207126
OOD_2854,distance_diff_2D,1,0.8951854465664375
OOD_2855,distance_diff_2D,1,0.05188905305596042
OOD_2856,distance_diff_2D,1,0.9819331866007213
OOD_2857,distance_diff_2D,1,0.9903967913630792
OOD_2858,distance_diff_2D,0,0.000657820982324769
OOD_2859,distance_diff_2D,0,0.017450176245230157
OOD_2860,distance_diff_2D,1,0.6285396473428226
OOD_2861,distance_diff_2D,0,0.15673509078071593
OOD_2862,distance_diff_2D,1,0.8995309178132773
OOD_2863,distance_diff_2D,0,0.09714645251445543
OOD_2864,distance_diff_2D,0,0.002926053512740536
OOD_2865,distance_diff_2D,0,7.56072921077867e-05
OOD_2866,distance_diff_2D,0,0.4493171622921758
OOD_2867,distance_diff_2D,1,0.8768982740623973
OOD_2868,distance_diff_2D,1,0.9243405844414528
OOD_2869,distance_diff_2D,0,0.8929183766352454
OOD_2870,distance_diff_2D,1,0.9408820818526163
OOD_2871,distance_diff_2D,1,0.9881925872464846
OOD_2872,distance_diff_2D,0,2.6165924238853445e-06
OOD_2873,distance_diff_2D,1,0.9619657401765918
OOD_2874,distance_diff_2D,0,0.18174860059213466
OOD_2875,distance_diff_2D,0,0.0376680187822889
OOD_2876,distance_diff_2D,0,0.3673814427824564
OOD_2877,distance_diff_2D,1,0.8715560176706452
OOD_2878,distance_diff_2D,0,0.9103000093431228
OOD_2879,distance_diff_2D,1,0.9403338238506733
OOD_2880,distance_diff_2D,1,0.900541875102002
OOD_2881,distance_diff_2D,0,0.9343465695718548
OOD_2882,distance_diff_2D,0,0.9427898008919811
OOD_2883,distance_diff_2D,0,0.8330559720452304
OOD_2884,distance_diff_2D,1,0.9094199230911559
OOD_2885,distance_diff_2D,1,0.9687718660715152
OOD_2886,distance_diff_2D,0,0.7155100952438717
OOD_2887,distance_diff_2D,0,0.0026656202572718237
OOD_2888,distance_diff_2D,0,0.03235047608763428
OOD_2889,distance_diff_2D,1,0.9539775384315045
OOD_2890,distance_diff_2D,1,0.9658164937028534
OOD_2891,distance_diff_2D,1,0.9941219813641305
OOD_2892,distance_diff_2D,0,0.510792745430929
OOD_2893,distance_diff_2D,0,0.0178282263249911
OOD_2894,distance_diff_2D,0,0.006126963265408719
OOD_2895,distance_diff_2D,1,0.8664593065367142
OOD_2896,distance_diff_2D,1,0.9534864548962997
OOD_2897,distance_diff_2D,0,0.0015996604031728696
OOD_2898,distance_diff_2D,0,4.063948761348562e-06
OOD_2899,distance_diff_2D,1,0.43882791870351245
OOD_2900,distance_diff_2D,0,0.8920773586196175
OOD_2901,distance_diff_2D,1,0.7001020337454497
OOD_2902,distance_diff_2D,1,0.7125078251198699
OOD_2903,distance_diff_2D,1,0.992065328650336
OOD_2904,distance_diff_2D,0,2.448139653119096e-06
OOD_2905,distance_diff_2D,0,0.033345278729254746
OOD_2906,distance_diff_2D,0,0.9720195776034045
OOD_2907,distance_diff_2D,0,0.16832120833195477
OOD_2908,distance_diff_2D,1,0.9867193758036973
OOD_2909,distance_diff_2D,0,0.929496418234543
OOD_2910,distance_diff_2D,0,0.03494562062788678
OOD_2911,distance_diff_2D,0,0.03585498641441459
OOD_2912,distance_diff_2D,0,0.3162259260608932
OOD_2913,distance_diff_2D,1,0.652963534642183
OOD_2914,distance_diff_2D,0,0.004585341384078297
OOD_2915,distance_diff_2D,1,0.315054165669275
OOD_2916,distance_diff_2D,0,0.0035107900544009327
OOD_2917,distance_diff_2D,1,0.9436094766949535
OOD_2918,distance_diff_2D,0,0.0003406551480538955
OOD_2919,distance_diff_2D,0,0.002110236278072477
OOD_2920,distance_diff_2D,0,0.11031542096804695
OOD_2921,distance_diff_2D,0,0.22964912868545376
OOD_2922,distance_diff_2D,0,0.01850150350690489
OOD_2923,distance_diff_2D,0,0.9563779576674843
OOD_2924,distance_diff_2D,0,0.19073079518034547
OOD_2925,distance_diff_2D,0,0.02352197503346889
OOD_2926,distance_diff_2D,0,0.31165064078854343
OOD_2927,distance_diff_2D,0,0.01951759146178374
OOD_2928,distance_diff_2D,1,0.9896270066995219
OOD_2929,distance_diff_2D,0,0.8590038780690774
OOD_2930,distance_diff_2D,0,0.029704150096932655
OOD_2931,distance_diff_2D,1,0.8723395143559777
OOD_2932,distance_diff_2D,1,0.9646762846746306
OOD_2933,distance_diff_2D,0,0.6374877658531471
OOD_2934,distance_diff_2D,0,0.00011166640135795459
OOD_2935,distance_diff_2D,1,0.9950118248206201
OOD_2936,distance_diff_2D,0,0.25597462295076767
OOD_2937,distance_diff_2D,1,0.9299157146382762
OOD_2938,distance_diff_2D,0,0.9122485606401564
OOD_2939,distance_diff_2D,0,0.001007013407014387
OOD_2940,distance_diff_2D,1,0.9887848994362627
OOD_2941,distance_diff_2D,0,0.005068082602871533
OOD_2942,distance_diff_2D,0,0.42454067207887236
OOD_2943,distance_diff_2D,1,0.9764556231485384
OOD_2944,distance_diff_2D,0,0.6663813743090585
OOD_2945,distance_diff_2D,1,0.9845034387826499
OOD_2946,distance_diff_2D,0,0.6089621854747156
OOD_2947,distance_diff_2D,1,0.6728188191214959
OOD_2948,distance_diff_2D,0,0.0015231162291665585
OOD_2949,distance_diff_2D,0,0.006732773443859136
OOD_2950,distance_diff_2D,0,0.04102826895943082
OOD_2951,distance_diff_2D,0,0.3950015164126961
OOD_2952,distance_diff_2D,1,0.9571684213365287
OOD_2953,distance_diff_2D,0,0.039876798829276965
OOD_2954,distance_diff_2D,0,0.3783008915355082
OOD_2955,distance_diff_2D,1,0.9916699470386785
OOD_2956,distance_diff_2D,1,0.49842123342635886
OOD_2957,distance_diff_2D,1,0.9844751009577002
OOD_2958,distance_diff_2D,1,0.9689551224068591
OOD_2959,distance_diff_2D,1,0.978232208287872
OOD_2960,distance_diff_2D,1,0.9803593332602911
OOD_2961,distance_diff_2D,0,0.030359736506978256
OOD_2962,distance_diff_2D,0,0.3152358763259325
OOD_2963,distance_diff_2D,1,0.9736988801722751
OOD_2964,distance_diff_2D,1,0.9842037304923041
OOD_2965,distance_diff_2D,0,0.16048578898144672
OOD_2966,distance_diff_2D,1,0.982072437027269
OOD_2967,distance_diff_2D,0,0.00498253965119368
OOD_2968,distance_diff_2D,1,0.8652187417583355
OOD_2969,distance_diff_2D,0,0.10166872543158594
OOD_2970,distance_diff_2D,1,0.9870013238731818
OOD_2971,distance_diff_2D,1,0.8135463771935615
OOD_2972,distance_diff_2D,0,0.3454061536719724
OOD_2973,distance_diff_2D,1,0.9824000884146397
OOD_2974,distance_diff_2D,0,0.0009761665150771212
OOD_2975,distance_diff_2D,1,0.9941654108556439
OOD_2976,distance_diff_2D,0,0.22491036171433174
OOD_2977,distance_diff_2D,1,0.15894672724683623
OOD_2978,distance_diff_2D,0,0.5287640500039162
OOD_2979,distance_diff_2D,0,0.16331448034800164
OOD_2980,distance_diff_2D,0,0.45866312808782583
OOD_2981,distance_diff_2D,1,0.9901314846227447
OOD_2982,distance_diff_2D,0,0.393548718421075
OOD_2983,distance_diff_2D,1,0.9547992536291726
OOD_2984,distance_diff_2D,1,0.952069860516317
OOD_2985,distance_diff_2D,1,0.7700639154372843
OOD_2986,distance_diff_2D,0,0.0005478430883869005
OOD_2987,distance_diff_2D,1,0.41359179723984785
OOD_2988,distance_diff_2D,0,0.8645563696968593
OOD_2989,distance_diff_2D,1,0.4340497859619482
OOD_2990,distance_diff_2D,1,0.9892860308728103
OOD_2991,distance_diff_2D,1,0.8475605658974841
OOD_2992,distance_diff_2D,1,0.9260178069627645
OOD_2993,distance_diff_2D,0,0.8209108909838841
OOD_2994,distance_diff_2D,1,0.9852326984438564
OOD_2995,distance_diff_2D,0,0.6480160492138517
OOD_2996,distance_diff_2D,0,0.3132158106926714
OOD_2997,distance_diff_2D,0,0.9708793036501953
OOD_2998,distance_diff_2D,1,0.9527333316476354
OOD_2999,distance_diff_2D,0,0.11480086876056515
OOD_0000,distance_diff_3D,1,0.9351381230326083
OOD_0001,distance_diff_3D,0,0.006886686888985147
OOD_0002,distance_diff_3D,0,0.004728873092669459
OOD_0003,distance_diff_3D,0,0.014215535847958512
OOD_0004,distance_diff_3D,0,0.004079576237278697
OOD_0005,distance_diff_3D,0,0.8583094911824452
OOD_0006,distance_diff_3D,0,0.05559164140117949
OOD_0007,distance_diff_3D,1,0.14891709019291055
OOD_0008,distance_diff_3D,0,0.05426049728225032
OOD_0009,distance_diff_3D,1,0.9344425979682521
OOD_0010,distance_diff_3D,1,0.293380928064197
OOD_0011,distance_diff_3D,0,0.033050165066417315
OOD_0012,distance_diff_3D,1,0.8883297592386157
OOD_0013,distance_diff_3D,1,0.5300983576315798
OOD_0014,distance_diff_3D,1,0.9461388890384341
OOD_0015,distance_diff_3D,0,2.268690438224574e-05
OOD_0016,distance_diff_3D,1,0.6925304738557736
OOD_0017,distance_diff_3D,0,0.07232713822629883
OOD_0018,distance_diff_3D,0,0.8065899430174258
OOD_0019,distance_diff_3D,0,0.3698902443368374
OOD_0020,distance_diff_3D,1,0.38330076741191405
OOD_0021,distance_diff_3D,1,0.8580302721028078
OOD_0022,distance_diff_3D,0,0.048540990949963704
OOD_0023,distance_diff_3D,1,0.883610554117015
OOD_0024,distance_diff_3D,1,0.8790479273664995
OOD_0025,distance_diff_3D,1,0.2616144192266625
OOD_0026,distance_diff_3D,0,0.010863879257476389
OOD_0027,distance_diff_3D,0,0.016868216990691652
OOD_0028,distance_diff_3D,1,0.8197665884985792
OOD_0029,distance_diff_3D,1,0.7330714337301346
OOD_0030,distance_diff_3D,0,1.2400258765986076e-05
OOD_0031,distance_diff_3D,1,0.3840882907422184
OOD_0032,distance_diff_3D,1,0.8465772027210391
OOD_0033,distance_diff_3D,0,0.7992128028595336
OOD_0034,distance_diff_3D,1,0.8618750918093137
OOD_0035,distance_diff_3D,0,0.524896666015377
OOD_0036,distance_diff_3D,0,0.06102305155172256
OOD_0037,distance_diff_3D,0,2.9724190020281565e-06
OOD_0038,distance_diff_3D,0,0.555240082406747
OOD_0039,distance_diff_3D,0,0.03176902211066348
OOD_0040,distance_diff_3D,0,0.06884413869470128
OOD_0041,distance_diff_3D,1,0.8395114637920051
OOD_0042,distance_diff_3D,0,0.13952519927789384
OOD_0043,distance_diff_3D,1,0.8398837874462105
OOD_0044,distance_diff_3D,1,0.8160997393516561
OOD_0045,distance_diff_3D,0,0.774376323243771
OOD_0046,distance_diff_3D,0,0.029315604021882984
OOD_0047,distance_diff_3D,1,0.955035509352857
OOD_0048,distance_diff_3D,1,0.8055826995452317
OOD_0049,distance_diff_3D,0,0.004203475448785732
OOD_0050,distance_diff_3D,0,0.025456296885926787
OOD_0051,distance_diff_3D,0,0.027845604269707686
OOD_0052,distance_diff_3D,0,0.12939810226414858
OOD_0053,distance_diff_3D,0,6.341571914871533e-06
OOD_0054,distance_diff_3D,0,0.7478046591574548
OOD_0055,distance_diff_3D,0,0.03296398371955703
OOD_0056,distance_diff_3D,0,0.04948272771156218
OOD_0057,distance_diff_3D,1,0.8128779545850917
OOD_0058,distance_diff_3D,0,0.005919822708881515
OOD_0059,distance_diff_3D,0,6.777446324084958e-05
OOD_0060,distance_diff_3D,0,0.058641559276983016
OOD_0061,distance_diff_3D,0,0.08870450125131016
OOD_0062,distance_diff_3D,0,4.220878448474404e-05
OOD_0063,distance_diff_3D,0,0.15664378690573014
OOD_0064,distance_diff_3D,0,0.0013454140097830176
OOD_0065,distance_diff_3D,0,0.21959472310455394
OOD_0066,distance_diff_3D,0,0.004451931152759165
OOD_0067,distance_diff_3D,0,0.033850557410728115
OOD_0068,distance_diff_3D,0,0.0978233479299731
OOD_0069,distance_diff_3D,0,0.0320489486528353
OOD_0070,distance_diff_3D,0,0.00017389071543093168
OOD_0071,distance_diff_3D,0,0.5446949877160728
OOD_0072,distance_diff_3D,0,0.8540219574179607
OOD_0073,distance_diff_3D,0,6.679449630105568e-05
OOD_0074,distance_diff_3D,0,0.04753590596612661
OOD_0075,distance_diff_3D,0,0.007246123475500678
OOD_0076,distance_diff_3D,0,0.001430731802041716
OOD_0077,distance_diff_3D,0,2.2802433408498875e-05
OOD_0078,distance_diff_3D,0,0.007213718221094432
OOD_0079,distance_diff_3D,0,0.08500689588960922
OOD_0080,distance_diff_3D,0,0.003963880691389579
OOD_0081,distance_diff_3D,0,0.6232656583378886
OOD_0082,distance_diff_3D,1,0.23819994680445422
OOD_0083,distance_diff_3D,0,1.1715543663473519e-05
OOD_0084,distance_diff_3D,1,0.8755721717267781
OOD_0085,distance_diff_3D,0,0.2234421762777647
OOD_0086,distance_diff_3D,0,0.019877473426224663
OOD_0087,distance_diff_3D,0,0.4635216292531699
OOD_0088,distance_diff_3D,1,0.7594914790321505
OOD_0089,distance_diff_3D,0,0.0006120431808751699
OOD_0090,distance_diff_3D,0,0.004874330314469981
OOD_0091,distance_diff_3D,0,0.1029668943523689
OOD_0092,distance_diff_3D,0,0.0005349856872027552
OOD_0093,distance_diff_3D,0,0.07330191356976717
OOD_0094,distance_diff_3D,0,0.8667287011878404
OOD_0095,distance_diff_3D,1,0.9600572363337508
OOD_0096,distance_diff_3D,0,0.17838786407798854
OOD_0097,distance_diff_3D,0,0.05028231059378132
OOD_0098,distance_diff_3D,0,0.6643708838499249
OOD_0099,distance_diff_3D,0,0.010711111601493583
OOD_0100,distance_diff_3D,0,0.7320159925443347
OOD_0101,distance_diff_3D,0,9.733623533781182e-07
OOD_0102,distance_diff_3D,1,0.9208024016085357
OOD_0103,distance_diff_3D,0,0.13291956197354135
OOD_0104,distance_diff_3D,0,0.5474177825830143
OOD_0105,distance_diff_3D,0,0.13041297676376
OOD_0106,distance_diff_3D,0,0.031252306789568994
OOD_0107,distance_diff_3D,0,0.0005557568128183433
OOD_0108,distance_diff_3D,0,0.0014801956647033172
OOD_0109,distance_diff_3D,0,0.04321137210864371
OOD_0110,distance_diff_3D,0,0.29457369309661013
OOD_0111,distance_diff_3D,1,0.949466124341852
OOD_0112,distance_diff_3D,1,0.7685135745399203
OOD_0113,distance_diff_3D,1,0.9257116497009763
OOD_0114,distance_diff_3D,1,0.94021154928257
OOD_0115,distance_diff_3D,1,0.9324088348003663
OOD_0116,distance_diff_3D,1,0.17057377409515972
OOD_0117,distance_diff_3D,0,0.00011913971340529937
OOD_0118,distance_diff_3D,1,0.7216778405038342
OOD_0119,distance_diff_3D,0,0.5269256281607172
OOD_0120,distance_diff_3D,0,1.1912609901267418e-06
OOD_0121,distance_diff_3D,0,0.06319734255368355
OOD_0122,distance_diff_3D,1,0.8013651252358065
OOD_0123,distance_diff_3D,0,8.816866679071958e-05
OOD_0124,distance_diff_3D,1,0.785589554785314
OOD_0125,distance_diff_3D,0,0.021354766167628728
OOD_0126,distance_diff_3D,0,0.09552385367919553
OOD_0127,distance_diff_3D,0,2.3157077607904063e-05
OOD_0128,distance_diff_3D,0,0.0009755472493918252
OOD_0129,distance_diff_3D,1,0.9558242337279205
OOD_0130,distance_diff_3D,0,0.03986708341783439
OOD_0131,distance_diff_3D,0,0.05692311848986794
OOD_0132,distance_diff_3D,0,0.6440137504731613
OOD_0133,distance_diff_3D,1,0.9051543918546747
OOD_0134,distance_diff_3D,0,0.015502554452313105
OOD_0135,distance_diff_3D,0,0.020466068109902202
OOD_0136,distance_diff_3D,0,0.8781824043112211
OOD_0137,distance_diff_3D,1,0.9455239036384593
OOD_0138,distance_diff_3D,1,0.8434257329712211
OOD_0139,distance_diff_3D,1,0.37772154777284117
OOD_0140,distance_diff_3D,0,0.882040468409887
OOD_0141,distance_diff_3D,1,0.9247045687615185
OOD_0142,distance_diff_3D,0,0.02628007732903422
OOD_0143,distance_diff_3D,1,0.7774995704926456
OOD_0144,distance_diff_3D,1,0.7091646111591083
OOD_0145,distance_diff_3D,0,0.0004526629326500474
OOD_0146,distance_diff_3D,0,0.36972827013067283
OOD_0147,distance_diff_3D,0,0.000906130993674927
OOD_0148,distance_diff_3D,0,0.35306716294967044
OOD_0149,distance_diff_3D,0,0.06289189324095158
OOD_0150,distance_diff_3D,1,0.7534959568491211
OOD_0151,distance_diff_3D,0,0.0003849246287828567
OOD_0152,distance_diff_3D,0,0.11761630804572841
OOD_0153,distance_diff_3D,1,0.77522056630673
OOD_0154,distance_diff_3D,0,0.6439021744466569
OOD_0155,distance_diff_3D,1,0.8160183097838555
OOD_0156,distance_diff_3D,0,0.0004676057313994544
OOD_0157,distance_diff_3D,0,0.013243262949943935
OOD_0158,distance_diff_3D,0,0.0005628567923394368
OOD_0159,distance_diff_3D,0,0.3942000075390138
OOD_0160,distance_diff_3D,0,0.05877657822394982
OOD_0161,distance_diff_3D,0,0.010744470750819673
OOD_0162,distance_diff_3D,0,0.09222748463421854
OOD_0163,distance_diff_3D,0,0.13543644462185508
OOD_0164,distance_diff_3D,1,0.8928034455457193
OOD_0165,distance_diff_3D,1,0.8583734358724242
OOD_0166,distance_diff_3D,1,0.7796716248116506
OOD_0167,distance_diff_3D,1,0.9178372330278814
OOD_0168,distance_diff_3D,0,0.690251604824785
OOD_0169,distance_diff_3D,1,0.8628047167240537
OOD_0170,distance_diff_3D,0,0.2126698295130059
OOD_0171,distance_diff_3D,0,0.00048222600317906523
OOD_0172,distance_diff_3D,1,0.8289249851209315
OOD_0173,distance_diff_3D,0,0.5793761571138291
OOD_0174,distance_diff_3D,0,0.031362647866108206
OOD_0175,distance_diff_3D,1,0.518790996238122
OOD_0176,distance_diff_3D,0,0.328639423288097
OOD_0177,distance_diff_3D,0,3.1528557522898664e-05
OOD_0178,distance_diff_3D,0,0.0927621733822094
OOD_0179,distance_diff_3D,1,0.8440159916001369
OOD_0180,distance_diff_3D,1,0.22755965909217213
OOD_0181,distance_diff_3D,0,0.006867818097011466
OOD_0182,distance_diff_3D,1,0.9460867023524486
OOD_0183,distance_diff_3D,0,3.5211913380342836e-06
OOD_0184,distance_diff_3D,0,0.07237825591969126
OOD_0185,distance_diff_3D,0,0.701700280100435
OOD_0186,distance_diff_3D,1,0.9605742423766241
OOD_0187,distance_diff_3D,1,0.867618162994687
OOD_0188,distance_diff_3D,0,0.6989163627503484
OOD_0189,distance_diff_3D,0,0.008883985930287337
OOD_0190,distance_diff_3D,0,0.7921275229526451
OOD_0191,distance_diff_3D,0,0.15541994293066863
OOD_0192,distance_diff_3D,1,0.9363732723551429
OOD_0193,distance_diff_3D,0,0.0003408131349920371
OOD_0194,distance_diff_3D,0,0.23188910062493354
OOD_0195,distance_diff_3D,0,0.04429249671724116
OOD_0196,distance_diff_3D,1,0.2805512954655725
OOD_0197,distance_diff_3D,1,0.501859388414784
OOD_0198,distance_diff_3D,1,0.9480725768962781
OOD_0199,distance_diff_3D,1,0.9196103026057949
OOD_0200,distance_diff_3D,1,0.7267978667950814
OOD_0201,distance_diff_3D,0,0.00019723978069964416
OOD_0202,distance_diff_3D,1,0.9560554647789279
OOD_0203,distance_diff_3D,0,0.0006530436088099023
OOD_0204,distance_diff_3D,1,0.9139184938394233
OOD_0205,distance_diff_3D,1,0.8143516845536233
OOD_0206,distance_diff_3D,0,0.3979940748530122
OOD_0207,distance_diff_3D,0,9.879114052871578e-06
OOD_0208,distance_diff_3D,0,9.769062981674201e-05
OOD_0209,distance_diff_3D,0,0.2257881064084048
OOD_0210,distance_diff_3D,0,0.10447524687201992
OOD_0211,distance_diff_3D,0,0.023613938440566733
OOD_0212,distance_diff_3D,0,0.1382930155414804
OOD_0213,distance_diff_3D,1,0.6072896427180096
OOD_0214,distance_diff_3D,0,0.38309064353751865
OOD_0215,distance_diff_3D,0,0.0018752836744733413
OOD_0216,distance_diff_3D,0,0.21803595977981716
OOD_0217,distance_diff_3D,1,0.8609775963168798
OOD_0218,distance_diff_3D,0,0.07429177533088778
OOD_0219,distance_diff_3D,0,0.004533767795496424
OOD_0220,distance_diff_3D,1,0.8676744234350726
OOD_0221,distance_diff_3D,1,0.5752121028910048
OOD_0222,distance_diff_3D,1,0.8394778581201136
OOD_0223,distance_diff_3D,0,0.1161883501846421
OOD_0224,distance_diff_3D,1,0.8300802249885588
OOD_0225,distance_diff_3D,1,0.7627684008302827
OOD_0226,distance_diff_3D,0,0.0009006495305273025
OOD_0227,distance_diff_3D,0,0.00027934773225652765
OOD_0228,distance_diff_3D,0,0.36830622899849136
OOD_0229,distance_diff_3D,0,0.014299324361756375
OOD_0230,distance_diff_3D,1,0.0773542248193996
OOD_0231,distance_diff_3D,0,0.012071797985603577
OOD_0232,distance_diff_3D,0,0.1420689220706085
OOD_0233,distance_diff_3D,0,0.003626535769328362
OOD_0234,distance_diff_3D,0,0.01821335705302702
OOD_0235,distance_diff_3D,0,0.14131132518198736
OOD_0236,distance_diff_3D,0,0.11029406691673092
OOD_0237,distance_diff_3D,1,0.9036808391032198
OOD_0238,distance_diff_3D,1,0.957169828645297
OOD_0239,distance_diff_3D,0,0.3928161632773152
OOD_0240,distance_diff_3D,1,0.9695495864748976
OOD_0241,distance_diff_3D,0,0.008335955517187575
OOD_0242,distance_diff_3D,1,0.8620557402742857
OOD_0243,distance_diff_3D,1,0.9369165028481812
OOD_0244,distance_diff_3D,1,0.5794224698039675
OOD_0245,distance_diff_3D,0,0.6058970516526577
OOD_0246,distance_diff_3D,0,0.6746453066874228
OOD_0247,distance_diff_3D,1,0.933097226323365
OOD_0248,distance_diff_3D,0,0.5590714302735804
OOD_0249,distance_diff_3D,1,0.9620262583487202
OOD_0250,distance_diff_3D,0,0.07537425553442086
OOD_0251,distance_diff_3D,0,0.005585032757841824
OOD_0252,distance_diff_3D,1,0.9577918620830024
OOD_0253,distance_diff_3D,0,0.05121772050270602
OOD_0254,distance_diff_3D,1,0.8566641905105593
OOD_0255,distance_diff_3D,0,0.11464072417317991
OOD_0256,distance_diff_3D,0,0.3254536700988898
OOD_0257,distance_diff_3D,0,0.780258181406178
OOD_0258,distance_diff_3D,0,0.0067530323019602935
OOD_0259,distance_diff_3D,1,0.8820230430182348
OOD_0260,distance_diff_3D,1,0.5647093241628588
OOD_0261,distance_diff_3D,1,0.5601056427632952
OOD_0262,distance_diff_3D,0,0.01283209770972464
OOD_0263,distance_diff_3D,0,0.0013696779717247475
OOD_0264,distance_diff_3D,0,0.7313606198696955
OOD_0265,distance_diff_3D,0,0.15777377703434606
OOD_0266,distance_diff_3D,1,0.45751923149966706
OOD_0267,distance_diff_3D,0,0.2868274056205998
OOD_0268,distance_diff_3D,1,0.8125127681149192
OOD_0269,distance_diff_3D,1,0.8691257097887541
OOD_0270,distance_diff_3D,1,0.4244706079079886
OOD_0271,distance_diff_3D,1,0.861121195564241
OOD_0272,distance_diff_3D,0,0.840005403196675
OOD_0273,distance_diff_3D,0,0.8377115392674916
OOD_0274,distance_diff_3D,1,0.9607937322432666
OOD_0275,distance_diff_3D,0,0.08432743011164263
OOD_0276,distance_diff_3D,0,0.06896271705602881
OOD_0277,distance_diff_3D,1,0.4473480417949318
OOD_0278,distance_diff_3D,0,0.08955648053890547
OOD_0279,distance_diff_3D,0,0.1524170175172963
OOD_0280,distance_diff_3D,1,0.4987497088686828
OOD_0281,distance_diff_3D,1,0.877843007601492
OOD_0282,distance_diff_3D,0,0.056020390811878075
OOD_0283,distance_diff_3D,1,0.40139098079932545
OOD_0284,distance_diff_3D,0,0.11332607295286869
OOD_0285,distance_diff_3D,1,0.6034221583567257
OOD_0286,distance_diff_3D,1,0.8359735288244542
OOD_0287,distance_diff_3D,1,0.30172528318859076
OOD_0288,distance_diff_3D,0,0.09463167461376176
OOD_0289,distance_diff_3D,0,0.005252744950158248
OOD_0290,distance_diff_3D,1,0.35514909193039784
OOD_0291,distance_diff_3D,0,0.3123601586276629
OOD_0292,distance_diff_3D,1,0.8793041212870215
OOD_0293,distance_diff_3D,0,0.5232560737195294
OOD_0294,distance_diff_3D,0,2.5464472497000238e-05
OOD_0295,distance_diff_3D,1,0.6161382179032576
OOD_0296,distance_diff_3D,1,0.41631959788157713
OOD_0297,distance_diff_3D,1,0.816215110675062
OOD_0298,distance_diff_3D,0,0.0001416425461649748
OOD_0299,distance_diff_3D,0,4.305183075245926e-05
OOD_0300,distance_diff_3D,1,0.7725333220315598
OOD_0301,distance_diff_3D,0,0.2855989575644617
OOD_0302,distance_diff_3D,1,0.9630475904343327
OOD_0303,distance_diff_3D,0,0.04741416419489285
OOD_0304,distance_diff_3D,1,0.8962207451026551
OOD_0305,distance_diff_3D,1,0.1997963531508506
OOD_0306,distance_diff_3D,0,0.00995871454901007
OOD_0307,distance_diff_3D,0,0.003886395964731651
OOD_0308,distance_diff_3D,1,0.9493142678415244
OOD_0309,distance_diff_3D,0,0.008640974863560413
OOD_0310,distance_diff_3D,0,0.013474538480995066
OOD_0311,distance_diff_3D,0,0.13809438650081374
OOD_0312,distance_diff_3D,0,0.5921472818752754
OOD_0313,distance_diff_3D,0,0.26744023500820674
OOD_0314,distance_diff_3D,1,0.8707386532879723
OOD_0315,distance_diff_3D,0,0.0012908227802010755
OOD_0316,distance_diff_3D,0,0.25241310833974534
OOD_0317,distance_diff_3D,1,0.8161812551235749
OOD_0318,distance_diff_3D,1,0.9076121600779075
OOD_0319,distance_diff_3D,1,0.9467957995307462
OOD_0320,distance_diff_3D,0,4.823372699918881e-07
OOD_0321,distance_diff_3D,0,0.23432611137360626
OOD_0322,distance_diff_3D,0,0.11549687602066619
OOD_0323,distance_diff_3D,0,0.0025794708374545735
OOD_0324,distance_diff_3D,0,0.001987576950904746
OOD_0325,distance_diff_3D,1,0.49645388617362346
OOD_0326,distance_diff_3D,0,0.052040783656294005
OOD_0327,distance_diff_3D,0,0.0023404654809731818
OOD_0328,distance_diff_3D,0,0.45311079850001135
OOD_0329,distance_diff_3D,1,0.8727627945039254
OOD_0330,distance_diff_3D,0,0.0003369965609522486
OOD_0331,distance_diff_3D,0,0.005874800776343203
OOD_0332,distance_diff_3D,0,0.008801133252359579
OOD_0333,distance_diff_3D,0,0.00015041058695613673
OOD_0334,distance_diff_3D,0,0.00025932711089569937
OOD_0335,distance_diff_3D,1,0.9033486652724623
OOD_0336,distance_diff_3D,0,0.189831356838723
OOD_0337,distance_diff_3D,0,0.00030482958855988015
OOD_0338,distance_diff_3D,1,0.789638639435408
OOD_0339,distance_diff_3D,0,0.49511149069657207
OOD_0340,distance_diff_3D,1,0.4952804248692205
OOD_0341,distance_diff_3D,0,0.14074451005504862
OOD_0342,distance_diff_3D,0,0.006820165862687423
OOD_0343,distance_diff_3D,0,0.6082060547157436
OOD_0344,distance_diff_3D,0,0.0014258665638730162
OOD_0345,distance_diff_3D,1,0.9111134968064711
OOD_0346,distance_diff_3D,1,0.9411971894683172
OOD_0347,distance_diff_3D,1,0.9358734472955269
OOD_0348,distance_diff_3D,0,0.015261755451391521
OOD_0349,distance_diff_3D,0,0.02569353596099352
OOD_0350,distance_diff_3D,0,0.00011716406104182301
OOD_0351,distance_diff_3D,0,7.663948872534657e-05
OOD_0352,distance_diff_3D,0,0.08417646925499132
OOD_0353,distance_diff_3D,0,0.5313028566821546
OOD_0354,distance_diff_3D,0,0.11871505817879881
OOD_0355,distance_diff_3D,1,0.9709177954488736
OOD_0356,distance_diff_3D,0,0.011046008430833807
OOD_0357,distance_diff_3D,0,0.5706155286870888
OOD_0358,distance_diff_3D,0,0.03302975834367407
OOD_0359,distance_diff_3D,1,0.07662695375727718
OOD_0360,distance_diff_3D,0,0.49418167221893367
OOD_0361,distance_diff_3D,0,0.00013509598103500026
OOD_0362,distance_diff_3D,0,0.1868349515182272
OOD_0363,distance_diff_3D,1,0.7661114519184247
OOD_0364,distance_diff_3D,0,0.17801415930096975
OOD_0365,distance_diff_3D,1,0.9238234075085725
OOD_0366,distance_diff_3D,1,0.5148591990554601
OOD_0367,distance_diff_3D,1,0.5226898675911938
OOD_0368,distance_diff_3D,0,0.6428489624587914
OOD_0369,distance_diff_3D,0,0.6481056943934468
OOD_0370,distance_diff_3D,0,0.0016794570532560496
OOD_0371,distance_diff_3D,0,0.05677974199985718
OOD_0372,distance_diff_3D,0,0.46829508125243946
OOD_0373,distance_diff_3D,1,0.8832816297841655
OOD_0374,distance_diff_3D,1,0.8229588886930529
OOD_0375,distance_diff_3D,0,0.18520005326181702
OOD_0376,distance_diff_3D,0,1.426638049980567e-05
OOD_0377,distance_diff_3D,1,0.8300115421613457
OOD_0378,distance_diff_3D,0,0.0003497451551537941
OOD_0379,distance_diff_3D,0,0.7949379450062946
OOD_0380,distance_diff_3D,0,0.0036879673577070457
OOD_0381,distance_diff_3D,0,0.09190170133515238
OOD_0382,distance_diff_3D,0,0.07188705628763829
OOD_0383,distance_diff_3D,1,0.7720239034506492
OOD_0384,distance_diff_3D,1,0.7608386429023428
OOD_0385,distance_diff_3D,0,0.28104714142249165
OOD_0386,distance_diff_3D,0,0.01343504841399179
OOD_0387,distance_diff_3D,1,0.9241492905738798
OOD_0388,distance_diff_3D,0,0.3368609897119434
OOD_0389,distance_diff_3D,1,0.7931639703592317
OOD_0390,distance_diff_3D,0,0.2001480808745898
OOD_0391,distance_diff_3D,0,0.0007960559424225653
OOD_0392,distance_diff_3D,1,0.8547183489582242
OOD_0393,distance_diff_3D,1,0.6745855282139364
OOD_0394,distance_diff_3D,0,0.1347166820515042
OOD_0395,distance_diff_3D,1,0.1798162214960148
OOD_0396,distance_diff_3D,0,0.01030317068179541
OOD_0397,distance_diff_3D,0,0.004166716607760004
OOD_0398,distance_diff_3D,0,0.03284643094855504
OOD_0399,distance_diff_3D,1,0.9062574749728148
OOD_0400,distance_diff_3D,1,0.8617956255354063
OOD_0401,distance_diff_3D,0,0.008129484484929126
OOD_0402,distance_diff_3D,1,0.8551849357543378
OOD_0403,distance_diff_3D,0,0.4578952808637234
OOD_0404,distance_diff_3D,1,0.7731092237491716
OOD_0405,distance_diff_3D,0,0.8148562417981374
OOD_0406,distance_diff_3D,0,0.017631500774005774
OOD_0407,distance_diff_3D,0,0.05232720146696202
OOD_0408,distance_diff_3D,1,0.7596813258484767
OOD_0409,distance_diff_3D,0,0.12948071015235332
OOD_0410,distance_diff_3D,1,0.9220966468350608
OOD_0411,distance_diff_3D,0,0.002581878326482821
OOD_0412,distance_diff_3D,0,0.000547809706464638
OOD_0413,distance_diff_3D,1,0.8618372896028772
OOD_0414,distance_diff_3D,0,0.29186507474311324
OOD_0415,distance_diff_3D,0,0.3738906518154523
OOD_0416,distance_diff_3D,0,0.3145571067726887
OOD_0417,distance_diff_3D,0,0.0024615519649536497
OOD_0418,distance_diff_3D,0,0.1283412986374394
OOD_0419,distance_diff_3D,0,0.07038220955739828
OOD_0420,distance_diff_3D,0,0.6584829716020338
OOD_0421,distance_diff_3D,1,0.9138893471293827
OOD_0422,distance_diff_3D,0,0.0028844128176245465
OOD_0423,distance_diff_3D,0,0.34889389346605765
OOD_0424,distance_diff_3D,0,0.004795873945623837
OOD_0425,distance_diff_3D,0,0.00010272861424248161
OOD_0426,distance_diff_3D,0,0.007060276249418324
OOD_0427,distance_diff_3D,1,0.8609215453185498
OOD_0428,distance_diff_3D,1,0.6078520333274754
OOD_0429,distance_diff_3D,0,0.0009792169033673622
OOD_0430,distance_diff_3D,0,0.057849257259682485
OOD_0431,distance_diff_3D,1,0.5346613025083583
OOD_0432,distance_diff_3D,0,0.132986113256738
OOD_0433,distance_diff_3D,0,0.3435147515330276
OOD_0434,distance_diff_3D,1,0.020110937001862613
OOD_0435,distance_diff_3D,0,0.5146582567444222
OOD_0436,distance_diff_3D,1,0.7813138110504319
OOD_0437,distance_diff_3D,0,3.2480324824164564e-06
OOD_0438,distance_diff_3D,1,0.7496937471883424
OOD_0439,distance_diff_3D,0,0.0006725324050715569
OOD_0440,distance_diff_3D,0,0.5012058303853145
OOD_0441,distance_diff_3D,1,0.9166764274474096
OOD_0442,distance_diff_3D,1,0.7335188012516034
OOD_0443,distance_diff_3D,0,0.18749385552457662
OOD_0444,distance_diff_3D,0,0.29165190884867737
OOD_0445,distance_diff_3D,0,0.8887006396728018
OOD_0446,distance_diff_3D,1,0.7965219232964018
OOD_0447,distance_diff_3D,1,0.6868136992646356
OOD_0448,distance_diff_3D,0,0.061980818611930846
OOD_0449,distance_diff_3D,1,0.840772814446195
OOD_0450,distance_diff_3D,0,0.7616360900416015
OOD_0451,distance_diff_3D,0,1.5799061491422118e-05
OOD_0452,distance_diff_3D,0,0.01225027262257439
OOD_0453,distance_diff_3D,0,0.6083231682250105
OOD_0454,distance_diff_3D,0,0.0150637169228486
OOD_0455,distance_diff_3D,0,0.0034679988218079137
OOD_0456,distance_diff_3D,0,0.25181658339941293
OOD_0457,distance_diff_3D,1,0.7982660934237755
OOD_0458,distance_diff_3D,0,0.008271402361402124
OOD_0459,distance_diff_3D,1,0.09606153068238661
OOD_0460,distance_diff_3D,1,0.2027199593399381
OOD_0461,distance_diff_3D,1,0.7675979881110886
OOD_0462,distance_diff_3D,0,0.563876268551104
OOD_0463,distance_diff_3D,0,0.08818048805019145
OOD_0464,distance_diff_3D,0,0.2910867325561662
OOD_0465,distance_diff_3D,1,0.7813131731465729
OOD_0466,distance_diff_3D,0,0.0003846490316000645
OOD_0467,distance_diff_3D,0,0.3976081299360194
OOD_0468,distance_diff_3D,1,0.9150700402789682
OOD_0469,distance_diff_3D,1,0.9167894592562205
OOD_0470,distance_diff_3D,1,0.932011227666585
OOD_0471,distance_diff_3D,0,0.2628842138446725
OOD_0472,distance_diff_3D,1,0.6531528252378481
OOD_0473,distance_diff_3D,0,0.0005281214133501849
OOD_0474,distance_diff_3D,1,0.8542012343702021
OOD_0475,distance_diff_3D,1,0.6539635140408565
OOD_0476,distance_diff_3D,1,0.7939116158343228
OOD_0477,distance_diff_3D,0,0.0012843249768316088
OOD_0478,distance_diff_3D,1,0.626850429579969
OOD_0479,distance_diff_3D,1,0.5909131577698219
OOD_0480,distance_diff_3D,0,0.6853670720150743
OOD_0481,distance_diff_3D,0,0.7632108642848545
OOD_0482,distance_diff_3D,1,0.6975428709080446
OOD_0483,distance_diff_3D,0,0.0037940412396689563
OOD_0484,distance_diff_3D,1,0.9371846371772792
OOD_0485,distance_diff_3D,1,0.949005708745857
OOD_0486,distance_diff_3D,0,0.07674487068182691
OOD_0487,distance_diff_3D,1,0.7413196570355264
OOD_0488,distance_diff_3D,0,0.0010359106375344915
OOD_0489,distance_diff_3D,1,0.8845341166597235
OOD_0490,distance_diff_3D,0,0.002589010411061457
OOD_0491,distance_diff_3D,0,0.8201495821287418
OOD_0492,distance_diff_3D,1,0.6076266569200043
OOD_0493,distance_diff_3D,0,0.052968081279310714
OOD_0494,distance_diff_3D,0,0.00023853862372405992
OOD_0495,distance_diff_3D,0,0.1183595017558718
OOD_0496,distance_diff_3D,1,0.910540426744048
OOD_0497,distance_diff_3D,1,0.8303070514407548
OOD_0498,distance_diff_3D,0,0.76152892052007
OOD_0499,distance_diff_3D,0,0.03173658509466903
OOD_0500,distance_diff_3D,1,0.7638173890995841
OOD_0501,distance_diff_3D,0,2.859236328812484e-05
OOD_0502,distance_diff_3D,1,0.7324278229653953
OOD_0503,distance_diff_3D,1,0.8331936958648719
OOD_0504,distance_diff_3D,0,0.008390447384047664
OOD_0505,distance_diff_3D,0,0.7364111595778486
OOD_0506,distance_diff_3D,1,0.7876442762124429
OOD_0507,distance_diff_3D,1,0.890511899590354
OOD_0508,distance_diff_3D,0,0.250049113429175
OOD_0509,distance_diff_3D,0,0.6117232025190389
OOD_0510,distance_diff_3D,1,0.9163887152508161
OOD_0511,distance_diff_3D,1,0.2539114898051485
OOD_0512,distance_diff_3D,1,0.8676211982541745
OOD_0513,distance_diff_3D,0,2.5231360964077055e-05
OOD_0514,distance_diff_3D,0,0.014684209341496522
OOD_0515,distance_diff_3D,0,0.7222428413574707
OOD_0516,distance_diff_3D,0,2.12734187061552e-05
OOD_0517,distance_diff_3D,0,0.0024677460027016235
OOD_0518,distance_diff_3D,0,0.1879387502222261
OOD_0519,distance_diff_3D,1,0.8304858298400151
OOD_0520,distance_diff_3D,0,0.0037359407371642616
OOD_0521,distance_diff_3D,0,0.0024484576492950706
OOD_0522,distance_diff_3D,0,0.009780612781358479
OOD_0523,distance_diff_3D,0,0.34236370434065755
OOD_0524,distance_diff_3D,1,0.9663120707619653
OOD_0525,distance_diff_3D,1,0.30232051986529734
OOD_0526,distance_diff_3D,0,4.864837856320708e-05
OOD_0527,distance_diff_3D,0,7.592592928358625e-07
OOD_0528,distance_diff_3D,0,0.002451772564001675
OOD_0529,distance_diff_3D,1,0.886451441866335
OOD_0530,distance_diff_3D,0,0.717033344483828
OOD_0531,distance_diff_3D,1,0.8981507663658117
OOD_0532,distance_diff_3D,0,0.0028406366517995845
OOD_0533,distance_diff_3D,0,0.025615259694150593
OOD_0534,distance_diff_3D,0,0.005216426440962896
OOD_0535,distance_diff_3D,1,0.9176796462179253
OOD_0536,distance_diff_3D,1,0.36060730845025835
OOD_0537,distance_diff_3D,1,0.4763066465817458
OOD_0538,distance_diff_3D,0,0.03467929552395152
OOD_0539,distance_diff_3D,1,0.9703192612140125
OOD_0540,distance_diff_3D,0,0.29517289936488555
OOD_0541,distance_diff_3D,0,0.0002708323126539371
OOD_0542,distance_diff_3D,0,0.4566232893505812
OOD_0543,distance_diff_3D,1,0.9480390316644381
OOD_0544,distance_diff_3D,0,0.007822651130834002
OOD_0545,distance_diff_3D,0,0.0030202507689019837
OOD_0546,distance_diff_3D,0,0.48865703010337314
OOD_0547,distance_diff_3D,0,0.024536309450152165
OOD_0548,distance_diff_3D,0,0.00035980617296289173
OOD_0549,distance_diff_3D,1,0.7688332215891213
OOD_0550,distance_diff_3D,1,0.8329912173493061
OOD_0551,distance_diff_3D,1,0.9296109192283718
OOD_0552,distance_diff_3D,0,0.0008922234581530915
OOD_0553,distance_diff_3D,0,0.09460919470050438
OOD_0554,distance_diff_3D,1,0.8718821471879885
OOD_0555,distance_diff_3D,0,0.15022618409580696
OOD_0556,distance_diff_3D,1,0.9471146730176137
OOD_0557,distance_diff_3D,0,0.006125107993854174
OOD_0558,distance_diff_3D,0,0.6963832695183759
OOD_0559,distance_diff_3D,1,0.947395782398541
OOD_0560,distance_diff_3D,1,0.37303190034229955
OOD_0561,distance_diff_3D,0,0.47217841931253146
OOD_0562,distance_diff_3D,0,0.02174272118904056
OOD_0563,distance_diff_3D,1,0.9009505469426976
OOD_0564,distance_diff_3D,0,0.0022592836313013597
OOD_0565,distance_diff_3D,1,0.8054519317555235
OOD_0566,distance_diff_3D,0,0.01057855560845959
OOD_0567,distance_diff_3D,0,6.414694287481388e-05
OOD_0568,distance_diff_3D,0,0.4342229690717993
OOD_0569,distance_diff_3D,0,0.7949513834888724
OOD_0570,distance_diff_3D,0,0.048347337207041194
OOD_0571,distance_diff_3D,0,0.4470273919207896
OOD_0572,distance_diff_3D,1,0.6585231296436552
OOD_0573,distance_diff_3D,1,0.8436104441025128
OOD_0574,distance_diff_3D,1,0.5480036833691914
OOD_0575,distance_diff_3D,1,0.9618340388790803
OOD_0576,distance_diff_3D,0,0.03364941738052365
OOD_0577,distance_diff_3D,0,0.013361652204949935
OOD_0578,distance_diff_3D,0,0.09164760048015413
OOD_0579,distance_diff_3D,1,0.9201823387147023
OOD_0580,distance_diff_3D,0,0.24944158865326266
OOD_0581,distance_diff_3D,0,0.028542905528925366
OOD_0582,distance_diff_3D,0,0.534379326085894
OOD_0583,distance_diff_3D,0,0.0007730883164225326
OOD_0584,distance_diff_3D,1,0.7451701599833305
OOD_0585,distance_diff_3D,0,0.2961000005821535
OOD_0586,distance_diff_3D,0,0.6195527469313588
OOD_0587,distance_diff_3D,0,0.00039098476835302236
OOD_0588,distance_diff_3D,1,0.7313956333356211
OOD_0589,distance_diff_3D,1,0.39243124103074245
OOD_0590,distance_diff_3D,0,0.06755611120012314
OOD_0591,distance_diff_3D,0,0.0017962997504541384
OOD_0592,distance_diff_3D,0,0.0005483496255241111
OOD_0593,distance_diff_3D,1,0.8217612123515894
OOD_0594,distance_diff_3D,1,0.6692555332120401
OOD_0595,distance_diff_3D,0,0.0003505150750365383
OOD_0596,distance_diff_3D,0,0.20069470045024013
OOD_0597,distance_diff_3D,0,0.31718575922935327
OOD_0598,distance_diff_3D,0,0.2855887793273132
OOD_0599,distance_diff_3D,1,0.7933640096464868
OOD_0600,distance_diff_3D,1,0.6377937598453964
OOD_0601,distance_diff_3D,0,0.6135132030027154
OOD_0602,distance_diff_3D,0,0.023530119236736473
OOD_0603,distance_diff_3D,0,0.2938681399230282
OOD_0604,distance_diff_3D,1,0.6449795064939766
OOD_0605,distance_diff_3D,0,0.002256626813496273
OOD_0606,distance_diff_3D,1,0.9520106865352281
OOD_0607,distance_diff_3D,1,0.8478467790599438
OOD_0608,distance_diff_3D,1,0.8674146721511382
OOD_0609,distance_diff_3D,0,0.8519614387563406
OOD_0610,distance_diff_3D,1,0.7232462472829476
OOD_0611,distance_diff_3D,1,0.9500459608237084
OOD_0612,distance_diff_3D,0,0.028656022377498296
OOD_0613,distance_diff_3D,0,0.45084990774094374
OOD_0614,distance_diff_3D,0,0.0099226818217469
OOD_0615,distance_diff_3D,1,0.39157195530402017
OOD_0616,distance_diff_3D,0,0.010763598096771493
OOD_0617,distance_diff_3D,0,0.0617399512762594
OOD_0618,distance_diff_3D,0,0.1499533006558513
OOD_0619,distance_diff_3D,0,0.2744815136549372
OOD_0620,distance_diff_3D,0,0.00014865408556294707
OOD_0621,distance_diff_3D,0,0.006044333869946314
OOD_0622,distance_diff_3D,0,0.00715661514846988
OOD_0623,distance_diff_3D,1,0.9291868416334279
OOD_0624,distance_diff_3D,1,0.9078641374395268
OOD_0625,distance_diff_3D,0,0.1059617759046703
OOD_0626,distance_diff_3D,1,0.9442085371848309
OOD_0627,distance_diff_3D,1,0.4717992267758609
OOD_0628,distance_diff_3D,0,0.8604988336950662
OOD_0629,distance_diff_3D,0,0.024428724178083287
OOD_0630,distance_diff_3D,1,0.9309448287243683
OOD_0631,distance_diff_3D,0,0.028351717883520793
OOD_0632,distance_diff_3D,0,0.32540986456496845
OOD_0633,distance_diff_3D,0,0.7997529413170221
OOD_0634,distance_diff_3D,1,0.9265435665252859
OOD_0635,distance_diff_3D,1,0.1550189196969737
OOD_0636,distance_diff_3D,1,0.8947043237922633
OOD_0637,distance_diff_3D,0,0.06519856345545615
OOD_0638,distance_diff_3D,0,0.5557474277616147
OOD_0639,distance_diff_3D,1,0.915851808744104
OOD_0640,distance_diff_3D,0,0.6207635842549877
OOD_0641,distance_diff_3D,0,0.0404731546175543
OOD_0642,distance_diff_3D,1,0.9390372085847395
OOD_0643,distance_diff_3D,0,0.0023743402766563076
OOD_0644,distance_diff_3D,1,0.5733752442243187
OOD_0645,distance_diff_3D,0,0.7360523155835942
OOD_0646,distance_diff_3D,1,0.39259809929575284
OOD_0647,distance_diff_3D,0,0.7271478660897319
OOD_0648,distance_diff_3D,0,0.13189237246906396
OOD_0649,distance_diff_3D,0,5.489773083861302e-05
OOD_0650,distance_diff_3D,1,0.9444658649346211
OOD_0651,distance_diff_3D,1,0.3681535625880467
OOD_0652,distance_diff_3D,1,0.7073060195240922
OOD_0653,distance_diff_3D,0,0.26175106781810326
OOD_0654,distance_diff_3D,0,0.002137409469024148
OOD_0655,distance_diff_3D,0,0.00020060770300314105
OOD_0656,distance_diff_3D,0,0.00023908629878314068
OOD_0657,distance_diff_3D,1,0.9509481989644902
OOD_0658,distance_diff_3D,1,0.8966620922877583
OOD_0659,distance_diff_3D,0,0.4307029991547222
OOD_0660,distance_diff_3D,0,0.0006617537508249876
OOD_0661,distance_diff_3D,1,0.6283593449348618
OOD_0662,distance_diff_3D,0,0.821238864682742
OOD_0663,distance_diff_3D,1,0.05354491681103252
OOD_0664,distance_diff_3D,0,0.7610976076916441
OOD_0665,distance_diff_3D,0,8.970109641175099e-05
OOD_0666,distance_diff_3D,1,0.12339750351844865
OOD_0667,distance_diff_3D,1,0.7214187835084479
OOD_0668,distance_diff_3D,0,0.8781219077802731
OOD_0669,distance_diff_3D,0,0.3565759838737162
OOD_0670,distance_diff_3D,1,0.8164098475127344
OOD_0671,distance_diff_3D,1,0.36044036980040345
OOD_0672,distance_diff_3D,1,0.29135937018883284
OOD_0673,distance_diff_3D,0,0.004435155641251992
OOD_0674,distance_diff_3D,0,0.006219859725464403
OOD_0675,distance_diff_3D,0,0.8896770707785354
OOD_0676,distance_diff_3D,1,0.8559253940860503
OOD_0677,distance_diff_3D,0,0.21287787297332167
OOD_0678,distance_diff_3D,0,0.0009264932822522999
OOD_0679,distance_diff_3D,1,0.7717887909150889
OOD_0680,distance_diff_3D,1,0.7528762975137772
OOD_0681,distance_diff_3D,0,0.0017953820469627183
OOD_0682,distance_diff_3D,0,0.0022978120510116083
OOD_0683,distance_diff_3D,1,0.7392572707968382
OOD_0684,distance_diff_3D,0,0.18690060818045826
OOD_0685,distance_diff_3D,0,0.05207613128963325
OOD_0686,distance_diff_3D,1,0.9110800816203111
OOD_0687,distance_diff_3D,1,0.7384251924505707
OOD_0688,distance_diff_3D,0,0.42804236475860274
OOD_0689,distance_diff_3D,1,0.889797529893776
OOD_0690,distance_diff_3D,1,0.7580695630561649
OOD_0691,distance_diff_3D,0,0.3366388561291542
OOD_0692,distance_diff_3D,0,0.0891494111091283
OOD_0693,distance_diff_3D,0,0.27606221989250024
OOD_0694,distance_diff_3D,1,0.9255350826709644
OOD_0695,distance_diff_3D,0,0.0023702006583928327
OOD_0696,distance_diff_3D,0,0.006170505704068618
OOD_0697,distance_diff_3D,1,0.8773538506226342
OOD_0698,distance_diff_3D,1,0.8949348459856432
OOD_0699,distance_diff_3D,0,7.316449257457969e-06
OOD_0700,distance_diff_3D,0,2.8809597443850307e-05
OOD_0701,distance_diff_3D,0,0.0004729717653667242
OOD_0702,distance_diff_3D,0,0.02512734746785095
OOD_0703,distance_diff_3D,0,0.026292975672154318
OOD_0704,distance_diff_3D,0,0.7151252085437575
OOD_0705,distance_diff_3D,0,0.00020167425883334893
OOD_0706,distance_diff_3D,1,0.9386597566361005
OOD_0707,distance_diff_3D,0,0.001293414898568076
OOD_0708,distance_diff_3D,1,0.9303253806903432
OOD_0709,distance_diff_3D,0,0.5958747713185143
OOD_0710,distance_diff_3D,0,0.12557595828835347
OOD_0711,distance_diff_3D,0,0.26914368332260913
OOD_0712,distance_diff_3D,0,0.1981588090306284
OOD_0713,distance_diff_3D,1,0.9442992015007288
OOD_0714,distance_diff_3D,0,0.0006928200796761094
OOD_0715,distance_diff_3D,0,0.0002581747114935599
OOD_0716,distance_diff_3D,1,0.5445010652605948
OOD_0717,distance_diff_3D,0,0.0001728497096279891
OOD_0718,distance_diff_3D,1,0.6737558331612634
OOD_0719,distance_diff_3D,0,0.0010108294046021
OOD_0720,distance_diff_3D,0,0.00013386600889750766
OOD_0721,distance_diff_3D,0,0.5097543293641517
OOD_0722,distance_diff_3D,0,0.004186670274113038
OOD_0723,distance_diff_3D,0,0.09573428279450287
OOD_0724,distance_diff_3D,0,0.03524785271509739
OOD_0725,distance_diff_3D,1,0.22336955039489043
OOD_0726,distance_diff_3D,0,6.001322210643227e-05
OOD_0727,distance_diff_3D,0,9.66702221646735e-05
OOD_0728,distance_diff_3D,1,0.6534406917293017
OOD_0729,distance_diff_3D,0,0.7697074700501134
OOD_0730,distance_diff_3D,1,0.9610042233801745
OOD_0731,distance_diff_3D,0,0.09330893943522649
OOD_0732,distance_diff_3D,0,0.339863204180524
OOD_0733,distance_diff_3D,1,0.2930930119820091
OOD_0734,distance_diff_3D,0,0.5805541114826701
OOD_0735,distance_diff_3D,0,0.5145959024987447
OOD_0736,distance_diff_3D,0,5.6544082047836115e-06
OOD_0737,distance_diff_3D,1,0.8251343172662141
OOD_0738,distance_diff_3D,1,0.7147287789776824
OOD_0739,distance_diff_3D,0,0.0034681388276709794
OOD_0740,distance_diff_3D,1,0.743549937621925
OOD_0741,distance_diff_3D,1,0.299681340649857
OOD_0742,distance_diff_3D,0,0.19854059005277575
OOD_0743,distance_diff_3D,0,9.239667914988465e-06
OOD_0744,distance_diff_3D,0,0.1494603537491261
OOD_0745,distance_diff_3D,0,0.43704326308708136
OOD_0746,distance_diff_3D,0,0.04282584640661624
OOD_0747,distance_diff_3D,0,0.2699402431926098
OOD_0748,distance_diff_3D,0,0.012047408117204525
OOD_0749,distance_diff_3D,1,0.8977653695981266
OOD_0750,distance_diff_3D,1,0.8232503790142773
OOD_0751,distance_diff_3D,1,0.3433311360491837
OOD_0752,distance_diff_3D,0,0.007598272099260151
OOD_0753,distance_diff_3D,1,0.492199532462618
OOD_0754,distance_diff_3D,0,0.19997916225935372
OOD_0755,distance_diff_3D,1,0.8893238146307079
OOD_0756,distance_diff_3D,0,0.8500928276506775
OOD_0757,distance_diff_3D,1,0.947019580349701
OOD_0758,distance_diff_3D,0,0.4390844097325568
OOD_0759,distance_diff_3D,0,0.10236247544184644
OOD_0760,distance_diff_3D,0,0.5001194029035412
OOD_0761,distance_diff_3D,1,0.8390757180089058
OOD_0762,distance_diff_3D,0,0.03930263052566786
OOD_0763,distance_diff_3D,0,0.024951712286517564
OOD_0764,distance_diff_3D,1,0.8662858112739189
OOD_0765,distance_diff_3D,0,0.028709732652349967
OOD_0766,distance_diff_3D,1,0.49982637952821324
OOD_0767,distance_diff_3D,0,0.43030461104155415
OOD_0768,distance_diff_3D,1,0.7149355903689889
OOD_0769,distance_diff_3D,0,0.764814770064528
OOD_0770,distance_diff_3D,0,0.4429110175436478
OOD_0771,distance_diff_3D,0,0.00047749437052676267
OOD_0772,distance_diff_3D,1,0.782740439898644
OOD_0773,distance_diff_3D,0,0.030230540275021478
OOD_0774,distance_diff_3D,1,0.9038079428847549
OOD_0775,distance_diff_3D,1,0.6304692697447446
OOD_0776,distance_diff_3D,0,0.0009944876469355757
OOD_0777,distance_diff_3D,0,0.1898237409900026
OOD_0778,distance_diff_3D,0,0.0002675584611930707
OOD_0779,distance_diff_3D,1,0.9413523237056283
OOD_0780,distance_diff_3D,1,0.8450642757555065
OOD_0781,distance_diff_3D,0,0.7266288723469696
OOD_0782,distance_diff_3D,0,0.028262603522337913
OOD_0783,distance_diff_3D,0,0.002189401868933494
OOD_0784,distance_diff_3D,0,0.0007957314283719004
OOD_0785,distance_diff_3D,1,0.8968284338499727
OOD_0786,distance_diff_3D,1,0.06304014269117617
OOD_0787,distance_diff_3D,0,0.02524945929639283
OOD_0788,distance_diff_3D,1,0.5108562489088815
OOD_0789,distance_diff_3D,1,0.46290316946680826
OOD_0790,distance_diff_3D,0,1.4359363938935755e-05
OOD_0791,distance_diff_3D,1,0.8240983337852716
OOD_0792,distance_diff_3D,0,0.0001939284636500185
OOD_0793,distance_diff_3D,0,0.6876836704118597
OOD_0794,distance_diff_3D,1,0.724206092142036
OOD_0795,distance_diff_3D,0,0.24722588002843704
OOD_0796,distance_diff_3D,1,0.8662704634418638
OOD_0797,distance_diff_3D,0,0.5764711797570656
OOD_0798,distance_diff_3D,0,0.062368057620521306
OOD_0799,distance_diff_3D,1,0.7915674175215657
OOD_0800,distance_diff_3D,0,0.0017002976273254435
OOD_0801,distance_diff_3D,1,0.9413334898529452
OOD_0802,distance_diff_3D,0,0.03849648471422078
OOD_0803,distance_diff_3D,0,0.00024902904942114155
OOD_0804,distance_diff_3D,0,0.00017305287419517722
OOD_0805,distance_diff_3D,1,0.8992356843730165
OOD_0806,distance_diff_3D,1,0.6001095105325155
OOD_0807,distance_diff_3D,1,0.8616791104701729
OOD_0808,distance_diff_3D,0,0.00676444872012234
OOD_0809,distance_diff_3D,1,0.33765959123597117
OOD_0810,distance_diff_3D,1,0.44802028527636145
OOD_0811,distance_diff_3D,0,0.7017106814873239
OOD_0812,distance_diff_3D,0,0.030847123336128036
OOD_0813,distance_diff_3D,0,0.02256723081574528
OOD_0814,distance_diff_3D,0,0.6457272091349563
OOD_0815,distance_diff_3D,0,0.0012348929719875536
OOD_0816,distance_diff_3D,1,0.5953749135483696
OOD_0817,distance_diff_3D,0,0.7073832805609669
OOD_0818,distance_diff_3D,0,3.1307406540794786e-05
OOD_0819,distance_diff_3D,0,0.28090599861674054
OOD_0820,distance_diff_3D,1,0.7793515569032868
OOD_0821,distance_diff_3D,1,0.8830009231444517
OOD_0822,distance_diff_3D,1,0.8483452300010722
OOD_0823,distance_diff_3D,1,0.9141351965343988
OOD_0824,distance_diff_3D,1,0.8910769361149583
OOD_0825,distance_diff_3D,0,0.5697787598485966
OOD_0826,distance_diff_3D,0,0.0060380662200962155
OOD_0827,distance_diff_3D,1,0.921820701683847
OOD_0828,distance_diff_3D,0,0.007995399779574674
OOD_0829,distance_diff_3D,1,0.8623652299884517
OOD_0830,distance_diff_3D,1,0.0842373685986608
OOD_0831,distance_diff_3D,0,0.005509042517322815
OOD_0832,distance_diff_3D,0,0.26467490585022035
OOD_0833,distance_diff_3D,0,0.012382786854866394
OOD_0834,distance_diff_3D,1,0.49258613951422964
OOD_0835,distance_diff_3D,1,0.28278366590137577
OOD_0836,distance_diff_3D,0,0.04303120818414642
OOD_0837,distance_diff_3D,0,9.357489554762926e-06
OOD_0838,distance_diff_3D,1,0.8761884652355414
OOD_0839,distance_diff_3D,1,0.05595889941467218
OOD_0840,distance_diff_3D,0,0.0013512442549296854
OOD_0841,distance_diff_3D,0,0.7021910468583824
OOD_0842,distance_diff_3D,1,0.6093991450553395
OOD_0843,distance_diff_3D,0,0.00024878826023558347
OOD_0844,distance_diff_3D,1,0.4781224038878709
OOD_0845,distance_diff_3D,0,0.6544655911208364
OOD_0846,distance_diff_3D,1,0.9546417897339046
OOD_0847,distance_diff_3D,1,0.9233754085040808
OOD_0848,distance_diff_3D,0,0.6976934347287421
OOD_0849,distance_diff_3D,0,0.002498711678652481
OOD_0850,distance_diff_3D,1,0.9124711846418687
OOD_0851,distance_diff_3D,1,0.9415249354849664
OOD_0852,distance_diff_3D,0,0.4658896856138752
OOD_0853,distance_diff_3D,0,3.9648141200883e-05
OOD_0854,distance_diff_3D,1,0.8884755010373274
OOD_0855,distance_diff_3D,1,0.3865397244780331
OOD_0856,distance_diff_3D,0,0.10147212064166922
OOD_0857,distance_diff_3D,1,0.5764220807655209
OOD_0858,distance_diff_3D,1,0.33655374467719407
OOD_0859,distance_diff_3D,0,0.005030006316630341
OOD_0860,distance_diff_3D,1,0.8411627710592009
OOD_0861,distance_diff_3D,0,0.6150254485710499
OOD_0862,distance_diff_3D,0,0.04908691652853187
OOD_0863,distance_diff_3D,0,0.4532761167169743
OOD_0864,distance_diff_3D,1,0.6029168593154
OOD_0865,distance_diff_3D,0,0.01591994146225051
OOD_0866,distance_diff_3D,1,0.9270259281048779
OOD_0867,distance_diff_3D,0,0.7229320927934939
OOD_0868,distance_diff_3D,0,0.0012193544397925762
OOD_0869,distance_diff_3D,0,0.15314997455870696
OOD_0870,distance_diff_3D,0,0.45674309789959794
OOD_0871,distance_diff_3D,0,0.1715981860917455
OOD_0872,distance_diff_3D,1,0.3857487800966516
OOD_0873,distance_diff_3D,1,0.47840861992913264
OOD_0874,distance_diff_3D,1,0.207832369105289
OOD_0875,distance_diff_3D,0,0.014533243535379319
OOD_0876,distance_diff_3D,1,0.739247145849915
OOD_0877,distance_diff_3D,1,0.9414896910245607
OOD_0878,distance_diff_3D,1,0.5906332149695243
OOD_0879,distance_diff_3D,0,0.6570942194154507
OOD_0880,distance_diff_3D,0,0.00017897781913823817
OOD_0881,distance_diff_3D,0,0.6338578724107349
OOD_0882,distance_diff_3D,1,0.9393151965976497
OOD_0883,distance_diff_3D,0,0.825182488307129
OOD_0884,distance_diff_3D,0,0.0162815827521189
OOD_0885,distance_diff_3D,0,0.011850780379964171
OOD_0886,distance_diff_3D,1,0.9678385723695643
OOD_0887,distance_diff_3D,0,0.010675821099896685
OOD_0888,distance_diff_3D,0,0.3805710319321373
OOD_0889,distance_diff_3D,1,0.125361186368952
OOD_0890,distance_diff_3D,0,0.0018662213946392307
OOD_0891,distance_diff_3D,1,0.9520900337233829
OOD_0892,distance_diff_3D,0,0.5916184769482935
OOD_0893,distance_diff_3D,1,0.8748893796367059
OOD_0894,distance_diff_3D,1,0.16298244742035242
OOD_0895,distance_diff_3D,0,0.0018180542034862243
OOD_0896,distance_diff_3D,0,0.3840047719206235
OOD_0897,distance_diff_3D,1,0.2694266195493589
OOD_0898,distance_diff_3D,1,0.7721836415125638
OOD_0899,distance_diff_3D,0,0.6789519124294293
OOD_0900,distance_diff_3D,1,0.11672409781298163
OOD_0901,distance_diff_3D,0,0.03514488290662222
OOD_0902,distance_diff_3D,0,0.02073311265551618
OOD_0903,distance_diff_3D,1,0.2150354597239339
OOD_0904,distance_diff_3D,0,0.38742631238507474
OOD_0905,distance_diff_3D,0,0.0018230777995379098
OOD_0906,distance_diff_3D,1,0.6410256083657319
OOD_0907,distance_diff_3D,0,0.00747333573186088
OOD_0908,distance_diff_3D,1,0.07583137097134067
OOD_0909,distance_diff_3D,0,0.5508046363267259
OOD_0910,distance_diff_3D,1,0.6825399087762117
OOD_0911,distance_diff_3D,0,0.00048295276023541155
OOD_0912,distance_diff_3D,0,0.04285655421984685
OOD_0913,distance_diff_3D,0,0.08055590936286756
OOD_0914,distance_diff_3D,0,0.005202968711440065
OOD_0915,distance_diff_3D,0,0.001042789230252865
OOD_0916,distance_diff_3D,1,0.5538260878981621
OOD_0917,distance_diff_3D,1,0.5339081514595008
OOD_0918,distance_diff_3D,1,0.8137811813855534
OOD_0919,distance_diff_3D,1,0.6980243493037124
OOD_0920,distance_diff_3D,1,0.2960570011722336
OOD_0921,distance_diff_3D,1,0.5697259239121609
OOD_0922,distance_diff_3D,0,2.191657149747885e-06
OOD_0923,distance_diff_3D,0,0.2879683781532548
OOD_0924,distance_diff_3D,0,0.00279614369825515
OOD_0925,distance_diff_3D,0,0.02952815776654708
OOD_0926,distance_diff_3D,0,0.38222190078356616
OOD_0927,distance_diff_3D,0,0.03297203450260126
OOD_0928,distance_diff_3D,1,0.5070711090849874
OOD_0929,distance_diff_3D,1,0.8191236956412328
OOD_0930,distance_diff_3D,0,0.7304157057258983
OOD_0931,distance_diff_3D,1,0.9230984075069407
OOD_0932,distance_diff_3D,0,0.09412229358609646
OOD_0933,distance_diff_3D,1,0.7504471301102288
OOD_0934,distance_diff_3D,1,0.7557752298886737
OOD_0935,distance_diff_3D,1,0.7070398586526099
OOD_0936,distance_diff_3D,0,1.109380496048801e-06
OOD_0937,distance_diff_3D,0,0.5420429785368371
OOD_0938,distance_diff_3D,1,0.8866841615081176
OOD_0939,distance_diff_3D,0,0.09781330122050608
OOD_0940,distance_diff_3D,1,0.8682417133242888
OOD_0941,distance_diff_3D,0,0.027456042229675785
OOD_0942,distance_diff_3D,1,0.6795529568932436
OOD_0943,distance_diff_3D,1,0.8366438388104874
OOD_0944,distance_diff_3D,0,0.5042972648934477
OOD_0945,distance_diff_3D,0,0.31903292547610024
OOD_0946,distance_diff_3D,0,0.0009363693614800117
OOD_0947,distance_diff_3D,0,0.6683114353316811
OOD_0948,distance_diff_3D,0,0.00024923883467455147
OOD_0949,distance_diff_3D,0,0.03924659181460337
OOD_0950,distance_diff_3D,0,0.011629069513719338
OOD_0951,distance_diff_3D,1,0.05639490817265316
OOD_0952,distance_diff_3D,0,0.11863413364107633
OOD_0953,distance_diff_3D,0,0.00041021082113223273
OOD_0954,distance_diff_3D,1,0.4367672561524177
OOD_0955,distance_diff_3D,1,0.8843189276018515
OOD_0956,distance_diff_3D,0,0.01898663978919899
OOD_0957,distance_diff_3D,0,0.0003657962125066405
OOD_0958,distance_diff_3D,0,0.00519628018921953
OOD_0959,distance_diff_3D,1,0.9754335863141835
OOD_0960,distance_diff_3D,0,1.4821666174950966e-06
OOD_0961,distance_diff_3D,0,3.901315861336962e-05
OOD_0962,distance_diff_3D,0,0.26792741056351554
OOD_0963,distance_diff_3D,0,0.2662751815006227
OOD_0964,distance_diff_3D,0,2.5278890905545127e-06
OOD_0965,distance_diff_3D,0,0.8611675383987653
OOD_0966,distance_diff_3D,0,0.1300485197929152
OOD_0967,distance_diff_3D,1,0.9117451498448679
OOD_0968,distance_diff_3D,1,0.9661510457838045
OOD_0969,distance_diff_3D,0,0.7052551620023938
OOD_0970,distance_diff_3D,0,2.2367933578545235e-06
OOD_0971,distance_diff_3D,0,0.00025244161683343703
OOD_0972,distance_diff_3D,0,3.90886700900604e-05
OOD_0973,distance_diff_3D,0,0.7680758049229006
OOD_0974,distance_diff_3D,0,0.005062330427321626
OOD_0975,distance_diff_3D,0,0.7539776240331144
OOD_0976,distance_diff_3D,1,0.6170722336472884
OOD_0977,distance_diff_3D,1,0.34594783257997225
OOD_0978,distance_diff_3D,0,0.06474338407216708
OOD_0979,distance_diff_3D,0,0.023885117345135976
OOD_0980,distance_diff_3D,0,0.018515777887486744
OOD_0981,distance_diff_3D,1,0.7854183978487477
OOD_0982,distance_diff_3D,1,0.5603753442061714
OOD_0983,distance_diff_3D,1,0.7344371368697421
OOD_0984,distance_diff_3D,0,0.2978871002968386
OOD_0985,distance_diff_3D,0,0.004257410574038136
OOD_0986,distance_diff_3D,0,6.793216609929115e-06
OOD_0987,distance_diff_3D,1,0.12077281527224912
OOD_0988,distance_diff_3D,1,0.6218630644579207
OOD_0989,distance_diff_3D,0,0.008387833349065094
OOD_0990,distance_diff_3D,0,0.2832195326859717
OOD_0991,distance_diff_3D,0,0.35308912148965627
OOD_0992,distance_diff_3D,0,0.00010026472932829704
OOD_0993,distance_diff_3D,1,0.9240807508121511
OOD_0994,distance_diff_3D,0,0.5943539552918509
OOD_0995,distance_diff_3D,1,0.9608866700605674
OOD_0996,distance_diff_3D,0,0.0005596042902503113
OOD_0997,distance_diff_3D,1,0.9640007188831435
OOD_0998,distance_diff_3D,0,0.8218249531584911
OOD_0999,distance_diff_3D,1,0.6922792271927283
OOD_1000,distance_diff_3D,1,0.7189140537275377
OOD_1001,distance_diff_3D,1,0.15520096702013955
OOD_1002,distance_diff_3D,1,0.9122433813417008
OOD_1003,distance_diff_3D,0,0.8724437137368571
OOD_1004,distance_diff_3D,0,0.4595658188936034
OOD_1005,distance_diff_3D,1,0.8206218444683384
OOD_1006,distance_diff_3D,1,0.9630677227139891
OOD_1007,distance_diff_3D,1,0.7754484517791196
OOD_1008,distance_diff_3D,0,0.008405158645693998
OOD_1009,distance_diff_3D,0,3.806113522946823e-05
OOD_1010,distance_diff_3D,0,4.714598632949229e-05
OOD_1011,distance_diff_3D,0,0.14694868699836644
OOD_1012,distance_diff_3D,1,0.9108325821197205
OOD_1013,distance_diff_3D,0,0.002349675475004029
OOD_1014,distance_diff_3D,0,0.5317273847320034
OOD_1015,distance_diff_3D,0,0.003024280071110622
OOD_1016,distance_diff_3D,0,0.03487870426998008
OOD_1017,distance_diff_3D,0,0.0008140258634057028
OOD_1018,distance_diff_3D,1,0.90135208228712
OOD_1019,distance_diff_3D,0,0.09735530488952332
OOD_1020,distance_diff_3D,0,2.0703800559127524e-06
OOD_1021,distance_diff_3D,1,0.2661846991506919
OOD_1022,distance_diff_3D,1,0.6807047160035719
OOD_1023,distance_diff_3D,0,0.36549277000109
OOD_1024,distance_diff_3D,1,0.9129667096020355
OOD_1025,distance_diff_3D,1,0.8920938345061952
OOD_1026,distance_diff_3D,0,0.3346420545977695
OOD_1027,distance_diff_3D,0,0.50152339923468
OOD_1028,distance_diff_3D,0,0.8266546641426155
OOD_1029,distance_diff_3D,1,0.8574736990275871
OOD_1030,distance_diff_3D,1,0.5552108556568659
OOD_1031,distance_diff_3D,0,0.43668785446466124
OOD_1032,distance_diff_3D,0,0.05362817397305158
OOD_1033,distance_diff_3D,1,0.9136665054265471
OOD_1034,distance_diff_3D,1,0.923322655786657
OOD_1035,distance_diff_3D,1,0.9077005386697508
OOD_1036,distance_diff_3D,1,0.6274986543110294
OOD_1037,distance_diff_3D,0,0.07549880045496048
OOD_1038,distance_diff_3D,0,0.0001328430447668228
OOD_1039,distance_diff_3D,1,0.8094662498353049
OOD_1040,distance_diff_3D,0,0.742377360145208
OOD_1041,distance_diff_3D,1,0.7713865825087294
OOD_1042,distance_diff_3D,0,0.4548808904230805
OOD_1043,distance_diff_3D,0,0.46963618951083724
OOD_1044,distance_diff_3D,0,0.5882177735378347
OOD_1045,distance_diff_3D,0,0.0017265995399362705
OOD_1046,distance_diff_3D,1,0.8598253995647943
OOD_1047,distance_diff_3D,0,0.5861670223282599
OOD_1048,distance_diff_3D,0,0.5510222143354899
OOD_1049,distance_diff_3D,0,0.32424145573482066
OOD_1050,distance_diff_3D,0,0.00016616944485154793
OOD_1051,distance_diff_3D,0,0.20097603721778
OOD_1052,distance_diff_3D,1,0.9086629979324273
OOD_1053,distance_diff_3D,1,0.8720785383690036
OOD_1054,distance_diff_3D,0,0.001548788719689088
OOD_1055,distance_diff_3D,0,0.00011471910943100965
OOD_1056,distance_diff_3D,0,0.008686741516480516
OOD_1057,distance_diff_3D,0,0.0007049574432432736
OOD_1058,distance_diff_3D,0,0.4344194026549126
OOD_1059,distance_diff_3D,0,7.65374919451096e-06
OOD_1060,distance_diff_3D,0,1.7839701523116493e-07
OOD_1061,distance_diff_3D,0,0.00785600518927676
OOD_1062,distance_diff_3D,0,0.13608643931470188
OOD_1063,distance_diff_3D,1,0.767867024599113
OOD_1064,distance_diff_3D,0,0.11457040795820088
OOD_1065,distance_diff_3D,1,0.7634074857832619
OOD_1066,distance_diff_3D,1,0.8996496437034026
OOD_1067,distance_diff_3D,1,0.5681544991045308
OOD_1068,distance_diff_3D,0,0.00030307951862963413
OOD_1069,distance_diff_3D,0,0.2616342624107037
OOD_1070,distance_diff_3D,0,6.455550166418407e-05
OOD_1071,distance_diff_3D,0,0.249440465116654
OOD_1072,distance_diff_3D,0,0.40969776592506596
OOD_1073,distance_diff_3D,0,0.0003984028887927646
OOD_1074,distance_diff_3D,0,0.00036121667948244533
OOD_1075,distance_diff_3D,1,0.6868502806398282
OOD_1076,distance_diff_3D,0,0.4174711790402929
OOD_1077,distance_diff_3D,0,0.3614919212416632
OOD_1078,distance_diff_3D,0,0.0014194847937792226
OOD_1079,distance_diff_3D,0,0.0031696889958903515
OOD_1080,distance_diff_3D,1,0.9150448350809628
OOD_1081,distance_diff_3D,0,1.2506104226989424e-05
OOD_1082,distance_diff_3D,1,0.8752917416297219
OOD_1083,distance_diff_3D,0,0.014142368272798468
OOD_1084,distance_diff_3D,0,0.9050567222180053
OOD_1085,distance_diff_3D,0,3.4065713171954434e-05
OOD_1086,distance_diff_3D,0,0.545537280912597
OOD_1087,distance_diff_3D,1,0.9114395704697243
OOD_1088,distance_diff_3D,0,0.14199382151009624
OOD_1089,distance_diff_3D,0,0.13090199369812483
OOD_1090,distance_diff_3D,1,0.8490193461536296
OOD_1091,distance_diff_3D,1,0.3690188205319293
OOD_1092,distance_diff_3D,1,0.8706829718550602
OOD_1093,distance_diff_3D,0,0.4719170754396535
OOD_1094,distance_diff_3D,0,0.17527970086452496
OOD_1095,distance_diff_3D,1,0.8040282907437355
OOD_1096,distance_diff_3D,0,0.8976764779935653
OOD_1097,distance_diff_3D,0,0.09401413025803661
OOD_1098,distance_diff_3D,0,0.25682381675273086
OOD_1099,distance_diff_3D,1,0.9514836897849682
OOD_1100,distance_diff_3D,0,0.007769395000293435
OOD_1101,distance_diff_3D,0,0.017818041736177695
OOD_1102,distance_diff_3D,0,0.01728329304282044
OOD_1103,distance_diff_3D,0,0.00023751607522301367
OOD_1104,distance_diff_3D,1,0.929294059163074
OOD_1105,distance_diff_3D,0,0.001409778412978437
OOD_1106,distance_diff_3D,0,0.1967579536591176
OOD_1107,distance_diff_3D,0,0.21610605282757017
OOD_1108,distance_diff_3D,0,3.4756646619076217e-06
OOD_1109,distance_diff_3D,1,0.9186864330411865
OOD_1110,distance_diff_3D,1,0.9093260946544135
OOD_1111,distance_diff_3D,0,0.00893067828846193
OOD_1112,distance_diff_3D,1,0.7097948547595055
OOD_1113,distance_diff_3D,0,0.0011314200923769875
OOD_1114,distance_diff_3D,1,0.7239599102500242
OOD_1115,distance_diff_3D,1,0.5617293297241759
OOD_1116,distance_diff_3D,1,0.717122533812256
OOD_1117,distance_diff_3D,0,0.32281717323837
OOD_1118,distance_diff_3D,1,0.9215779143923618
OOD_1119,distance_diff_3D,0,0.0010927004547202405
OOD_1120,distance_diff_3D,0,0.006273867121097824
OOD_1121,distance_diff_3D,0,0.1401885012653148
OOD_1122,distance_diff_3D,0,0.7966893831688138
OOD_1123,distance_diff_3D,0,0.0001914583298820153
OOD_1124,distance_diff_3D,1,0.3447049693088291
OOD_1125,distance_diff_3D,0,0.5754984460861992
OOD_1126,distance_diff_3D,1,0.969043609361875
OOD_1127,distance_diff_3D,1,0.7122869329155045
OOD_1128,distance_diff_3D,0,0.657543956616084
OOD_1129,distance_diff_3D,1,0.5373580589319069
OOD_1130,distance_diff_3D,0,0.0016901490762683568
OOD_1131,distance_diff_3D,0,0.5267955917819082
OOD_1132,distance_diff_3D,0,0.09144609045739185
OOD_1133,distance_diff_3D,0,0.003574098143223815
OOD_1134,distance_diff_3D,0,0.0012469182446174984
OOD_1135,distance_diff_3D,0,0.055843185862308894
OOD_1136,distance_diff_3D,1,0.9388098834182544
OOD_1137,distance_diff_3D,1,0.377062680876901
OOD_1138,distance_diff_3D,0,3.244528762993641e-05
OOD_1139,distance_diff_3D,0,0.03355022395661942
OOD_1140,distance_diff_3D,1,0.6587214592813425
OOD_1141,distance_diff_3D,0,0.560047196205943
OOD_1142,distance_diff_3D,0,0.3357650215298715
OOD_1143,distance_diff_3D,0,0.0009193857031987202
OOD_1144,distance_diff_3D,0,0.006874405847233188
OOD_1145,distance_diff_3D,0,0.041165962740569335
OOD_1146,distance_diff_3D,0,0.014461951585037606
OOD_1147,distance_diff_3D,0,0.27127272704009764
OOD_1148,distance_diff_3D,0,0.005868979374311801
OOD_1149,distance_diff_3D,0,1.1368505999492625e-05
OOD_1150,distance_diff_3D,1,0.2878660131595193
OOD_1151,distance_diff_3D,1,0.8952984372426659
OOD_1152,distance_diff_3D,0,0.1598201641720159
OOD_1153,distance_diff_3D,0,0.14018260693607093
OOD_1154,distance_diff_3D,1,0.6400111249793045
OOD_1155,distance_diff_3D,0,0.15937347534243057
OOD_1156,distance_diff_3D,0,0.0012674681039208228
OOD_1157,distance_diff_3D,1,0.6872736241475228
OOD_1158,distance_diff_3D,0,0.2058724368756442
OOD_1159,distance_diff_3D,0,0.1425138183429863
OOD_1160,distance_diff_3D,1,0.9360691379569975
OOD_1161,distance_diff_3D,1,0.9124256718928888
OOD_1162,distance_diff_3D,1,0.2121969038590668
OOD_1163,distance_diff_3D,1,0.5042918881017473
OOD_1164,distance_diff_3D,0,0.36778456042287244
OOD_1165,distance_diff_3D,0,0.7359707593059605
OOD_1166,distance_diff_3D,0,0.030655696095093655
OOD_1167,distance_diff_3D,1,0.7939519132215334
OOD_1168,distance_diff_3D,0,0.024891273675935934
OOD_1169,distance_diff_3D,0,0.0003179146322642382
OOD_1170,distance_diff_3D,0,0.03181103705645758
OOD_1171,distance_diff_3D,1,0.9413916906766995
OOD_1172,distance_diff_3D,0,0.001089473214158087
OOD_1173,distance_diff_3D,0,0.4240809343582007
OOD_1174,distance_diff_3D,0,0.09038034101035906
OOD_1175,distance_diff_3D,0,0.6220283554464959
OOD_1176,distance_diff_3D,0,0.010979301295828938
OOD_1177,distance_diff_3D,0,0.5148316365918277
OOD_1178,distance_diff_3D,0,0.8426159948987516
OOD_1179,distance_diff_3D,0,0.2730140490673638
OOD_1180,distance_diff_3D,1,0.9018160212179754
OOD_1181,distance_diff_3D,1,0.5481924302529976
OOD_1182,distance_diff_3D,0,4.547869528861626e-06
OOD_1183,distance_diff_3D,1,0.27560334042755974
OOD_1184,distance_diff_3D,0,0.008834971797608351
OOD_1185,distance_diff_3D,0,0.0018731685710318188
OOD_1186,distance_diff_3D,0,6.587701246051604e-05
OOD_1187,distance_diff_3D,1,0.8962856946114176
OOD_1188,distance_diff_3D,1,0.7395277788866772
OOD_1189,distance_diff_3D,1,0.8425844745754835
OOD_1190,distance_diff_3D,1,0.6128854723348588
OOD_1191,distance_diff_3D,0,0.00386219267409525
OOD_1192,distance_diff_3D,0,0.21827399031476458
OOD_1193,distance_diff_3D,1,0.8008205390566152
OOD_1194,distance_diff_3D,0,0.008557508064883338
OOD_1195,distance_diff_3D,0,0.031079573754966918
OOD_1196,distance_diff_3D,0,0.27606144168582486
OOD_1197,distance_diff_3D,0,0.4437986537144608
OOD_1198,distance_diff_3D,0,0.007579379181750031
OOD_1199,distance_diff_3D,1,0.1122706774221381
OOD_1200,distance_diff_3D,1,0.7917138120613338
OOD_1201,distance_diff_3D,1,0.8849528662911875
OOD_1202,distance_diff_3D,0,0.07834854510525423
OOD_1203,distance_diff_3D,1,0.7773859826435194
OOD_1204,distance_diff_3D,1,0.8658292551227721
OOD_1205,distance_diff_3D,1,0.011759302619381547
OOD_1206,distance_diff_3D,0,0.014078870040786728
OOD_1207,distance_diff_3D,0,0.0013784746462254852
OOD_1208,distance_diff_3D,0,0.2524764975166432
OOD_1209,distance_diff_3D,0,2.6093388888048787e-05
OOD_1210,distance_diff_3D,0,0.2141703030426703
OOD_1211,distance_diff_3D,0,0.0006313739844544673
OOD_1212,distance_diff_3D,0,0.001227121405074343
OOD_1213,distance_diff_3D,0,0.4840325562226403
OOD_1214,distance_diff_3D,0,0.7185657407520805
OOD_1215,distance_diff_3D,0,0.6930057147736821
OOD_1216,distance_diff_3D,0,0.00021594100157037183
OOD_1217,distance_diff_3D,0,0.6123977598921105
OOD_1218,distance_diff_3D,0,0.26402725083425843
OOD_1219,distance_diff_3D,1,0.6445244382774208
OOD_1220,distance_diff_3D,1,0.5364310131316002
OOD_1221,distance_diff_3D,1,0.877190522041236
OOD_1222,distance_diff_3D,0,0.010681643510429136
OOD_1223,distance_diff_3D,0,0.0005723486174402895
OOD_1224,distance_diff_3D,0,0.0006299196276118753
OOD_1225,distance_diff_3D,0,0.002875041629420368
OOD_1226,distance_diff_3D,1,0.5013015705345233
OOD_1227,distance_diff_3D,0,0.717981141692134
OOD_1228,distance_diff_3D,0,0.0011403575885878452
OOD_1229,distance_diff_3D,0,0.0018399425573929946
OOD_1230,distance_diff_3D,1,0.9255363277918144
OOD_1231,distance_diff_3D,0,0.00028776709164754055
OOD_1232,distance_diff_3D,1,0.9210954149209878
OOD_1233,distance_diff_3D,1,0.4896579940263739
OOD_1234,distance_diff_3D,1,0.7820242816435159
OOD_1235,distance_diff_3D,1,0.8777401942275238
OOD_1236,distance_diff_3D,0,0.018279608795173187
OOD_1237,distance_diff_3D,0,0.005621402859884162
OOD_1238,distance_diff_3D,1,0.5256450946028746
OOD_1239,distance_diff_3D,0,0.01127063385354645
OOD_1240,distance_diff_3D,1,0.7307079525029004
OOD_1241,distance_diff_3D,0,3.4708643930801944e-05
OOD_1242,distance_diff_3D,1,0.9392492084279366
OOD_1243,distance_diff_3D,1,0.9585198874881238
OOD_1244,distance_diff_3D,0,0.003087622036633824
OOD_1245,distance_diff_3D,1,0.9619547691142575
OOD_1246,distance_diff_3D,0,0.7356099051142226
OOD_1247,distance_diff_3D,0,0.6073041674279989
OOD_1248,distance_diff_3D,1,0.7815173654627002
OOD_1249,distance_diff_3D,0,8.016505381060188e-05
OOD_1250,distance_diff_3D,1,0.1980340694997956
OOD_1251,distance_diff_3D,0,2.1044712133404726e-05
OOD_1252,distance_diff_3D,0,0.0037308889325361563
OOD_1253,distance_diff_3D,0,0.1437581668887268
OOD_1254,distance_diff_3D,1,0.3894945074062736
OOD_1255,distance_diff_3D,0,0.03919416089157243
OOD_1256,distance_diff_3D,1,0.8871723773239394
OOD_1257,distance_diff_3D,1,0.929996838813504
OOD_1258,distance_diff_3D,0,0.08507912034076216
OOD_1259,distance_diff_3D,1,0.8613968373377373
OOD_1260,distance_diff_3D,0,0.00028506660353430017
OOD_1261,distance_diff_3D,0,0.14131589079250406
OOD_1262,distance_diff_3D,0,0.01241773855221726
OOD_1263,distance_diff_3D,1,0.9445166203144981
OOD_1264,distance_diff_3D,0,0.037290111231896635
OOD_1265,distance_diff_3D,0,0.5720176912277976
OOD_1266,distance_diff_3D,0,0.1101770888005895
OOD_1267,distance_diff_3D,1,0.8441819850182751
OOD_1268,distance_diff_3D,0,1.6988469786543977e-05
OOD_1269,distance_diff_3D,1,0.9429007474854832
OOD_1270,distance_diff_3D,1,0.15479839674037965
OOD_1271,distance_diff_3D,0,0.006300802813571217
OOD_1272,distance_diff_3D,1,0.8718562092021417
OOD_1273,distance_diff_3D,1,0.9517136174591088
OOD_1274,distance_diff_3D,1,0.7654709317798387
OOD_1275,distance_diff_3D,1,0.5308394401944739
OOD_1276,distance_diff_3D,0,0.06823758816436788
OOD_1277,distance_diff_3D,0,2.6934609986274047e-05
OOD_1278,distance_diff_3D,1,0.5418186328264489
OOD_1279,distance_diff_3D,0,0.0054760873926647845
OOD_1280,distance_diff_3D,1,0.7911630035927322
OOD_1281,distance_diff_3D,1,0.9465964917285753
OOD_1282,distance_diff_3D,1,0.9025747221198849
OOD_1283,distance_diff_3D,0,0.6202269040055391
OOD_1284,distance_diff_3D,0,0.49676915354077206
OOD_1285,distance_diff_3D,0,2.1228109116314157e-06
OOD_1286,distance_diff_3D,1,0.7427200210330999
OOD_1287,distance_diff_3D,0,0.0003368385415283947
OOD_1288,distance_diff_3D,1,0.6539506064155
OOD_1289,distance_diff_3D,0,0.6257037705046018
OOD_1290,distance_diff_3D,0,0.5520288371873786
OOD_1291,distance_diff_3D,1,0.19796334473926067
OOD_1292,distance_diff_3D,0,0.5199876087499808
OOD_1293,distance_diff_3D,0,0.004709186559253589
OOD_1294,distance_diff_3D,0,0.0016811228804242038
OOD_1295,distance_diff_3D,0,0.0036883153053010446
OOD_1296,distance_diff_3D,0,0.8591332342125387
OOD_1297,distance_diff_3D,0,0.6681445416228521
OOD_1298,distance_diff_3D,1,0.43575033593312357
OOD_1299,distance_diff_3D,0,0.5423363429025008
OOD_1300,distance_diff_3D,0,0.00015388386224816437
OOD_1301,distance_diff_3D,0,0.25854769569053737
OOD_1302,distance_diff_3D,0,0.09752877858756452
OOD_1303,distance_diff_3D,1,0.8509219769394607
OOD_1304,distance_diff_3D,1,0.8493917799627009
OOD_1305,distance_diff_3D,0,0.06878107197333971
OOD_1306,distance_diff_3D,1,0.4529878184436425
OOD_1307,distance_diff_3D,0,0.07036096883356786
OOD_1308,distance_diff_3D,1,0.566694461777965
OOD_1309,distance_diff_3D,0,0.1406523984700541
OOD_1310,distance_diff_3D,0,9.071256507398868e-05
OOD_1311,distance_diff_3D,0,0.8899982832277498
OOD_1312,distance_diff_3D,1,0.9183383613033141
OOD_1313,distance_diff_3D,0,0.8635651849087215
OOD_1314,distance_diff_3D,0,0.007701311924835896
OOD_1315,distance_diff_3D,0,0.2267813697574027
OOD_1316,distance_diff_3D,0,0.006313969008980126
OOD_1317,distance_diff_3D,0,0.329655894160225
OOD_1318,distance_diff_3D,0,0.09087445831601282
OOD_1319,distance_diff_3D,1,0.8524960513516741
OOD_1320,distance_diff_3D,0,2.6885760688609755e-06
OOD_1321,distance_diff_3D,1,0.9492710975390382
OOD_1322,distance_diff_3D,0,0.4157774207735511
OOD_1323,distance_diff_3D,0,0.5138544432239532
OOD_1324,distance_diff_3D,1,0.8333531310556428
OOD_1325,distance_diff_3D,0,0.06942616821168852
OOD_1326,distance_diff_3D,1,0.9742617930968082
OOD_1327,distance_diff_3D,1,0.7659406838478504
OOD_1328,distance_diff_3D,0,0.6170760930958976
OOD_1329,distance_diff_3D,0,0.01455965333689278
OOD_1330,distance_diff_3D,1,0.9397806486098359
OOD_1331,distance_diff_3D,0,0.00508531918320301
OOD_1332,distance_diff_3D,0,0.007185043375957471
OOD_1333,distance_diff_3D,0,0.03014062758700145
OOD_1334,distance_diff_3D,1,0.871740480870654
OOD_1335,distance_diff_3D,0,0.07122468548770962
OOD_1336,distance_diff_3D,1,0.2668766507339492
OOD_1337,distance_diff_3D,0,9.673020422736434e-06
OOD_1338,distance_diff_3D,1,0.6523895849726149
OOD_1339,distance_diff_3D,0,0.0002908485724780788
OOD_1340,distance_diff_3D,1,0.7771336485463973
OOD_1341,distance_diff_3D,0,0.0029314324635099217
OOD_1342,distance_diff_3D,0,0.04452976275601066
OOD_1343,distance_diff_3D,1,0.6619616376015216
OOD_1344,distance_diff_3D,0,0.10302334953817625
OOD_1345,distance_diff_3D,1,0.9400912131046154
OOD_1346,distance_diff_3D,1,0.04127162812871397
OOD_1347,distance_diff_3D,0,0.03184464610946783
OOD_1348,distance_diff_3D,1,0.137329806975891
OOD_1349,distance_diff_3D,1,0.8953589893596648
OOD_1350,distance_diff_3D,0,0.6878792564017568
OOD_1351,distance_diff_3D,0,0.8564068760514743
OOD_1352,distance_diff_3D,1,0.432560259204562
OOD_1353,distance_diff_3D,0,0.00020522486698222752
OOD_1354,distance_diff_3D,0,0.056350207490266105
OOD_1355,distance_diff_3D,0,0.10651329230556272
OOD_1356,distance_diff_3D,0,4.686274299863596e-06
OOD_1357,distance_diff_3D,1,0.9676930192901028
OOD_1358,distance_diff_3D,0,0.4193368582443311
OOD_1359,distance_diff_3D,0,0.0017348192470923868
OOD_1360,distance_diff_3D,0,7.688846099167781e-05
OOD_1361,distance_diff_3D,0,0.00014957025038198307
OOD_1362,distance_diff_3D,0,0.0025683965560852396
OOD_1363,distance_diff_3D,1,0.5265135156323926
OOD_1364,distance_diff_3D,0,0.00652031452625115
OOD_1365,distance_diff_3D,0,0.14878607680776285
OOD_1366,distance_diff_3D,0,0.0003157106363224999
OOD_1367,distance_diff_3D,1,0.9296948073017569
OOD_1368,distance_diff_3D,1,0.917054416236513
OOD_1369,distance_diff_3D,0,0.002606773471309785
OOD_1370,distance_diff_3D,1,0.7876311352278191
OOD_1371,distance_diff_3D,0,0.803110222841437
OOD_1372,distance_diff_3D,0,0.034738885104392124
OOD_1373,distance_diff_3D,0,0.021934557065681256
OOD_1374,distance_diff_3D,0,0.5380961338384136
OOD_1375,distance_diff_3D,1,0.9431429932425451
OOD_1376,distance_diff_3D,1,0.935926716175668
OOD_1377,distance_diff_3D,0,0.0046056538509167775
OOD_1378,distance_diff_3D,0,0.015923413324634993
OOD_1379,distance_diff_3D,0,0.00012027176153963371
OOD_1380,distance_diff_3D,0,0.01813255889801309
OOD_1381,distance_diff_3D,1,0.8425367907825395
OOD_1382,distance_diff_3D,0,0.00031767339575292
OOD_1383,distance_diff_3D,1,0.8353243107953174
OOD_1384,distance_diff_3D,0,0.030264566905431868
OOD_1385,distance_diff_3D,1,0.9057225033294944
OOD_1386,distance_diff_3D,0,0.00018157408362007903
OOD_1387,distance_diff_3D,1,0.5145339819291999
OOD_1388,distance_diff_3D,0,0.00047809488754618887
OOD_1389,distance_diff_3D,0,0.008298537441262329
OOD_1390,distance_diff_3D,0,0.7678788749034976
OOD_1391,distance_diff_3D,0,0.18186502916486674
OOD_1392,distance_diff_3D,1,0.9138389954701124
OOD_1393,distance_diff_3D,0,0.8378017805066262
OOD_1394,distance_diff_3D,0,0.5771836081121534
OOD_1395,distance_diff_3D,0,0.0003230604020967047
OOD_1396,distance_diff_3D,0,0.00012374485124695564
OOD_1397,distance_diff_3D,0,0.05936535903665338
OOD_1398,distance_diff_3D,0,0.10906778163542105
OOD_1399,distance_diff_3D,1,0.8558077518261731
OOD_1400,distance_diff_3D,0,0.12241826101720667
OOD_1401,distance_diff_3D,0,0.12900908786919046
OOD_1402,distance_diff_3D,0,0.0002617100772108134
OOD_1403,distance_diff_3D,1,0.7597890894944581
OOD_1404,distance_diff_3D,0,5.16398414479448e-05
OOD_1405,distance_diff_3D,1,0.7472440991845173
OOD_1406,distance_diff_3D,0,0.0005513138186389956
OOD_1407,distance_diff_3D,1,0.9000222210790498
OOD_1408,distance_diff_3D,1,0.8848494643560085
OOD_1409,distance_diff_3D,0,0.014748920625534475
OOD_1410,distance_diff_3D,1,0.8713962750695851
OOD_1411,distance_diff_3D,0,0.11544336703578763
OOD_1412,distance_diff_3D,1,0.5692094895589878
OOD_1413,distance_diff_3D,0,0.05868151020515282
OOD_1414,distance_diff_3D,0,0.00847548423328697
OOD_1415,distance_diff_3D,0,0.023728358938164617
OOD_1416,distance_diff_3D,1,0.9521813179802794
OOD_1417,distance_diff_3D,0,0.00010655287381905624
OOD_1418,distance_diff_3D,0,0.060586372802757804
OOD_1419,distance_diff_3D,0,0.7483969284856062
OOD_1420,distance_diff_3D,0,0.16832067914819934
OOD_1421,distance_diff_3D,0,0.02890701972419305
OOD_1422,distance_diff_3D,1,0.8783567139431541
OOD_1423,distance_diff_3D,0,0.06808572652530728
OOD_1424,distance_diff_3D,0,0.04765224248675297
OOD_1425,distance_diff_3D,0,0.09840831060765652
OOD_1426,distance_diff_3D,1,0.8008937241076551
OOD_1427,distance_diff_3D,0,0.0743723698549294
OOD_1428,distance_diff_3D,0,0.02939454169505456
OOD_1429,distance_diff_3D,0,0.13743597749065953
OOD_1430,distance_diff_3D,0,3.173079749734517e-06
OOD_1431,distance_diff_3D,0,0.0024276427218882547
OOD_1432,distance_diff_3D,0,0.4423541756932877
OOD_1433,distance_diff_3D,0,0.06292003055016075
OOD_1434,distance_diff_3D,1,0.27618954895488057
OOD_1435,distance_diff_3D,1,0.8357408117959619
OOD_1436,distance_diff_3D,1,0.8951308020705986
OOD_1437,distance_diff_3D,0,0.01229927853633808
OOD_1438,distance_diff_3D,0,0.0007165373521143385
OOD_1439,distance_diff_3D,1,0.906285393101148
OOD_1440,distance_diff_3D,1,0.5825245478212979
OOD_1441,distance_diff_3D,1,0.9258583053496444
OOD_1442,distance_diff_3D,0,0.17852130938813995
OOD_1443,distance_diff_3D,1,0.5916919101339736
OOD_1444,distance_diff_3D,0,0.17409828931077678
OOD_1445,distance_diff_3D,0,0.2980029381801504
OOD_1446,distance_diff_3D,1,0.46294824627561015
OOD_1447,distance_diff_3D,0,0.0008056075898619559
OOD_1448,distance_diff_3D,0,0.017077729980574597
OOD_1449,distance_diff_3D,0,0.00039205788531112044
OOD_1450,distance_diff_3D,0,0.2390985527497036
OOD_1451,distance_diff_3D,0,0.16900983768831962
OOD_1452,distance_diff_3D,1,0.7865581461728002
OOD_1453,distance_diff_3D,0,0.7872619633920273
OOD_1454,distance_diff_3D,0,0.8225705251817159
OOD_1455,distance_diff_3D,1,0.914559940463138
OOD_1456,distance_diff_3D,0,0.002044528712440487
OOD_1457,distance_diff_3D,1,0.6344139576889156
OOD_1458,distance_diff_3D,0,0.11133071742722357
OOD_1459,distance_diff_3D,0,0.013001599494116615
OOD_1460,distance_diff_3D,0,0.4302074075000351
OOD_1461,distance_diff_3D,1,0.9404365045142651
OOD_1462,distance_diff_3D,0,0.01454253761907878
OOD_1463,distance_diff_3D,0,0.0004828614386780522
OOD_1464,distance_diff_3D,1,0.5685294103025917
OOD_1465,distance_diff_3D,1,0.36150786747532193
OOD_1466,distance_diff_3D,0,0.037269754180403326
OOD_1467,distance_diff_3D,0,0.7273780113793438
OOD_1468,distance_diff_3D,0,0.15023083448530794
OOD_1469,distance_diff_3D,0,0.3961324969839751
OOD_1470,distance_diff_3D,0,0.7534222251418682
OOD_1471,distance_diff_3D,1,0.9456474973712893
OOD_1472,distance_diff_3D,1,0.9185524887052461
OOD_1473,distance_diff_3D,0,0.6023433700630619
OOD_1474,distance_diff_3D,1,0.9179850553288502
OOD_1475,distance_diff_3D,1,0.9235050827143224
OOD_1476,distance_diff_3D,0,0.8934258584242073
OOD_1477,distance_diff_3D,0,0.11126427468968245
OOD_1478,distance_diff_3D,0,0.4370615215128714
OOD_1479,distance_diff_3D,0,0.016257154577012805
OOD_1480,distance_diff_3D,1,0.7401950081279484
OOD_1481,distance_diff_3D,0,0.0695672660269744
OOD_1482,distance_diff_3D,0,0.37891554375736286
OOD_1483,distance_diff_3D,1,0.26295031590789725
OOD_1484,distance_diff_3D,0,0.02888552096636462
OOD_1485,distance_diff_3D,0,0.904475435468957
OOD_1486,distance_diff_3D,0,0.0008403539086891622
OOD_1487,distance_diff_3D,0,0.011061596693989562
OOD_1488,distance_diff_3D,1,0.6236290143508805
OOD_1489,distance_diff_3D,0,0.32048623405399007
OOD_1490,distance_diff_3D,1,0.9160690785121068
OOD_1491,distance_diff_3D,0,0.38184518151699465
OOD_1492,distance_diff_3D,0,4.9538440071677835e-05
OOD_1493,distance_diff_3D,1,0.8663836518268513
OOD_1494,distance_diff_3D,0,0.0007666447346289169
OOD_1495,distance_diff_3D,0,5.366385156048178e-06
OOD_1496,distance_diff_3D,1,0.954768332987226
OOD_1497,distance_diff_3D,0,0.3481232170691919
OOD_1498,distance_diff_3D,1,0.6091376892925429
OOD_1499,distance_diff_3D,1,0.8116079459898088
OOD_1500,distance_diff_3D,0,1.543100565921708e-05
OOD_1501,distance_diff_3D,1,0.839709255372338
OOD_1502,distance_diff_3D,0,0.121085117712126
OOD_1503,distance_diff_3D,1,0.9649599388356109
OOD_1504,distance_diff_3D,1,0.8698786094318558
OOD_1505,distance_diff_3D,1,0.9409566276254733
OOD_1506,distance_diff_3D,0,0.0015141293528341162
OOD_1507,distance_diff_3D,0,1.5329589061555595e-05
OOD_1508,distance_diff_3D,0,0.4994346560718443
OOD_1509,distance_diff_3D,1,0.042697788780251315
OOD_1510,distance_diff_3D,0,0.3380424329147234
OOD_1511,distance_diff_3D,0,0.38830848010148883
OOD_1512,distance_diff_3D,1,0.9186747192835207
OOD_1513,distance_diff_3D,0,0.027319946906994068
OOD_1514,distance_diff_3D,0,0.007174701123610971
OOD_1515,distance_diff_3D,1,0.600907572051892
OOD_1516,distance_diff_3D,1,0.6747409783957582
OOD_1517,distance_diff_3D,1,0.35322353571188464
OOD_1518,distance_diff_3D,0,0.02559225916592039
OOD_1519,distance_diff_3D,0,0.8916370191025264
OOD_1520,distance_diff_3D,0,0.02194838324844194
OOD_1521,distance_diff_3D,0,0.7893782709970937
OOD_1522,distance_diff_3D,0,0.00019885974826256556
OOD_1523,distance_diff_3D,0,0.025724084884480573
OOD_1524,distance_diff_3D,1,0.9313736445374807
OOD_1525,distance_diff_3D,1,0.6590831195816591
OOD_1526,distance_diff_3D,1,0.9297509736430042
OOD_1527,distance_diff_3D,1,0.9006797899149674
OOD_1528,distance_diff_3D,0,0.06239578582486622
OOD_1529,distance_diff_3D,1,0.300375865131499
OOD_1530,distance_diff_3D,1,0.6832271573692129
OOD_1531,distance_diff_3D,1,0.9592608949584396
OOD_1532,distance_diff_3D,1,0.5883766534469197
OOD_1533,distance_diff_3D,0,0.18714682033996966
OOD_1534,distance_diff_3D,0,0.0001017754382817746
OOD_1535,distance_diff_3D,1,0.8774989851413506
OOD_1536,distance_diff_3D,0,0.037626194178384496
OOD_1537,distance_diff_3D,1,0.5512307333401382
OOD_1538,distance_diff_3D,1,0.6880232277185782
OOD_1539,distance_diff_3D,1,0.4500552803111983
OOD_1540,distance_diff_3D,0,0.4660243530028569
OOD_1541,distance_diff_3D,1,0.6206288522153245
OOD_1542,distance_diff_3D,0,3.0431687471044112e-05
OOD_1543,distance_diff_3D,1,0.8728374325642813
OOD_1544,distance_diff_3D,0,0.0021914985377303794
OOD_1545,distance_diff_3D,0,5.037467249825209e-07
OOD_1546,distance_diff_3D,1,0.8112982680380992
OOD_1547,distance_diff_3D,0,0.5811893345679906
OOD_1548,distance_diff_3D,1,0.846253005629086
OOD_1549,distance_diff_3D,1,0.39347278151561677
OOD_1550,distance_diff_3D,0,0.0005358942258324919
OOD_1551,distance_diff_3D,0,0.010395924732884669
OOD_1552,distance_diff_3D,0,0.3311597701943582
OOD_1553,distance_diff_3D,0,0.6817575868456678
OOD_1554,distance_diff_3D,1,0.5599124748919962
OOD_1555,distance_diff_3D,0,0.739462620315316
OOD_1556,distance_diff_3D,0,0.010687480857924737
OOD_1557,distance_diff_3D,0,0.04418365691920941
OOD_1558,distance_diff_3D,1,0.7017945634306223
OOD_1559,distance_diff_3D,0,0.005839627112181577
OOD_1560,distance_diff_3D,0,0.003108271550906074
OOD_1561,distance_diff_3D,1,0.5251753947467496
OOD_1562,distance_diff_3D,1,0.4969523498083194
OOD_1563,distance_diff_3D,0,0.12293799087778184
OOD_1564,distance_diff_3D,0,0.00012566103500241595
OOD_1565,distance_diff_3D,0,0.13311580998222433
OOD_1566,distance_diff_3D,1,0.9657819732789044
OOD_1567,distance_diff_3D,0,0.5583538937832738
OOD_1568,distance_diff_3D,0,0.0801683451054265
OOD_1569,distance_diff_3D,0,0.16053697734186523
OOD_1570,distance_diff_3D,0,0.25385464265753543
OOD_1571,distance_diff_3D,0,0.4495107513315793
OOD_1572,distance_diff_3D,0,0.019224293119832647
OOD_1573,distance_diff_3D,0,0.1697272894253595
OOD_1574,distance_diff_3D,0,0.1303877305083994
OOD_1575,distance_diff_3D,0,0.6692588139539191
OOD_1576,distance_diff_3D,0,0.00048639122425524103
OOD_1577,distance_diff_3D,0,5.4945198389387915e-05
OOD_1578,distance_diff_3D,0,0.1745792060285573
OOD_1579,distance_diff_3D,1,0.8445919129750872
OOD_1580,distance_diff_3D,1,0.5185696367530178
OOD_1581,distance_diff_3D,0,0.7534395442202291
OOD_1582,distance_diff_3D,0,0.18572455297454082
OOD_1583,distance_diff_3D,1,0.9729497117080134
OOD_1584,distance_diff_3D,0,0.019550349056435407
OOD_1585,distance_diff_3D,0,0.008800043075958242
OOD_1586,distance_diff_3D,1,0.6033307667379886
OOD_1587,distance_diff_3D,1,0.8297536016560524
OOD_1588,distance_diff_3D,0,0.06122623725933674
OOD_1589,distance_diff_3D,1,0.7753307366462682
OOD_1590,distance_diff_3D,1,0.9403665544219597
OOD_1591,distance_diff_3D,0,8.07780122913043e-06
OOD_1592,distance_diff_3D,0,0.051933479676904044
OOD_1593,distance_diff_3D,1,0.9087043856358065
OOD_1594,distance_diff_3D,0,8.918504209183804e-06
OOD_1595,distance_diff_3D,1,0.7131190111515276
OOD_1596,distance_diff_3D,1,0.8327602622989944
OOD_1597,distance_diff_3D,0,0.002255775864163472
OOD_1598,distance_diff_3D,1,0.9386790655081348
OOD_1599,distance_diff_3D,0,0.7159967665092288
OOD_1600,distance_diff_3D,1,0.8008747563947071
OOD_1601,distance_diff_3D,0,0.0031226825010049085
OOD_1602,distance_diff_3D,1,0.5810749545771512
OOD_1603,distance_diff_3D,1,0.9409287706234098
OOD_1604,distance_diff_3D,1,0.907294615746275
OOD_1605,distance_diff_3D,1,0.11975721345100661
OOD_1606,distance_diff_3D,0,0.0004754022482329011
OOD_1607,distance_diff_3D,0,0.028136375789756536
OOD_1608,distance_diff_3D,1,0.6205473483537357
OOD_1609,distance_diff_3D,0,0.0023291251573448624
OOD_1610,distance_diff_3D,0,0.5199411977740057
OOD_1611,distance_diff_3D,0,0.1412387171136952
OOD_1612,distance_diff_3D,1,0.851143876078505
OOD_1613,distance_diff_3D,0,0.0014350149374561996
OOD_1614,distance_diff_3D,0,0.0002170161110025686
OOD_1615,distance_diff_3D,1,0.5209301741883385
OOD_1616,distance_diff_3D,1,0.9397866193635817
OOD_1617,distance_diff_3D,0,0.8172146545219942
OOD_1618,distance_diff_3D,1,0.6684914833911725
OOD_1619,distance_diff_3D,0,0.7294401626071495
OOD_1620,distance_diff_3D,1,0.6513753436261104
OOD_1621,distance_diff_3D,1,0.9521105417199954
OOD_1622,distance_diff_3D,1,0.9390262697452266
OOD_1623,distance_diff_3D,1,0.9612976095249696
OOD_1624,distance_diff_3D,1,0.9279875763086223
OOD_1625,distance_diff_3D,0,0.4799905905802144
OOD_1626,distance_diff_3D,0,0.5930969049288045
OOD_1627,distance_diff_3D,0,0.1597312126212199
OOD_1628,distance_diff_3D,1,0.25762645718074145
OOD_1629,distance_diff_3D,0,0.7462908757157029
OOD_1630,distance_diff_3D,0,0.002706742513680083
OOD_1631,distance_diff_3D,1,0.8590820411069525
OOD_1632,distance_diff_3D,0,0.00013350599029516013
OOD_1633,distance_diff_3D,1,0.8253418894636544
OOD_1634,distance_diff_3D,0,0.22173688353202148
OOD_1635,distance_diff_3D,1,0.7572020963188066
OOD_1636,distance_diff_3D,0,0.0013105502045311788
OOD_1637,distance_diff_3D,1,0.8981343250836495
OOD_1638,distance_diff_3D,1,0.9585764501376376
OOD_1639,distance_diff_3D,1,0.9104343568537406
OOD_1640,distance_diff_3D,0,0.03700721832210643
OOD_1641,distance_diff_3D,0,0.0012027372934214923
OOD_1642,distance_diff_3D,0,0.38937092182150845
OOD_1643,distance_diff_3D,0,0.024120905068192106
OOD_1644,distance_diff_3D,1,0.9085124121675902
OOD_1645,distance_diff_3D,0,1.9410437757960935e-05
OOD_1646,distance_diff_3D,1,0.8155033602443696
OOD_1647,distance_diff_3D,1,0.8388542512824281
OOD_1648,distance_diff_3D,0,0.02289436347448413
OOD_1649,distance_diff_3D,1,0.3771323498215612
OOD_1650,distance_diff_3D,0,0.0018666481040709635
OOD_1651,distance_diff_3D,0,0.03524531008662821
OOD_1652,distance_diff_3D,1,0.13323557692755386
OOD_1653,distance_diff_3D,0,0.000513309597667012
OOD_1654,distance_diff_3D,1,0.9542991064884294
OOD_1655,distance_diff_3D,0,0.028115439641444133
OOD_1656,distance_diff_3D,1,0.07734512147599329
OOD_1657,distance_diff_3D,0,0.13007240210708237
OOD_1658,distance_diff_3D,0,0.0026192069193319697
OOD_1659,distance_diff_3D,0,0.4974666551112664
OOD_1660,distance_diff_3D,0,0.41173532830654935
OOD_1661,distance_diff_3D,0,0.9098059463306583
OOD_1662,distance_diff_3D,1,0.9227733350843877
OOD_1663,distance_diff_3D,0,0.003631137197067313
OOD_1664,distance_diff_3D,0,0.015473864151408513
OOD_1665,distance_diff_3D,0,0.18195732357979671
OOD_1666,distance_diff_3D,1,0.4191213197854755
OOD_1667,distance_diff_3D,0,0.0004011862381205131
OOD_1668,distance_diff_3D,1,0.9070338187746531
OOD_1669,distance_diff_3D,0,0.1341422185230349
OOD_1670,distance_diff_3D,0,1.3214823800319592e-05
OOD_1671,distance_diff_3D,1,0.6267993135072996
OOD_1672,distance_diff_3D,0,0.2455469937515572
OOD_1673,distance_diff_3D,0,8.803666963676298e-06
OOD_1674,distance_diff_3D,0,0.012547535050918667
OOD_1675,distance_diff_3D,0,0.07304927402840475
OOD_1676,distance_diff_3D,0,2.1729397735211897e-06
OOD_1677,distance_diff_3D,1,0.5307809178505091
OOD_1678,distance_diff_3D,0,3.703192346740521e-05
OOD_1679,distance_diff_3D,1,0.9506649234247482
OOD_1680,distance_diff_3D,0,0.613551911331318
OOD_1681,distance_diff_3D,0,0.12741730845911955
OOD_1682,distance_diff_3D,0,0.010165878346211544
OOD_1683,distance_diff_3D,1,0.2010911968493104
OOD_1684,distance_diff_3D,0,0.00043964214235768436
OOD_1685,distance_diff_3D,0,0.6699276953693213
OOD_1686,distance_diff_3D,0,0.00013587121337787825
OOD_1687,distance_diff_3D,0,0.07160108552848791
OOD_1688,distance_diff_3D,0,0.693139623537963
OOD_1689,distance_diff_3D,1,0.9237724271205586
OOD_1690,distance_diff_3D,0,0.06821411424882753
OOD_1691,distance_diff_3D,1,0.6851343585021554
OOD_1692,distance_diff_3D,1,0.6868449759419011
OOD_1693,distance_diff_3D,1,0.5953532025444797
OOD_1694,distance_diff_3D,1,0.9496237143842486
OOD_1695,distance_diff_3D,0,0.8960546405351038
OOD_1696,distance_diff_3D,0,0.00012668859337434482
OOD_1697,distance_diff_3D,0,0.05458763075084724
OOD_1698,distance_diff_3D,0,9.440801357948658e-05
OOD_1699,distance_diff_3D,1,0.8910530804384813
OOD_1700,distance_diff_3D,1,0.9370200763152238
OOD_1701,distance_diff_3D,0,0.022110455132526966
OOD_1702,distance_diff_3D,0,0.7452245092076096
OOD_1703,distance_diff_3D,0,0.015624820102826906
OOD_1704,distance_diff_3D,1,0.7318898804495246
OOD_1705,distance_diff_3D,0,4.563946392441336e-06
OOD_1706,distance_diff_3D,0,0.08858209061145823
OOD_1707,distance_diff_3D,1,0.30728408518876443
OOD_1708,distance_diff_3D,0,2.191627060069119e-05
OOD_1709,distance_diff_3D,0,0.13267119998025045
OOD_1710,distance_diff_3D,0,0.0014632513948873158
OOD_1711,distance_diff_3D,1,0.8330832958262442
OOD_1712,distance_diff_3D,1,0.872965591761789
OOD_1713,distance_diff_3D,0,0.3253900082733489
OOD_1714,distance_diff_3D,0,0.08169712822279156
OOD_1715,distance_diff_3D,1,0.8217873200970034
OOD_1716,distance_diff_3D,0,0.022056108829085635
OOD_1717,distance_diff_3D,0,0.46184618939611255
OOD_1718,distance_diff_3D,0,0.06760313622678658
OOD_1719,distance_diff_3D,1,0.6506467397270996
OOD_1720,distance_diff_3D,1,0.420117399408802
OOD_1721,distance_diff_3D,0,0.0013061973254664277
OOD_1722,distance_diff_3D,1,0.7672806832973978
OOD_1723,distance_diff_3D,0,0.6745130911972754
OOD_1724,distance_diff_3D,0,0.3868864289376552
OOD_1725,distance_diff_3D,0,0.3646966312142211
OOD_1726,distance_diff_3D,1,0.7905931992158337
OOD_1727,distance_diff_3D,0,0.011515011192131313
OOD_1728,distance_diff_3D,0,0.030598030340383588
OOD_1729,distance_diff_3D,0,0.10980511448162436
OOD_1730,distance_diff_3D,0,4.393689315095621e-05
OOD_1731,distance_diff_3D,0,0.0007593488424963993
OOD_1732,distance_diff_3D,0,0.5099079096918812
OOD_1733,distance_diff_3D,0,5.634665706394762e-05
OOD_1734,distance_diff_3D,0,0.42649049300278935
OOD_1735,distance_diff_3D,0,0.200323942218789
OOD_1736,distance_diff_3D,1,0.8922741537295972
OOD_1737,distance_diff_3D,0,0.16936099670290883
OOD_1738,distance_diff_3D,0,0.43176948841712764
OOD_1739,distance_diff_3D,1,0.47144772311600636
OOD_1740,distance_diff_3D,1,0.8943886733272128
OOD_1741,distance_diff_3D,0,0.014052909470959178
OOD_1742,distance_diff_3D,0,0.01575296812053526
OOD_1743,distance_diff_3D,0,0.019975401752133866
OOD_1744,distance_diff_3D,1,0.44018770774882926
OOD_1745,distance_diff_3D,0,0.013208182154686873
OOD_1746,distance_diff_3D,1,0.7873746884203268
OOD_1747,distance_diff_3D,0,0.4000787560303526
OOD_1748,distance_diff_3D,1,0.7564027680126836
OOD_1749,distance_diff_3D,1,0.898979065259777
OOD_1750,distance_diff_3D,0,0.00015442936725444854
OOD_1751,distance_diff_3D,0,0.33849555805970855
OOD_1752,distance_diff_3D,0,9.442963521040865e-05
OOD_1753,distance_diff_3D,0,0.00040806015292039897
OOD_1754,distance_diff_3D,0,0.00014315064932973767
OOD_1755,distance_diff_3D,0,0.1042166030485141
OOD_1756,distance_diff_3D,1,0.8455764568143367
OOD_1757,distance_diff_3D,1,0.20514571466421203
OOD_1758,distance_diff_3D,0,0.043280161809078385
OOD_1759,distance_diff_3D,0,0.15866212221549883
OOD_1760,distance_diff_3D,1,0.7260227409012933
OOD_1761,distance_diff_3D,1,0.9066606949861061
OOD_1762,distance_diff_3D,0,0.38767620331774355
OOD_1763,distance_diff_3D,0,0.006523415485391043
OOD_1764,distance_diff_3D,0,0.4887681410676125
OOD_1765,distance_diff_3D,1,0.8774338413763155
OOD_1766,distance_diff_3D,1,0.6596151532399495
OOD_1767,distance_diff_3D,1,0.8431315733688355
OOD_1768,distance_diff_3D,0,0.010302906317409873
OOD_1769,distance_diff_3D,0,0.00048756319388636887
OOD_1770,distance_diff_3D,0,0.00784241057379811
OOD_1771,distance_diff_3D,0,0.0478023796241597
OOD_1772,distance_diff_3D,0,0.0002008621461850019
OOD_1773,distance_diff_3D,0,0.005243755798420421
OOD_1774,distance_diff_3D,0,0.0007793695730664455
OOD_1775,distance_diff_3D,0,0.023694727280962637
OOD_1776,distance_diff_3D,0,0.021380095048396084
OOD_1777,distance_diff_3D,0,0.567725746300079
OOD_1778,distance_diff_3D,1,0.650363232981041
OOD_1779,distance_diff_3D,0,1.7812036459475743e-06
OOD_1780,distance_diff_3D,1,0.8216625309732556
OOD_1781,distance_diff_3D,0,0.0006195428646135023
OOD_1782,distance_diff_3D,1,0.9688056356303862
OOD_1783,distance_diff_3D,0,0.6724370796756098
OOD_1784,distance_diff_3D,1,0.9038936189971428
OOD_1785,distance_diff_3D,1,0.9431836167115047
OOD_1786,distance_diff_3D,0,0.6956275985314354
OOD_1787,distance_diff_3D,0,0.0011211458457362753
OOD_1788,distance_diff_3D,0,0.0014861192930003095
OOD_1789,distance_diff_3D,0,0.61567294337037
OOD_1790,distance_diff_3D,0,0.030949312544395702
OOD_1791,distance_diff_3D,0,0.11669121650612403
OOD_1792,distance_diff_3D,0,0.009539900678044456
OOD_1793,distance_diff_3D,0,0.0006489215151051373
OOD_1794,distance_diff_3D,1,0.8048597887334554
OOD_1795,distance_diff_3D,1,0.7863034107242013
OOD_1796,distance_diff_3D,0,0.0010237472508964971
OOD_1797,distance_diff_3D,0,0.8753077386592727
OOD_1798,distance_diff_3D,0,7.412100616918142e-05
OOD_1799,distance_diff_3D,0,0.01382120666101432
OOD_1800,distance_diff_3D,0,0.15862128435992923
OOD_1801,distance_diff_3D,1,0.7480199616886716
OOD_1802,distance_diff_3D,1,0.6184093112224431
OOD_1803,distance_diff_3D,1,0.3428366588518595
OOD_1804,distance_diff_3D,1,0.3365835338151842
OOD_1805,distance_diff_3D,0,0.09344584765142133
OOD_1806,distance_diff_3D,0,0.0029346430541107617
OOD_1807,distance_diff_3D,0,0.1344592449141061
OOD_1808,distance_diff_3D,1,0.7743360701844093
OOD_1809,distance_diff_3D,0,2.8193830393081543e-05
OOD_1810,distance_diff_3D,0,5.965059436213553e-05
OOD_1811,distance_diff_3D,0,0.028968685429151084
OOD_1812,distance_diff_3D,0,2.518880192567568e-05
OOD_1813,distance_diff_3D,0,0.02000043795630341
OOD_1814,distance_diff_3D,0,0.7439328396999735
OOD_1815,distance_diff_3D,1,0.8628815069246215
OOD_1816,distance_diff_3D,0,0.0011459141883565817
OOD_1817,distance_diff_3D,1,0.8611964830564046
OOD_1818,distance_diff_3D,0,0.7637920049664423
OOD_1819,distance_diff_3D,0,0.00011166976692414991
OOD_1820,distance_diff_3D,1,0.813342547857722
OOD_1821,distance_diff_3D,1,0.2245558963035536
OOD_1822,distance_diff_3D,1,0.5071079848700843
OOD_1823,distance_diff_3D,0,0.4895405008997744
OOD_1824,distance_diff_3D,1,0.941783355929232
OOD_1825,distance_diff_3D,0,0.922110239808865
OOD_1826,distance_diff_3D,0,0.00017259330079045924
OOD_1827,distance_diff_3D,0,0.0025409974029592867
OOD_1828,distance_diff_3D,0,0.2391624600884976
OOD_1829,distance_diff_3D,1,0.8446363914040835
OOD_1830,distance_diff_3D,1,0.5510917161870871
OOD_1831,distance_diff_3D,0,0.007561381759326846
OOD_1832,distance_diff_3D,0,0.008573444333091788
OOD_1833,distance_diff_3D,0,0.015736094425071855
OOD_1834,distance_diff_3D,1,0.6960872811154644
OOD_1835,distance_diff_3D,0,0.0017437823538027065
OOD_1836,distance_diff_3D,1,0.9376192599968467
OOD_1837,distance_diff_3D,1,0.9388491504010387
OOD_1838,distance_diff_3D,1,0.8211819669821422
OOD_1839,distance_diff_3D,0,0.022793461888828925
OOD_1840,distance_diff_3D,0,0.0013225214841287077
OOD_1841,distance_diff_3D,1,0.5669640199465075
OOD_1842,distance_diff_3D,1,0.9514707706449743
OOD_1843,distance_diff_3D,1,0.31774107894241216
OOD_1844,distance_diff_3D,1,0.28151119547754877
OOD_1845,distance_diff_3D,0,0.021195291738358605
OOD_1846,distance_diff_3D,1,0.9653255918260757
OOD_1847,distance_diff_3D,0,0.004570618710743111
OOD_1848,distance_diff_3D,1,0.4351248023384059
OOD_1849,distance_diff_3D,1,0.963288679759225
OOD_1850,distance_diff_3D,0,0.1319383110660871
OOD_1851,distance_diff_3D,1,0.3863612258463304
OOD_1852,distance_diff_3D,0,0.050202150783682155
OOD_1853,distance_diff_3D,0,2.130534854224956e-05
OOD_1854,distance_diff_3D,0,0.008409826638897125
OOD_1855,distance_diff_3D,0,0.5120019251657256
OOD_1856,distance_diff_3D,1,0.3399110851937404
OOD_1857,distance_diff_3D,1,0.6380142847325656
OOD_1858,distance_diff_3D,0,0.5091086500962843
OOD_1859,distance_diff_3D,0,0.01738707437204464
OOD_1860,distance_diff_3D,0,0.12333515789920883
OOD_1861,distance_diff_3D,1,0.9441167471204976
OOD_1862,distance_diff_3D,0,0.005405401102693187
OOD_1863,distance_diff_3D,1,0.967170880603665
OOD_1864,distance_diff_3D,1,0.8613042106352166
OOD_1865,distance_diff_3D,0,0.07335272260298406
OOD_1866,distance_diff_3D,0,0.006479465709027272
OOD_1867,distance_diff_3D,0,0.000867151170344722
OOD_1868,distance_diff_3D,0,0.007586025381046387
OOD_1869,distance_diff_3D,1,0.3143800169644916
OOD_1870,distance_diff_3D,1,0.9021474688910288
OOD_1871,distance_diff_3D,1,0.6424985695574691
OOD_1872,distance_diff_3D,1,0.9641585535187348
OOD_1873,distance_diff_3D,0,0.07363603213644764
OOD_1874,distance_diff_3D,1,0.7596887756661546
OOD_1875,distance_diff_3D,1,0.7586630998522685
OOD_1876,distance_diff_3D,1,0.8694975171850453
OOD_1877,distance_diff_3D,0,0.7650597897899182
OOD_1878,distance_diff_3D,1,0.05901167448780579
OOD_1879,distance_diff_3D,0,0.0009389325081638914
OOD_1880,distance_diff_3D,0,0.00012931542412438513
OOD_1881,distance_diff_3D,1,0.9354221047238962
OOD_1882,distance_diff_3D,0,0.825808959363155
OOD_1883,distance_diff_3D,0,2.4205570455597347e-05
OOD_1884,distance_diff_3D,0,0.0025206472822203465
OOD_1885,distance_diff_3D,0,0.001445405398655339
OOD_1886,distance_diff_3D,1,0.85036473585547
OOD_1887,distance_diff_3D,1,0.7568640437622541
OOD_1888,distance_diff_3D,1,0.5648344703112189
OOD_1889,distance_diff_3D,1,0.3723470228015058
OOD_1890,distance_diff_3D,1,0.7098267209670193
OOD_1891,distance_diff_3D,0,0.0163794614767568
OOD_1892,distance_diff_3D,0,0.0003530019526305521
OOD_1893,distance_diff_3D,0,0.8418378747867828
OOD_1894,distance_diff_3D,0,0.11713737329441712
OOD_1895,distance_diff_3D,1,0.9531624504830863
OOD_1896,distance_diff_3D,1,0.46509759321389355
OOD_1897,distance_diff_3D,1,0.8920455399609623
OOD_1898,distance_diff_3D,1,0.950574205471935
OOD_1899,distance_diff_3D,0,0.008838773129932549
OOD_1900,distance_diff_3D,0,3.296368387123656e-05
OOD_1901,distance_diff_3D,1,0.9180492603514958
OOD_1902,distance_diff_3D,1,0.9195475980717472
OOD_1903,distance_diff_3D,0,0.09473517254276845
OOD_1904,distance_diff_3D,1,0.965544331467201
OOD_1905,distance_diff_3D,0,0.02301774355801433
OOD_1906,distance_diff_3D,0,0.5601924167414396
OOD_1907,distance_diff_3D,0,0.007331574635459442
OOD_1908,distance_diff_3D,1,0.9001268155416131
OOD_1909,distance_diff_3D,1,0.7624891914186097
OOD_1910,distance_diff_3D,1,0.9553028892743646
OOD_1911,distance_diff_3D,0,1.6548719478187507e-06
OOD_1912,distance_diff_3D,0,0.005099532853818066
OOD_1913,distance_diff_3D,1,0.9159909613379219
OOD_1914,distance_diff_3D,0,0.008237696078657887
OOD_1915,distance_diff_3D,0,0.2643082351122405
OOD_1916,distance_diff_3D,0,0.009819917551596455
OOD_1917,distance_diff_3D,1,0.289401840949671
OOD_1918,distance_diff_3D,0,0.01595708086181977
OOD_1919,distance_diff_3D,0,0.012305849482149864
OOD_1920,distance_diff_3D,0,0.8765351213415122
OOD_1921,distance_diff_3D,0,0.0018418550073949233
OOD_1922,distance_diff_3D,1,0.10814398373027434
OOD_1923,distance_diff_3D,0,0.020233890672155596
OOD_1924,distance_diff_3D,1,0.9498974358941943
OOD_1925,distance_diff_3D,1,0.7020451815620197
OOD_1926,distance_diff_3D,1,0.6799689747020309
OOD_1927,distance_diff_3D,1,0.9592034930928963
OOD_1928,distance_diff_3D,0,0.003445333695002429
OOD_1929,distance_diff_3D,0,0.3178446419377765
OOD_1930,distance_diff_3D,0,0.16092343582632435
OOD_1931,distance_diff_3D,1,0.9388197634048663
OOD_1932,distance_diff_3D,1,0.9591398045979012
OOD_1933,distance_diff_3D,1,0.9021589721407239
OOD_1934,distance_diff_3D,1,0.7595121097901514
OOD_1935,distance_diff_3D,0,0.0009686441253565646
OOD_1936,distance_diff_3D,0,0.006432469257418479
OOD_1937,distance_diff_3D,1,0.7432939689251016
OOD_1938,distance_diff_3D,1,0.5599369258883905
OOD_1939,distance_diff_3D,1,0.07845849766969941
OOD_1940,distance_diff_3D,0,0.6412235075679611
OOD_1941,distance_diff_3D,0,1.262035961652262e-06
OOD_1942,distance_diff_3D,0,1.027596450227004e-05
OOD_1943,distance_diff_3D,1,0.9446597722625161
OOD_1944,distance_diff_3D,1,0.8432186553542769
OOD_1945,distance_diff_3D,1,0.9494422488792056
OOD_1946,distance_diff_3D,1,0.8636374453750022
OOD_1947,distance_diff_3D,0,0.20032255963800402
OOD_1948,distance_diff_3D,0,0.00024572593246118896
OOD_1949,distance_diff_3D,1,0.9199482767450761
OOD_1950,distance_diff_3D,0,0.02994616679556338
OOD_1951,distance_diff_3D,0,0.4260878753616426
OOD_1952,distance_diff_3D,1,0.5596395063719118
OOD_1953,distance_diff_3D,0,0.09060003217237711
OOD_1954,distance_diff_3D,0,0.7952297116575999
OOD_1955,distance_diff_3D,0,0.03062111176847635
OOD_1956,distance_diff_3D,1,0.970583789158916
OOD_1957,distance_diff_3D,0,0.0003614921393845727
OOD_1958,distance_diff_3D,0,0.1624021109675641
OOD_1959,distance_diff_3D,1,0.43588299232744016
OOD_1960,distance_diff_3D,0,0.23036454262727282
OOD_1961,distance_diff_3D,0,6.6121535810439e-05
OOD_1962,distance_diff_3D,0,0.009461541056296577
OOD_1963,distance_diff_3D,0,0.029542641868043878
OOD_1964,distance_diff_3D,0,0.00023594765778748995
OOD_1965,distance_diff_3D,0,0.14373134760061032
OOD_1966,distance_diff_3D,0,0.06288081030198407
OOD_1967,distance_diff_3D,0,0.04771857128600607
OOD_1968,distance_diff_3D,0,0.0622473977204888
OOD_1969,distance_diff_3D,0,0.23935278908473565
OOD_1970,distance_diff_3D,0,5.876187922183984e-05
OOD_1971,distance_diff_3D,1,0.7742526411790075
OOD_1972,distance_diff_3D,1,0.9358473057772017
OOD_1973,distance_diff_3D,0,0.284492396806029
OOD_1974,distance_diff_3D,0,0.5383022724462988
OOD_1975,distance_diff_3D,0,0.01639824869854482
OOD_1976,distance_diff_3D,0,0.032128535954212854
OOD_1977,distance_diff_3D,1,0.8588277373991913
OOD_1978,distance_diff_3D,0,0.010606479889702685
OOD_1979,distance_diff_3D,1,0.285189144700442
OOD_1980,distance_diff_3D,0,0.350552764519427
OOD_1981,distance_diff_3D,1,0.9426242935502936
OOD_1982,distance_diff_3D,0,0.04282630337255472
OOD_1983,distance_diff_3D,1,0.9385063532512664
OOD_1984,distance_diff_3D,0,1.0091555855470988e-05
OOD_1985,distance_diff_3D,0,0.020558293350659663
OOD_1986,distance_diff_3D,1,0.9033955213087898
OOD_1987,distance_diff_3D,0,1.4169405009796662e-05
OOD_1988,distance_diff_3D,0,0.00010812317871592762
OOD_1989,distance_diff_3D,0,0.16463332680895457
OOD_1990,distance_diff_3D,0,0.0017074856526589886
OOD_1991,distance_diff_3D,0,0.6251034170563683
OOD_1992,distance_diff_3D,1,0.33754456159607954
OOD_1993,distance_diff_3D,0,0.06806114139204368
OOD_1994,distance_diff_3D,1,0.5022364381005976
OOD_1995,distance_diff_3D,1,0.8752491629085901
OOD_1996,distance_diff_3D,0,0.16244466423437498
OOD_1997,distance_diff_3D,0,0.009736166119124735
OOD_1998,distance_diff_3D,0,0.12796554930468074
OOD_1999,distance_diff_3D,0,0.07679285438183356
OOD_2000,distance_diff_3D,0,0.0018867572090927737
OOD_2001,distance_diff_3D,1,0.9333646115992119
OOD_2002,distance_diff_3D,0,0.10087056291186305
OOD_2003,distance_diff_3D,1,0.8595374357613585
OOD_2004,distance_diff_3D,0,0.6024649794137266
OOD_2005,distance_diff_3D,1,0.9107069277593856
OOD_2006,distance_diff_3D,0,0.658988760855281
OOD_2007,distance_diff_3D,0,0.26527013209857603
OOD_2008,distance_diff_3D,1,0.8032809147167488
OOD_2009,distance_diff_3D,0,0.4202352533511167
OOD_2010,distance_diff_3D,0,0.09316289187391333
OOD_2011,distance_diff_3D,0,0.7384180786054831
OOD_2012,distance_diff_3D,1,0.9218150162199127
OOD_2013,distance_diff_3D,1,0.6205238536494115
OOD_2014,distance_diff_3D,1,0.5455694487093941
OOD_2015,distance_diff_3D,0,0.12324428422556878
OOD_2016,distance_diff_3D,1,0.8874210399943119
OOD_2017,distance_diff_3D,0,0.00024879869609380185
OOD_2018,distance_diff_3D,0,0.6010162833802203
OOD_2019,distance_diff_3D,0,0.6794490606359821
OOD_2020,distance_diff_3D,0,0.7773678168410352
OOD_2021,distance_diff_3D,0,6.20189150234967e-06
OOD_2022,distance_diff_3D,0,0.003089936409888421
OOD_2023,distance_diff_3D,0,0.17165777408606092
OOD_2024,distance_diff_3D,0,0.35322557616647665
OOD_2025,distance_diff_3D,1,0.937815190331596
OOD_2026,distance_diff_3D,0,0.08211412904707052
OOD_2027,distance_diff_3D,0,0.14243258796018604
OOD_2028,distance_diff_3D,1,0.806389132011239
OOD_2029,distance_diff_3D,1,0.3574685760812887
OOD_2030,distance_diff_3D,0,0.0075208912257132415
OOD_2031,distance_diff_3D,0,0.022408069543430244
OOD_2032,distance_diff_3D,0,0.0036115100327518954
OOD_2033,distance_diff_3D,0,0.0030789124564552903
OOD_2034,distance_diff_3D,1,0.7586573115650462
OOD_2035,distance_diff_3D,0,0.008203578118976125
OOD_2036,distance_diff_3D,1,0.8661096297288868
OOD_2037,distance_diff_3D,1,0.580566143344755
OOD_2038,distance_diff_3D,0,0.22130265441290597
OOD_2039,distance_diff_3D,0,0.07528632244771148
OOD_2040,distance_diff_3D,0,0.04246084999113876
OOD_2041,distance_diff_3D,0,0.012893130644373347
OOD_2042,distance_diff_3D,0,0.06899290700093826
OOD_2043,distance_diff_3D,1,0.8877037232114547
OOD_2044,distance_diff_3D,0,0.02341411151884034
OOD_2045,distance_diff_3D,1,0.9315283255929865
OOD_2046,distance_diff_3D,0,0.7745009979967117
OOD_2047,distance_diff_3D,0,0.009951219138744293
OOD_2048,distance_diff_3D,1,0.9286907536999054
OOD_2049,distance_diff_3D,0,1.2270689118721607e-06
OOD_2050,distance_diff_3D,0,0.00035239027287440716
OOD_2051,distance_diff_3D,1,0.37856556296505295
OOD_2052,distance_diff_3D,1,0.9311158132444994
OOD_2053,distance_diff_3D,1,0.9271405604462821
OOD_2054,distance_diff_3D,0,0.21035235243880213
OOD_2055,distance_diff_3D,0,0.0011466164610198348
OOD_2056,distance_diff_3D,0,0.008195644251003806
OOD_2057,distance_diff_3D,0,0.11445579916030475
OOD_2058,distance_diff_3D,1,0.3900053426627637
OOD_2059,distance_diff_3D,0,0.5410921612701654
OOD_2060,distance_diff_3D,0,0.000877731232338565
OOD_2061,distance_diff_3D,1,0.6004384154031629
OOD_2062,distance_diff_3D,0,0.15318852889953416
OOD_2063,distance_diff_3D,1,0.5668553771980915
OOD_2064,distance_diff_3D,1,0.8869737367536729
OOD_2065,distance_diff_3D,1,0.924141679342052
OOD_2066,distance_diff_3D,1,0.9204017379461263
OOD_2067,distance_diff_3D,0,0.1402390353076706
OOD_2068,distance_diff_3D,1,0.7549970590313835
OOD_2069,distance_diff_3D,1,0.24460078887274223
OOD_2070,distance_diff_3D,1,0.737249089129328
OOD_2071,distance_diff_3D,1,0.6028878070689823
OOD_2072,distance_diff_3D,1,0.6099537618082664
OOD_2073,distance_diff_3D,0,0.026595900014335424
OOD_2074,distance_diff_3D,1,0.7950446564898993
OOD_2075,distance_diff_3D,0,0.7173988525415333
OOD_2076,distance_diff_3D,1,0.25030601618239434
OOD_2077,distance_diff_3D,0,0.10800760188356785
OOD_2078,distance_diff_3D,1,0.5649466004425467
OOD_2079,distance_diff_3D,0,0.0020138933287132317
OOD_2080,distance_diff_3D,1,0.6406318220755013
OOD_2081,distance_diff_3D,1,0.9615573862318784
OOD_2082,distance_diff_3D,0,0.012341372335387004
OOD_2083,distance_diff_3D,1,0.7278209575085551
OOD_2084,distance_diff_3D,1,0.972154989093616
OOD_2085,distance_diff_3D,0,0.000356667740783791
OOD_2086,distance_diff_3D,0,0.0006477118983185579
OOD_2087,distance_diff_3D,1,0.32424695804656506
OOD_2088,distance_diff_3D,0,0.0010746260410259393
OOD_2089,distance_diff_3D,1,0.9430749694741942
OOD_2090,distance_diff_3D,0,6.142828398849117e-07
OOD_2091,distance_diff_3D,0,0.06261791018977443
OOD_2092,distance_diff_3D,0,0.007439520222791216
OOD_2093,distance_diff_3D,1,0.6412254720178183
OOD_2094,distance_diff_3D,0,0.128601145275279
OOD_2095,distance_diff_3D,1,0.3392066222263361
OOD_2096,distance_diff_3D,0,0.49320295845094503
OOD_2097,distance_diff_3D,1,0.7772011685132026
OOD_2098,distance_diff_3D,1,0.26506586301864643
OOD_2099,distance_diff_3D,0,4.26202855712541e-05
OOD_2100,distance_diff_3D,1,0.7958353669648334
OOD_2101,distance_diff_3D,0,0.15206936161245355
OOD_2102,distance_diff_3D,1,0.0730753519472454
OOD_2103,distance_diff_3D,0,0.00042378029446565115
OOD_2104,distance_diff_3D,0,0.023484334498133762
OOD_2105,distance_diff_3D,1,0.9157280245492448
OOD_2106,distance_diff_3D,0,0.2713874385033414
OOD_2107,distance_diff_3D,0,0.3784297193737741
OOD_2108,distance_diff_3D,0,0.8924923743713478
OOD_2109,distance_diff_3D,0,0.009738005602618234
OOD_2110,distance_diff_3D,1,0.7213598152084076
OOD_2111,distance_diff_3D,1,0.6601376766883866
OOD_2112,distance_diff_3D,0,0.009344391241179388
OOD_2113,distance_diff_3D,0,0.5346646800402589
OOD_2114,distance_diff_3D,0,0.8984856298505446
OOD_2115,distance_diff_3D,1,0.7993153122452591
OOD_2116,distance_diff_3D,0,0.8132378418318438
OOD_2117,distance_diff_3D,1,0.03527826726417332
OOD_2118,distance_diff_3D,0,0.0006454094827330968
OOD_2119,distance_diff_3D,0,0.05544352421513643
OOD_2120,distance_diff_3D,0,5.518882750223631e-05
OOD_2121,distance_diff_3D,0,6.445120056417026e-06
OOD_2122,distance_diff_3D,0,0.06865918327284469
OOD_2123,distance_diff_3D,0,0.0007836964828416544
OOD_2124,distance_diff_3D,0,0.04528069855058464
OOD_2125,distance_diff_3D,0,1.4043966550792049e-06
OOD_2126,distance_diff_3D,0,0.0010168228734060594
OOD_2127,distance_diff_3D,0,0.0002077298233185021
OOD_2128,distance_diff_3D,0,0.0002332515986640347
OOD_2129,distance_diff_3D,1,0.014771678901825286
OOD_2130,distance_diff_3D,0,0.12023112928824373
OOD_2131,distance_diff_3D,1,0.8390733849781726
OOD_2132,distance_diff_3D,0,0.0002179656933786318
OOD_2133,distance_diff_3D,0,0.16158846972661242
OOD_2134,distance_diff_3D,1,0.6627230991035699
OOD_2135,distance_diff_3D,0,0.013616186087891925
OOD_2136,distance_diff_3D,0,0.0004447937728826582
OOD_2137,distance_diff_3D,1,0.21664057498837908
OOD_2138,distance_diff_3D,1,0.8997495927612263
OOD_2139,distance_diff_3D,1,0.8557847074336129
OOD_2140,distance_diff_3D,0,0.002666689425504301
OOD_2141,distance_diff_3D,0,0.48117024415212073
OOD_2142,distance_diff_3D,0,0.7928189730658589
OOD_2143,distance_diff_3D,0,0.0030279723901335963
OOD_2144,distance_diff_3D,0,0.00010237909248257466
OOD_2145,distance_diff_3D,1,0.19168447447424145
OOD_2146,distance_diff_3D,1,0.8640556173806844
OOD_2147,distance_diff_3D,1,0.9092254949250874
OOD_2148,distance_diff_3D,0,0.037890811609104465
OOD_2149,distance_diff_3D,0,0.0006394559347198363
OOD_2150,distance_diff_3D,1,0.7050822510799579
OOD_2151,distance_diff_3D,1,0.754184139349549
OOD_2152,distance_diff_3D,1,0.5012162703946885
OOD_2153,distance_diff_3D,1,0.8931542017495694
OOD_2154,distance_diff_3D,1,0.9183279840371213
OOD_2155,distance_diff_3D,1,0.9441844928523764
OOD_2156,distance_diff_3D,0,4.357573553406134e-05
OOD_2157,distance_diff_3D,1,0.7540345242688579
OOD_2158,distance_diff_3D,0,0.04328204390534004
OOD_2159,distance_diff_3D,1,0.8691434081845116
OOD_2160,distance_diff_3D,0,0.011748017493265697
OOD_2161,distance_diff_3D,0,0.4331434070917895
OOD_2162,distance_diff_3D,1,0.8938108535260764
OOD_2163,distance_diff_3D,0,0.8750766536709909
OOD_2164,distance_diff_3D,0,4.850616345464475e-06
OOD_2165,distance_diff_3D,1,0.4673558773666222
OOD_2166,distance_diff_3D,0,0.09758052716424248
OOD_2167,distance_diff_3D,1,0.8014161799532177
OOD_2168,distance_diff_3D,0,0.47967889359751814
OOD_2169,distance_diff_3D,0,0.0006739202624183465
OOD_2170,distance_diff_3D,0,0.0027617455315665303
OOD_2171,distance_diff_3D,1,0.9361465195083873
OOD_2172,distance_diff_3D,0,0.0002686174703649101
OOD_2173,distance_diff_3D,1,0.8887962025359833
OOD_2174,distance_diff_3D,1,0.9368288085569195
OOD_2175,distance_diff_3D,0,0.56356689369283
OOD_2176,distance_diff_3D,0,0.8306280445126889
OOD_2177,distance_diff_3D,0,0.009243472864987737
OOD_2178,distance_diff_3D,0,0.4495879743729373
OOD_2179,distance_diff_3D,1,0.7954187683765384
OOD_2180,distance_diff_3D,1,0.7805284061050409
OOD_2181,distance_diff_3D,1,0.9473256818961342
OOD_2182,distance_diff_3D,0,0.818252074877938
OOD_2183,distance_diff_3D,1,0.42748438684596396
OOD_2184,distance_diff_3D,1,0.863337618743224
OOD_2185,distance_diff_3D,1,0.9327804568473571
OOD_2186,distance_diff_3D,1,0.8260993244580269
OOD_2187,distance_diff_3D,1,0.9597419810686743
OOD_2188,distance_diff_3D,0,4.200458589316131e-05
OOD_2189,distance_diff_3D,1,0.8713331905750428
OOD_2190,distance_diff_3D,1,0.8215113884870588
OOD_2191,distance_diff_3D,0,0.00031235347943867563
OOD_2192,distance_diff_3D,0,0.5953006969840505
OOD_2193,distance_diff_3D,0,0.11584144912574283
OOD_2194,distance_diff_3D,1,0.7135376074095389
OOD_2195,distance_diff_3D,1,0.6750236780194877
OOD_2196,distance_diff_3D,1,0.7095809320651734
OOD_2197,distance_diff_3D,1,0.9412829330524006
OOD_2198,distance_diff_3D,0,0.7052089798157273
OOD_2199,distance_diff_3D,1,0.8129583028479921
OOD_2200,distance_diff_3D,0,4.6632001784831557e-05
OOD_2201,distance_diff_3D,0,0.7258922669355498
OOD_2202,distance_diff_3D,1,0.9572948269748731
OOD_2203,distance_diff_3D,1,0.8835875727475409
OOD_2204,distance_diff_3D,0,0.9096137952108292
OOD_2205,distance_diff_3D,0,0.005603470993051853
OOD_2206,distance_diff_3D,0,0.04913247468859118
OOD_2207,distance_diff_3D,1,0.7150139735430208
OOD_2208,distance_diff_3D,0,0.009181663106178902
OOD_2209,distance_diff_3D,0,0.027976767250742975
OOD_2210,distance_diff_3D,1,0.695836158459258
OOD_2211,distance_diff_3D,0,0.3600638224111018
OOD_2212,distance_diff_3D,0,1.8887769328687172e-05
OOD_2213,distance_diff_3D,0,0.49923687168401165
OOD_2214,distance_diff_3D,0,0.00019583970063095075
OOD_2215,distance_diff_3D,0,0.02563423377301028
OOD_2216,distance_diff_3D,0,6.52818502192534e-05
OOD_2217,distance_diff_3D,1,0.7772948027012768
OOD_2218,distance_diff_3D,0,0.017786285191467473
OOD_2219,distance_diff_3D,0,0.7218776210980867
OOD_2220,distance_diff_3D,0,0.3086470764903006
OOD_2221,distance_diff_3D,0,0.1172058076944146
OOD_2222,distance_diff_3D,1,0.6528017956519846
OOD_2223,distance_diff_3D,0,0.0006593536624273646
OOD_2224,distance_diff_3D,1,0.890924069278534
OOD_2225,distance_diff_3D,0,0.49839809614445085
OOD_2226,distance_diff_3D,1,0.8805181369684413
OOD_2227,distance_diff_3D,0,0.02980098017736058
OOD_2228,distance_diff_3D,0,0.8094847402538042
OOD_2229,distance_diff_3D,1,0.9605886616560771
OOD_2230,distance_diff_3D,1,0.8358030864277656
OOD_2231,distance_diff_3D,1,0.8979418579098049
OOD_2232,distance_diff_3D,1,0.6959886271097399
OOD_2233,distance_diff_3D,0,0.23962823714367668
OOD_2234,distance_diff_3D,1,0.7015647362374711
OOD_2235,distance_diff_3D,0,0.5456959919488454
OOD_2236,distance_diff_3D,0,0.005291815779950624
OOD_2237,distance_diff_3D,0,0.0043791379851113145
OOD_2238,distance_diff_3D,0,0.001160380537717344
OOD_2239,distance_diff_3D,1,0.8846524099467515
OOD_2240,distance_diff_3D,0,0.16210032481587722
OOD_2241,distance_diff_3D,0,0.22749678371336532
OOD_2242,distance_diff_3D,1,0.7875362454551343
OOD_2243,distance_diff_3D,1,0.8028155357669754
OOD_2244,distance_diff_3D,0,0.03638410424842275
OOD_2245,distance_diff_3D,0,0.8222852724029561
OOD_2246,distance_diff_3D,0,0.7845556527986034
OOD_2247,distance_diff_3D,0,0.5964385594458164
OOD_2248,distance_diff_3D,0,0.026614417715964366
OOD_2249,distance_diff_3D,0,0.47203210670932333
OOD_2250,distance_diff_3D,0,0.029224562035565345
OOD_2251,distance_diff_3D,0,0.00035443318236759626
OOD_2252,distance_diff_3D,0,0.3590623807910678
OOD_2253,distance_diff_3D,1,0.09820475461659443
OOD_2254,distance_diff_3D,0,0.05161521296203457
OOD_2255,distance_diff_3D,1,0.8921944927704892
OOD_2256,distance_diff_3D,0,0.13960670695163543
OOD_2257,distance_diff_3D,0,0.4069338309172132
OOD_2258,distance_diff_3D,0,0.5470571060762693
OOD_2259,distance_diff_3D,1,0.9081555367785743
OOD_2260,distance_diff_3D,1,0.9163359376570465
OOD_2261,distance_diff_3D,0,0.016793530585359786
OOD_2262,distance_diff_3D,0,0.2702313921953384
OOD_2263,distance_diff_3D,0,0.01006833980654184
OOD_2264,distance_diff_3D,0,0.14004456322113634
OOD_2265,distance_diff_3D,0,2.1486792349231323e-07
OOD_2266,distance_diff_3D,0,0.0004383483741164235
OOD_2267,distance_diff_3D,0,0.06827770746057778
OOD_2268,distance_diff_3D,1,0.8187042689782791
OOD_2269,distance_diff_3D,1,0.8169719118899381
OOD_2270,distance_diff_3D,0,0.049624821926051166
OOD_2271,distance_diff_3D,1,0.32314544543961354
OOD_2272,distance_diff_3D,0,9.665531459100302e-05
OOD_2273,distance_diff_3D,0,0.027768558663117813
OOD_2274,distance_diff_3D,1,0.4480923099444148
OOD_2275,distance_diff_3D,0,0.009107525444443942
OOD_2276,distance_diff_3D,1,0.261427612506684
OOD_2277,distance_diff_3D,1,0.9165852066264619
OOD_2278,distance_diff_3D,1,0.7104331672156801
OOD_2279,distance_diff_3D,0,0.6490139032976202
OOD_2280,distance_diff_3D,1,0.6118368785366253
OOD_2281,distance_diff_3D,0,0.013709040229318173
OOD_2282,distance_diff_3D,0,0.0024058260799194363
OOD_2283,distance_diff_3D,1,0.8472774530017073
OOD_2284,distance_diff_3D,1,0.8370716164238381
OOD_2285,distance_diff_3D,0,0.23245177612807605
OOD_2286,distance_diff_3D,0,0.744113559358346
OOD_2287,distance_diff_3D,0,0.01470828165600269
OOD_2288,distance_diff_3D,1,0.45622320110067116
OOD_2289,distance_diff_3D,0,0.34093985676053506
OOD_2290,distance_diff_3D,0,0.7102506091239558
OOD_2291,distance_diff_3D,0,0.49332231272435006
OOD_2292,distance_diff_3D,0,0.019715356329021563
OOD_2293,distance_diff_3D,1,0.9038921956610623
OOD_2294,distance_diff_3D,1,0.6002268980001558
OOD_2295,distance_diff_3D,0,0.03789434289195396
OOD_2296,distance_diff_3D,1,0.21723583651691747
OOD_2297,distance_diff_3D,0,0.0035956872446849036
OOD_2298,distance_diff_3D,0,0.009373025275344274
OOD_2299,distance_diff_3D,0,0.02009142295935801
OOD_2300,distance_diff_3D,1,0.9257459421372476
OOD_2301,distance_diff_3D,0,0.015051172869898615
OOD_2302,distance_diff_3D,1,0.2855029190755107
OOD_2303,distance_diff_3D,1,0.9297983175731919
OOD_2304,distance_diff_3D,0,0.06698563746901531
OOD_2305,distance_diff_3D,0,0.007299449062569137
OOD_2306,distance_diff_3D,0,0.358747273576028
OOD_2307,distance_diff_3D,0,0.7530949309052862
OOD_2308,distance_diff_3D,1,0.8586038928068971
OOD_2309,distance_diff_3D,1,0.610659568679688
OOD_2310,distance_diff_3D,1,0.9477712738367489
OOD_2311,distance_diff_3D,1,0.8273686283382965
OOD_2312,distance_diff_3D,1,0.9353493996643257
OOD_2313,distance_diff_3D,0,0.6567070559958167
OOD_2314,distance_diff_3D,0,0.39484336306422946
OOD_2315,distance_diff_3D,0,0.6903151612131743
OOD_2316,distance_diff_3D,0,0.00019222131599731397
OOD_2317,distance_diff_3D,0,0.006648925918599052
OOD_2318,distance_diff_3D,0,0.20891792140597865
OOD_2319,distance_diff_3D,0,0.1378417121601174
OOD_2320,distance_diff_3D,0,0.030274021039013735
OOD_2321,distance_diff_3D,0,0.3307264671571355
OOD_2322,distance_diff_3D,1,0.9115314119901795
OOD_2323,distance_diff_3D,0,0.48540079759225374
OOD_2324,distance_diff_3D,1,0.8470920096869052
OOD_2325,distance_diff_3D,1,0.7442664141224766
OOD_2326,distance_diff_3D,1,0.6933834852192955
OOD_2327,distance_diff_3D,1,0.9367088256937891
OOD_2328,distance_diff_3D,0,0.6667469875954247
OOD_2329,distance_diff_3D,0,0.0012632883416672288
OOD_2330,distance_diff_3D,0,0.4325888644748288
OOD_2331,distance_diff_3D,1,0.8458911819829491
OOD_2332,distance_diff_3D,0,4.277536084684772e-05
OOD_2333,distance_diff_3D,0,0.5235435509511129
OOD_2334,distance_diff_3D,1,0.6067563996326628
OOD_2335,distance_diff_3D,0,0.29665065911679595
OOD_2336,distance_diff_3D,0,0.08176391686103418
OOD_2337,distance_diff_3D,0,0.012884758571638153
OOD_2338,distance_diff_3D,0,0.4752855037744488
OOD_2339,distance_diff_3D,0,0.3150436746984269
OOD_2340,distance_diff_3D,1,0.8156263072738833
OOD_2341,distance_diff_3D,0,0.06190203421725052
OOD_2342,distance_diff_3D,0,0.010090606970397943
OOD_2343,distance_diff_3D,0,0.17444817446434752
OOD_2344,distance_diff_3D,0,0.2369797565397183
OOD_2345,distance_diff_3D,0,0.0037974424842950254
OOD_2346,distance_diff_3D,1,0.6008498646129342
OOD_2347,distance_diff_3D,0,0.10673496816462825
OOD_2348,distance_diff_3D,0,0.35217598085166446
OOD_2349,distance_diff_3D,0,0.0003460621844073244
OOD_2350,distance_diff_3D,0,0.18362555548566245
OOD_2351,distance_diff_3D,1,0.7892115414528383
OOD_2352,distance_diff_3D,0,0.0021838386966738688
OOD_2353,distance_diff_3D,0,0.33956000036494866
OOD_2354,distance_diff_3D,0,0.004390749440542459
OOD_2355,distance_diff_3D,0,0.1824754707065023
OOD_2356,distance_diff_3D,0,0.11958859580303403
OOD_2357,distance_diff_3D,1,0.6547961123851691
OOD_2358,distance_diff_3D,0,0.0426026547938883
OOD_2359,distance_diff_3D,0,0.03968108338316583
OOD_2360,distance_diff_3D,0,0.6816566802034189
OOD_2361,distance_diff_3D,0,0.024662168742936915
OOD_2362,distance_diff_3D,1,0.8382010686694686
OOD_2363,distance_diff_3D,0,0.001410597597352827
OOD_2364,distance_diff_3D,1,0.20523558062920044
OOD_2365,distance_diff_3D,0,0.6221937504326572
OOD_2366,distance_diff_3D,1,0.9449322777336875
OOD_2367,distance_diff_3D,1,0.927616473599031
OOD_2368,distance_diff_3D,1,0.8653097097916612
OOD_2369,distance_diff_3D,0,4.392829340948967e-06
OOD_2370,distance_diff_3D,0,0.34945721403850105
OOD_2371,distance_diff_3D,1,0.967636194050611
OOD_2372,distance_diff_3D,1,0.9605724331540756
OOD_2373,distance_diff_3D,0,0.0006512575832733226
OOD_2374,distance_diff_3D,1,0.025614583308639496
OOD_2375,distance_diff_3D,0,0.06962105893412741
OOD_2376,distance_diff_3D,0,0.0896131304908638
OOD_2377,distance_diff_3D,0,0.010823575797455045
OOD_2378,distance_diff_3D,1,0.5304278694247955
OOD_2379,distance_diff_3D,0,0.563881281522143
OOD_2380,distance_diff_3D,0,0.0004407223060235475
OOD_2381,distance_diff_3D,0,0.2796823041342855
OOD_2382,distance_diff_3D,0,0.8554071195488826
OOD_2383,distance_diff_3D,0,0.21240301217163396
OOD_2384,distance_diff_3D,1,0.7347216513590282
OOD_2385,distance_diff_3D,1,0.9121879896657762
OOD_2386,distance_diff_3D,1,0.8255454829069607
OOD_2387,distance_diff_3D,1,0.8907501151716551
OOD_2388,distance_diff_3D,1,0.7570410277512077
OOD_2389,distance_diff_3D,0,0.13155770218546672
OOD_2390,distance_diff_3D,0,0.0007572519778971702
OOD_2391,distance_diff_3D,0,0.3128411480831947
OOD_2392,distance_diff_3D,1,0.9085005186714115
OOD_2393,distance_diff_3D,1,0.8798343765980664
OOD_2394,distance_diff_3D,0,0.1566084692186539
OOD_2395,distance_diff_3D,1,0.825169990461506
OOD_2396,distance_diff_3D,0,0.16752503178250744
OOD_2397,distance_diff_3D,1,0.9669428563527569
OOD_2398,distance_diff_3D,0,0.0025511351847429587
OOD_2399,distance_diff_3D,0,0.023092695909895353
OOD_2400,distance_diff_3D,0,0.5277071679179484
OOD_2401,distance_diff_3D,1,0.7680689235913031
OOD_2402,distance_diff_3D,0,0.019513093333696233
OOD_2403,distance_diff_3D,1,0.5788084429638973
OOD_2404,distance_diff_3D,1,0.7040343140205942
OOD_2405,distance_diff_3D,0,0.627549323911442
OOD_2406,distance_diff_3D,0,0.10912523016234801
OOD_2407,distance_diff_3D,0,0.15524439722293998
OOD_2408,distance_diff_3D,0,0.008834812467633438
OOD_2409,distance_diff_3D,0,1.937499347858628e-05
OOD_2410,distance_diff_3D,0,0.20197576819645172
OOD_2411,distance_diff_3D,0,0.00666776110184191
OOD_2412,distance_diff_3D,0,0.7112611676637448
OOD_2413,distance_diff_3D,1,0.9223039466000709
OOD_2414,distance_diff_3D,0,0.0017715707611538393
OOD_2415,distance_diff_3D,0,0.0025551940435784002
OOD_2416,distance_diff_3D,0,0.28341680429959687
OOD_2417,distance_diff_3D,0,0.16390986742349095
OOD_2418,distance_diff_3D,0,0.00591200996792857
OOD_2419,distance_diff_3D,0,0.15645382057360074
OOD_2420,distance_diff_3D,0,0.09678466859701147
OOD_2421,distance_diff_3D,1,0.7445805151470277
OOD_2422,distance_diff_3D,1,0.9219955723798116
OOD_2423,distance_diff_3D,1,0.40125976175394845
OOD_2424,distance_diff_3D,1,0.7309864972656916
OOD_2425,distance_diff_3D,1,0.556868578611141
OOD_2426,distance_diff_3D,1,0.5268656459604395
OOD_2427,distance_diff_3D,1,0.923333495924961
OOD_2428,distance_diff_3D,0,0.5066105124379816
OOD_2429,distance_diff_3D,1,0.8237487353927703
OOD_2430,distance_diff_3D,1,0.5714728353536286
OOD_2431,distance_diff_3D,1,0.8910499857846803
OOD_2432,distance_diff_3D,1,0.9009710061747902
OOD_2433,distance_diff_3D,1,0.7737470247097818
OOD_2434,distance_diff_3D,0,0.22066250223045608
OOD_2435,distance_diff_3D,0,0.00034906278295402564
OOD_2436,distance_diff_3D,1,0.14338604104195163
OOD_2437,distance_diff_3D,0,0.007222788702354287
OOD_2438,distance_diff_3D,0,0.12215164248342837
OOD_2439,distance_diff_3D,0,0.527581436138795
OOD_2440,distance_diff_3D,0,0.00013816850744503975
OOD_2441,distance_diff_3D,1,0.898932863669427
OOD_2442,distance_diff_3D,0,0.15166737027964933
OOD_2443,distance_diff_3D,1,0.8751663633227017
OOD_2444,distance_diff_3D,0,0.0010727593629132378
OOD_2445,distance_diff_3D,0,0.0029347125654369554
OOD_2446,distance_diff_3D,1,0.9230094368121623
OOD_2447,distance_diff_3D,1,0.033711047249181926
OOD_2448,distance_diff_3D,0,0.000123761296701856
OOD_2449,distance_diff_3D,0,0.4064425502552093
OOD_2450,distance_diff_3D,1,0.9684875275555695
OOD_2451,distance_diff_3D,0,0.5933389750919483
OOD_2452,distance_diff_3D,0,0.07174668868083497
OOD_2453,distance_diff_3D,0,1.710859087891895e-05
OOD_2454,distance_diff_3D,0,0.0047060295535427355
OOD_2455,distance_diff_3D,0,0.8889361383256528
OOD_2456,distance_diff_3D,1,0.36754127494852523
OOD_2457,distance_diff_3D,1,0.90116483002192
OOD_2458,distance_diff_3D,0,4.820923261492985e-06
OOD_2459,distance_diff_3D,0,0.07535287256393328
OOD_2460,distance_diff_3D,0,0.38952216059904193
OOD_2461,distance_diff_3D,1,0.8442165506814794
OOD_2462,distance_diff_3D,0,0.06817454255926034
OOD_2463,distance_diff_3D,0,0.08246269400192968
OOD_2464,distance_diff_3D,1,0.6521393297953193
OOD_2465,distance_diff_3D,0,0.01542978895304102
OOD_2466,distance_diff_3D,1,0.5578259783982369
OOD_2467,distance_diff_3D,0,0.001748292320627832
OOD_2468,distance_diff_3D,0,0.6372283021746921
OOD_2469,distance_diff_3D,0,0.21333735755495215
OOD_2470,distance_diff_3D,0,0.7347498235166865
OOD_2471,distance_diff_3D,1,0.8592841194372413
OOD_2472,distance_diff_3D,1,0.9515440883942443
OOD_2473,distance_diff_3D,0,0.6517835056966165
OOD_2474,distance_diff_3D,0,0.010093543764482819
OOD_2475,distance_diff_3D,1,0.9473379758322551
OOD_2476,distance_diff_3D,0,0.03229521504293425
OOD_2477,distance_diff_3D,0,0.3779209132343449
OOD_2478,distance_diff_3D,1,0.8696824921089875
OOD_2479,distance_diff_3D,1,0.9395655408114064
OOD_2480,distance_diff_3D,0,0.00020493997861197486
OOD_2481,distance_diff_3D,0,0.4982148432057198
OOD_2482,distance_diff_3D,0,0.12787024860325993
OOD_2483,distance_diff_3D,1,0.8768740513714933
OOD_2484,distance_diff_3D,1,0.16494026284613136
OOD_2485,distance_diff_3D,0,0.7693281761752707
OOD_2486,distance_diff_3D,0,5.717600433679971e-07
OOD_2487,distance_diff_3D,0,0.02392200204819576
OOD_2488,distance_diff_3D,0,0.0006075363033981708
OOD_2489,distance_diff_3D,1,0.769643278859411
OOD_2490,distance_diff_3D,0,0.00048801925814392276
OOD_2491,distance_diff_3D,1,0.9636098583644293
OOD_2492,distance_diff_3D,0,0.727534652336581
OOD_2493,distance_diff_3D,0,0.3881422824486641
OOD_2494,distance_diff_3D,0,0.001077500364549607
OOD_2495,distance_diff_3D,0,0.18115052573608667
OOD_2496,distance_diff_3D,1,0.9302635145390296
OOD_2497,distance_diff_3D,0,0.009678566976911405
OOD_2498,distance_diff_3D,0,9.188272725530602e-05
OOD_2499,distance_diff_3D,1,0.2695387137759316
OOD_2500,distance_diff_3D,1,0.9110884972637431
OOD_2501,distance_diff_3D,0,0.04044771322592951
OOD_2502,distance_diff_3D,0,0.06524871747635981
OOD_2503,distance_diff_3D,1,0.9307199366042035
OOD_2504,distance_diff_3D,0,0.5649983438130519
OOD_2505,distance_diff_3D,0,0.0013683815950237192
OOD_2506,distance_diff_3D,0,0.09185090990869484
OOD_2507,distance_diff_3D,1,0.1934964780418874
OOD_2508,distance_diff_3D,0,0.4881087655351649
OOD_2509,distance_diff_3D,1,0.8613519811967302
OOD_2510,distance_diff_3D,1,0.948025224603726
OOD_2511,distance_diff_3D,1,0.6065004935554674
OOD_2512,distance_diff_3D,1,0.24350229402799933
OOD_2513,distance_diff_3D,1,0.8931790099474309
OOD_2514,distance_diff_3D,0,0.010920135095840073
OOD_2515,distance_diff_3D,0,0.045782546714619
OOD_2516,distance_diff_3D,0,0.01001059357077632
OOD_2517,distance_diff_3D,0,2.556292961290605e-07
OOD_2518,distance_diff_3D,0,5.754536524095387e-06
OOD_2519,distance_diff_3D,0,0.45437231460636385
OOD_2520,distance_diff_3D,0,0.1841205116397198
OOD_2521,distance_diff_3D,1,0.8776212381119702
OOD_2522,distance_diff_3D,0,0.5772772034494613
OOD_2523,distance_diff_3D,1,0.9288100772535499
OOD_2524,distance_diff_3D,0,0.21425896382672793
OOD_2525,distance_diff_3D,1,0.5955809712481134
OOD_2526,distance_diff_3D,0,0.0014037799188261202
OOD_2527,distance_diff_3D,0,5.513763275193189e-05
OOD_2528,distance_diff_3D,0,0.18893341651415893
OOD_2529,distance_diff_3D,0,0.4714450715696692
OOD_2530,distance_diff_3D,0,0.01350153640379038
OOD_2531,distance_diff_3D,0,0.0017812864893670306
OOD_2532,distance_diff_3D,0,0.12673146249826217
OOD_2533,distance_diff_3D,0,0.0011004376487386586
OOD_2534,distance_diff_3D,0,0.20424248055279529
OOD_2535,distance_diff_3D,0,0.3913167079818091
OOD_2536,distance_diff_3D,1,0.11199509455973866
OOD_2537,distance_diff_3D,1,0.9224377039415802
OOD_2538,distance_diff_3D,1,0.8841890047473726
OOD_2539,distance_diff_3D,0,0.007943521861119698
OOD_2540,distance_diff_3D,0,0.5956536670026306
OOD_2541,distance_diff_3D,0,0.5885097681045792
OOD_2542,distance_diff_3D,0,0.00026009040133672697
OOD_2543,distance_diff_3D,1,0.6389867327494044
OOD_2544,distance_diff_3D,0,0.012353949911996362
OOD_2545,distance_diff_3D,1,0.9213961079884835
OOD_2546,distance_diff_3D,1,0.40941142085900123
OOD_2547,distance_diff_3D,0,0.0886301430255713
OOD_2548,distance_diff_3D,1,0.5892665587163509
OOD_2549,distance_diff_3D,1,0.8529085954867945
OOD_2550,distance_diff_3D,0,0.08824517854274025
OOD_2551,distance_diff_3D,0,0.5982316128568844
OOD_2552,distance_diff_3D,1,0.9256214993662367
OOD_2553,distance_diff_3D,0,0.08551303959914025
OOD_2554,distance_diff_3D,0,0.21831683478803826
OOD_2555,distance_diff_3D,1,0.9099572258952345
OOD_2556,distance_diff_3D,0,0.2375458301133378
OOD_2557,distance_diff_3D,0,0.003933408233310156
OOD_2558,distance_diff_3D,0,0.6230079071687961
OOD_2559,distance_diff_3D,0,3.0745442110410474e-05
OOD_2560,distance_diff_3D,1,0.9515943384406418
OOD_2561,distance_diff_3D,1,0.7515895271662677
OOD_2562,distance_diff_3D,0,0.7538357164621478
OOD_2563,distance_diff_3D,0,0.06597494715457515
OOD_2564,distance_diff_3D,0,0.2810178135201042
OOD_2565,distance_diff_3D,0,0.8522492306216267
OOD_2566,distance_diff_3D,1,0.7520128296987186
OOD_2567,distance_diff_3D,0,0.07141991269258006
OOD_2568,distance_diff_3D,1,0.9585435460591071
OOD_2569,distance_diff_3D,0,6.95355238910759e-05
OOD_2570,distance_diff_3D,0,6.891749021074601e-07
OOD_2571,distance_diff_3D,1,0.33502534987224974
OOD_2572,distance_diff_3D,1,0.7160093573859455
OOD_2573,distance_diff_3D,0,0.06320745980679411
OOD_2574,distance_diff_3D,1,0.1905589847973006
OOD_2575,distance_diff_3D,1,0.39708698111651125
OOD_2576,distance_diff_3D,0,0.2664715435484894
OOD_2577,distance_diff_3D,1,0.8713908055740442
OOD_2578,distance_diff_3D,1,0.4557869171333646
OOD_2579,distance_diff_3D,0,3.154694979055567e-05
OOD_2580,distance_diff_3D,0,0.015982083246361512
OOD_2581,distance_diff_3D,0,0.8430224489610083
OOD_2582,distance_diff_3D,0,0.45368240639832785
OOD_2583,distance_diff_3D,0,0.004495942426824011
OOD_2584,distance_diff_3D,1,0.8285981644222576
OOD_2585,distance_diff_3D,0,0.04486806739666237
OOD_2586,distance_diff_3D,1,0.7831573441566712
OOD_2587,distance_diff_3D,0,0.06199316739737864
OOD_2588,distance_diff_3D,0,0.7338284408434425
OOD_2589,distance_diff_3D,0,0.38993452451127375
OOD_2590,distance_diff_3D,1,0.7940722225944501
OOD_2591,distance_diff_3D,0,0.0031275062451556032
OOD_2592,distance_diff_3D,0,0.09782194244768792
OOD_2593,distance_diff_3D,1,0.725036894583872
OOD_2594,distance_diff_3D,0,0.07380285965796107
OOD_2595,distance_diff_3D,0,0.027610591150180035
OOD_2596,distance_diff_3D,1,0.7820374752187264
OOD_2597,distance_diff_3D,0,0.04185542015568347
OOD_2598,distance_diff_3D,0,0.003500697017880856
OOD_2599,distance_diff_3D,0,0.7590831897652655
OOD_2600,distance_diff_3D,0,0.16556293311592626
OOD_2601,distance_diff_3D,0,3.335176056412701e-05
OOD_2602,distance_diff_3D,0,1.8004529755507344e-05
OOD_2603,distance_diff_3D,0,0.03787435973024757
OOD_2604,distance_diff_3D,0,0.027846681351455235
OOD_2605,distance_diff_3D,0,0.006930289577081841
OOD_2606,distance_diff_3D,1,0.9555711063104237
OOD_2607,distance_diff_3D,0,0.0278777994711579
OOD_2608,distance_diff_3D,1,0.9133073036663824
OOD_2609,distance_diff_3D,1,0.8169962866786484
OOD_2610,distance_diff_3D,1,0.790521590462679
OOD_2611,distance_diff_3D,0,0.0001936797015471579
OOD_2612,distance_diff_3D,1,0.7228778286943955
OOD_2613,distance_diff_3D,0,0.0075668105037262085
OOD_2614,distance_diff_3D,0,0.5881511106679281
OOD_2615,distance_diff_3D,1,0.781071590575037
OOD_2616,distance_diff_3D,0,0.07508121223062211
OOD_2617,distance_diff_3D,1,0.9618332227008377
OOD_2618,distance_diff_3D,1,0.8148229146349745
OOD_2619,distance_diff_3D,1,0.9386343526851977
OOD_2620,distance_diff_3D,1,0.450275776427532
OOD_2621,distance_diff_3D,0,0.5178740000243309
OOD_2622,distance_diff_3D,0,0.00013646999128406198
OOD_2623,distance_diff_3D,0,0.00011105141760262013
OOD_2624,distance_diff_3D,0,0.7473630250982007
OOD_2625,distance_diff_3D,1,0.6873383316659246
OOD_2626,distance_diff_3D,0,0.49691693783997626
OOD_2627,distance_diff_3D,1,0.7411201555620761
OOD_2628,distance_diff_3D,0,0.024550047285063856
OOD_2629,distance_diff_3D,0,2.0939751672335687e-07
OOD_2630,distance_diff_3D,0,6.131430825121375e-06
OOD_2631,distance_diff_3D,1,0.9211032703562866
OOD_2632,distance_diff_3D,0,0.23132694706494372
OOD_2633,distance_diff_3D,0,0.8135851612014499
OOD_2634,distance_diff_3D,0,9.351703345606006e-07
OOD_2635,distance_diff_3D,0,0.0003068423478401549
OOD_2636,distance_diff_3D,0,0.6143314089542908
OOD_2637,distance_diff_3D,0,0.0001970885745263779
OOD_2638,distance_diff_3D,0,0.004951873293469621
OOD_2639,distance_diff_3D,1,0.9415698461927455
OOD_2640,distance_diff_3D,0,0.005420847207582501
OOD_2641,distance_diff_3D,0,0.12323626075333065
OOD_2642,distance_diff_3D,0,2.4689501825933107e-05
OOD_2643,distance_diff_3D,0,5.7386104409434985e-05
OOD_2644,distance_diff_3D,1,0.8753402684263698
OOD_2645,distance_diff_3D,1,0.07744686393986813
OOD_2646,distance_diff_3D,0,0.005599720789548869
OOD_2647,distance_diff_3D,0,4.526824414854851e-05
OOD_2648,distance_diff_3D,0,0.7533731401861087
OOD_2649,distance_diff_3D,0,0.01677432468241952
OOD_2650,distance_diff_3D,0,0.006113527814604056
OOD_2651,distance_diff_3D,0,0.4768931257996871
OOD_2652,distance_diff_3D,1,0.95616744980847
OOD_2653,distance_diff_3D,0,2.376056186465656e-05
OOD_2654,distance_diff_3D,1,0.9191829188821862
OOD_2655,distance_diff_3D,1,0.46658552802326636
OOD_2656,distance_diff_3D,1,0.8391220900160773
OOD_2657,distance_diff_3D,0,0.3589691698947428
OOD_2658,distance_diff_3D,0,3.918131513381466e-05
OOD_2659,distance_diff_3D,0,0.5358547404665615
OOD_2660,distance_diff_3D,1,0.8275166762346383
OOD_2661,distance_diff_3D,0,0.0011165029726146042
OOD_2662,distance_diff_3D,0,0.5034370855942004
OOD_2663,distance_diff_3D,0,0.04143440080479589
OOD_2664,distance_diff_3D,0,0.698101407666789
OOD_2665,distance_diff_3D,0,0.008121502836090724
OOD_2666,distance_diff_3D,1,0.6050107437230098
OOD_2667,distance_diff_3D,0,0.6073803825480334
OOD_2668,distance_diff_3D,0,0.02256933588842905
OOD_2669,distance_diff_3D,1,0.33226662550633945
OOD_2670,distance_diff_3D,1,0.8740406136382514
OOD_2671,distance_diff_3D,1,0.9435679701347953
OOD_2672,distance_diff_3D,0,0.10344802533506489
OOD_2673,distance_diff_3D,1,0.9022385828911188
OOD_2674,distance_diff_3D,1,0.9025179426343419
OOD_2675,distance_diff_3D,1,0.9218694271953528
OOD_2676,distance_diff_3D,0,0.01489252189110597
OOD_2677,distance_diff_3D,1,0.23375635904269115
OOD_2678,distance_diff_3D,0,0.22462997785713437
OOD_2679,distance_diff_3D,0,0.8878491597076708
OOD_2680,distance_diff_3D,1,0.9497365276332002
OOD_2681,distance_diff_3D,1,0.9016775331346507
OOD_2682,distance_diff_3D,0,0.000940256242817467
OOD_2683,distance_diff_3D,1,0.9443090678169187
OOD_2684,distance_diff_3D,1,0.6198965119337378
OOD_2685,distance_diff_3D,0,0.004121941707224573
OOD_2686,distance_diff_3D,1,0.9207438392654391
OOD_2687,distance_diff_3D,0,5.487932230123082e-05
OOD_2688,distance_diff_3D,0,0.005038430981220288
OOD_2689,distance_diff_3D,0,0.02848919987025
OOD_2690,distance_diff_3D,1,0.5293027077106578
OOD_2691,distance_diff_3D,1,0.778066453761934
OOD_2692,distance_diff_3D,0,0.06686459286482375
OOD_2693,distance_diff_3D,0,0.6855227488161283
OOD_2694,distance_diff_3D,1,0.3819199188168605
OOD_2695,distance_diff_3D,0,0.35065718661348344
OOD_2696,distance_diff_3D,0,0.049388381851568144
OOD_2697,distance_diff_3D,0,0.17749382795583404
OOD_2698,distance_diff_3D,0,0.40076533737653114
OOD_2699,distance_diff_3D,0,0.00040029074894096044
OOD_2700,distance_diff_3D,1,0.6564770744045109
OOD_2701,distance_diff_3D,0,0.00010887231305007207
OOD_2702,distance_diff_3D,0,0.00862886919360813
OOD_2703,distance_diff_3D,0,0.05682239806597812
OOD_2704,distance_diff_3D,0,0.5739384718841424
OOD_2705,distance_diff_3D,0,6.306299729343638e-05
OOD_2706,distance_diff_3D,1,0.6629470170484708
OOD_2707,distance_diff_3D,0,0.9032007374065292
OOD_2708,distance_diff_3D,0,0.018880090632019446
OOD_2709,distance_diff_3D,0,0.15271090342364532
OOD_2710,distance_diff_3D,1,0.89600239810396
OOD_2711,distance_diff_3D,0,0.7561808509907352
OOD_2712,distance_diff_3D,0,0.2842556680704187
OOD_2713,distance_diff_3D,1,0.6830703295022382
OOD_2714,distance_diff_3D,1,0.4552352848197138
OOD_2715,distance_diff_3D,0,0.06516837000366892
OOD_2716,distance_diff_3D,0,0.5959186229529359
OOD_2717,distance_diff_3D,1,0.8626473551818119
OOD_2718,distance_diff_3D,1,0.6845738399814317
OOD_2719,distance_diff_3D,0,0.16764830310394874
OOD_2720,distance_diff_3D,0,0.00011251872625164527
OOD_2721,distance_diff_3D,1,0.855411690943942
OOD_2722,distance_diff_3D,1,0.713414595466903
OOD_2723,distance_diff_3D,1,0.8224148716692972
OOD_2724,distance_diff_3D,0,0.002752812087975403
OOD_2725,distance_diff_3D,0,0.13405264028338504
OOD_2726,distance_diff_3D,0,0.05059373017213505
OOD_2727,distance_diff_3D,1,0.9623975526847703
OOD_2728,distance_diff_3D,1,0.18875261836734353
OOD_2729,distance_diff_3D,1,0.5764168787014188
OOD_2730,distance_diff_3D,1,0.9462043151582175
OOD_2731,distance_diff_3D,1,0.8353639834344179
OOD_2732,distance_diff_3D,1,0.8834040998517818
OOD_2733,distance_diff_3D,1,0.9150314826692796
OOD_2734,distance_diff_3D,0,0.00017539600114863303
OOD_2735,distance_diff_3D,1,0.2816967064719998
OOD_2736,distance_diff_3D,1,0.6747644997819342
OOD_2737,distance_diff_3D,0,0.14006308770343884
OOD_2738,distance_diff_3D,0,0.09051354126416146
OOD_2739,distance_diff_3D,1,0.7375515655822028
OOD_2740,distance_diff_3D,0,0.0001368819840623759
OOD_2741,distance_diff_3D,1,0.9411232487947873
OOD_2742,distance_diff_3D,0,0.44742582547023024
OOD_2743,distance_diff_3D,0,0.05835907149878084
OOD_2744,distance_diff_3D,1,0.8280356901723189
OOD_2745,distance_diff_3D,0,0.015867353550291098
OOD_2746,distance_diff_3D,0,0.001468328503602421
OOD_2747,distance_diff_3D,1,0.7570686200524646
OOD_2748,distance_diff_3D,0,0.7279007116784347
OOD_2749,distance_diff_3D,1,0.11975080451885328
OOD_2750,distance_diff_3D,0,0.05843539784098847
OOD_2751,distance_diff_3D,0,0.7866203812102327
OOD_2752,distance_diff_3D,1,0.7828591090755717
OOD_2753,distance_diff_3D,0,0.12221581198597153
OOD_2754,distance_diff_3D,0,0.2576628766695142
OOD_2755,distance_diff_3D,1,0.9722537147062159
OOD_2756,distance_diff_3D,0,0.08247221498408075
OOD_2757,distance_diff_3D,0,0.45735729556241317
OOD_2758,distance_diff_3D,1,0.9322892287415395
OOD_2759,distance_diff_3D,0,0.0003488144920521746
OOD_2760,distance_diff_3D,1,0.863986638942961
OOD_2761,distance_diff_3D,0,0.45438834279095863
OOD_2762,distance_diff_3D,1,0.8895575450688024
OOD_2763,distance_diff_3D,0,0.8169809900093261
OOD_2764,distance_diff_3D,0,0.04793073092614476
OOD_2765,distance_diff_3D,0,0.012387845765790616
OOD_2766,distance_diff_3D,0,2.999116112106775e-06
OOD_2767,distance_diff_3D,1,0.1980544168308833
OOD_2768,distance_diff_3D,1,0.7829287871980388
OOD_2769,distance_diff_3D,1,0.024487466437782185
OOD_2770,distance_diff_3D,1,0.5643911935838586
OOD_2771,distance_diff_3D,0,0.7889687400364457
OOD_2772,distance_diff_3D,0,0.03922785030623755
OOD_2773,distance_diff_3D,0,0.07641799207440636
OOD_2774,distance_diff_3D,0,0.006239380289365658
OOD_2775,distance_diff_3D,0,0.07990923886233874
OOD_2776,distance_diff_3D,1,0.43492234548016107
OOD_2777,distance_diff_3D,1,0.8780546799673847
OOD_2778,distance_diff_3D,1,0.9170539055579671
OOD_2779,distance_diff_3D,0,0.00013556562259938866
OOD_2780,distance_diff_3D,0,0.21951273335160185
OOD_2781,distance_diff_3D,0,0.0008097004952847281
OOD_2782,distance_diff_3D,1,0.9570160696923447
OOD_2783,distance_diff_3D,1,0.954590515765817
OOD_2784,distance_diff_3D,0,0.2861671734877218
OOD_2785,distance_diff_3D,1,0.5042284486317552
OOD_2786,distance_diff_3D,0,0.0020268012928212876
OOD_2787,distance_diff_3D,1,0.86405808704425
OOD_2788,distance_diff_3D,0,0.25324723722435527
OOD_2789,distance_diff_3D,0,0.31341482886785366
OOD_2790,distance_diff_3D,0,0.0009445436020295935
OOD_2791,distance_diff_3D,0,0.006666070898919888
OOD_2792,distance_diff_3D,0,0.21011453784785017
OOD_2793,distance_diff_3D,0,0.06713030040782322
OOD_2794,distance_diff_3D,0,3.6007970241890303e-06
OOD_2795,distance_diff_3D,0,0.3990189367474712
OOD_2796,distance_diff_3D,1,0.7883793299594287
OOD_2797,distance_diff_3D,0,0.36192569597481317
OOD_2798,distance_diff_3D,0,0.36174830426604293
OOD_2799,distance_diff_3D,0,0.1420017432367736
OOD_2800,distance_diff_3D,0,0.0003086827631067727
OOD_2801,distance_diff_3D,1,0.9260629806143403
OOD_2802,distance_diff_3D,0,0.16621921593192207
OOD_2803,distance_diff_3D,0,0.09264509866166211
OOD_2804,distance_diff_3D,0,0.34947407149821735
OOD_2805,distance_diff_3D,1,0.797100556314738
OOD_2806,distance_diff_3D,0,0.26741249517766696
OOD_2807,distance_diff_3D,0,0.005656676428466559
OOD_2808,distance_diff_3D,1,0.8677492847489481
OOD_2809,distance_diff_3D,0,0.003658752518495513
OOD_2810,distance_diff_3D,0,0.7323262529382759
OOD_2811,distance_diff_3D,0,0.8341466939229917
OOD_2812,distance_diff_3D,0,0.007883829246357776
OOD_2813,distance_diff_3D,0,0.06304898446518166
OOD_2814,distance_diff_3D,0,0.0185218693802815
OOD_2815,distance_diff_3D,0,0.310649584000292
OOD_2816,distance_diff_3D,0,0.0025573215366838046
OOD_2817,distance_diff_3D,1,0.8626935441482183
OOD_2818,distance_diff_3D,1,0.8587107870949935
OOD_2819,distance_diff_3D,0,0.31121003258891744
OOD_2820,distance_diff_3D,0,0.021578802195530246
OOD_2821,distance_diff_3D,1,0.952219789826611
OOD_2822,distance_diff_3D,1,0.8634597872312049
OOD_2823,distance_diff_3D,1,0.527646504446336
OOD_2824,distance_diff_3D,0,0.024218722803517022
OOD_2825,distance_diff_3D,0,0.3284971869606162
OOD_2826,distance_diff_3D,0,0.3075638132894115
OOD_2827,distance_diff_3D,0,0.3981749557402061
OOD_2828,distance_diff_3D,0,0.012643724682463622
OOD_2829,distance_diff_3D,0,0.205391724765987
OOD_2830,distance_diff_3D,1,0.9104860774542061
OOD_2831,distance_diff_3D,0,0.04740189142133031
OOD_2832,distance_diff_3D,0,0.7226527304464837
OOD_2833,distance_diff_3D,0,0.057913629261162745
OOD_2834,distance_diff_3D,0,0.0015751331732785092
OOD_2835,distance_diff_3D,0,0.535227826686778
OOD_2836,distance_diff_3D,0,0.12783494824037517
OOD_2837,distance_diff_3D,0,0.0004884737022715699
OOD_2838,distance_diff_3D,0,0.0832864752716208
OOD_2839,distance_diff_3D,0,0.0019205190464721116
OOD_2840,distance_diff_3D,0,0.7257887063819274
OOD_2841,distance_diff_3D,1,0.46925076912843056
OOD_2842,distance_diff_3D,0,0.0005331757310303117
OOD_2843,distance_diff_3D,1,0.9269725995237027
OOD_2844,distance_diff_3D,0,5.292037396790837e-05
OOD_2845,distance_diff_3D,0,0.8084480262478769
OOD_2846,distance_diff_3D,0,0.6287625213971569
OOD_2847,distance_diff_3D,0,0.7929378130925638
OOD_2848,distance_diff_3D,0,0.2781685713972603
OOD_2849,distance_diff_3D,0,0.28093117825697794
OOD_2850,distance_diff_3D,1,0.9574907835037163
OOD_2851,distance_diff_3D,0,0.033222742561269294
OOD_2852,distance_diff_3D,0,2.7801942272936147e-05
OOD_2853,distance_diff_3D,0,0.14746827094415224
OOD_2854,distance_diff_3D,1,0.8201371012621268
OOD_2855,distance_diff_3D,1,0.04127642426524848
OOD_2856,distance_diff_3D,1,0.9088931214802658
OOD_2857,distance_diff_3D,1,0.9371305109447011
OOD_2858,distance_diff_3D,0,0.0006477178382324521
OOD_2859,distance_diff_3D,0,0.007206315420548581
OOD_2860,distance_diff_3D,1,0.4182876904539023
OOD_2861,distance_diff_3D,0,0.02902308113649726
OOD_2862,distance_diff_3D,1,0.7951848739512446
OOD_2863,distance_diff_3D,0,0.045792458787759324
OOD_2864,distance_diff_3D,0,0.0006102365823066105
OOD_2865,distance_diff_3D,0,8.93158692318824e-05
OOD_2866,distance_diff_3D,0,0.08306185842554441
OOD_2867,distance_diff_3D,1,0.45700010228421434
OOD_2868,distance_diff_3D,1,0.7207119363326338
OOD_2869,distance_diff_3D,0,0.5791704377120712
OOD_2870,distance_diff_3D,1,0.8145572148460009
OOD_2871,distance_diff_3D,1,0.8908679745844197
OOD_2872,distance_diff_3D,0,2.4898874804262257e-06
OOD_2873,distance_diff_3D,1,0.876378799540885
OOD_2874,distance_diff_3D,0,0.09760977021589073
OOD_2875,distance_diff_3D,0,0.014875713544690418
OOD_2876,distance_diff_3D,0,0.1911989412494625
OOD_2877,distance_diff_3D,1,0.6825534803032233
OOD_2878,distance_diff_3D,0,0.5740962947967656
OOD_2879,distance_diff_3D,1,0.8294677053454544
OOD_2880,distance_diff_3D,1,0.5532997986490857
OOD_2881,distance_diff_3D,0,0.7210420105385918
OOD_2882,distance_diff_3D,0,0.7138055647957512
OOD_2883,distance_diff_3D,0,0.3685141865881062
OOD_2884,distance_diff_3D,1,0.6713978602934059
OOD_2885,distance_diff_3D,1,0.9323201787203588
OOD_2886,distance_diff_3D,0,0.37422701086535487
OOD_2887,distance_diff_3D,0,0.001859997271505655
OOD_2888,distance_diff_3D,0,0.03064190365684801
OOD_2889,distance_diff_3D,1,0.8619953221504143
OOD_2890,distance_diff_3D,1,0.9439141840845336
OOD_2891,distance_diff_3D,1,0.9132934232266979
OOD_2892,distance_diff_3D,0,0.1413198672790941
OOD_2893,distance_diff_3D,0,0.010341088997022414
OOD_2894,distance_diff_3D,0,0.001533805826175386
OOD_2895,distance_diff_3D,1,0.7583219902697579
OOD_2896,distance_diff_3D,1,0.9021680327614022
OOD_2897,distance_diff_3D,0,0.0010872342297551234
OOD_2898,distance_diff_3D,0,6.1491129284094e-07
OOD_2899,distance_diff_3D,1,0.13637613328405185
OOD_2900,distance_diff_3D,0,0.5853146180012979
OOD_2901,distance_diff_3D,1,0.4139186441735313
OOD_2902,distance_diff_3D,1,0.2728362194118153
OOD_2903,distance_diff_3D,1,0.8598339520088671
OOD_2904,distance_diff_3D,0,7.812304830206606e-06
OOD_2905,distance_diff_3D,0,0.025585914747521626
OOD_2906,distance_diff_3D,0,0.9085249172249507
OOD_2907,distance_diff_3D,0,0.12432159677939829
OOD_2908,distance_diff_3D,1,0.9366968278199543
OOD_2909,distance_diff_3D,0,0.7753803759629416
OOD_2910,distance_diff_3D,0,0.011526508822312891
OOD_2911,distance_diff_3D,0,0.020313436779694945
OOD_2912,distance_diff_3D,0,0.15164272929328385
OOD_2913,distance_diff_3D,1,0.21454459603132045
OOD_2914,distance_diff_3D,0,0.001796801064901435
OOD_2915,distance_diff_3D,1,0.13949143332554922
OOD_2916,distance_diff_3D,0,0.0016757103088596518
OOD_2917,distance_diff_3D,1,0.829610189743815
OOD_2918,distance_diff_3D,0,0.00010017299072622659
OOD_2919,distance_diff_3D,0,0.0018901470919855342
OOD_2920,distance_diff_3D,0,0.09138281782682045
OOD_2921,distance_diff_3D,0,0.1077459895576218
OOD_2922,distance_diff_3D,0,0.013113170741999957
OOD_2923,distance_diff_3D,0,0.7199840282719268
OOD_2924,distance_diff_3D,0,0.03659393286633676
OOD_2925,distance_diff_3D,0,0.018239456146861684
OOD_2926,distance_diff_3D,0,0.18040104842785867
OOD_2927,distance_diff_3D,0,0.002679234741209485
OOD_2928,distance_diff_3D,1,0.8860186358786222
OOD_2929,distance_diff_3D,0,0.5185073969928555
OOD_2930,distance_diff_3D,0,0.019343120941658777
OOD_2931,distance_diff_3D,1,0.6709314265774049
OOD_2932,distance_diff_3D,1,0.8576281768723154
OOD_2933,distance_diff_3D,0,0.5286390239291275
OOD_2934,distance_diff_3D,0,3.753240743575898e-05
OOD_2935,distance_diff_3D,1,0.9715353586663881
OOD_2936,distance_diff_3D,0,0.14107185046835558
OOD_2937,distance_diff_3D,1,0.8410913537633029
OOD_2938,distance_diff_3D,0,0.6651117867499249
OOD_2939,distance_diff_3D,0,0.0007032430319637336
OOD_2940,distance_diff_3D,1,0.8750378558184202
OOD_2941,distance_diff_3D,0,0.00323730000487871
OOD_2942,distance_diff_3D,0,0.13819219925561244
OOD_2943,distance_diff_3D,1,0.912465643135081
OOD_2944,distance_diff_3D,0,0.3675375107967965
OOD_2945,distance_diff_3D,1,0.9016964404700921
OOD_2946,distance_diff_3D,0,0.4448966054913549
OOD_2947,distance_diff_3D,1,0.5449089097852162
OOD_2948,distance_diff_3D,0,0.0013750673392123943
OOD_2949,distance_diff_3D,0,0.0023045760652326166
OOD_2950,distance_diff_3D,0,0.03764161122493875
OOD_2951,distance_diff_3D,0,0.1039937372367636
OOD_2952,distance_diff_3D,1,0.720716305335099
OOD_2953,distance_diff_3D,0,0.018971512313423273
OOD_2954,distance_diff_3D,0,0.06828889170921845
OOD_2955,distance_diff_3D,1,0.9437742449042476
OOD_2956,distance_diff_3D,1,0.3408017688090855
OOD_2957,distance_diff_3D,1,0.9102311647438371
OOD_2958,distance_diff_3D,1,0.7838997756025641
OOD_2959,distance_diff_3D,1,0.9324533653817461
OOD_2960,distance_diff_3D,1,0.8776065290058273
OOD_2961,distance_diff_3D,0,0.006275866293822931
OOD_2962,distance_diff_3D,0,0.11585375431833617
OOD_2963,distance_diff_3D,1,0.893448586006962
OOD_2964,distance_diff_3D,1,0.9445595244115155
OOD_2965,distance_diff_3D,0,0.13554361236901089
OOD_2966,distance_diff_3D,1,0.928866036998524
OOD_2967,distance_diff_3D,0,0.003059348370762705
OOD_2968,distance_diff_3D,1,0.6846514210108169
OOD_2969,distance_diff_3D,0,0.04055600328446105
OOD_2970,distance_diff_3D,1,0.8258620541740258
OOD_2971,distance_diff_3D,1,0.6384801456408357
OOD_2972,distance_diff_3D,0,0.14552447759897133
OOD_2973,distance_diff_3D,1,0.8959315366124975
OOD_2974,distance_diff_3D,0,0.0001742934333877037
OOD_2975,distance_diff_3D,1,0.8928244313336117
OOD_2976,distance_diff_3D,0,0.11724941698550331
OOD_2977,distance_diff_3D,1,0.046844773024115466
OOD_2978,distance_diff_3D,0,0.19338495898939817
OOD_2979,distance_diff_3D,0,0.06955882489130585
OOD_2980,distance_diff_3D,0,0.24747345808441767
OOD_2981,distance_diff_3D,1,0.9364126380471324
OOD_2982,distance_diff_3D,0,0.07781968785342169
OOD_2983,distance_diff_3D,1,0.8828154439479509
OOD_2984,distance_diff_3D,1,0.79799196460871
OOD_2985,distance_diff_3D,1,0.5345608136044788
OOD_2986,distance_diff_3D,0,0.00024583206079131006
OOD_2987,distance_diff_3D,1,0.22560885441919226
OOD_2988,distance_diff_3D,0,0.6043747710797625
OOD_2989,distance_diff_3D,1,0.174124110411292
OOD_2990,distance_diff_3D,1,0.9016462918936172
OOD_2991,distance_diff_3D,1,0.5218069547939533
OOD_2992,distance_diff_3D,1,0.5794275737373766
OOD_2993,distance_diff_3D,0,0.6081888166355317
OOD_2994,distance_diff_3D,1,0.7985411664174432
OOD_2995,distance_diff_3D,0,0.5539850495444693
OOD_2996,distance_diff_3D,0,0.15161489110361703
OOD_2997,distance_diff_3D,0,0.7522880709820489
OOD_2998,distance_diff_3D,1,0.8612813078836009
OOD_2999,distance_diff_3D,0,0.031403476923960796
OOD_0000,normalized_margin_2D,1,0.9975773991199628
OOD_0001,normalized_margin_2D,0,0.37004018355110296
OOD_0002,normalized_margin_2D,0,0.359056323283496
OOD_0003,normalized_margin_2D,0,0.4715241268666746
OOD_0004,normalized_margin_2D,0,0.23677530051476606
OOD_0005,normalized_margin_2D,0,0.8601164154990039
OOD_0006,normalized_margin_2D,0,0.3171827568044952
OOD_0007,normalized_margin_2D,1,0.43843952054640856
OOD_0008,normalized_margin_2D,0,0.6719678007622509
OOD_0009,normalized_margin_2D,1,0.9981061710791556
OOD_0010,normalized_margin_2D,1,0.6668056715551736
OOD_0011,normalized_margin_2D,0,0.3052427112588533
OOD_0012,normalized_margin_2D,1,0.91243975880285
OOD_0013,normalized_margin_2D,1,0.9385031349600863
OOD_0014,normalized_margin_2D,1,0.9963188648759569
OOD_0015,normalized_margin_2D,0,0.34351941349598764
OOD_0016,normalized_margin_2D,1,0.784285659072875
OOD_0017,normalized_margin_2D,0,0.30800356487746977
OOD_0018,normalized_margin_2D,0,0.8977351801460681
OOD_0019,normalized_margin_2D,0,0.7182113015049871
OOD_0020,normalized_margin_2D,1,0.556462217959205
OOD_0021,normalized_margin_2D,1,0.9883608824948568
OOD_0022,normalized_margin_2D,0,0.3165534693003612
OOD_0023,normalized_margin_2D,1,0.8448637388880289
OOD_0024,normalized_margin_2D,1,0.9590706976707132
OOD_0025,normalized_margin_2D,1,0.7642902409062245
OOD_0026,normalized_margin_2D,0,0.4501625277248778
OOD_0027,normalized_margin_2D,0,0.27759293185753564
OOD_0028,normalized_margin_2D,1,0.9670919185702578
OOD_0029,normalized_margin_2D,1,0.7538652023709973
OOD_0030,normalized_margin_2D,0,0.25556697733153705
OOD_0031,normalized_margin_2D,1,0.5003409905076207
OOD_0032,normalized_margin_2D,1,0.973852257406865
OOD_0033,normalized_margin_2D,0,0.9653192232494178
OOD_0034,normalized_margin_2D,1,0.9863518752197948
OOD_0035,normalized_margin_2D,0,0.3795707884029538
OOD_0036,normalized_margin_2D,0,0.4167597599496749
OOD_0037,normalized_margin_2D,0,0.17891953608604477
OOD_0038,normalized_margin_2D,0,0.8270740930925059
OOD_0039,normalized_margin_2D,0,0.287451379340648
OOD_0040,normalized_margin_2D,0,0.49675443212846737
OOD_0041,normalized_margin_2D,1,0.9979523304716239
OOD_0042,normalized_margin_2D,0,0.3955203742052953
OOD_0043,normalized_margin_2D,1,0.9636527704321494
OOD_0044,normalized_margin_2D,1,0.8998815610252148
OOD_0045,normalized_margin_2D,0,0.9548219116594825
OOD_0046,normalized_margin_2D,0,0.6338317639289192
OOD_0047,normalized_margin_2D,1,0.9850994615671376
OOD_0048,normalized_margin_2D,1,0.9206512582654766
OOD_0049,normalized_margin_2D,0,0.36695769922803895
OOD_0050,normalized_margin_2D,0,0.5246317888654953
OOD_0051,normalized_margin_2D,0,0.22663002325295167
OOD_0052,normalized_margin_2D,0,0.7607726576167843
OOD_0053,normalized_margin_2D,0,0.22871748005368148
OOD_0054,normalized_margin_2D,0,0.9779077378838041
OOD_0055,normalized_margin_2D,0,0.6177513689781925
OOD_0056,normalized_margin_2D,0,0.5914082780077999
OOD_0057,normalized_margin_2D,1,0.42135219404181745
OOD_0058,normalized_margin_2D,0,0.2855779553711905
OOD_0059,normalized_margin_2D,0,0.22146775667762614
OOD_0060,normalized_margin_2D,0,0.359003812693904
OOD_0061,normalized_margin_2D,0,0.38360910091536216
OOD_0062,normalized_margin_2D,0,0.27495165461640125
OOD_0063,normalized_margin_2D,0,0.32215299442526424
OOD_0064,normalized_margin_2D,0,0.3250768008176133
OOD_0065,normalized_margin_2D,0,0.3527564706275503
OOD_0066,normalized_margin_2D,0,0.5510399183899009
OOD_0067,normalized_margin_2D,0,0.29865383262462114
OOD_0068,normalized_margin_2D,0,0.7530618733467848
OOD_0069,normalized_margin_2D,0,0.5174831661827402
OOD_0070,normalized_margin_2D,0,0.3802789006496521
OOD_0071,normalized_margin_2D,0,0.956500068675342
OOD_0072,normalized_margin_2D,0,0.999098452174973
OOD_0073,normalized_margin_2D,0,0.24602125611527415
OOD_0074,normalized_margin_2D,0,0.7799561981946805
OOD_0075,normalized_margin_2D,0,0.2629970141521993
OOD_0076,normalized_margin_2D,0,0.3430848612095677
OOD_0077,normalized_margin_2D,0,0.17703708371332133
OOD_0078,normalized_margin_2D,0,0.3206933290019948
OOD_0079,normalized_margin_2D,0,0.6453802520420615
OOD_0080,normalized_margin_2D,0,0.2853743672777449
OOD_0081,normalized_margin_2D,0,0.8051023469059306
OOD_0082,normalized_margin_2D,1,0.6081347598195692
OOD_0083,normalized_margin_2D,0,0.3353970591352433
OOD_0084,normalized_margin_2D,1,0.746518066216577
OOD_0085,normalized_margin_2D,0,0.4034241026235579
OOD_0086,normalized_margin_2D,0,0.5596481640629745
OOD_0087,normalized_margin_2D,0,0.8714293571930076
OOD_0088,normalized_margin_2D,1,0.9243219201383974
OOD_0089,normalized_margin_2D,0,0.2797812322255818
OOD_0090,normalized_margin_2D,0,0.3191975520844301
OOD_0091,normalized_margin_2D,0,0.36381942663367045
OOD_0092,normalized_margin_2D,0,0.2119648724298747
OOD_0093,normalized_margin_2D,0,0.30130745411587484
OOD_0094,normalized_margin_2D,0,0.9924417355708026
OOD_0095,normalized_margin_2D,1,0.997595704988568
OOD_0096,normalized_margin_2D,0,0.30973680230619627
OOD_0097,normalized_margin_2D,0,0.5611826229631477
OOD_0098,normalized_margin_2D,0,0.9606418577040029
OOD_0099,normalized_margin_2D,0,0.28103658308829405
OOD_0100,normalized_margin_2D,0,0.6373214806455628
OOD_0101,normalized_margin_2D,0,0.2456817787357188
OOD_0102,normalized_margin_2D,1,0.9981335323393589
OOD_0103,normalized_margin_2D,0,0.2804404424242172
OOD_0104,normalized_margin_2D,0,0.5882711894433741
OOD_0105,normalized_margin_2D,0,0.35990419957013253
OOD_0106,normalized_margin_2D,0,0.26129666292728354
OOD_0107,normalized_margin_2D,0,0.42172425934499425
OOD_0108,normalized_margin_2D,0,0.4728489549447099
OOD_0109,normalized_margin_2D,0,0.6031977705502339
OOD_0110,normalized_margin_2D,0,0.8846049587274666
OOD_0111,normalized_margin_2D,1,0.9993699303496002
OOD_0112,normalized_margin_2D,1,0.9824527641370588
OOD_0113,normalized_margin_2D,1,0.9925713637312555
OOD_0114,normalized_margin_2D,1,0.923918416873705
OOD_0115,normalized_margin_2D,1,0.9860171192919309
OOD_0116,normalized_margin_2D,1,0.6303464587725425
OOD_0117,normalized_margin_2D,0,0.1825329080152495
OOD_0118,normalized_margin_2D,1,0.9123028969584177
OOD_0119,normalized_margin_2D,0,0.7498893826860291
OOD_0120,normalized_margin_2D,0,0.2237854741063952
OOD_0121,normalized_margin_2D,0,0.7117862970417516
OOD_0122,normalized_margin_2D,1,0.8626356953987386
OOD_0123,normalized_margin_2D,0,0.19200813719147516
OOD_0124,normalized_margin_2D,1,0.9471131625532657
OOD_0125,normalized_margin_2D,0,0.3908100960521667
OOD_0126,normalized_margin_2D,0,0.5691395107183357
OOD_0127,normalized_margin_2D,0,0.18760772562719197
OOD_0128,normalized_margin_2D,0,0.3124783549440619
OOD_0129,normalized_margin_2D,1,0.9965332891628692
OOD_0130,normalized_margin_2D,0,0.5164185573442586
OOD_0131,normalized_margin_2D,0,0.329527664582006
OOD_0132,normalized_margin_2D,0,0.7889692225866136
OOD_0133,normalized_margin_2D,1,0.8188642709449239
OOD_0134,normalized_margin_2D,0,0.2714249714539055
OOD_0135,normalized_margin_2D,0,0.4444326655014892
OOD_0136,normalized_margin_2D,0,0.9960773278684475
OOD_0137,normalized_margin_2D,1,0.9981103888131628
OOD_0138,normalized_margin_2D,1,0.9740688280650925
OOD_0139,normalized_margin_2D,1,0.7901454618169208
OOD_0140,normalized_margin_2D,0,0.9929439034776609
OOD_0141,normalized_margin_2D,1,0.9987791450735025
OOD_0142,normalized_margin_2D,0,0.5639298297521328
OOD_0143,normalized_margin_2D,1,0.876786520056781
OOD_0144,normalized_margin_2D,1,0.7674066663751401
OOD_0145,normalized_margin_2D,0,0.4067284066434207
OOD_0146,normalized_margin_2D,0,0.44135144732354675
OOD_0147,normalized_margin_2D,0,0.208964851444597
OOD_0148,normalized_margin_2D,0,0.8978924081052924
OOD_0149,normalized_margin_2D,0,0.5431451748261109
OOD_0150,normalized_margin_2D,1,0.8279495423201109
OOD_0151,normalized_margin_2D,0,0.4958525797687858
OOD_0152,normalized_margin_2D,0,0.26337843880284345
OOD_0153,normalized_margin_2D,1,0.8833873536753495
OOD_0154,normalized_margin_2D,0,0.7175806345304727
OOD_0155,normalized_margin_2D,1,0.9145953834296655
OOD_0156,normalized_margin_2D,0,0.2763172964144644
OOD_0157,normalized_margin_2D,0,0.23603493844144932
OOD_0158,normalized_margin_2D,0,0.38815301882876035
OOD_0159,normalized_margin_2D,0,0.8305920682324698
OOD_0160,normalized_margin_2D,0,0.24372991187049295
OOD_0161,normalized_margin_2D,0,0.4508960502346005
OOD_0162,normalized_margin_2D,0,0.6865894240662112
OOD_0163,normalized_margin_2D,0,0.3925964166484052
OOD_0164,normalized_margin_2D,1,0.9923396018611113
OOD_0165,normalized_margin_2D,1,0.8393168081651429
OOD_0166,normalized_margin_2D,1,0.6012255415527251
OOD_0167,normalized_margin_2D,1,0.986810391647417
OOD_0168,normalized_margin_2D,0,0.9468259435344036
OOD_0169,normalized_margin_2D,1,0.9874040471400827
OOD_0170,normalized_margin_2D,0,0.540358430980529
OOD_0171,normalized_margin_2D,0,0.38547700499611964
OOD_0172,normalized_margin_2D,1,0.7429511121404104
OOD_0173,normalized_margin_2D,0,0.9174697876819824
OOD_0174,normalized_margin_2D,0,0.25401393744506334
OOD_0175,normalized_margin_2D,1,0.5880074443610925
OOD_0176,normalized_margin_2D,0,0.331800281269686
OOD_0177,normalized_margin_2D,0,0.23928493922788796
OOD_0178,normalized_margin_2D,0,0.5783072786957114
OOD_0179,normalized_margin_2D,1,0.9934737076326952
OOD_0180,normalized_margin_2D,1,0.6125853060119668
OOD_0181,normalized_margin_2D,0,0.47826478724192484
OOD_0182,normalized_margin_2D,1,0.9597260813962614
OOD_0183,normalized_margin_2D,0,0.15158358311242437
OOD_0184,normalized_margin_2D,0,0.5824763016589208
OOD_0185,normalized_margin_2D,0,0.9717492784539823
OOD_0186,normalized_margin_2D,1,0.997033585010515
OOD_0187,normalized_margin_2D,1,0.9890941190421516
OOD_0188,normalized_margin_2D,0,0.7513273671631336
OOD_0189,normalized_margin_2D,0,0.3050364106995303
OOD_0190,normalized_margin_2D,0,0.9038565934146202
OOD_0191,normalized_margin_2D,0,0.2888476052259428
OOD_0192,normalized_margin_2D,1,0.9956170542913951
OOD_0193,normalized_margin_2D,0,0.18375007301293528
OOD_0194,normalized_margin_2D,0,0.4908279333649648
OOD_0195,normalized_margin_2D,0,0.24771553344966166
OOD_0196,normalized_margin_2D,1,0.6761639329607432
OOD_0197,normalized_margin_2D,1,0.6003513203639402
OOD_0198,normalized_margin_2D,1,0.9981171808457764
OOD_0199,normalized_margin_2D,1,0.993401056096597
OOD_0200,normalized_margin_2D,1,0.9740039019899088
OOD_0201,normalized_margin_2D,0,0.30189174151211173
OOD_0202,normalized_margin_2D,1,0.991365743512959
OOD_0203,normalized_margin_2D,0,0.2794433333682243
OOD_0204,normalized_margin_2D,1,0.9958239524992918
OOD_0205,normalized_margin_2D,1,0.9876936941817784
OOD_0206,normalized_margin_2D,0,0.8029431175480891
OOD_0207,normalized_margin_2D,0,0.2580803025793484
OOD_0208,normalized_margin_2D,0,0.18233687253642597
OOD_0209,normalized_margin_2D,0,0.7556719488291099
OOD_0210,normalized_margin_2D,0,0.7079345475167265
OOD_0211,normalized_margin_2D,0,0.5616310711328987
OOD_0212,normalized_margin_2D,0,0.8681262477369496
OOD_0213,normalized_margin_2D,1,0.481370696928974
OOD_0214,normalized_margin_2D,0,0.6918478133944089
OOD_0215,normalized_margin_2D,0,0.2771153010001507
OOD_0216,normalized_margin_2D,0,0.4229155872938861
OOD_0217,normalized_margin_2D,1,0.927411526236974
OOD_0218,normalized_margin_2D,0,0.2469047064584927
OOD_0219,normalized_margin_2D,0,0.44019131292131
OOD_0220,normalized_margin_2D,1,0.9672235807462354
OOD_0221,normalized_margin_2D,1,0.45491314139141575
OOD_0222,normalized_margin_2D,1,0.977523980800804
OOD_0223,normalized_margin_2D,0,0.3273988027794192
OOD_0224,normalized_margin_2D,1,0.9726286565292369
OOD_0225,normalized_margin_2D,1,0.9956603760943044
OOD_0226,normalized_margin_2D,0,0.2669545928769259
OOD_0227,normalized_margin_2D,0,0.18022211053287732
OOD_0228,normalized_margin_2D,0,0.6818549699659185
OOD_0229,normalized_margin_2D,0,0.2844682106825564
OOD_0230,normalized_margin_2D,1,0.6021900507704303
OOD_0231,normalized_margin_2D,0,0.33306646684472574
OOD_0232,normalized_margin_2D,0,0.39177318197484806
OOD_0233,normalized_margin_2D,0,0.21802839230392546
OOD_0234,normalized_margin_2D,0,0.2691754222436365
OOD_0235,normalized_margin_2D,0,0.41268892774327537
OOD_0236,normalized_margin_2D,0,0.34624346440485093
OOD_0237,normalized_margin_2D,1,0.9962716518049916
OOD_0238,normalized_margin_2D,1,0.9993037958636725
OOD_0239,normalized_margin_2D,0,0.6384198072661956
OOD_0240,normalized_margin_2D,1,0.9964622551311052
OOD_0241,normalized_margin_2D,0,0.19971713358073756
OOD_0242,normalized_margin_2D,1,0.9725339812544549
OOD_0243,normalized_margin_2D,1,0.9985256667997551
OOD_0244,normalized_margin_2D,1,0.8092378974100352
OOD_0245,normalized_margin_2D,0,0.3448090818356086
OOD_0246,normalized_margin_2D,0,0.6556861752944811
OOD_0247,normalized_margin_2D,1,0.9988615657015448
OOD_0248,normalized_margin_2D,0,0.9092774004641653
OOD_0249,normalized_margin_2D,1,0.9961195959011433
OOD_0250,normalized_margin_2D,0,0.5831616040387986
OOD_0251,normalized_margin_2D,0,0.18260184707542623
OOD_0252,normalized_margin_2D,1,0.9989605125616323
OOD_0253,normalized_margin_2D,0,0.5585911136270117
OOD_0254,normalized_margin_2D,1,0.9810741508689035
OOD_0255,normalized_margin_2D,0,0.43788249555863323
OOD_0256,normalized_margin_2D,0,0.5847123265224127
OOD_0257,normalized_margin_2D,0,0.6189065005549031
OOD_0258,normalized_margin_2D,0,0.3612394638237928
OOD_0259,normalized_margin_2D,1,0.8972869291126184
OOD_0260,normalized_margin_2D,1,0.4413046421144921
OOD_0261,normalized_margin_2D,1,0.5200848837214197
OOD_0262,normalized_margin_2D,0,0.7050831940228155
OOD_0263,normalized_margin_2D,0,0.28622719669568153
OOD_0264,normalized_margin_2D,0,0.6479218136528562
OOD_0265,normalized_margin_2D,0,0.6478287031308794
OOD_0266,normalized_margin_2D,1,0.6955899793729816
OOD_0267,normalized_margin_2D,0,0.6426652474427789
OOD_0268,normalized_margin_2D,1,0.9460796524341757
OOD_0269,normalized_margin_2D,1,0.992691535247557
OOD_0270,normalized_margin_2D,1,0.5843166556350777
OOD_0271,normalized_margin_2D,1,0.9834972710178164
OOD_0272,normalized_margin_2D,0,0.8902045920624542
OOD_0273,normalized_margin_2D,0,0.9845826992596194
OOD_0274,normalized_margin_2D,1,0.9978278037548757
OOD_0275,normalized_margin_2D,0,0.3627155108089136
OOD_0276,normalized_margin_2D,0,0.3752916103084301
OOD_0277,normalized_margin_2D,1,0.9693760476276977
OOD_0278,normalized_margin_2D,0,0.3006987202550459
OOD_0279,normalized_margin_2D,0,0.5793361584760658
OOD_0280,normalized_margin_2D,1,0.9579043970345356
OOD_0281,normalized_margin_2D,1,0.9582926909632972
OOD_0282,normalized_margin_2D,0,0.27822515814881177
OOD_0283,normalized_margin_2D,1,0.8848590612237365
OOD_0284,normalized_margin_2D,0,0.3693622215784484
OOD_0285,normalized_margin_2D,1,0.7483088715537507
OOD_0286,normalized_margin_2D,1,0.9873979321289447
OOD_0287,normalized_margin_2D,1,0.4333284258405849
OOD_0288,normalized_margin_2D,0,0.2542339384712268
OOD_0289,normalized_margin_2D,0,0.2673902254787778
OOD_0290,normalized_margin_2D,1,0.6373822057793251
OOD_0291,normalized_margin_2D,0,0.4258337654796281
OOD_0292,normalized_margin_2D,1,0.9920557821139249
OOD_0293,normalized_margin_2D,0,0.6312720227859662
OOD_0294,normalized_margin_2D,0,0.23652922681271193
OOD_0295,normalized_margin_2D,1,0.7133988716354094
OOD_0296,normalized_margin_2D,1,0.9334188915172051
OOD_0297,normalized_margin_2D,1,0.9957177294525278
OOD_0298,normalized_margin_2D,0,0.30124186964167593
OOD_0299,normalized_margin_2D,0,0.28628600895689454
OOD_0300,normalized_margin_2D,1,0.9807780450367434
OOD_0301,normalized_margin_2D,0,0.5436177384670461
OOD_0302,normalized_margin_2D,1,0.99813488291822
OOD_0303,normalized_margin_2D,0,0.4533476555813421
OOD_0304,normalized_margin_2D,1,0.9603397698536507
OOD_0305,normalized_margin_2D,1,0.3902858348164925
OOD_0306,normalized_margin_2D,0,0.41925342396330945
OOD_0307,normalized_margin_2D,0,0.2230331179286183
OOD_0308,normalized_margin_2D,1,0.9898420363168553
OOD_0309,normalized_margin_2D,0,0.3601492316241861
OOD_0310,normalized_margin_2D,0,0.2079897713347988
OOD_0311,normalized_margin_2D,0,0.48723831828982556
OOD_0312,normalized_margin_2D,0,0.5295585408426376
OOD_0313,normalized_margin_2D,0,0.7990603913403879
OOD_0314,normalized_margin_2D,1,0.9023524621068687
OOD_0315,normalized_margin_2D,0,0.249000528870721
OOD_0316,normalized_margin_2D,0,0.34547671751761
OOD_0317,normalized_margin_2D,1,0.9083146938401306
OOD_0318,normalized_margin_2D,1,0.9986400451444748
OOD_0319,normalized_margin_2D,1,0.9970313616200924
OOD_0320,normalized_margin_2D,0,0.1962777988170904
OOD_0321,normalized_margin_2D,0,0.683331501856334
OOD_0322,normalized_margin_2D,0,0.2466514783793976
OOD_0323,normalized_margin_2D,0,0.25451744071510995
OOD_0324,normalized_margin_2D,0,0.4010851720961335
OOD_0325,normalized_margin_2D,1,0.33362789260377695
OOD_0326,normalized_margin_2D,0,0.45356559394547497
OOD_0327,normalized_margin_2D,0,0.5418697454998055
OOD_0328,normalized_margin_2D,0,0.6895896794771958
OOD_0329,normalized_margin_2D,1,0.996108460527334
OOD_0330,normalized_margin_2D,0,0.3522378028058732
OOD_0331,normalized_margin_2D,0,0.2557550953557918
OOD_0332,normalized_margin_2D,0,0.2219239184882586
OOD_0333,normalized_margin_2D,0,0.20714084627199075
OOD_0334,normalized_margin_2D,0,0.3558875837680856
OOD_0335,normalized_margin_2D,1,0.9915800211223981
OOD_0336,normalized_margin_2D,0,0.7498017896604093
OOD_0337,normalized_margin_2D,0,0.2130439000428042
OOD_0338,normalized_margin_2D,1,0.97736512853867
OOD_0339,normalized_margin_2D,0,0.6662292643584447
OOD_0340,normalized_margin_2D,1,0.8488246935537236
OOD_0341,normalized_margin_2D,0,0.4640908209581095
OOD_0342,normalized_margin_2D,0,0.5398530893836008
OOD_0343,normalized_margin_2D,0,0.4467500243841618
OOD_0344,normalized_margin_2D,0,0.34484811941654697
OOD_0345,normalized_margin_2D,1,0.998857499885296
OOD_0346,normalized_margin_2D,1,0.9996399124454867
OOD_0347,normalized_margin_2D,1,0.9990700817885565
OOD_0348,normalized_margin_2D,0,0.5361481646309252
OOD_0349,normalized_margin_2D,0,0.6388073822466592
OOD_0350,normalized_margin_2D,0,0.3249535447818531
OOD_0351,normalized_margin_2D,0,0.1719435363935917
OOD_0352,normalized_margin_2D,0,0.6281168064725516
OOD_0353,normalized_margin_2D,0,0.8359490780347077
OOD_0354,normalized_margin_2D,0,0.5798409357620226
OOD_0355,normalized_margin_2D,1,0.9967119209864537
OOD_0356,normalized_margin_2D,0,0.34768676389268904
OOD_0357,normalized_margin_2D,0,0.6897780129156412
OOD_0358,normalized_margin_2D,0,0.5905690846758118
OOD_0359,normalized_margin_2D,1,0.29308865979857207
OOD_0360,normalized_margin_2D,0,0.5189231210571068
OOD_0361,normalized_margin_2D,0,0.2594491655186421
OOD_0362,normalized_margin_2D,0,0.5693051361293577
OOD_0363,normalized_margin_2D,1,0.6094168075731516
OOD_0364,normalized_margin_2D,0,0.5293612770291782
OOD_0365,normalized_margin_2D,1,0.9744039894285086
OOD_0366,normalized_margin_2D,1,0.8292784338518701
OOD_0367,normalized_margin_2D,1,0.41369029036142435
OOD_0368,normalized_margin_2D,0,0.4310304233735884
OOD_0369,normalized_margin_2D,0,0.959186903375646
OOD_0370,normalized_margin_2D,0,0.22729227656747258
OOD_0371,normalized_margin_2D,0,0.49830879708971315
OOD_0372,normalized_margin_2D,0,0.9267068686677482
OOD_0373,normalized_margin_2D,1,0.9332026768835893
OOD_0374,normalized_margin_2D,1,0.733797504853371
OOD_0375,normalized_margin_2D,0,0.6724549955917971
OOD_0376,normalized_margin_2D,0,0.28427808162285617
OOD_0377,normalized_margin_2D,1,0.9781831582939885
OOD_0378,normalized_margin_2D,0,0.16639563236957366
OOD_0379,normalized_margin_2D,0,0.930458464183186
OOD_0380,normalized_margin_2D,0,0.26701271101616025
OOD_0381,normalized_margin_2D,0,0.31641624069639324
OOD_0382,normalized_margin_2D,0,0.39416030680560493
OOD_0383,normalized_margin_2D,1,0.9878880576780273
OOD_0384,normalized_margin_2D,1,0.7035728397362451
OOD_0385,normalized_margin_2D,0,0.8684396620551235
OOD_0386,normalized_margin_2D,0,0.39086026589573436
OOD_0387,normalized_margin_2D,1,0.9982408581676273
OOD_0388,normalized_margin_2D,0,0.8509581634411667
OOD_0389,normalized_margin_2D,1,0.7341013610834828
OOD_0390,normalized_margin_2D,0,0.6242186850848889
OOD_0391,normalized_margin_2D,0,0.2544977676859342
OOD_0392,normalized_margin_2D,1,0.9759860783132746
OOD_0393,normalized_margin_2D,1,0.9622905055616439
OOD_0394,normalized_margin_2D,0,0.617933836894751
OOD_0395,normalized_margin_2D,1,0.6271975064157821
OOD_0396,normalized_margin_2D,0,0.27337538420222474
OOD_0397,normalized_margin_2D,0,0.2740813046265161
OOD_0398,normalized_margin_2D,0,0.5218191460369532
OOD_0399,normalized_margin_2D,1,0.8316273663629437
OOD_0400,normalized_margin_2D,1,0.9668801317921734
OOD_0401,normalized_margin_2D,0,0.3342865370504814
OOD_0402,normalized_margin_2D,1,0.8677615890862233
OOD_0403,normalized_margin_2D,0,0.4914476164124615
OOD_0404,normalized_margin_2D,1,0.9061966395618167
OOD_0405,normalized_margin_2D,0,0.9933279190653123
OOD_0406,normalized_margin_2D,0,0.30359630602530707
OOD_0407,normalized_margin_2D,0,0.26860557301665644
OOD_0408,normalized_margin_2D,1,0.8737154820278413
OOD_0409,normalized_margin_2D,0,0.4796296329606553
OOD_0410,normalized_margin_2D,1,0.9957758238773472
OOD_0411,normalized_margin_2D,0,0.42970310225456637
OOD_0412,normalized_margin_2D,0,0.19104692265690096
OOD_0413,normalized_margin_2D,1,0.9917432823264716
OOD_0414,normalized_margin_2D,0,0.5989139526448553
OOD_0415,normalized_margin_2D,0,0.5751730528161831
OOD_0416,normalized_margin_2D,0,0.3340523543714042
OOD_0417,normalized_margin_2D,0,0.4846178254919369
OOD_0418,normalized_margin_2D,0,0.4400763946675964
OOD_0419,normalized_margin_2D,0,0.53196616943621
OOD_0420,normalized_margin_2D,0,0.8117389931384479
OOD_0421,normalized_margin_2D,1,0.985618952202712
OOD_0422,normalized_margin_2D,0,0.26057871134440513
OOD_0423,normalized_margin_2D,0,0.5677931549082023
OOD_0424,normalized_margin_2D,0,0.5492089632164512
OOD_0425,normalized_margin_2D,0,0.16661067827886897
OOD_0426,normalized_margin_2D,0,0.5120410617269777
OOD_0427,normalized_margin_2D,1,0.981597067845218
OOD_0428,normalized_margin_2D,1,0.8420921006515286
OOD_0429,normalized_margin_2D,0,0.2392232363453905
OOD_0430,normalized_margin_2D,0,0.49359095638149414
OOD_0431,normalized_margin_2D,1,0.9671439795212405
OOD_0432,normalized_margin_2D,0,0.6080267628856384
OOD_0433,normalized_margin_2D,0,0.8500974948254528
OOD_0434,normalized_margin_2D,1,0.5389011157904691
OOD_0435,normalized_margin_2D,0,0.7971660092539513
OOD_0436,normalized_margin_2D,1,0.9567902964020244
OOD_0437,normalized_margin_2D,0,0.27967709392049345
OOD_0438,normalized_margin_2D,1,0.8265351882921567
OOD_0439,normalized_margin_2D,0,0.42938864012837075
OOD_0440,normalized_margin_2D,0,0.8988354851299387
OOD_0441,normalized_margin_2D,1,0.9621755674727686
OOD_0442,normalized_margin_2D,1,0.9048111951220082
OOD_0443,normalized_margin_2D,0,0.39545487907740967
OOD_0444,normalized_margin_2D,0,0.6877445029783017
OOD_0445,normalized_margin_2D,0,0.9694674173469348
OOD_0446,normalized_margin_2D,1,0.8304656806843614
OOD_0447,normalized_margin_2D,1,0.904809427630689
OOD_0448,normalized_margin_2D,0,0.3367592686837428
OOD_0449,normalized_margin_2D,1,0.9650327495175367
OOD_0450,normalized_margin_2D,0,0.9431036807862124
OOD_0451,normalized_margin_2D,0,0.23006091103779663
OOD_0452,normalized_margin_2D,0,0.26339249546074295
OOD_0453,normalized_margin_2D,0,0.6219041218988024
OOD_0454,normalized_margin_2D,0,0.48204434447557504
OOD_0455,normalized_margin_2D,0,0.4602610305653573
OOD_0456,normalized_margin_2D,0,0.7444117303360026
OOD_0457,normalized_margin_2D,1,0.7751094602049263
OOD_0458,normalized_margin_2D,0,0.3892571620639921
OOD_0459,normalized_margin_2D,1,0.4642798469574727
OOD_0460,normalized_margin_2D,1,0.4072724382940809
OOD_0461,normalized_margin_2D,1,0.9378302818562825
OOD_0462,normalized_margin_2D,0,0.5939549619572577
OOD_0463,normalized_margin_2D,0,0.7632054241946011
OOD_0464,normalized_margin_2D,0,0.5333566863812887
OOD_0465,normalized_margin_2D,1,0.8043900220334789
OOD_0466,normalized_margin_2D,0,0.32272500433046447
OOD_0467,normalized_margin_2D,0,0.5234462117548421
OOD_0468,normalized_margin_2D,1,0.995627085112967
OOD_0469,normalized_margin_2D,1,0.9965402594748624
OOD_0470,normalized_margin_2D,1,0.9966414010097063
OOD_0471,normalized_margin_2D,0,0.5872482895179294
OOD_0472,normalized_margin_2D,1,0.5865097966241586
OOD_0473,normalized_margin_2D,0,0.413118090579808
OOD_0474,normalized_margin_2D,1,0.9627054386539821
OOD_0475,normalized_margin_2D,1,0.8008538321922396
OOD_0476,normalized_margin_2D,1,0.9883742462202496
OOD_0477,normalized_margin_2D,0,0.20404295490846713
OOD_0478,normalized_margin_2D,1,0.9085163025497393
OOD_0479,normalized_margin_2D,1,0.6780645544182367
OOD_0480,normalized_margin_2D,0,0.7211810543290549
OOD_0481,normalized_margin_2D,0,0.9849485802008283
OOD_0482,normalized_margin_2D,1,0.6521095778932148
OOD_0483,normalized_margin_2D,0,0.29974992547460955
OOD_0484,normalized_margin_2D,1,0.9986695706955925
OOD_0485,normalized_margin_2D,1,0.9896541097549408
OOD_0486,normalized_margin_2D,0,0.3186538900568881
OOD_0487,normalized_margin_2D,1,0.8195816158198228
OOD_0488,normalized_margin_2D,0,0.4334581354106874
OOD_0489,normalized_margin_2D,1,0.7568195382972532
OOD_0490,normalized_margin_2D,0,0.38316230792308104
OOD_0491,normalized_margin_2D,0,0.9281888741507361
OOD_0492,normalized_margin_2D,1,0.9614042153714137
OOD_0493,normalized_margin_2D,0,0.23577221789826788
OOD_0494,normalized_margin_2D,0,0.19823727125229004
OOD_0495,normalized_margin_2D,0,0.4876452198685624
OOD_0496,normalized_margin_2D,1,0.9833601581643654
OOD_0497,normalized_margin_2D,1,0.9623568614894492
OOD_0498,normalized_margin_2D,0,0.8511882713873519
OOD_0499,normalized_margin_2D,0,0.26789304594629615
OOD_0500,normalized_margin_2D,1,0.9793051247884144
OOD_0501,normalized_margin_2D,0,0.2383015545526716
OOD_0502,normalized_margin_2D,1,0.7281401750697785
OOD_0503,normalized_margin_2D,1,0.6320585197400757
OOD_0504,normalized_margin_2D,0,0.4103428256269179
OOD_0505,normalized_margin_2D,0,0.7937644076118372
OOD_0506,normalized_margin_2D,1,0.7363113466726912
OOD_0507,normalized_margin_2D,1,0.9861218110525755
OOD_0508,normalized_margin_2D,0,0.5999988894656088
OOD_0509,normalized_margin_2D,0,0.9103380533184489
OOD_0510,normalized_margin_2D,1,0.9092939375225699
OOD_0511,normalized_margin_2D,1,0.4552365035061388
OOD_0512,normalized_margin_2D,1,0.9709516867090784
OOD_0513,normalized_margin_2D,0,0.3032795530848231
OOD_0514,normalized_margin_2D,0,0.32007071355617744
OOD_0515,normalized_margin_2D,0,0.5065975251280813
OOD_0516,normalized_margin_2D,0,0.23188858627072337
OOD_0517,normalized_margin_2D,0,0.40200127982217054
OOD_0518,normalized_margin_2D,0,0.5669131393883935
OOD_0519,normalized_margin_2D,1,0.7137057064144646
OOD_0520,normalized_margin_2D,0,0.3046371204953289
OOD_0521,normalized_margin_2D,0,0.25742186691604796
OOD_0522,normalized_margin_2D,0,0.31775345709509023
OOD_0523,normalized_margin_2D,0,0.5393350147675062
OOD_0524,normalized_margin_2D,1,0.9971287286893872
OOD_0525,normalized_margin_2D,1,0.8769347069678127
OOD_0526,normalized_margin_2D,0,0.22330826749121302
OOD_0527,normalized_margin_2D,0,0.19488187089601372
OOD_0528,normalized_margin_2D,0,0.35902538645224297
OOD_0529,normalized_margin_2D,1,0.9596928824467145
OOD_0530,normalized_margin_2D,0,0.8594670964166921
OOD_0531,normalized_margin_2D,1,0.9654445638268813
OOD_0532,normalized_margin_2D,0,0.18540672254753607
OOD_0533,normalized_margin_2D,0,0.2344713314376261
OOD_0534,normalized_margin_2D,0,0.4042860032761421
OOD_0535,normalized_margin_2D,1,0.9407610615797838
OOD_0536,normalized_margin_2D,1,0.8901189332584483
OOD_0537,normalized_margin_2D,1,0.38069092428160795
OOD_0538,normalized_margin_2D,0,0.6752992470759835
OOD_0539,normalized_margin_2D,1,0.9995400138087908
OOD_0540,normalized_margin_2D,0,0.5315141308126279
OOD_0541,normalized_margin_2D,0,0.2695198158472159
OOD_0542,normalized_margin_2D,0,0.5171638742234639
OOD_0543,normalized_margin_2D,1,0.999026664502968
OOD_0544,normalized_margin_2D,0,0.20692130174547718
OOD_0545,normalized_margin_2D,0,0.3490102429821167
OOD_0546,normalized_margin_2D,0,0.6210657661279357
OOD_0547,normalized_margin_2D,0,0.5044218129136703
OOD_0548,normalized_margin_2D,0,0.19795210931417015
OOD_0549,normalized_margin_2D,1,0.7124201487361901
OOD_0550,normalized_margin_2D,1,0.9400686708398471
OOD_0551,normalized_margin_2D,1,0.9983938970140877
OOD_0552,normalized_margin_2D,0,0.19254427420349246
OOD_0553,normalized_margin_2D,0,0.41002752719429697
OOD_0554,normalized_margin_2D,1,0.9762011121044055
OOD_0555,normalized_margin_2D,0,0.7789383722183558
OOD_0556,normalized_margin_2D,1,0.997422860352069
OOD_0557,normalized_margin_2D,0,0.2861131589832332
OOD_0558,normalized_margin_2D,0,0.9901385111573908
OOD_0559,normalized_margin_2D,1,0.9906760304046615
OOD_0560,normalized_margin_2D,1,0.7399887108654332
OOD_0561,normalized_margin_2D,0,0.4458224476204975
OOD_0562,normalized_margin_2D,0,0.46689881595241617
OOD_0563,normalized_margin_2D,1,0.9895859960498228
OOD_0564,normalized_margin_2D,0,0.19826919825128203
OOD_0565,normalized_margin_2D,1,0.8909318112692868
OOD_0566,normalized_margin_2D,0,0.21156268764177077
OOD_0567,normalized_margin_2D,0,0.21175682311237057
OOD_0568,normalized_margin_2D,0,0.8844565722927485
OOD_0569,normalized_margin_2D,0,0.8148324700060872
OOD_0570,normalized_margin_2D,0,0.49734938206174617
OOD_0571,normalized_margin_2D,0,0.9213870859094734
OOD_0572,normalized_margin_2D,1,0.8447409171579396
OOD_0573,normalized_margin_2D,1,0.8674066323074421
OOD_0574,normalized_margin_2D,1,0.8472282905381746
OOD_0575,normalized_margin_2D,1,0.9929145289663386
OOD_0576,normalized_margin_2D,0,0.6294791037259679
OOD_0577,normalized_margin_2D,0,0.5160119021017164
OOD_0578,normalized_margin_2D,0,0.3314431381188806
OOD_0579,normalized_margin_2D,1,0.7681538561838755
OOD_0580,normalized_margin_2D,0,0.48253822665174423
OOD_0581,normalized_margin_2D,0,0.32614183201546004
OOD_0582,normalized_margin_2D,0,0.6764659219203515
OOD_0583,normalized_margin_2D,0,0.3500083222565909
OOD_0584,normalized_margin_2D,1,0.7470855657853025
OOD_0585,normalized_margin_2D,0,0.6256847580093784
OOD_0586,normalized_margin_2D,0,0.9254542826868406
OOD_0587,normalized_margin_2D,0,0.17020575087305698
OOD_0588,normalized_margin_2D,1,0.8227412560370496
OOD_0589,normalized_margin_2D,1,0.4621811555616788
OOD_0590,normalized_margin_2D,0,0.4462345913879098
OOD_0591,normalized_margin_2D,0,0.44407001898398535
OOD_0592,normalized_margin_2D,0,0.19474258708300202
OOD_0593,normalized_margin_2D,1,0.8579926913644802
OOD_0594,normalized_margin_2D,1,0.7281510277878575
OOD_0595,normalized_margin_2D,0,0.2521031325710195
OOD_0596,normalized_margin_2D,0,0.7216871667244602
OOD_0597,normalized_margin_2D,0,0.48833493434176906
OOD_0598,normalized_margin_2D,0,0.44789723687684785
OOD_0599,normalized_margin_2D,1,0.9717362084682044
OOD_0600,normalized_margin_2D,1,0.6241289444979798
OOD_0601,normalized_margin_2D,0,0.7324523365210952
OOD_0602,normalized_margin_2D,0,0.26396966674168704
OOD_0603,normalized_margin_2D,0,0.7384718420575062
OOD_0604,normalized_margin_2D,1,0.7429810930726451
OOD_0605,normalized_margin_2D,0,0.20678913874689372
OOD_0606,normalized_margin_2D,1,0.9982290848629386
OOD_0607,normalized_margin_2D,1,0.984383982829603
OOD_0608,normalized_margin_2D,1,0.9924803156192916
OOD_0609,normalized_margin_2D,0,0.7027143587926912
OOD_0610,normalized_margin_2D,1,0.9266100274373741
OOD_0611,normalized_margin_2D,1,0.9975203448189257
OOD_0612,normalized_margin_2D,0,0.5050615668854304
OOD_0613,normalized_margin_2D,0,0.6341371684434574
OOD_0614,normalized_margin_2D,0,0.42776525994947423
OOD_0615,normalized_margin_2D,1,0.5857777491486134
OOD_0616,normalized_margin_2D,0,0.4658715409469627
OOD_0617,normalized_margin_2D,0,0.6922130652659638
OOD_0618,normalized_margin_2D,0,0.6411306388524636
OOD_0619,normalized_margin_2D,0,0.5812986396032155
OOD_0620,normalized_margin_2D,0,0.33367279527507565
OOD_0621,normalized_margin_2D,0,0.43270429471073
OOD_0622,normalized_margin_2D,0,0.46111232739023267
OOD_0623,normalized_margin_2D,1,0.9994726611816297
OOD_0624,normalized_margin_2D,1,0.9773527988947754
OOD_0625,normalized_margin_2D,0,0.2805083621787307
OOD_0626,normalized_margin_2D,1,0.9951704147105623
OOD_0627,normalized_margin_2D,1,0.653918627865084
OOD_0628,normalized_margin_2D,0,0.9240675947437571
OOD_0629,normalized_margin_2D,0,0.4591351593915363
OOD_0630,normalized_margin_2D,1,0.9985125676494466
OOD_0631,normalized_margin_2D,0,0.5936094907275962
OOD_0632,normalized_margin_2D,0,0.6408522257813691
OOD_0633,normalized_margin_2D,0,0.8124856839204824
OOD_0634,normalized_margin_2D,1,0.9975949040086004
OOD_0635,normalized_margin_2D,1,0.7943642352969597
OOD_0636,normalized_margin_2D,1,0.9408431807146145
OOD_0637,normalized_margin_2D,0,0.7492096506739354
OOD_0638,normalized_margin_2D,0,0.7314753609826182
OOD_0639,normalized_margin_2D,1,0.9972699319460645
OOD_0640,normalized_margin_2D,0,0.6296331726714238
OOD_0641,normalized_margin_2D,0,0.617431244378474
OOD_0642,normalized_margin_2D,1,0.938429554388946
OOD_0643,normalized_margin_2D,0,0.5006762148872324
OOD_0644,normalized_margin_2D,1,0.8837356853848772
OOD_0645,normalized_margin_2D,0,0.9324952487062618
OOD_0646,normalized_margin_2D,1,0.6412576441739598
OOD_0647,normalized_margin_2D,0,0.9625531166299832
OOD_0648,normalized_margin_2D,0,0.6452336304705619
OOD_0649,normalized_margin_2D,0,0.20377083961104994
OOD_0650,normalized_margin_2D,1,0.993636616146235
OOD_0651,normalized_margin_2D,1,0.7553744736722136
OOD_0652,normalized_margin_2D,1,0.6424173611499114
OOD_0653,normalized_margin_2D,0,0.8203747522824482
OOD_0654,normalized_margin_2D,0,0.3581666850899161
OOD_0655,normalized_margin_2D,0,0.2053265949084673
OOD_0656,normalized_margin_2D,0,0.24942992299848837
OOD_0657,normalized_margin_2D,1,0.9996993017558936
OOD_0658,normalized_margin_2D,1,0.756130834321305
OOD_0659,normalized_margin_2D,0,0.7547559191189525
OOD_0660,normalized_margin_2D,0,0.4495628452576948
OOD_0661,normalized_margin_2D,1,0.9191684781670778
OOD_0662,normalized_margin_2D,0,0.8586255887558388
OOD_0663,normalized_margin_2D,1,0.6845259239793395
OOD_0664,normalized_margin_2D,0,0.5613509760253163
OOD_0665,normalized_margin_2D,0,0.1913323892365565
OOD_0666,normalized_margin_2D,1,0.35995687496119116
OOD_0667,normalized_margin_2D,1,0.8814656922983044
OOD_0668,normalized_margin_2D,0,0.9911327438721744
OOD_0669,normalized_margin_2D,0,0.91639851369835
OOD_0670,normalized_margin_2D,1,0.9936662098159045
OOD_0671,normalized_margin_2D,1,0.8970264402375551
OOD_0672,normalized_margin_2D,1,0.5993479340659941
OOD_0673,normalized_margin_2D,0,0.23622408193863695
OOD_0674,normalized_margin_2D,0,0.23520243266601837
OOD_0675,normalized_margin_2D,0,0.9983615092857074
OOD_0676,normalized_margin_2D,1,0.9744255841685673
OOD_0677,normalized_margin_2D,0,0.7689905523147939
OOD_0678,normalized_margin_2D,0,0.2814428053523091
OOD_0679,normalized_margin_2D,1,0.8580644365995005
OOD_0680,normalized_margin_2D,1,0.9966385906324733
OOD_0681,normalized_margin_2D,0,0.23580483822356782
OOD_0682,normalized_margin_2D,0,0.2269790931250884
OOD_0683,normalized_margin_2D,1,0.9267785916573597
OOD_0684,normalized_margin_2D,0,0.48203720804715255
OOD_0685,normalized_margin_2D,0,0.35891058207027937
OOD_0686,normalized_margin_2D,1,0.9979934545986922
OOD_0687,normalized_margin_2D,1,0.8669794340100977
OOD_0688,normalized_margin_2D,0,0.6548972291582511
OOD_0689,normalized_margin_2D,1,0.9967611735673586
OOD_0690,normalized_margin_2D,1,0.9709997795125461
OOD_0691,normalized_margin_2D,0,0.42265646333643186
OOD_0692,normalized_margin_2D,0,0.6820789024919273
OOD_0693,normalized_margin_2D,0,0.5538481684482538
OOD_0694,normalized_margin_2D,1,0.9957548730349147
OOD_0695,normalized_margin_2D,0,0.4621917127884621
OOD_0696,normalized_margin_2D,0,0.22600599647801337
OOD_0697,normalized_margin_2D,1,0.9954686783492721
OOD_0698,normalized_margin_2D,1,0.9988496340159835
OOD_0699,normalized_margin_2D,0,0.18234446944967836
OOD_0700,normalized_margin_2D,0,0.28302355854919264
OOD_0701,normalized_margin_2D,0,0.5089184597629182
OOD_0702,normalized_margin_2D,0,0.39382230735347973
OOD_0703,normalized_margin_2D,0,0.5730430382317638
OOD_0704,normalized_margin_2D,0,0.709303023318082
OOD_0705,normalized_margin_2D,0,0.2441234892995139
OOD_0706,normalized_margin_2D,1,0.9863017772696564
OOD_0707,normalized_margin_2D,0,0.3751310590535109
OOD_0708,normalized_margin_2D,1,0.9843198432015494
OOD_0709,normalized_margin_2D,0,0.9445848703119905
OOD_0710,normalized_margin_2D,0,0.4595878207263423
OOD_0711,normalized_margin_2D,0,0.39871712515727803
OOD_0712,normalized_margin_2D,0,0.2897566350595698
OOD_0713,normalized_margin_2D,1,0.9983507945520658
OOD_0714,normalized_margin_2D,0,0.24268815091819645
OOD_0715,normalized_margin_2D,0,0.2781687744393278
OOD_0716,normalized_margin_2D,1,0.6116710968787762
OOD_0717,normalized_margin_2D,0,0.1975812013571042
OOD_0718,normalized_margin_2D,1,0.5785704369442459
OOD_0719,normalized_margin_2D,0,0.28491983472201216
OOD_0720,normalized_margin_2D,0,0.20470485803284824
OOD_0721,normalized_margin_2D,0,0.6795072894190151
OOD_0722,normalized_margin_2D,0,0.27142358217404167
OOD_0723,normalized_margin_2D,0,0.49350362467581504
OOD_0724,normalized_margin_2D,0,0.2790368785597302
OOD_0725,normalized_margin_2D,1,0.49683729630045964
OOD_0726,normalized_margin_2D,0,0.323766368998027
OOD_0727,normalized_margin_2D,0,0.22576309743908085
OOD_0728,normalized_margin_2D,1,0.9234307364968052
OOD_0729,normalized_margin_2D,0,0.9607002065428517
OOD_0730,normalized_margin_2D,1,0.9928093817491799
OOD_0731,normalized_margin_2D,0,0.4344888308939247
OOD_0732,normalized_margin_2D,0,0.8192646669575337
OOD_0733,normalized_margin_2D,1,0.7256379426461823
OOD_0734,normalized_margin_2D,0,0.8862912530217064
OOD_0735,normalized_margin_2D,0,0.944970007583379
OOD_0736,normalized_margin_2D,0,0.17905541431307045
OOD_0737,normalized_margin_2D,1,0.9729487521329733
OOD_0738,normalized_margin_2D,1,0.959272458943947
OOD_0739,normalized_margin_2D,0,0.2840353574990078
OOD_0740,normalized_margin_2D,1,0.9096666441783522
OOD_0741,normalized_margin_2D,1,0.4777144150100596
OOD_0742,normalized_margin_2D,0,0.5900035346865258
OOD_0743,normalized_margin_2D,0,0.3212430716086793
OOD_0744,normalized_margin_2D,0,0.5769562801966223
OOD_0745,normalized_margin_2D,0,0.4670132492804442
OOD_0746,normalized_margin_2D,0,0.33183571930355543
OOD_0747,normalized_margin_2D,0,0.4183038184134013
OOD_0748,normalized_margin_2D,0,0.40004794893420664
OOD_0749,normalized_margin_2D,1,0.9473986565821241
OOD_0750,normalized_margin_2D,1,0.8224328771097157
OOD_0751,normalized_margin_2D,1,0.7498464020441501
OOD_0752,normalized_margin_2D,0,0.27776987373951834
OOD_0753,normalized_margin_2D,1,0.3794728002694065
OOD_0754,normalized_margin_2D,0,0.5322437639865215
OOD_0755,normalized_margin_2D,1,0.9869518554354489
OOD_0756,normalized_margin_2D,0,0.658658546827426
OOD_0757,normalized_margin_2D,1,0.999067108727704
OOD_0758,normalized_margin_2D,0,0.5019827583807573
OOD_0759,normalized_margin_2D,0,0.3482501433117891
OOD_0760,normalized_margin_2D,0,0.6411900657136013
OOD_0761,normalized_margin_2D,1,0.9396973811561089
OOD_0762,normalized_margin_2D,0,0.2498867804366957
OOD_0763,normalized_margin_2D,0,0.38375899811531844
OOD_0764,normalized_margin_2D,1,0.9803241739879454
OOD_0765,normalized_margin_2D,0,0.35009118999065475
OOD_0766,normalized_margin_2D,1,0.9563945719306876
OOD_0767,normalized_margin_2D,0,0.49333638583336153
OOD_0768,normalized_margin_2D,1,0.9846301936587245
OOD_0769,normalized_margin_2D,0,0.8454621285364035
OOD_0770,normalized_margin_2D,0,0.44214343523338095
OOD_0771,normalized_margin_2D,0,0.2807489116961296
OOD_0772,normalized_margin_2D,1,0.7213247526658106
OOD_0773,normalized_margin_2D,0,0.6361186946304349
OOD_0774,normalized_margin_2D,1,0.9974542429334546
OOD_0775,normalized_margin_2D,1,0.4681276186028597
OOD_0776,normalized_margin_2D,0,0.44180726695076483
OOD_0777,normalized_margin_2D,0,0.7991540003850729
OOD_0778,normalized_margin_2D,0,0.2639749165375623
OOD_0779,normalized_margin_2D,1,0.9922178754424541
OOD_0780,normalized_margin_2D,1,0.9023981344824433
OOD_0781,normalized_margin_2D,0,0.7167445769134199
OOD_0782,normalized_margin_2D,0,0.2998414630548148
OOD_0783,normalized_margin_2D,0,0.5067288888825284
OOD_0784,normalized_margin_2D,0,0.3187657898030337
OOD_0785,normalized_margin_2D,1,0.9918906646937643
OOD_0786,normalized_margin_2D,1,0.32431761729080416
OOD_0787,normalized_margin_2D,0,0.26269476249270995
OOD_0788,normalized_margin_2D,1,0.9163854988425322
OOD_0789,normalized_margin_2D,1,0.6807292111382641
OOD_0790,normalized_margin_2D,0,0.3484551213516948
OOD_0791,normalized_margin_2D,1,0.9546354295971206
OOD_0792,normalized_margin_2D,0,0.24414092568996668
OOD_0793,normalized_margin_2D,0,0.6727828701819695
OOD_0794,normalized_margin_2D,1,0.9716763839266219
OOD_0795,normalized_margin_2D,0,0.6176410737865804
OOD_0796,normalized_margin_2D,1,0.7250425592378534
OOD_0797,normalized_margin_2D,0,0.42165770458819196
OOD_0798,normalized_margin_2D,0,0.5568088123677141
OOD_0799,normalized_margin_2D,1,0.9866906680653997
OOD_0800,normalized_margin_2D,0,0.18947958863332337
OOD_0801,normalized_margin_2D,1,0.9972548865780418
OOD_0802,normalized_margin_2D,0,0.5507020565168429
OOD_0803,normalized_margin_2D,0,0.3192611382765301
OOD_0804,normalized_margin_2D,0,0.35966038794100713
OOD_0805,normalized_margin_2D,1,0.8690802627670428
OOD_0806,normalized_margin_2D,1,0.8267733272654189
OOD_0807,normalized_margin_2D,1,0.9971691016810367
OOD_0808,normalized_margin_2D,0,0.5985609225016603
OOD_0809,normalized_margin_2D,1,0.6498670130860564
OOD_0810,normalized_margin_2D,1,0.8052607539378153
OOD_0811,normalized_margin_2D,0,0.7285533066305294
OOD_0812,normalized_margin_2D,0,0.3551101795967109
OOD_0813,normalized_margin_2D,0,0.2936005871576851
OOD_0814,normalized_margin_2D,0,0.7319206398768864
OOD_0815,normalized_margin_2D,0,0.2711030017725214
OOD_0816,normalized_margin_2D,1,0.9316445409176953
OOD_0817,normalized_margin_2D,0,0.4919729993811429
OOD_0818,normalized_margin_2D,0,0.22574828609348668
OOD_0819,normalized_margin_2D,0,0.7984471015846564
OOD_0820,normalized_margin_2D,1,0.8030527327228498
OOD_0821,normalized_margin_2D,1,0.9952902851711221
OOD_0822,normalized_margin_2D,1,0.759320862227275
OOD_0823,normalized_margin_2D,1,0.9974507477814959
OOD_0824,normalized_margin_2D,1,0.9946418888335252
OOD_0825,normalized_margin_2D,0,0.8409830103903699
OOD_0826,normalized_margin_2D,0,0.40127094303992195
OOD_0827,normalized_margin_2D,1,0.991125459327313
OOD_0828,normalized_margin_2D,0,0.3618664625376046
OOD_0829,normalized_margin_2D,1,0.9989376210911949
OOD_0830,normalized_margin_2D,1,0.3654969435915079
OOD_0831,normalized_margin_2D,0,0.3305576879842229
OOD_0832,normalized_margin_2D,0,0.7324150504687291
OOD_0833,normalized_margin_2D,0,0.41052647351525096
OOD_0834,normalized_margin_2D,1,0.7873947089621648
OOD_0835,normalized_margin_2D,1,0.5803396336943836
OOD_0836,normalized_margin_2D,0,0.48666181440160095
OOD_0837,normalized_margin_2D,0,0.22971003302424137
OOD_0838,normalized_margin_2D,1,0.9274222154932207
OOD_0839,normalized_margin_2D,1,0.4754599531100123
OOD_0840,normalized_margin_2D,0,0.24072376567371723
OOD_0841,normalized_margin_2D,0,0.9861988586390142
OOD_0842,normalized_margin_2D,1,0.8074792251657642
OOD_0843,normalized_margin_2D,0,0.2930131017933186
OOD_0844,normalized_margin_2D,1,0.8993405890929447
OOD_0845,normalized_margin_2D,0,0.9643432198858326
OOD_0846,normalized_margin_2D,1,0.999379966889267
OOD_0847,normalized_margin_2D,1,0.9981046072258022
OOD_0848,normalized_margin_2D,0,0.5438223630399196
OOD_0849,normalized_margin_2D,0,0.24003861209017
OOD_0850,normalized_margin_2D,1,0.9962549075314847
OOD_0851,normalized_margin_2D,1,0.9985740137193763
OOD_0852,normalized_margin_2D,0,0.842988849126134
OOD_0853,normalized_margin_2D,0,0.3796119195271951
OOD_0854,normalized_margin_2D,1,0.9495823693119302
OOD_0855,normalized_margin_2D,1,0.8214944437757221
OOD_0856,normalized_margin_2D,0,0.7571714865609112
OOD_0857,normalized_margin_2D,1,0.6971789233048323
OOD_0858,normalized_margin_2D,1,0.4883757098108507
OOD_0859,normalized_margin_2D,0,0.33692678589307296
OOD_0860,normalized_margin_2D,1,0.8384562710538601
OOD_0861,normalized_margin_2D,0,0.8169782231008819
OOD_0862,normalized_margin_2D,0,0.5226790493406345
OOD_0863,normalized_margin_2D,0,0.9166263585526147
OOD_0864,normalized_margin_2D,1,0.895766600974807
OOD_0865,normalized_margin_2D,0,0.585031882640215
OOD_0866,normalized_margin_2D,1,0.9982328272677573
OOD_0867,normalized_margin_2D,0,0.9808269924371689
OOD_0868,normalized_margin_2D,0,0.3067172715976726
OOD_0869,normalized_margin_2D,0,0.23982916540774543
OOD_0870,normalized_margin_2D,0,0.5198668595915942
OOD_0871,normalized_margin_2D,0,0.5028221817337889
OOD_0872,normalized_margin_2D,1,0.3901913940028133
OOD_0873,normalized_margin_2D,1,0.902971946396515
OOD_0874,normalized_margin_2D,1,0.5088251638707917
OOD_0875,normalized_margin_2D,0,0.5763445542666153
OOD_0876,normalized_margin_2D,1,0.9651190676730862
OOD_0877,normalized_margin_2D,1,0.9995287440391054
OOD_0878,normalized_margin_2D,1,0.9295488737515162
OOD_0879,normalized_margin_2D,0,0.9614537171252933
OOD_0880,normalized_margin_2D,0,0.2008955549201799
OOD_0881,normalized_margin_2D,0,0.7398129745059477
OOD_0882,normalized_margin_2D,1,0.9930001595982436
OOD_0883,normalized_margin_2D,0,0.9376161169099934
OOD_0884,normalized_margin_2D,0,0.38932699788397096
OOD_0885,normalized_margin_2D,0,0.304705590116111
OOD_0886,normalized_margin_2D,1,0.9951237781899757
OOD_0887,normalized_margin_2D,0,0.2266000567488786
OOD_0888,normalized_margin_2D,0,0.39686795798250313
OOD_0889,normalized_margin_2D,1,0.4204569565448859
OOD_0890,normalized_margin_2D,0,0.39345223480843106
OOD_0891,normalized_margin_2D,1,0.9913559831482153
OOD_0892,normalized_margin_2D,0,0.7962653675730712
OOD_0893,normalized_margin_2D,1,0.9859137507926949
OOD_0894,normalized_margin_2D,1,0.49768668533420485
OOD_0895,normalized_margin_2D,0,0.2339738190380953
OOD_0896,normalized_margin_2D,0,0.9193336118063707
OOD_0897,normalized_margin_2D,1,0.8155702241501663
OOD_0898,normalized_margin_2D,1,0.6323136428827727
OOD_0899,normalized_margin_2D,0,0.779013952952164
OOD_0900,normalized_margin_2D,1,0.6116792028096437
OOD_0901,normalized_margin_2D,0,0.45360686994005794
OOD_0902,normalized_margin_2D,0,0.6077875542678195
OOD_0903,normalized_margin_2D,1,0.7928925061427897
OOD_0904,normalized_margin_2D,0,0.48482486194631086
OOD_0905,normalized_margin_2D,0,0.22945207953814406
OOD_0906,normalized_margin_2D,1,0.713122530245233
OOD_0907,normalized_margin_2D,0,0.5358328094465064
OOD_0908,normalized_margin_2D,1,0.5772979102262642
OOD_0909,normalized_margin_2D,0,0.7446069472027047
OOD_0910,normalized_margin_2D,1,0.9355277922131991
OOD_0911,normalized_margin_2D,0,0.1877056086706821
OOD_0912,normalized_margin_2D,0,0.46299838067441995
OOD_0913,normalized_margin_2D,0,0.6085827121877064
OOD_0914,normalized_margin_2D,0,0.4159312375527145
OOD_0915,normalized_margin_2D,0,0.2772483520577611
OOD_0916,normalized_margin_2D,1,0.7468636528713101
OOD_0917,normalized_margin_2D,1,0.5121258848942709
OOD_0918,normalized_margin_2D,1,0.567496816145495
OOD_0919,normalized_margin_2D,1,0.4866944002771331
OOD_0920,normalized_margin_2D,1,0.8960039170122945
OOD_0921,normalized_margin_2D,1,0.73454593355397
OOD_0922,normalized_margin_2D,0,0.22529900949717455
OOD_0923,normalized_margin_2D,0,0.5391338608786922
OOD_0924,normalized_margin_2D,0,0.3575321173563127
OOD_0925,normalized_margin_2D,0,0.41458724093654925
OOD_0926,normalized_margin_2D,0,0.38282054933122533
OOD_0927,normalized_margin_2D,0,0.3192567433396707
OOD_0928,normalized_margin_2D,1,0.5859549661405361
OOD_0929,normalized_margin_2D,1,0.6014417652548834
OOD_0930,normalized_margin_2D,0,0.9869805344120615
OOD_0931,normalized_margin_2D,1,0.9761469007948534
OOD_0932,normalized_margin_2D,0,0.46862373341643204
OOD_0933,normalized_margin_2D,1,0.9521078642837149
OOD_0934,normalized_margin_2D,1,0.8293397309449202
OOD_0935,normalized_margin_2D,1,0.656517780433901
OOD_0936,normalized_margin_2D,0,0.23918555071946154
OOD_0937,normalized_margin_2D,0,0.9373901167890896
OOD_0938,normalized_margin_2D,1,0.972221915724753
OOD_0939,normalized_margin_2D,0,0.5037313248393088
OOD_0940,normalized_margin_2D,1,0.8427467139432837
OOD_0941,normalized_margin_2D,0,0.5845376301353983
OOD_0942,normalized_margin_2D,1,0.71847490154246
OOD_0943,normalized_margin_2D,1,0.9658359960820038
OOD_0944,normalized_margin_2D,0,0.9219383475793895
OOD_0945,normalized_margin_2D,0,0.6841534746494162
OOD_0946,normalized_margin_2D,0,0.3046647389667835
OOD_0947,normalized_margin_2D,0,0.4515623981552421
OOD_0948,normalized_margin_2D,0,0.18096917308018057
OOD_0949,normalized_margin_2D,0,0.3400026832311495
OOD_0950,normalized_margin_2D,0,0.38559504020937097
OOD_0951,normalized_margin_2D,1,0.2976832392671506
OOD_0952,normalized_margin_2D,0,0.41272384518005467
OOD_0953,normalized_margin_2D,0,0.47589420848394687
OOD_0954,normalized_margin_2D,1,0.23232149598214227
OOD_0955,normalized_margin_2D,1,0.9447206056465978
OOD_0956,normalized_margin_2D,0,0.4301317274465076
OOD_0957,normalized_margin_2D,0,0.44245019428558247
OOD_0958,normalized_margin_2D,0,0.41251017586941596
OOD_0959,normalized_margin_2D,1,0.9992663360371975
OOD_0960,normalized_margin_2D,0,0.20593179915016774
OOD_0961,normalized_margin_2D,0,0.1969148891121151
OOD_0962,normalized_margin_2D,0,0.6121040880494117
OOD_0963,normalized_margin_2D,0,0.6558025117846509
OOD_0964,normalized_margin_2D,0,0.1592528884497198
OOD_0965,normalized_margin_2D,0,0.6706771244686235
OOD_0966,normalized_margin_2D,0,0.7274818638091685
OOD_0967,normalized_margin_2D,1,0.9352398750604061
OOD_0968,normalized_margin_2D,1,0.9972378310459802
OOD_0969,normalized_margin_2D,0,0.895216764230287
OOD_0970,normalized_margin_2D,0,0.17065777606979782
OOD_0971,normalized_margin_2D,0,0.22087135769856864
OOD_0972,normalized_margin_2D,0,0.32554375087861825
OOD_0973,normalized_margin_2D,0,0.7378201349944177
OOD_0974,normalized_margin_2D,0,0.3815573705905149
OOD_0975,normalized_margin_2D,0,0.9966661066224066
OOD_0976,normalized_margin_2D,1,0.7947771363421233
OOD_0977,normalized_margin_2D,1,0.6827090141105772
OOD_0978,normalized_margin_2D,0,0.48936763718178783
OOD_0979,normalized_margin_2D,0,0.4293814878565288
OOD_0980,normalized_margin_2D,0,0.5271042308714432
OOD_0981,normalized_margin_2D,1,0.725879855663467
OOD_0982,normalized_margin_2D,1,0.9106060283156565
OOD_0983,normalized_margin_2D,1,0.5710914551959688
OOD_0984,normalized_margin_2D,0,0.6195444117635955
OOD_0985,normalized_margin_2D,0,0.24106966427260554
OOD_0986,normalized_margin_2D,0,0.20331473058680832
OOD_0987,normalized_margin_2D,1,0.5888220467393153
OOD_0988,normalized_margin_2D,1,0.95803970224599
OOD_0989,normalized_margin_2D,0,0.38453106759392647
OOD_0990,normalized_margin_2D,0,0.6150735739753588
OOD_0991,normalized_margin_2D,0,0.5009996977465
OOD_0992,normalized_margin_2D,0,0.2394501080083218
OOD_0993,normalized_margin_2D,1,0.998280101300744
OOD_0994,normalized_margin_2D,0,0.9474317569434888
OOD_0995,normalized_margin_2D,1,0.9942565879349541
OOD_0996,normalized_margin_2D,0,0.3280371976106837
OOD_0997,normalized_margin_2D,1,0.9987259608056797
OOD_0998,normalized_margin_2D,0,0.981733555679339
OOD_0999,normalized_margin_2D,1,0.700822366340659
OOD_1000,normalized_margin_2D,1,0.9672068945684259
OOD_1001,normalized_margin_2D,1,0.7423597226284804
OOD_1002,normalized_margin_2D,1,0.999105623689653
OOD_1003,normalized_margin_2D,0,0.9989056843065824
OOD_1004,normalized_margin_2D,0,0.5934389943302971
OOD_1005,normalized_margin_2D,1,0.933250101927416
OOD_1006,normalized_margin_2D,1,0.9977854514298402
OOD_1007,normalized_margin_2D,1,0.777212123893635
OOD_1008,normalized_margin_2D,0,0.47659950391600125
OOD_1009,normalized_margin_2D,0,0.16826307838970023
OOD_1010,normalized_margin_2D,0,0.27687398527607915
OOD_1011,normalized_margin_2D,0,0.5289911315553795
OOD_1012,normalized_margin_2D,1,0.9933330151475342
OOD_1013,normalized_margin_2D,0,0.3035265816583679
OOD_1014,normalized_margin_2D,0,0.2784969605728633
OOD_1015,normalized_margin_2D,0,0.2433403056384598
OOD_1016,normalized_margin_2D,0,0.4575049537404212
OOD_1017,normalized_margin_2D,0,0.26117857268196454
OOD_1018,normalized_margin_2D,1,0.9955640522085758
OOD_1019,normalized_margin_2D,0,0.45036883603772
OOD_1020,normalized_margin_2D,0,0.23937105889583507
OOD_1021,normalized_margin_2D,1,0.7605215649784259
OOD_1022,normalized_margin_2D,1,0.9613392303740826
OOD_1023,normalized_margin_2D,0,0.9036520595938103
OOD_1024,normalized_margin_2D,1,0.865091772442727
OOD_1025,normalized_margin_2D,1,0.9738284918284151
OOD_1026,normalized_margin_2D,0,0.8473851048775224
OOD_1027,normalized_margin_2D,0,0.7989919096542814
OOD_1028,normalized_margin_2D,0,0.7007790450420424
OOD_1029,normalized_margin_2D,1,0.7345665245313826
OOD_1030,normalized_margin_2D,1,0.49505514633891523
OOD_1031,normalized_margin_2D,0,0.8204790891282545
OOD_1032,normalized_margin_2D,0,0.44040886657945977
OOD_1033,normalized_margin_2D,1,0.998204979309429
OOD_1034,normalized_margin_2D,1,0.99529396408442
OOD_1035,normalized_margin_2D,1,0.99474193560574
OOD_1036,normalized_margin_2D,1,0.6539252934021951
OOD_1037,normalized_margin_2D,0,0.6541985580446931
OOD_1038,normalized_margin_2D,0,0.33850487391830264
OOD_1039,normalized_margin_2D,1,0.9840382300026358
OOD_1040,normalized_margin_2D,0,0.8854257510610205
OOD_1041,normalized_margin_2D,1,0.8784100940417157
OOD_1042,normalized_margin_2D,0,0.8358982737865445
OOD_1043,normalized_margin_2D,0,0.8190450363463326
OOD_1044,normalized_margin_2D,0,0.7957975200831996
OOD_1045,normalized_margin_2D,0,0.21231918462237145
OOD_1046,normalized_margin_2D,1,0.9508308209255619
OOD_1047,normalized_margin_2D,0,0.9253175630577757
OOD_1048,normalized_margin_2D,0,0.6790521174502278
OOD_1049,normalized_margin_2D,0,0.8014501506207852
OOD_1050,normalized_margin_2D,0,0.2570763873255155
OOD_1051,normalized_margin_2D,0,0.2469933902351606
OOD_1052,normalized_margin_2D,1,0.9913099006960929
OOD_1053,normalized_margin_2D,1,0.9758902373433577
OOD_1054,normalized_margin_2D,0,0.3090998465718234
OOD_1055,normalized_margin_2D,0,0.38880212610156245
OOD_1056,normalized_margin_2D,0,0.3737315915349231
OOD_1057,normalized_margin_2D,0,0.19571857524651243
OOD_1058,normalized_margin_2D,0,0.9376216737579931
OOD_1059,normalized_margin_2D,0,0.16658742605237714
OOD_1060,normalized_margin_2D,0,0.19452290803516295
OOD_1061,normalized_margin_2D,0,0.34190296029575196
OOD_1062,normalized_margin_2D,0,0.6550156747358852
OOD_1063,normalized_margin_2D,1,0.9127492323860944
OOD_1064,normalized_margin_2D,0,0.7234355307578709
OOD_1065,normalized_margin_2D,1,0.9772493035419568
OOD_1066,normalized_margin_2D,1,0.9538487292928675
OOD_1067,normalized_margin_2D,1,0.5696129687071205
OOD_1068,normalized_margin_2D,0,0.2009487895194952
OOD_1069,normalized_margin_2D,0,0.7308583896257792
OOD_1070,normalized_margin_2D,0,0.2302567360547444
OOD_1071,normalized_margin_2D,0,0.6686763079087638
OOD_1072,normalized_margin_2D,0,0.8511336518792253
OOD_1073,normalized_margin_2D,0,0.38363204907609133
OOD_1074,normalized_margin_2D,0,0.39222815142107853
OOD_1075,normalized_margin_2D,1,0.9285937138912446
OOD_1076,normalized_margin_2D,0,0.29274865836836955
OOD_1077,normalized_margin_2D,0,0.5017524036210839
OOD_1078,normalized_margin_2D,0,0.2753210024222791
OOD_1079,normalized_margin_2D,0,0.2612840405217741
OOD_1080,normalized_margin_2D,1,0.9975536578186823
OOD_1081,normalized_margin_2D,0,0.29750980254034226
OOD_1082,normalized_margin_2D,1,0.9161862059403119
OOD_1083,normalized_margin_2D,0,0.38846337338507886
OOD_1084,normalized_margin_2D,0,0.998219562392851
OOD_1085,normalized_margin_2D,0,0.31558864195537606
OOD_1086,normalized_margin_2D,0,0.8613740524950902
OOD_1087,normalized_margin_2D,1,0.7142564082966121
OOD_1088,normalized_margin_2D,0,0.7227777273875728
OOD_1089,normalized_margin_2D,0,0.29104085480121733
OOD_1090,normalized_margin_2D,1,0.9904269320350915
OOD_1091,normalized_margin_2D,1,0.7720034000842616
OOD_1092,normalized_margin_2D,1,0.9327227713681298
OOD_1093,normalized_margin_2D,0,0.8660786709769182
OOD_1094,normalized_margin_2D,0,0.34437032622302655
OOD_1095,normalized_margin_2D,1,0.9348011358833382
OOD_1096,normalized_margin_2D,0,0.9978324514468584
OOD_1097,normalized_margin_2D,0,0.4290268362659781
OOD_1098,normalized_margin_2D,0,0.7159459009437096
OOD_1099,normalized_margin_2D,1,0.9990761489022296
OOD_1100,normalized_margin_2D,0,0.2935748661342444
OOD_1101,normalized_margin_2D,0,0.316944457884312
OOD_1102,normalized_margin_2D,0,0.345239994713423
OOD_1103,normalized_margin_2D,0,0.21611755183575507
OOD_1104,normalized_margin_2D,1,0.9865468953280039
OOD_1105,normalized_margin_2D,0,0.23137045583999435
OOD_1106,normalized_margin_2D,0,0.3503381919080868
OOD_1107,normalized_margin_2D,0,0.8415870838104926
OOD_1108,normalized_margin_2D,0,0.24520209108992447
OOD_1109,normalized_margin_2D,1,0.9975875076897206
OOD_1110,normalized_margin_2D,1,0.9980181938617213
OOD_1111,normalized_margin_2D,0,0.3644188570863525
OOD_1112,normalized_margin_2D,1,0.9409600266159048
OOD_1113,normalized_margin_2D,0,0.27078814666500584
OOD_1114,normalized_margin_2D,1,0.9549588956766404
OOD_1115,normalized_margin_2D,1,0.7673188906303435
OOD_1116,normalized_margin_2D,1,0.6461550621347176
OOD_1117,normalized_margin_2D,0,0.6227881925480171
OOD_1118,normalized_margin_2D,1,0.9790860872485134
OOD_1119,normalized_margin_2D,0,0.3370208006143806
OOD_1120,normalized_margin_2D,0,0.43850321603148673
OOD_1121,normalized_margin_2D,0,0.2983790924500932
OOD_1122,normalized_margin_2D,0,0.8765222928821182
OOD_1123,normalized_margin_2D,0,0.3841816034234673
OOD_1124,normalized_margin_2D,1,0.8578867505660503
OOD_1125,normalized_margin_2D,0,0.9524068222985973
OOD_1126,normalized_margin_2D,1,0.997354604479717
OOD_1127,normalized_margin_2D,1,0.8870228303400293
OOD_1128,normalized_margin_2D,0,0.7972157324341953
OOD_1129,normalized_margin_2D,1,0.931942264054109
OOD_1130,normalized_margin_2D,0,0.3050381348088651
OOD_1131,normalized_margin_2D,0,0.9267362653806668
OOD_1132,normalized_margin_2D,0,0.5465878820282202
OOD_1133,normalized_margin_2D,0,0.32296337042652323
OOD_1134,normalized_margin_2D,0,0.42039971420960276
OOD_1135,normalized_margin_2D,0,0.5494798118788554
OOD_1136,normalized_margin_2D,1,0.9900145720926015
OOD_1137,normalized_margin_2D,1,0.615411575194017
OOD_1138,normalized_margin_2D,0,0.3079054859713783
OOD_1139,normalized_margin_2D,0,0.26246307771444216
OOD_1140,normalized_margin_2D,1,0.9046700774405775
OOD_1141,normalized_margin_2D,0,0.8793034857044074
OOD_1142,normalized_margin_2D,0,0.5412067958767046
OOD_1143,normalized_margin_2D,0,0.37382301020223024
OOD_1144,normalized_margin_2D,0,0.3741023970533344
OOD_1145,normalized_margin_2D,0,0.5516254116458496
OOD_1146,normalized_margin_2D,0,0.5989958554021831
OOD_1147,normalized_margin_2D,0,0.39755040120413104
OOD_1148,normalized_margin_2D,0,0.4277187826773477
OOD_1149,normalized_margin_2D,0,0.28497472698069526
OOD_1150,normalized_margin_2D,1,0.8784461554191452
OOD_1151,normalized_margin_2D,1,0.9966967811661043
OOD_1152,normalized_margin_2D,0,0.6177529913957119
OOD_1153,normalized_margin_2D,0,0.43055586341648233
OOD_1154,normalized_margin_2D,1,0.5372507031558829
OOD_1155,normalized_margin_2D,0,0.6892189757795931
OOD_1156,normalized_margin_2D,0,0.37970568003003974
OOD_1157,normalized_margin_2D,1,0.8593543179285105
OOD_1158,normalized_margin_2D,0,0.5570751334316091
OOD_1159,normalized_margin_2D,0,0.7261501675239582
OOD_1160,normalized_margin_2D,1,0.9433709006107484
OOD_1161,normalized_margin_2D,1,0.9957408934264136
OOD_1162,normalized_margin_2D,1,0.788202096384043
OOD_1163,normalized_margin_2D,1,0.6443044952853282
OOD_1164,normalized_margin_2D,0,0.8356406928097768
OOD_1165,normalized_margin_2D,0,0.9806380559293649
OOD_1166,normalized_margin_2D,0,0.3183781994265545
OOD_1167,normalized_margin_2D,1,0.9490220334336142
OOD_1168,normalized_margin_2D,0,0.3696836638658977
OOD_1169,normalized_margin_2D,0,0.24396040070838348
OOD_1170,normalized_margin_2D,0,0.4430612492527817
OOD_1171,normalized_margin_2D,1,0.9991799757549249
OOD_1172,normalized_margin_2D,0,0.3846919674524554
OOD_1173,normalized_margin_2D,0,0.8925499746852951
OOD_1174,normalized_margin_2D,0,0.7353123130123038
OOD_1175,normalized_margin_2D,0,0.8164233904295904
OOD_1176,normalized_margin_2D,0,0.35957292903156374
OOD_1177,normalized_margin_2D,0,0.8940391233394512
OOD_1178,normalized_margin_2D,0,0.9731060015300191
OOD_1179,normalized_margin_2D,0,0.7384849352054424
OOD_1180,normalized_margin_2D,1,0.995518870698416
OOD_1181,normalized_margin_2D,1,0.9021146397169185
OOD_1182,normalized_margin_2D,0,0.20764498105952067
OOD_1183,normalized_margin_2D,1,0.654582146803381
OOD_1184,normalized_margin_2D,0,0.45123648845902214
OOD_1185,normalized_margin_2D,0,0.22593038840128374
OOD_1186,normalized_margin_2D,0,0.2352673857773226
OOD_1187,normalized_margin_2D,1,0.8312725806935629
OOD_1188,normalized_margin_2D,1,0.9505505431245987
OOD_1189,normalized_margin_2D,1,0.9595230494187523
OOD_1190,normalized_margin_2D,1,0.6208639804017434
OOD_1191,normalized_margin_2D,0,0.385525206910548
OOD_1192,normalized_margin_2D,0,0.7591894413569429
OOD_1193,normalized_margin_2D,1,0.9838991610996508
OOD_1194,normalized_margin_2D,0,0.3100478510290666
OOD_1195,normalized_margin_2D,0,0.2686157653884784
OOD_1196,normalized_margin_2D,0,0.7288075369195357
OOD_1197,normalized_margin_2D,0,0.3458660373181562
OOD_1198,normalized_margin_2D,0,0.2689871463065725
OOD_1199,normalized_margin_2D,1,0.6833359824682737
OOD_1200,normalized_margin_2D,1,0.786440123346582
OOD_1201,normalized_margin_2D,1,0.9785159650599115
OOD_1202,normalized_margin_2D,0,0.5163270348193766
OOD_1203,normalized_margin_2D,1,0.9512248432667306
OOD_1204,normalized_margin_2D,1,0.9954431259430836
OOD_1205,normalized_margin_2D,1,0.31801679424489226
OOD_1206,normalized_margin_2D,0,0.532051898664313
OOD_1207,normalized_margin_2D,0,0.22337931069154565
OOD_1208,normalized_margin_2D,0,0.47806883056416744
OOD_1209,normalized_margin_2D,0,0.18354390231214907
OOD_1210,normalized_margin_2D,0,0.7941678538525728
OOD_1211,normalized_margin_2D,0,0.41481307067634715
OOD_1212,normalized_margin_2D,0,0.16995903241109372
OOD_1213,normalized_margin_2D,0,0.8111152095634794
OOD_1214,normalized_margin_2D,0,0.6279585347300237
OOD_1215,normalized_margin_2D,0,0.8611922837219878
OOD_1216,normalized_margin_2D,0,0.34648527383507616
OOD_1217,normalized_margin_2D,0,0.9283037087108555
OOD_1218,normalized_margin_2D,0,0.8206187952620094
OOD_1219,normalized_margin_2D,1,0.9361455108792412
OOD_1220,normalized_margin_2D,1,0.9396386385094165
OOD_1221,normalized_margin_2D,1,0.9282894281639599
OOD_1222,normalized_margin_2D,0,0.41384763279655895
OOD_1223,normalized_margin_2D,0,0.3656802897678195
OOD_1224,normalized_margin_2D,0,0.32122563857693154
OOD_1225,normalized_margin_2D,0,0.2940615855092903
OOD_1226,normalized_margin_2D,1,0.7401036736501483
OOD_1227,normalized_margin_2D,0,0.5436641743442447
OOD_1228,normalized_margin_2D,0,0.4423557354843747
OOD_1229,normalized_margin_2D,0,0.38042747705613433
OOD_1230,normalized_margin_2D,1,0.9922830613457964
OOD_1231,normalized_margin_2D,0,0.3411486093269223
OOD_1232,normalized_margin_2D,1,0.9820072992565266
OOD_1233,normalized_margin_2D,1,0.8660137200094523
OOD_1234,normalized_margin_2D,1,0.9832181209434259
OOD_1235,normalized_margin_2D,1,0.9530929991417835
OOD_1236,normalized_margin_2D,0,0.21913210831829005
OOD_1237,normalized_margin_2D,0,0.4405868156608532
OOD_1238,normalized_margin_2D,1,0.7401263190855466
OOD_1239,normalized_margin_2D,0,0.23462026007382097
OOD_1240,normalized_margin_2D,1,0.9592779305659412
OOD_1241,normalized_margin_2D,0,0.2211307165023528
OOD_1242,normalized_margin_2D,1,0.9873440887183957
OOD_1243,normalized_margin_2D,1,0.9984539535440439
OOD_1244,normalized_margin_2D,0,0.32463632165720097
OOD_1245,normalized_margin_2D,1,0.9993296332823479
OOD_1246,normalized_margin_2D,0,0.8589748804679586
OOD_1247,normalized_margin_2D,0,0.4083830429107314
OOD_1248,normalized_margin_2D,1,0.8356680869590963
OOD_1249,normalized_margin_2D,0,0.3616742078796956
OOD_1250,normalized_margin_2D,1,0.4952492986250133
OOD_1251,normalized_margin_2D,0,0.18359531115625885
OOD_1252,normalized_margin_2D,0,0.555335146036155
OOD_1253,normalized_margin_2D,0,0.6191505478989714
OOD_1254,normalized_margin_2D,1,0.8138030039824644
OOD_1255,normalized_margin_2D,0,0.4618437852874544
OOD_1256,normalized_margin_2D,1,0.9978944718222162
OOD_1257,normalized_margin_2D,1,0.9994661379699851
OOD_1258,normalized_margin_2D,0,0.6833065752474704
OOD_1259,normalized_margin_2D,1,0.9329499092118838
OOD_1260,normalized_margin_2D,0,0.24089576436366356
OOD_1261,normalized_margin_2D,0,0.40066759644138084
OOD_1262,normalized_margin_2D,0,0.2891250058391907
OOD_1263,normalized_margin_2D,1,0.9980384492973025
OOD_1264,normalized_margin_2D,0,0.5428022923207785
OOD_1265,normalized_margin_2D,0,0.5651026970539609
OOD_1266,normalized_margin_2D,0,0.6804508018407422
OOD_1267,normalized_margin_2D,1,0.7797750991401466
OOD_1268,normalized_margin_2D,0,0.277478658977058
OOD_1269,normalized_margin_2D,1,0.9993454907856867
OOD_1270,normalized_margin_2D,1,0.3976256250723009
OOD_1271,normalized_margin_2D,0,0.5494035717004898
OOD_1272,normalized_margin_2D,1,0.9014678101140943
OOD_1273,normalized_margin_2D,1,0.9941718707677014
OOD_1274,normalized_margin_2D,1,0.9072365815212731
OOD_1275,normalized_margin_2D,1,0.9160238948483092
OOD_1276,normalized_margin_2D,0,0.3506535006157336
OOD_1277,normalized_margin_2D,0,0.2105322017038179
OOD_1278,normalized_margin_2D,1,0.9671219721673443
OOD_1279,normalized_margin_2D,0,0.4485147450954106
OOD_1280,normalized_margin_2D,1,0.8176006647817148
OOD_1281,normalized_margin_2D,1,0.9957343200822062
OOD_1282,normalized_margin_2D,1,0.9080793241510975
OOD_1283,normalized_margin_2D,0,0.5310832185543068
OOD_1284,normalized_margin_2D,0,0.4375108725313574
OOD_1285,normalized_margin_2D,0,0.20808422350566347
OOD_1286,normalized_margin_2D,1,0.7232799989171423
OOD_1287,normalized_margin_2D,0,0.21906400446622062
OOD_1288,normalized_margin_2D,1,0.9202838967767831
OOD_1289,normalized_margin_2D,0,0.7249093072158723
OOD_1290,normalized_margin_2D,0,0.89620308966144
OOD_1291,normalized_margin_2D,1,0.5372207672429044
OOD_1292,normalized_margin_2D,0,0.7868671005497114
OOD_1293,normalized_margin_2D,0,0.5147124726761845
OOD_1294,normalized_margin_2D,0,0.6127795120000352
OOD_1295,normalized_margin_2D,0,0.3393995850180137
OOD_1296,normalized_margin_2D,0,0.9361511174999868
OOD_1297,normalized_margin_2D,0,0.8461466082691171
OOD_1298,normalized_margin_2D,1,0.6644840728739912
OOD_1299,normalized_margin_2D,0,0.7337273744792961
OOD_1300,normalized_margin_2D,0,0.223551520547475
OOD_1301,normalized_margin_2D,0,0.5048093776841723
OOD_1302,normalized_margin_2D,0,0.3842370212994193
OOD_1303,normalized_margin_2D,1,0.9449446249527077
OOD_1304,normalized_margin_2D,1,0.9636652475604166
OOD_1305,normalized_margin_2D,0,0.7233216002820044
OOD_1306,normalized_margin_2D,1,0.7098284107702018
OOD_1307,normalized_margin_2D,0,0.5149138800005406
OOD_1308,normalized_margin_2D,1,0.3769290204802417
OOD_1309,normalized_margin_2D,0,0.4615347510407979
OOD_1310,normalized_margin_2D,0,0.3285154602043065
OOD_1311,normalized_margin_2D,0,0.7399186963572669
OOD_1312,normalized_margin_2D,1,0.9908208794790366
OOD_1313,normalized_margin_2D,0,0.9658341874259212
OOD_1314,normalized_margin_2D,0,0.2891709137990909
OOD_1315,normalized_margin_2D,0,0.74883701479038
OOD_1316,normalized_margin_2D,0,0.4798668361524798
OOD_1317,normalized_margin_2D,0,0.4588106443249171
OOD_1318,normalized_margin_2D,0,0.4777495484730331
OOD_1319,normalized_margin_2D,1,0.48264056142261336
OOD_1320,normalized_margin_2D,0,0.2030404399130464
OOD_1321,normalized_margin_2D,1,0.9817452978905795
OOD_1322,normalized_margin_2D,0,0.5129183734308995
OOD_1323,normalized_margin_2D,0,0.39427118009629825
OOD_1324,normalized_margin_2D,1,0.9748034094084608
OOD_1325,normalized_margin_2D,0,0.705449960590955
OOD_1326,normalized_margin_2D,1,0.998818672038572
OOD_1327,normalized_margin_2D,1,0.8480530315712175
OOD_1328,normalized_margin_2D,0,0.760652936005847
OOD_1329,normalized_margin_2D,0,0.2822963490086012
OOD_1330,normalized_margin_2D,1,0.9909436510070324
OOD_1331,normalized_margin_2D,0,0.19502715613706628
OOD_1332,normalized_margin_2D,0,0.4240682629261564
OOD_1333,normalized_margin_2D,0,0.3350614192398351
OOD_1334,normalized_margin_2D,1,0.9968558884936422
OOD_1335,normalized_margin_2D,0,0.6876036608429896
OOD_1336,normalized_margin_2D,1,0.4750532934987198
OOD_1337,normalized_margin_2D,0,0.20800107576136073
OOD_1338,normalized_margin_2D,1,0.81399974374994
OOD_1339,normalized_margin_2D,0,0.340248172757297
OOD_1340,normalized_margin_2D,1,0.8980952279904544
OOD_1341,normalized_margin_2D,0,0.40400872241955704
OOD_1342,normalized_margin_2D,0,0.5280678904239479
OOD_1343,normalized_margin_2D,1,0.6019045517267604
OOD_1344,normalized_margin_2D,0,0.5082353584463642
OOD_1345,normalized_margin_2D,1,0.9992214725318316
OOD_1346,normalized_margin_2D,1,0.38108688876148794
OOD_1347,normalized_margin_2D,0,0.45446656371601646
OOD_1348,normalized_margin_2D,1,0.7710408738949509
OOD_1349,normalized_margin_2D,1,0.9897171516560911
OOD_1350,normalized_margin_2D,0,0.9188016626938046
OOD_1351,normalized_margin_2D,0,0.9980113135374346
OOD_1352,normalized_margin_2D,1,0.5365336543329082
OOD_1353,normalized_margin_2D,0,0.17449993687413587
OOD_1354,normalized_margin_2D,0,0.5816300007866593
OOD_1355,normalized_margin_2D,0,0.5327760312170111
OOD_1356,normalized_margin_2D,0,0.2154494884116273
OOD_1357,normalized_margin_2D,1,0.9980359872163894
OOD_1358,normalized_margin_2D,0,0.48615629328825494
OOD_1359,normalized_margin_2D,0,0.3595108641329419
OOD_1360,normalized_margin_2D,0,0.3279491728426677
OOD_1361,normalized_margin_2D,0,0.48354553366300385
OOD_1362,normalized_margin_2D,0,0.44807598748824734
OOD_1363,normalized_margin_2D,1,0.8680887961658446
OOD_1364,normalized_margin_2D,0,0.25849985316912405
OOD_1365,normalized_margin_2D,0,0.47460200247116413
OOD_1366,normalized_margin_2D,0,0.26971693285207454
OOD_1367,normalized_margin_2D,1,0.9889278495937485
OOD_1368,normalized_margin_2D,1,0.9975849434133958
OOD_1369,normalized_margin_2D,0,0.3061967813197
OOD_1370,normalized_margin_2D,1,0.7895247324204706
OOD_1371,normalized_margin_2D,0,0.9586236600886202
OOD_1372,normalized_margin_2D,0,0.7156932426466973
OOD_1373,normalized_margin_2D,0,0.5098473116379691
OOD_1374,normalized_margin_2D,0,0.5862556347806552
OOD_1375,normalized_margin_2D,1,0.98780725159246
OOD_1376,normalized_margin_2D,1,0.9972977543675707
OOD_1377,normalized_margin_2D,0,0.3099401816722895
OOD_1378,normalized_margin_2D,0,0.2295350576119233
OOD_1379,normalized_margin_2D,0,0.22964672421391769
OOD_1380,normalized_margin_2D,0,0.34877400270418446
OOD_1381,normalized_margin_2D,1,0.9353930375061685
OOD_1382,normalized_margin_2D,0,0.47989506549533983
OOD_1383,normalized_margin_2D,1,0.9067385174490592
OOD_1384,normalized_margin_2D,0,0.3158848749955198
OOD_1385,normalized_margin_2D,1,0.9977400264242993
OOD_1386,normalized_margin_2D,0,0.303659144001052
OOD_1387,normalized_margin_2D,1,0.83274563161688
OOD_1388,normalized_margin_2D,0,0.3355690610248888
OOD_1389,normalized_margin_2D,0,0.32738490139151194
OOD_1390,normalized_margin_2D,0,0.9223706578222569
OOD_1391,normalized_margin_2D,0,0.7254403093881516
OOD_1392,normalized_margin_2D,1,0.9993088360607096
OOD_1393,normalized_margin_2D,0,0.9849968017159515
OOD_1394,normalized_margin_2D,0,0.8961720186121352
OOD_1395,normalized_margin_2D,0,0.4035083604550246
OOD_1396,normalized_margin_2D,0,0.17591963957555196
OOD_1397,normalized_margin_2D,0,0.3129278589518303
OOD_1398,normalized_margin_2D,0,0.6714630330296857
OOD_1399,normalized_margin_2D,1,0.9446076350562871
OOD_1400,normalized_margin_2D,0,0.41595459825789033
OOD_1401,normalized_margin_2D,0,0.44200046007762234
OOD_1402,normalized_margin_2D,0,0.33652551669692643
OOD_1403,normalized_margin_2D,1,0.9749171061213266
OOD_1404,normalized_margin_2D,0,0.21311316037535477
OOD_1405,normalized_margin_2D,1,0.5810389010006607
OOD_1406,normalized_margin_2D,0,0.33779648516502964
OOD_1407,normalized_margin_2D,1,0.9568596634992377
OOD_1408,normalized_margin_2D,1,0.9947243712492881
OOD_1409,normalized_margin_2D,0,0.6502415948959186
OOD_1410,normalized_margin_2D,1,0.9960592739993114
OOD_1411,normalized_margin_2D,0,0.3614224987889664
OOD_1412,normalized_margin_2D,1,0.9208310203695902
OOD_1413,normalized_margin_2D,0,0.49650651884798885
OOD_1414,normalized_margin_2D,0,0.41533452141245863
OOD_1415,normalized_margin_2D,0,0.293466934252949
OOD_1416,normalized_margin_2D,1,0.9974584737904603
OOD_1417,normalized_margin_2D,0,0.18753224775264904
OOD_1418,normalized_margin_2D,0,0.38613758714128665
OOD_1419,normalized_margin_2D,0,0.5228569878885306
OOD_1420,normalized_margin_2D,0,0.40589224311891076
OOD_1421,normalized_margin_2D,0,0.4540014066890055
OOD_1422,normalized_margin_2D,1,0.9541316510128827
OOD_1423,normalized_margin_2D,0,0.4743444143434052
OOD_1424,normalized_margin_2D,0,0.5029138140738122
OOD_1425,normalized_margin_2D,0,0.3561856626678709
OOD_1426,normalized_margin_2D,1,0.7276958278645724
OOD_1427,normalized_margin_2D,0,0.4328545451006295
OOD_1428,normalized_margin_2D,0,0.5021343121585181
OOD_1429,normalized_margin_2D,0,0.6035821747677377
OOD_1430,normalized_margin_2D,0,0.1690500658145107
OOD_1431,normalized_margin_2D,0,0.3521602687571341
OOD_1432,normalized_margin_2D,0,0.5354368652482258
OOD_1433,normalized_margin_2D,0,0.20510059616286633
OOD_1434,normalized_margin_2D,1,0.4389215324039466
OOD_1435,normalized_margin_2D,1,0.7166884686155695
OOD_1436,normalized_margin_2D,1,0.9859778908196074
OOD_1437,normalized_margin_2D,0,0.6447779204120075
OOD_1438,normalized_margin_2D,0,0.4076264509832165
OOD_1439,normalized_margin_2D,1,0.998704925404665
OOD_1440,normalized_margin_2D,1,0.8826072377132721
OOD_1441,normalized_margin_2D,1,0.9980371020138065
OOD_1442,normalized_margin_2D,0,0.28025369619049006
OOD_1443,normalized_margin_2D,1,0.6716367402562576
OOD_1444,normalized_margin_2D,0,0.7648853182564394
OOD_1445,normalized_margin_2D,0,0.8431070701010105
OOD_1446,normalized_margin_2D,1,0.8296562162697633
OOD_1447,normalized_margin_2D,0,0.24828588868514068
OOD_1448,normalized_margin_2D,0,0.5064774186683724
OOD_1449,normalized_margin_2D,0,0.22835108464819676
OOD_1450,normalized_margin_2D,0,0.4457013360203651
OOD_1451,normalized_margin_2D,0,0.7105046745234932
OOD_1452,normalized_margin_2D,1,0.8479548711211883
OOD_1453,normalized_margin_2D,0,0.963797181210499
OOD_1454,normalized_margin_2D,0,0.9947344610572714
OOD_1455,normalized_margin_2D,1,0.9932760620219765
OOD_1456,normalized_margin_2D,0,0.24408388908350273
OOD_1457,normalized_margin_2D,1,0.674952168388327
OOD_1458,normalized_margin_2D,0,0.27588202786256594
OOD_1459,normalized_margin_2D,0,0.2796760833972906
OOD_1460,normalized_margin_2D,0,0.5965107629508977
OOD_1461,normalized_margin_2D,1,0.9968485084700011
OOD_1462,normalized_margin_2D,0,0.2380991766004245
OOD_1463,normalized_margin_2D,0,0.39162941435488785
OOD_1464,normalized_margin_2D,1,0.9010929423378091
OOD_1465,normalized_margin_2D,1,0.31516719676953386
OOD_1466,normalized_margin_2D,0,0.3246201438434614
OOD_1467,normalized_margin_2D,0,0.5480660717934775
OOD_1468,normalized_margin_2D,0,0.4997567321070019
OOD_1469,normalized_margin_2D,0,0.5715680588231806
OOD_1470,normalized_margin_2D,0,0.8180280890315432
OOD_1471,normalized_margin_2D,1,0.9961597698506602
OOD_1472,normalized_margin_2D,1,0.9485272390354191
OOD_1473,normalized_margin_2D,0,0.6048029242645312
OOD_1474,normalized_margin_2D,1,0.9992450911408952
OOD_1475,normalized_margin_2D,1,0.9948719280874276
OOD_1476,normalized_margin_2D,0,0.948477382255343
OOD_1477,normalized_margin_2D,0,0.5507553580436787
OOD_1478,normalized_margin_2D,0,0.6390273467895439
OOD_1479,normalized_margin_2D,0,0.39013900552867853
OOD_1480,normalized_margin_2D,1,0.6980049403253697
OOD_1481,normalized_margin_2D,0,0.6935893168861618
OOD_1482,normalized_margin_2D,0,0.8824664590087724
OOD_1483,normalized_margin_2D,1,0.4064875187537702
OOD_1484,normalized_margin_2D,0,0.23313240309998978
OOD_1485,normalized_margin_2D,0,0.9838124802244621
OOD_1486,normalized_margin_2D,0,0.2315370267199791
OOD_1487,normalized_margin_2D,0,0.47286753625872596
OOD_1488,normalized_margin_2D,1,0.43471780475285593
OOD_1489,normalized_margin_2D,0,0.5836648798418066
OOD_1490,normalized_margin_2D,1,0.9961701370231716
OOD_1491,normalized_margin_2D,0,0.3793360913792907
OOD_1492,normalized_margin_2D,0,0.27813216176906164
OOD_1493,normalized_margin_2D,1,0.9564405836993567
OOD_1494,normalized_margin_2D,0,0.23801838937673517
OOD_1495,normalized_margin_2D,0,0.19033484559663252
OOD_1496,normalized_margin_2D,1,0.9990227467342953
OOD_1497,normalized_margin_2D,0,0.8107704902302274
OOD_1498,normalized_margin_2D,1,0.7930633653839851
OOD_1499,normalized_margin_2D,1,0.9078457395755555
OOD_1500,normalized_margin_2D,0,0.2515153197549367
OOD_1501,normalized_margin_2D,1,0.9739556508659931
OOD_1502,normalized_margin_2D,0,0.5863692183272686
OOD_1503,normalized_margin_2D,1,0.9961116484712705
OOD_1504,normalized_margin_2D,1,0.9975453573985981
OOD_1505,normalized_margin_2D,1,0.9985038098905722
OOD_1506,normalized_margin_2D,0,0.3179042010911193
OOD_1507,normalized_margin_2D,0,0.21092399973543127
OOD_1508,normalized_margin_2D,0,0.8871769936149425
OOD_1509,normalized_margin_2D,1,0.503421187180243
OOD_1510,normalized_margin_2D,0,0.850890624509821
OOD_1511,normalized_margin_2D,0,0.9037070644943157
OOD_1512,normalized_margin_2D,1,0.9980184383044374
OOD_1513,normalized_margin_2D,0,0.5782831006647491
OOD_1514,normalized_margin_2D,0,0.5424883968309431
OOD_1515,normalized_margin_2D,1,0.8977485657153309
OOD_1516,normalized_margin_2D,1,0.7009720991226993
OOD_1517,normalized_margin_2D,1,0.4631118983426376
OOD_1518,normalized_margin_2D,0,0.30653275351909126
OOD_1519,normalized_margin_2D,0,0.9995010428742904
OOD_1520,normalized_margin_2D,0,0.3797239399434337
OOD_1521,normalized_margin_2D,0,0.9021059161881513
OOD_1522,normalized_margin_2D,0,0.40410542457918147
OOD_1523,normalized_margin_2D,0,0.232539784029935
OOD_1524,normalized_margin_2D,1,0.999522057052266
OOD_1525,normalized_margin_2D,1,0.8424438982886242
OOD_1526,normalized_margin_2D,1,0.99429814976028
OOD_1527,normalized_margin_2D,1,0.7630656127258736
OOD_1528,normalized_margin_2D,0,0.6217251137235024
OOD_1529,normalized_margin_2D,1,0.358205331151046
OOD_1530,normalized_margin_2D,1,0.8247010861461925
OOD_1531,normalized_margin_2D,1,0.9964682420085386
OOD_1532,normalized_margin_2D,1,0.6067764763391812
OOD_1533,normalized_margin_2D,0,0.5766514829739882
OOD_1534,normalized_margin_2D,0,0.25654233503294666
OOD_1535,normalized_margin_2D,1,0.9821014989247273
OOD_1536,normalized_margin_2D,0,0.3869831693881476
OOD_1537,normalized_margin_2D,1,0.705615331356196
OOD_1538,normalized_margin_2D,1,0.7035474441420281
OOD_1539,normalized_margin_2D,1,0.6427712253082776
OOD_1540,normalized_margin_2D,0,0.7273740257321001
OOD_1541,normalized_margin_2D,1,0.7662983214715772
OOD_1542,normalized_margin_2D,0,0.19919406861543826
OOD_1543,normalized_margin_2D,1,0.9901505892922842
OOD_1544,normalized_margin_2D,0,0.19852063996104277
OOD_1545,normalized_margin_2D,0,0.27654045172532604
OOD_1546,normalized_margin_2D,1,0.9393657043437766
OOD_1547,normalized_margin_2D,0,0.6959569270996866
OOD_1548,normalized_margin_2D,1,0.6960830056069502
OOD_1549,normalized_margin_2D,1,0.6690970504359931
OOD_1550,normalized_margin_2D,0,0.44390965641833496
OOD_1551,normalized_margin_2D,0,0.3835954281793475
OOD_1552,normalized_margin_2D,0,0.7860871700848516
OOD_1553,normalized_margin_2D,0,0.8121794233767108
OOD_1554,normalized_margin_2D,1,0.8923994249786468
OOD_1555,normalized_margin_2D,0,0.6569278224982792
OOD_1556,normalized_margin_2D,0,0.2055516180582036
OOD_1557,normalized_margin_2D,0,0.5304939530748158
OOD_1558,normalized_margin_2D,1,0.6509645159762174
OOD_1559,normalized_margin_2D,0,0.24057279550825583
OOD_1560,normalized_margin_2D,0,0.38248014228603555
OOD_1561,normalized_margin_2D,1,0.9183469340373336
OOD_1562,normalized_margin_2D,1,0.6029499850808726
OOD_1563,normalized_margin_2D,0,0.5485366480140872
OOD_1564,normalized_margin_2D,0,0.25255148394120414
OOD_1565,normalized_margin_2D,0,0.3927972341281428
OOD_1566,normalized_margin_2D,1,0.9967933140810398
OOD_1567,normalized_margin_2D,0,0.9577437090309678
OOD_1568,normalized_margin_2D,0,0.308214778063905
OOD_1569,normalized_margin_2D,0,0.5387070978301732
OOD_1570,normalized_margin_2D,0,0.7072361909458384
OOD_1571,normalized_margin_2D,0,0.9370579062979665
OOD_1572,normalized_margin_2D,0,0.2657698498058116
OOD_1573,normalized_margin_2D,0,0.6036169527245683
OOD_1574,normalized_margin_2D,0,0.507611593549575
OOD_1575,normalized_margin_2D,0,0.7563411732852584
OOD_1576,normalized_margin_2D,0,0.19671942513993534
OOD_1577,normalized_margin_2D,0,0.23679993696949514
OOD_1578,normalized_margin_2D,0,0.7275072826544927
OOD_1579,normalized_margin_2D,1,0.9387689358474784
OOD_1580,normalized_margin_2D,1,0.913757119300032
OOD_1581,normalized_margin_2D,0,0.8173013759761518
OOD_1582,normalized_margin_2D,0,0.3407215514148892
OOD_1583,normalized_margin_2D,1,0.9995028346051907
OOD_1584,normalized_margin_2D,0,0.43577863566393127
OOD_1585,normalized_margin_2D,0,0.26312152355617957
OOD_1586,normalized_margin_2D,1,0.5249015521173181
OOD_1587,normalized_margin_2D,1,0.9937462357877223
OOD_1588,normalized_margin_2D,0,0.4242861571143435
OOD_1589,normalized_margin_2D,1,0.9625955312371441
OOD_1590,normalized_margin_2D,1,0.9912333913010013
OOD_1591,normalized_margin_2D,0,0.15927142202457756
OOD_1592,normalized_margin_2D,0,0.3276928528696132
OOD_1593,normalized_margin_2D,1,0.864428494304426
OOD_1594,normalized_margin_2D,0,0.3638649264702223
OOD_1595,normalized_margin_2D,1,0.714448265309116
OOD_1596,normalized_margin_2D,1,0.9673131595559112
OOD_1597,normalized_margin_2D,0,0.2865962068212949
OOD_1598,normalized_margin_2D,1,0.9987692945028962
OOD_1599,normalized_margin_2D,0,0.6161366339580593
OOD_1600,normalized_margin_2D,1,0.9882030665206495
OOD_1601,normalized_margin_2D,0,0.4333512837313019
OOD_1602,normalized_margin_2D,1,0.9157764970237132
OOD_1603,normalized_margin_2D,1,0.9962028633442831
OOD_1604,normalized_margin_2D,1,0.9512077252848608
OOD_1605,normalized_margin_2D,1,0.3202308044755492
OOD_1606,normalized_margin_2D,0,0.38349791698621993
OOD_1607,normalized_margin_2D,0,0.327260777448933
OOD_1608,normalized_margin_2D,1,0.7735241143520121
OOD_1609,normalized_margin_2D,0,0.2816835174691507
OOD_1610,normalized_margin_2D,0,0.4461691122600816
OOD_1611,normalized_margin_2D,0,0.5157324264683807
OOD_1612,normalized_margin_2D,1,0.9779755562278761
OOD_1613,normalized_margin_2D,0,0.28925848313570807
OOD_1614,normalized_margin_2D,0,0.2760090613343934
OOD_1615,normalized_margin_2D,1,0.7137589498578755
OOD_1616,normalized_margin_2D,1,0.9876727265807534
OOD_1617,normalized_margin_2D,0,0.9635583491430879
OOD_1618,normalized_margin_2D,1,0.8692815907201645
OOD_1619,normalized_margin_2D,0,0.8316865708520477
OOD_1620,normalized_margin_2D,1,0.963457941914786
OOD_1621,normalized_margin_2D,1,0.9962070447522815
OOD_1622,normalized_margin_2D,1,0.9984497784949671
OOD_1623,normalized_margin_2D,1,0.9970648562979737
OOD_1624,normalized_margin_2D,1,0.908200730405589
OOD_1625,normalized_margin_2D,0,0.7714490714715558
OOD_1626,normalized_margin_2D,0,0.7697312220863887
OOD_1627,normalized_margin_2D,0,0.26221555684819814
OOD_1628,normalized_margin_2D,1,0.8621511994611207
OOD_1629,normalized_margin_2D,0,0.654897307435074
OOD_1630,normalized_margin_2D,0,0.3406526657888354
OOD_1631,normalized_margin_2D,1,0.782263737321524
OOD_1632,normalized_margin_2D,0,0.2592392221624058
OOD_1633,normalized_margin_2D,1,0.7649994132727227
OOD_1634,normalized_margin_2D,0,0.6131574728210656
OOD_1635,normalized_margin_2D,1,0.8018258882548065
OOD_1636,normalized_margin_2D,0,0.2938920122494994
OOD_1637,normalized_margin_2D,1,0.998823472898034
OOD_1638,normalized_margin_2D,1,0.9970134279088599
OOD_1639,normalized_margin_2D,1,0.8503625604577251
OOD_1640,normalized_margin_2D,0,0.5613651328390342
OOD_1641,normalized_margin_2D,0,0.2990054781648413
OOD_1642,normalized_margin_2D,0,0.6996709410706606
OOD_1643,normalized_margin_2D,0,0.37070120632699916
OOD_1644,normalized_margin_2D,1,0.7786049245255089
OOD_1645,normalized_margin_2D,0,0.2744726378250663
OOD_1646,normalized_margin_2D,1,0.9792429771032327
OOD_1647,normalized_margin_2D,1,0.9990657038660613
OOD_1648,normalized_margin_2D,0,0.4385566069488081
OOD_1649,normalized_margin_2D,1,0.6410451428971844
OOD_1650,normalized_margin_2D,0,0.3460339520513466
OOD_1651,normalized_margin_2D,0,0.7198380849815541
OOD_1652,normalized_margin_2D,1,0.5833295841416936
OOD_1653,normalized_margin_2D,0,0.33135615372404115
OOD_1654,normalized_margin_2D,1,0.999125542996703
OOD_1655,normalized_margin_2D,0,0.6044967800779086
OOD_1656,normalized_margin_2D,1,0.5127688402128319
OOD_1657,normalized_margin_2D,0,0.6335234774743597
OOD_1658,normalized_margin_2D,0,0.3242959861512002
OOD_1659,normalized_margin_2D,0,0.48622288583321216
OOD_1660,normalized_margin_2D,0,0.3904857620966197
OOD_1661,normalized_margin_2D,0,0.9986542062693364
OOD_1662,normalized_margin_2D,1,0.9987459234302692
OOD_1663,normalized_margin_2D,0,0.24124691991724706
OOD_1664,normalized_margin_2D,0,0.3731421540089427
OOD_1665,normalized_margin_2D,0,0.8014347329870452
OOD_1666,normalized_margin_2D,1,0.93551545075231
OOD_1667,normalized_margin_2D,0,0.18869783110181937
OOD_1668,normalized_margin_2D,1,0.9973093346797548
OOD_1669,normalized_margin_2D,0,0.3278840417707459
OOD_1670,normalized_margin_2D,0,0.21853195961869223
OOD_1671,normalized_margin_2D,1,0.7002131540522705
OOD_1672,normalized_margin_2D,0,0.8141382569993346
OOD_1673,normalized_margin_2D,0,0.23276592521369857
OOD_1674,normalized_margin_2D,0,0.3718591429920145
OOD_1675,normalized_margin_2D,0,0.568152209365155
OOD_1676,normalized_margin_2D,0,0.22104170493679068
OOD_1677,normalized_margin_2D,1,0.4317152321320555
OOD_1678,normalized_margin_2D,0,0.2147398893872215
OOD_1679,normalized_margin_2D,1,0.9982162605805657
OOD_1680,normalized_margin_2D,0,0.7134293080228167
OOD_1681,normalized_margin_2D,0,0.6925546350227572
OOD_1682,normalized_margin_2D,0,0.2164662513166382
OOD_1683,normalized_margin_2D,1,0.32841506493449263
OOD_1684,normalized_margin_2D,0,0.37274358629960436
OOD_1685,normalized_margin_2D,0,0.8465882222519725
OOD_1686,normalized_margin_2D,0,0.22943175234981966
OOD_1687,normalized_margin_2D,0,0.28087126797428313
OOD_1688,normalized_margin_2D,0,0.500839006478409
OOD_1689,normalized_margin_2D,1,0.9548842040707679
OOD_1690,normalized_margin_2D,0,0.5236219953002325
OOD_1691,normalized_margin_2D,1,0.8738030384603859
OOD_1692,normalized_margin_2D,1,0.7129742606938633
OOD_1693,normalized_margin_2D,1,0.9276294614909661
OOD_1694,normalized_margin_2D,1,0.9958357247622472
OOD_1695,normalized_margin_2D,0,0.9902637132629548
OOD_1696,normalized_margin_2D,0,0.2691356766907532
OOD_1697,normalized_margin_2D,0,0.47556617482448243
OOD_1698,normalized_margin_2D,0,0.2709758857978994
OOD_1699,normalized_margin_2D,1,0.9984113208289311
OOD_1700,normalized_margin_2D,1,0.9989451915164029
OOD_1701,normalized_margin_2D,0,0.2454434271420877
OOD_1702,normalized_margin_2D,0,0.6044886104972558
OOD_1703,normalized_margin_2D,0,0.34250998847364855
OOD_1704,normalized_margin_2D,1,0.929722609743125
OOD_1705,normalized_margin_2D,0,0.19596145205989496
OOD_1706,normalized_margin_2D,0,0.30869478271531714
OOD_1707,normalized_margin_2D,1,0.664187790777061
OOD_1708,normalized_margin_2D,0,0.1917203091638017
OOD_1709,normalized_margin_2D,0,0.709474339154407
OOD_1710,normalized_margin_2D,0,0.23954346678240768
OOD_1711,normalized_margin_2D,1,0.9808003038700335
OOD_1712,normalized_margin_2D,1,0.9958941056876933
OOD_1713,normalized_margin_2D,0,0.8418264226209701
OOD_1714,normalized_margin_2D,0,0.3657402609500259
OOD_1715,normalized_margin_2D,1,0.9867875985027171
OOD_1716,normalized_margin_2D,0,0.26807113746911765
OOD_1717,normalized_margin_2D,0,0.953665965619141
OOD_1718,normalized_margin_2D,0,0.5255135977725984
OOD_1719,normalized_margin_2D,1,0.5206974685781007
OOD_1720,normalized_margin_2D,1,0.4202695047990102
OOD_1721,normalized_margin_2D,0,0.24855913035914579
OOD_1722,normalized_margin_2D,1,0.9555682603988399
OOD_1723,normalized_margin_2D,0,0.5178510113777627
OOD_1724,normalized_margin_2D,0,0.3731789141821356
OOD_1725,normalized_margin_2D,0,0.6279308772105272
OOD_1726,normalized_margin_2D,1,0.7772797831595484
OOD_1727,normalized_margin_2D,0,0.34894472343625926
OOD_1728,normalized_margin_2D,0,0.6419604490689299
OOD_1729,normalized_margin_2D,0,0.6078982948036624
OOD_1730,normalized_margin_2D,0,0.34856855012282295
OOD_1731,normalized_margin_2D,0,0.2579225945140271
OOD_1732,normalized_margin_2D,0,0.6206764397627236
OOD_1733,normalized_margin_2D,0,0.23997284898911495
OOD_1734,normalized_margin_2D,0,0.4204599308521004
OOD_1735,normalized_margin_2D,0,0.35342795187487264
OOD_1736,normalized_margin_2D,1,0.9962213754365249
OOD_1737,normalized_margin_2D,0,0.6260010689552868
OOD_1738,normalized_margin_2D,0,0.8172195355623397
OOD_1739,normalized_margin_2D,1,0.8353103701610479
OOD_1740,normalized_margin_2D,1,0.9893567831832091
OOD_1741,normalized_margin_2D,0,0.6604723215581051
OOD_1742,normalized_margin_2D,0,0.360289073877314
OOD_1743,normalized_margin_2D,0,0.3727246374089044
OOD_1744,normalized_margin_2D,1,0.8444300593382784
OOD_1745,normalized_margin_2D,0,0.18862375176223242
OOD_1746,normalized_margin_2D,1,0.9099695757415308
OOD_1747,normalized_margin_2D,0,0.753464285379911
OOD_1748,normalized_margin_2D,1,0.45604294055282685
OOD_1749,normalized_margin_2D,1,0.9756248792376845
OOD_1750,normalized_margin_2D,0,0.3010531615159818
OOD_1751,normalized_margin_2D,0,0.49150402977844676
OOD_1752,normalized_margin_2D,0,0.17785045169573896
OOD_1753,normalized_margin_2D,0,0.22750133753038637
OOD_1754,normalized_margin_2D,0,0.3081677608462795
OOD_1755,normalized_margin_2D,0,0.4595706787992423
OOD_1756,normalized_margin_2D,1,0.9156651817093785
OOD_1757,normalized_margin_2D,1,0.3554917267714374
OOD_1758,normalized_margin_2D,0,0.2593785168182613
OOD_1759,normalized_margin_2D,0,0.2858585129171497
OOD_1760,normalized_margin_2D,1,0.6022947780479432
OOD_1761,normalized_margin_2D,1,0.9945541167724061
OOD_1762,normalized_margin_2D,0,0.8983302449663845
OOD_1763,normalized_margin_2D,0,0.33224835315900625
OOD_1764,normalized_margin_2D,0,0.6065720081067485
OOD_1765,normalized_margin_2D,1,0.9449300263054558
OOD_1766,normalized_margin_2D,1,0.6149548478031507
OOD_1767,normalized_margin_2D,1,0.9977805423526779
OOD_1768,normalized_margin_2D,0,0.4796792529523266
OOD_1769,normalized_margin_2D,0,0.35468210132226075
OOD_1770,normalized_margin_2D,0,0.45369889404034036
OOD_1771,normalized_margin_2D,0,0.3739227881203143
OOD_1772,normalized_margin_2D,0,0.1966452628299808
OOD_1773,normalized_margin_2D,0,0.2071011199831745
OOD_1774,normalized_margin_2D,0,0.20302137778720528
OOD_1775,normalized_margin_2D,0,0.38931604375343054
OOD_1776,normalized_margin_2D,0,0.4096791635481811
OOD_1777,normalized_margin_2D,0,0.6663879871812661
OOD_1778,normalized_margin_2D,1,0.7845528899487679
OOD_1779,normalized_margin_2D,0,0.24253620028093265
OOD_1780,normalized_margin_2D,1,0.795974274126709
OOD_1781,normalized_margin_2D,0,0.21294259833481644
OOD_1782,normalized_margin_2D,1,0.9995714056963266
OOD_1783,normalized_margin_2D,0,0.6445767821035715
OOD_1784,normalized_margin_2D,1,0.9812605372144951
OOD_1785,normalized_margin_2D,1,0.9993828241700439
OOD_1786,normalized_margin_2D,0,0.8909219089304876
OOD_1787,normalized_margin_2D,0,0.24575434989799153
OOD_1788,normalized_margin_2D,0,0.4068119719593255
OOD_1789,normalized_margin_2D,0,0.8394600969785446
OOD_1790,normalized_margin_2D,0,0.5838810281519672
OOD_1791,normalized_margin_2D,0,0.5285778459452186
OOD_1792,normalized_margin_2D,0,0.3859559614736136
OOD_1793,normalized_margin_2D,0,0.48733716340810385
OOD_1794,normalized_margin_2D,1,0.9537129302658325
OOD_1795,normalized_margin_2D,1,0.8467890136254201
OOD_1796,normalized_margin_2D,0,0.27561732309808673
OOD_1797,normalized_margin_2D,0,0.9987179540137516
OOD_1798,normalized_margin_2D,0,0.3685443665634598
OOD_1799,normalized_margin_2D,0,0.46893707005658963
OOD_1800,normalized_margin_2D,0,0.5741792551070567
OOD_1801,normalized_margin_2D,1,0.9118391405184858
OOD_1802,normalized_margin_2D,1,0.953869291582667
OOD_1803,normalized_margin_2D,1,0.6764294952502772
OOD_1804,normalized_margin_2D,1,0.8819420633643273
OOD_1805,normalized_margin_2D,0,0.24600244469133176
OOD_1806,normalized_margin_2D,0,0.26203976701417064
OOD_1807,normalized_margin_2D,0,0.7298864782853849
OOD_1808,normalized_margin_2D,1,0.9812793661561814
OOD_1809,normalized_margin_2D,0,0.33533579159066723
OOD_1810,normalized_margin_2D,0,0.21760179126832846
OOD_1811,normalized_margin_2D,0,0.2364972702992152
OOD_1812,normalized_margin_2D,0,0.3960127104837983
OOD_1813,normalized_margin_2D,0,0.2490493980322984
OOD_1814,normalized_margin_2D,0,0.48464363261390664
OOD_1815,normalized_margin_2D,1,0.9854184790097971
OOD_1816,normalized_margin_2D,0,0.22307707319897976
OOD_1817,normalized_margin_2D,1,0.9969947663617726
OOD_1818,normalized_margin_2D,0,0.9227334626750086
OOD_1819,normalized_margin_2D,0,0.22055802849695796
OOD_1820,normalized_margin_2D,1,0.9945678653353471
OOD_1821,normalized_margin_2D,1,0.7335176699023475
OOD_1822,normalized_margin_2D,1,0.9493089304841296
OOD_1823,normalized_margin_2D,0,0.5251836452336124
OOD_1824,normalized_margin_2D,1,0.9989183237023855
OOD_1825,normalized_margin_2D,0,0.9975035568432397
OOD_1826,normalized_margin_2D,0,0.18701115060132806
OOD_1827,normalized_margin_2D,0,0.3024311835498283
OOD_1828,normalized_margin_2D,0,0.5426241070041683
OOD_1829,normalized_margin_2D,1,0.923714693089587
OOD_1830,normalized_margin_2D,1,0.8304752363876879
OOD_1831,normalized_margin_2D,0,0.2005254089750878
OOD_1832,normalized_margin_2D,0,0.4911650411913029
OOD_1833,normalized_margin_2D,0,0.2623715762339778
OOD_1834,normalized_margin_2D,1,0.6083060189639605
OOD_1835,normalized_margin_2D,0,0.39060414489111306
OOD_1836,normalized_margin_2D,1,0.9965667209842212
OOD_1837,normalized_margin_2D,1,0.989500720381312
OOD_1838,normalized_margin_2D,1,0.6065692916105396
OOD_1839,normalized_margin_2D,0,0.3520668550452599
OOD_1840,normalized_margin_2D,0,0.4035705124266614
OOD_1841,normalized_margin_2D,1,0.9183071002867427
OOD_1842,normalized_margin_2D,1,0.9944252638124682
OOD_1843,normalized_margin_2D,1,0.3630364810742488
OOD_1844,normalized_margin_2D,1,0.4816100528524564
OOD_1845,normalized_margin_2D,0,0.3363646833367408
OOD_1846,normalized_margin_2D,1,0.9984934480424508
OOD_1847,normalized_margin_2D,0,0.4666137082826487
OOD_1848,normalized_margin_2D,1,0.8773176582776441
OOD_1849,normalized_margin_2D,1,0.9996171051432106
OOD_1850,normalized_margin_2D,0,0.5386876842841778
OOD_1851,normalized_margin_2D,1,0.5188672517234059
OOD_1852,normalized_margin_2D,0,0.32019227475922163
OOD_1853,normalized_margin_2D,0,0.33335299583438316
OOD_1854,normalized_margin_2D,0,0.1925356812017773
OOD_1855,normalized_margin_2D,0,0.863468907703705
OOD_1856,normalized_margin_2D,1,0.5114407288440804
OOD_1857,normalized_margin_2D,1,0.45146170746884884
OOD_1858,normalized_margin_2D,0,0.9481272544482486
OOD_1859,normalized_margin_2D,0,0.5597617716273247
OOD_1860,normalized_margin_2D,0,0.3973699708895435
OOD_1861,normalized_margin_2D,1,0.9929913236638283
OOD_1862,normalized_margin_2D,0,0.338757505511035
OOD_1863,normalized_margin_2D,1,0.9993917433875891
OOD_1864,normalized_margin_2D,1,0.9736171987573672
OOD_1865,normalized_margin_2D,0,0.45773790550955196
OOD_1866,normalized_margin_2D,0,0.4453248347796587
OOD_1867,normalized_margin_2D,0,0.20110168538204484
OOD_1868,normalized_margin_2D,0,0.2351974658096734
OOD_1869,normalized_margin_2D,1,0.5938125881689222
OOD_1870,normalized_margin_2D,1,0.8108154677300025
OOD_1871,normalized_margin_2D,1,0.5405081974486976
OOD_1872,normalized_margin_2D,1,0.9989828942587778
OOD_1873,normalized_margin_2D,0,0.5209059487229932
OOD_1874,normalized_margin_2D,1,0.9618754349822763
OOD_1875,normalized_margin_2D,1,0.799552229255618
OOD_1876,normalized_margin_2D,1,0.9585037173181111
OOD_1877,normalized_margin_2D,0,0.8396424778667988
OOD_1878,normalized_margin_2D,1,0.45057845343306296
OOD_1879,normalized_margin_2D,0,0.4020008148778126
OOD_1880,normalized_margin_2D,0,0.19089052448981633
OOD_1881,normalized_margin_2D,1,0.9945953163159852
OOD_1882,normalized_margin_2D,0,0.9902013611922277
OOD_1883,normalized_margin_2D,0,0.334864603934355
OOD_1884,normalized_margin_2D,0,0.403998836330148
OOD_1885,normalized_margin_2D,0,0.26452606234814224
OOD_1886,normalized_margin_2D,1,0.9602696773459798
OOD_1887,normalized_margin_2D,1,0.7254221911151888
OOD_1888,normalized_margin_2D,1,0.7775686668473225
OOD_1889,normalized_margin_2D,1,0.8480186086544726
OOD_1890,normalized_margin_2D,1,0.8603001298189273
OOD_1891,normalized_margin_2D,0,0.28910212375239597
OOD_1892,normalized_margin_2D,0,0.22425356221760748
OOD_1893,normalized_margin_2D,0,0.8814186363912048
OOD_1894,normalized_margin_2D,0,0.7052460842299245
OOD_1895,normalized_margin_2D,1,0.9975686084805492
OOD_1896,normalized_margin_2D,1,0.8680997070882118
OOD_1897,normalized_margin_2D,1,0.9034542320743935
OOD_1898,normalized_margin_2D,1,0.998434359547041
OOD_1899,normalized_margin_2D,0,0.4591810814883975
OOD_1900,normalized_margin_2D,0,0.3029468314277503
OOD_1901,normalized_margin_2D,1,0.987573910768684
OOD_1902,normalized_margin_2D,1,0.9971377284154048
OOD_1903,normalized_margin_2D,0,0.6387056788880746
OOD_1904,normalized_margin_2D,1,0.9987116801287431
OOD_1905,normalized_margin_2D,0,0.3185724788694366
OOD_1906,normalized_margin_2D,0,0.8868752545363053
OOD_1907,normalized_margin_2D,0,0.4149222876629682
OOD_1908,normalized_margin_2D,1,0.9899330681836764
OOD_1909,normalized_margin_2D,1,0.9173758606427292
OOD_1910,normalized_margin_2D,1,0.9900948084501027
OOD_1911,normalized_margin_2D,0,0.23715617093172262
OOD_1912,normalized_margin_2D,0,0.3082939887495578
OOD_1913,normalized_margin_2D,1,0.9817151314336585
OOD_1914,normalized_margin_2D,0,0.28247843461487415
OOD_1915,normalized_margin_2D,0,0.49432290751480706
OOD_1916,normalized_margin_2D,0,0.3145531589400803
OOD_1917,normalized_margin_2D,1,0.4513330052799585
OOD_1918,normalized_margin_2D,0,0.4653633786540687
OOD_1919,normalized_margin_2D,0,0.42671682282126616
OOD_1920,normalized_margin_2D,0,0.9884582526643222
OOD_1921,normalized_margin_2D,0,0.17526284425251837
OOD_1922,normalized_margin_2D,1,0.8536328593253325
OOD_1923,normalized_margin_2D,0,0.38351681758162093
OOD_1924,normalized_margin_2D,1,0.9993293469085629
OOD_1925,normalized_margin_2D,1,0.7961275790844112
OOD_1926,normalized_margin_2D,1,0.34444209573061596
OOD_1927,normalized_margin_2D,1,0.9947113431311558
OOD_1928,normalized_margin_2D,0,0.34207313814253293
OOD_1929,normalized_margin_2D,0,0.42278895794594823
OOD_1930,normalized_margin_2D,0,0.5573123830691348
OOD_1931,normalized_margin_2D,1,0.9929717347466607
OOD_1932,normalized_margin_2D,1,0.9975065854136768
OOD_1933,normalized_margin_2D,1,0.9937228184635455
OOD_1934,normalized_margin_2D,1,0.9605594209175665
OOD_1935,normalized_margin_2D,0,0.2671749903766032
OOD_1936,normalized_margin_2D,0,0.2641602696873111
OOD_1937,normalized_margin_2D,1,0.9249373576622566
OOD_1938,normalized_margin_2D,1,0.9308510229778937
OOD_1939,normalized_margin_2D,1,0.5828044949657274
OOD_1940,normalized_margin_2D,0,0.9820802598188949
OOD_1941,normalized_margin_2D,0,0.2618514519515796
OOD_1942,normalized_margin_2D,0,0.3097123601624717
OOD_1943,normalized_margin_2D,1,0.9980436287857496
OOD_1944,normalized_margin_2D,1,0.9885435975926753
OOD_1945,normalized_margin_2D,1,0.9993317391806202
OOD_1946,normalized_margin_2D,1,0.9600554478569872
OOD_1947,normalized_margin_2D,0,0.3190258743397564
OOD_1948,normalized_margin_2D,0,0.23921034541117298
OOD_1949,normalized_margin_2D,1,0.9851597811789242
OOD_1950,normalized_margin_2D,0,0.5803779498930491
OOD_1951,normalized_margin_2D,0,0.7518355124633301
OOD_1952,normalized_margin_2D,1,0.8337923531733445
OOD_1953,normalized_margin_2D,0,0.6429998587850071
OOD_1954,normalized_margin_2D,0,0.8714487338411919
OOD_1955,normalized_margin_2D,0,0.5734275038026424
OOD_1956,normalized_margin_2D,1,0.9970377605563306
OOD_1957,normalized_margin_2D,0,0.20515210526762584
OOD_1958,normalized_margin_2D,0,0.32534025468403466
OOD_1959,normalized_margin_2D,1,0.8905603419928061
OOD_1960,normalized_margin_2D,0,0.6181482212717503
OOD_1961,normalized_margin_2D,0,0.18350983710117574
OOD_1962,normalized_margin_2D,0,0.39019447276581454
OOD_1963,normalized_margin_2D,0,0.4456721610220675
OOD_1964,normalized_margin_2D,0,0.25827679789285846
OOD_1965,normalized_margin_2D,0,0.8194813365405148
OOD_1966,normalized_margin_2D,0,0.5667817236326912
OOD_1967,normalized_margin_2D,0,0.2473532634365833
OOD_1968,normalized_margin_2D,0,0.32282017349615505
OOD_1969,normalized_margin_2D,0,0.3801154677778161
OOD_1970,normalized_margin_2D,0,0.25792313120063304
OOD_1971,normalized_margin_2D,1,0.973349404134443
OOD_1972,normalized_margin_2D,1,0.9909505561399768
OOD_1973,normalized_margin_2D,0,0.678772203948036
OOD_1974,normalized_margin_2D,0,0.7281344279677714
OOD_1975,normalized_margin_2D,0,0.29827821950578126
OOD_1976,normalized_margin_2D,0,0.3536969156721521
OOD_1977,normalized_margin_2D,1,0.8681858762113464
OOD_1978,normalized_margin_2D,0,0.39282040959160913
OOD_1979,normalized_margin_2D,1,0.7355243669456497
OOD_1980,normalized_margin_2D,0,0.6739669941607043
OOD_1981,normalized_margin_2D,1,0.9984496754846993
OOD_1982,normalized_margin_2D,0,0.5591603321226135
OOD_1983,normalized_margin_2D,1,0.9967640302121993
OOD_1984,normalized_margin_2D,0,0.21998973763818905
OOD_1985,normalized_margin_2D,0,0.4778379312278764
OOD_1986,normalized_margin_2D,1,0.8839151059236153
OOD_1987,normalized_margin_2D,0,0.3041765524431906
OOD_1988,normalized_margin_2D,0,0.20149880321031605
OOD_1989,normalized_margin_2D,0,0.4369363452144618
OOD_1990,normalized_margin_2D,0,0.25133078449563684
OOD_1991,normalized_margin_2D,0,0.873359373242607
OOD_1992,normalized_margin_2D,1,0.6700662558179556
OOD_1993,normalized_margin_2D,0,0.4737524460665275
OOD_1994,normalized_margin_2D,1,0.7896175344648309
OOD_1995,normalized_margin_2D,1,0.9777202417933222
OOD_1996,normalized_margin_2D,0,0.7283362330811285
OOD_1997,normalized_margin_2D,0,0.6033163175442859
OOD_1998,normalized_margin_2D,0,0.23048197053306366
OOD_1999,normalized_margin_2D,0,0.42660649900729763
OOD_2000,normalized_margin_2D,0,0.398720593330474
OOD_2001,normalized_margin_2D,1,0.9923689268426723
OOD_2002,normalized_margin_2D,0,0.4026054818360613
OOD_2003,normalized_margin_2D,1,0.9954845870614097
OOD_2004,normalized_margin_2D,0,0.9236851404278996
OOD_2005,normalized_margin_2D,1,0.9983997331998815
OOD_2006,normalized_margin_2D,0,0.5874369692556051
OOD_2007,normalized_margin_2D,0,0.5263344843501578
OOD_2008,normalized_margin_2D,1,0.8049348921389969
OOD_2009,normalized_margin_2D,0,0.6134925124872646
OOD_2010,normalized_margin_2D,0,0.562494194003252
OOD_2011,normalized_margin_2D,0,0.9303423695571953
OOD_2012,normalized_margin_2D,1,0.9273282054370595
OOD_2013,normalized_margin_2D,1,0.9491004910518158
OOD_2014,normalized_margin_2D,1,0.629930449083851
OOD_2015,normalized_margin_2D,0,0.3404708821398077
OOD_2016,normalized_margin_2D,1,0.9987080411834589
OOD_2017,normalized_margin_2D,0,0.30894295391746074
OOD_2018,normalized_margin_2D,0,0.9709982481385054
OOD_2019,normalized_margin_2D,0,0.40234755024415075
OOD_2020,normalized_margin_2D,0,0.950547518552932
OOD_2021,normalized_margin_2D,0,0.2644231968026857
OOD_2022,normalized_margin_2D,0,0.3441769648708862
OOD_2023,normalized_margin_2D,0,0.6976337345258299
OOD_2024,normalized_margin_2D,0,0.5025861039376383
OOD_2025,normalized_margin_2D,1,0.9974591990610098
OOD_2026,normalized_margin_2D,0,0.5885329670899987
OOD_2027,normalized_margin_2D,0,0.19337393790309487
OOD_2028,normalized_margin_2D,1,0.8841908744191348
OOD_2029,normalized_margin_2D,1,0.5779149798615997
OOD_2030,normalized_margin_2D,0,0.5678359918465337
OOD_2031,normalized_margin_2D,0,0.5041218836003286
OOD_2032,normalized_margin_2D,0,0.336492233864806
OOD_2033,normalized_margin_2D,0,0.40082629488722005
OOD_2034,normalized_margin_2D,1,0.8652231168378668
OOD_2035,normalized_margin_2D,0,0.374294217650011
OOD_2036,normalized_margin_2D,1,0.9136327141204466
OOD_2037,normalized_margin_2D,1,0.6102736843617427
OOD_2038,normalized_margin_2D,0,0.3344211355697396
OOD_2039,normalized_margin_2D,0,0.6520893586292927
OOD_2040,normalized_margin_2D,0,0.3581531296076748
OOD_2041,normalized_margin_2D,0,0.23559874486040042
OOD_2042,normalized_margin_2D,0,0.34988009410334675
OOD_2043,normalized_margin_2D,1,0.9853709781823623
OOD_2044,normalized_margin_2D,0,0.2374430982182655
OOD_2045,normalized_margin_2D,1,0.998449689203151
OOD_2046,normalized_margin_2D,0,0.9550415892857574
OOD_2047,normalized_margin_2D,0,0.4935190679138908
OOD_2048,normalized_margin_2D,1,0.994287437041366
OOD_2049,normalized_margin_2D,0,0.20836583921711627
OOD_2050,normalized_margin_2D,0,0.3245994401347007
OOD_2051,normalized_margin_2D,1,0.816606766111561
OOD_2052,normalized_margin_2D,1,0.9789581076020679
OOD_2053,normalized_margin_2D,1,0.9970418572543874
OOD_2054,normalized_margin_2D,0,0.7436540940798168
OOD_2055,normalized_margin_2D,0,0.21341919650988223
OOD_2056,normalized_margin_2D,0,0.3425054173834353
OOD_2057,normalized_margin_2D,0,0.3632525792479116
OOD_2058,normalized_margin_2D,1,0.5669179633497619
OOD_2059,normalized_margin_2D,0,0.8482279994054309
OOD_2060,normalized_margin_2D,0,0.27401087664162976
OOD_2061,normalized_margin_2D,1,0.787256637486244
OOD_2062,normalized_margin_2D,0,0.45954010201899886
OOD_2063,normalized_margin_2D,1,0.5555736351881561
OOD_2064,normalized_margin_2D,1,0.988985089784776
OOD_2065,normalized_margin_2D,1,0.9618486833072597
OOD_2066,normalized_margin_2D,1,0.9917349366000652
OOD_2067,normalized_margin_2D,0,0.2630215816050464
OOD_2068,normalized_margin_2D,1,0.6849292927547257
OOD_2069,normalized_margin_2D,1,0.7317710475746029
OOD_2070,normalized_margin_2D,1,0.904178950128311
OOD_2071,normalized_margin_2D,1,0.7199013265287264
OOD_2072,normalized_margin_2D,1,0.8512694718246743
OOD_2073,normalized_margin_2D,0,0.4958420666008218
OOD_2074,normalized_margin_2D,1,0.6986162308679467
OOD_2075,normalized_margin_2D,0,0.9444193450636066
OOD_2076,normalized_margin_2D,1,0.7366801283723156
OOD_2077,normalized_margin_2D,0,0.5545766510080808
OOD_2078,normalized_margin_2D,1,0.49236625818097085
OOD_2079,normalized_margin_2D,0,0.3001031890379996
OOD_2080,normalized_margin_2D,1,0.9478700488493851
OOD_2081,normalized_margin_2D,1,0.9981551838911289
OOD_2082,normalized_margin_2D,0,0.4735033809188154
OOD_2083,normalized_margin_2D,1,0.9778595826903921
OOD_2084,normalized_margin_2D,1,0.9995600892078771
OOD_2085,normalized_margin_2D,0,0.3851043401495038
OOD_2086,normalized_margin_2D,0,0.20101541179990598
OOD_2087,normalized_margin_2D,1,0.8932040275470586
OOD_2088,normalized_margin_2D,0,0.4597664868229572
OOD_2089,normalized_margin_2D,1,0.9938889309306336
OOD_2090,normalized_margin_2D,0,0.17498766863623605
OOD_2091,normalized_margin_2D,0,0.4103456777442657
OOD_2092,normalized_margin_2D,0,0.5281795356897715
OOD_2093,normalized_margin_2D,1,0.6956344767990909
OOD_2094,normalized_margin_2D,0,0.3457922923488241
OOD_2095,normalized_margin_2D,1,0.4732205675055813
OOD_2096,normalized_margin_2D,0,0.4963900382975856
OOD_2097,normalized_margin_2D,1,0.8822535509873364
OOD_2098,normalized_margin_2D,1,0.6056999379043807
OOD_2099,normalized_margin_2D,0,0.2952975344828488
OOD_2100,normalized_margin_2D,1,0.9795523941260439
OOD_2101,normalized_margin_2D,0,0.70412295548379
OOD_2102,normalized_margin_2D,1,0.4078456067079216
OOD_2103,normalized_margin_2D,0,0.2751124479058647
OOD_2104,normalized_margin_2D,0,0.34210275290941417
OOD_2105,normalized_margin_2D,1,0.96676138989886
OOD_2106,normalized_margin_2D,0,0.33062152955262947
OOD_2107,normalized_margin_2D,0,0.6413785659675202
OOD_2108,normalized_margin_2D,0,0.9984204344954056
OOD_2109,normalized_margin_2D,0,0.43600961233276514
OOD_2110,normalized_margin_2D,1,0.7918700201081155
OOD_2111,normalized_margin_2D,1,0.9292708213976525
OOD_2112,normalized_margin_2D,0,0.22633836866858853
OOD_2113,normalized_margin_2D,0,0.6735237527212385
OOD_2114,normalized_margin_2D,0,0.9830193326224143
OOD_2115,normalized_margin_2D,1,0.727284621416254
OOD_2116,normalized_margin_2D,0,0.9758985466458415
OOD_2117,normalized_margin_2D,1,0.567019879173908
OOD_2118,normalized_margin_2D,0,0.2970360924254975
OOD_2119,normalized_margin_2D,0,0.5286529601488487
OOD_2120,normalized_margin_2D,0,0.21808654089960097
OOD_2121,normalized_margin_2D,0,0.35598446623410507
OOD_2122,normalized_margin_2D,0,0.7395642758191835
OOD_2123,normalized_margin_2D,0,0.1956477293875518
OOD_2124,normalized_margin_2D,0,0.5516426363604867
OOD_2125,normalized_margin_2D,0,0.24030749359066655
OOD_2126,normalized_margin_2D,0,0.2741081399022943
OOD_2127,normalized_margin_2D,0,0.1891705032441086
OOD_2128,normalized_margin_2D,0,0.3932619171356395
OOD_2129,normalized_margin_2D,1,0.43190376284322657
OOD_2130,normalized_margin_2D,0,0.25661118298816615
OOD_2131,normalized_margin_2D,1,0.9949717857234727
OOD_2132,normalized_margin_2D,0,0.23687658548866009
OOD_2133,normalized_margin_2D,0,0.6084290826138867
OOD_2134,normalized_margin_2D,1,0.6674193583510865
OOD_2135,normalized_margin_2D,0,0.45439952111964493
OOD_2136,normalized_margin_2D,0,0.3326264176428523
OOD_2137,normalized_margin_2D,1,0.6886930497674744
OOD_2138,normalized_margin_2D,1,0.9996222605583945
OOD_2139,normalized_margin_2D,1,0.9011737948929363
OOD_2140,normalized_margin_2D,0,0.4862286820835213
OOD_2141,normalized_margin_2D,0,0.9213840852519126
OOD_2142,normalized_margin_2D,0,0.9393564567473214
OOD_2143,normalized_margin_2D,0,0.38431232982864616
OOD_2144,normalized_margin_2D,0,0.2185319704834503
OOD_2145,normalized_margin_2D,1,0.7821520818091772
OOD_2146,normalized_margin_2D,1,0.7456542307250756
OOD_2147,normalized_margin_2D,1,0.9961925497029313
OOD_2148,normalized_margin_2D,0,0.390187508861193
OOD_2149,normalized_margin_2D,0,0.3238930527905046
OOD_2150,normalized_margin_2D,1,0.9213754434147071
OOD_2151,normalized_margin_2D,1,0.8221582405333451
OOD_2152,normalized_margin_2D,1,0.6328827830779826
OOD_2153,normalized_margin_2D,1,0.9849851824731929
OOD_2154,normalized_margin_2D,1,0.9985502514293475
OOD_2155,normalized_margin_2D,1,0.9966169093509383
OOD_2156,normalized_margin_2D,0,0.4142607024166895
OOD_2157,normalized_margin_2D,1,0.9473676133075831
OOD_2158,normalized_margin_2D,0,0.6256097977487385
OOD_2159,normalized_margin_2D,1,0.9959263946732091
OOD_2160,normalized_margin_2D,0,0.24248135039921842
OOD_2161,normalized_margin_2D,0,0.43496415226443697
OOD_2162,normalized_margin_2D,1,0.8098543980361369
OOD_2163,normalized_margin_2D,0,0.9208545507117828
OOD_2164,normalized_margin_2D,0,0.19230848111751475
OOD_2165,normalized_margin_2D,1,0.748643901096393
OOD_2166,normalized_margin_2D,0,0.43012066196328835
OOD_2167,normalized_margin_2D,1,0.8912216515734291
OOD_2168,normalized_margin_2D,0,0.46876939157018965
OOD_2169,normalized_margin_2D,0,0.2736341270174462
OOD_2170,normalized_margin_2D,0,0.4556411568108195
OOD_2171,normalized_margin_2D,1,0.9766954442875518
OOD_2172,normalized_margin_2D,0,0.3579067045213547
OOD_2173,normalized_margin_2D,1,0.7748163190333607
OOD_2174,normalized_margin_2D,1,0.992527567209672
OOD_2175,normalized_margin_2D,0,0.4766493080665815
OOD_2176,normalized_margin_2D,0,0.9949720817196988
OOD_2177,normalized_margin_2D,0,0.28130906473275563
OOD_2178,normalized_margin_2D,0,0.8061376403458139
OOD_2179,normalized_margin_2D,1,0.7500003790955484
OOD_2180,normalized_margin_2D,1,0.7606266309279821
OOD_2181,normalized_margin_2D,1,0.9970801219494779
OOD_2182,normalized_margin_2D,0,0.9846623443383605
OOD_2183,normalized_margin_2D,1,0.4901879450242309
OOD_2184,normalized_margin_2D,1,0.9919518542807125
OOD_2185,normalized_margin_2D,1,0.9940598227081691
OOD_2186,normalized_margin_2D,1,0.9969405957845248
OOD_2187,normalized_margin_2D,1,0.9979084183191776
OOD_2188,normalized_margin_2D,0,0.23554334164147184
OOD_2189,normalized_margin_2D,1,0.994642925494904
OOD_2190,normalized_margin_2D,1,0.9521267277723005
OOD_2191,normalized_margin_2D,0,0.2282230237533596
OOD_2192,normalized_margin_2D,0,0.9520020371702971
OOD_2193,normalized_margin_2D,0,0.6429431248761855
OOD_2194,normalized_margin_2D,1,0.7502472058823082
OOD_2195,normalized_margin_2D,1,0.8208665806417504
OOD_2196,normalized_margin_2D,1,0.7676266021156639
OOD_2197,normalized_margin_2D,1,0.98479908399036
OOD_2198,normalized_margin_2D,0,0.7734494138042057
OOD_2199,normalized_margin_2D,1,0.9745633807695027
OOD_2200,normalized_margin_2D,0,0.23219913886536642
OOD_2201,normalized_margin_2D,0,0.3756170471881009
OOD_2202,normalized_margin_2D,1,0.9989039456524069
OOD_2203,normalized_margin_2D,1,0.9985008631413264
OOD_2204,normalized_margin_2D,0,0.9964661357259367
OOD_2205,normalized_margin_2D,0,0.2136537937121675
OOD_2206,normalized_margin_2D,0,0.35017312254325245
OOD_2207,normalized_margin_2D,1,0.8807265114703592
OOD_2208,normalized_margin_2D,0,0.28634557302850216
OOD_2209,normalized_margin_2D,0,0.3674330009979553
OOD_2210,normalized_margin_2D,1,0.83387979040755
OOD_2211,normalized_margin_2D,0,0.5292432184069457
OOD_2212,normalized_margin_2D,0,0.3066153999786428
OOD_2213,normalized_margin_2D,0,0.8594062995030363
OOD_2214,normalized_margin_2D,0,0.31773532497110946
OOD_2215,normalized_margin_2D,0,0.4355853469378527
OOD_2216,normalized_margin_2D,0,0.2123083702512728
OOD_2217,normalized_margin_2D,1,0.7753203427968235
OOD_2218,normalized_margin_2D,0,0.38556622864085366
OOD_2219,normalized_margin_2D,0,0.8596444456983362
OOD_2220,normalized_margin_2D,0,0.538454823680341
OOD_2221,normalized_margin_2D,0,0.4450724675465048
OOD_2222,normalized_margin_2D,1,0.922408699850402
OOD_2223,normalized_margin_2D,0,0.4299229613059932
OOD_2224,normalized_margin_2D,1,0.9960111062620526
OOD_2225,normalized_margin_2D,0,0.7295217378448722
OOD_2226,normalized_margin_2D,1,0.9803684919330099
OOD_2227,normalized_margin_2D,0,0.5120092470519618
OOD_2228,normalized_margin_2D,0,0.9887973744176614
OOD_2229,normalized_margin_2D,1,0.9997926457798132
OOD_2230,normalized_margin_2D,1,0.9879597416624775
OOD_2231,normalized_margin_2D,1,0.9867677576998393
OOD_2232,normalized_margin_2D,1,0.5141568246095929
OOD_2233,normalized_margin_2D,0,0.537920739701857
OOD_2234,normalized_margin_2D,1,0.8960798871767014
OOD_2235,normalized_margin_2D,0,0.6547452379841777
OOD_2236,normalized_margin_2D,0,0.25385992567059873
OOD_2237,normalized_margin_2D,0,0.5069631085317673
OOD_2238,normalized_margin_2D,0,0.34083085929655593
OOD_2239,normalized_margin_2D,1,0.991888499334925
OOD_2240,normalized_margin_2D,0,0.4258518520089399
OOD_2241,normalized_margin_2D,0,0.7001969360701725
OOD_2242,normalized_margin_2D,1,0.8036133927556822
OOD_2243,normalized_margin_2D,1,0.830911208286247
OOD_2244,normalized_margin_2D,0,0.5036043720095961
OOD_2245,normalized_margin_2D,0,0.9953676516116658
OOD_2246,normalized_margin_2D,0,0.5405819280516537
OOD_2247,normalized_margin_2D,0,0.816764986251923
OOD_2248,normalized_margin_2D,0,0.353207500808888
OOD_2249,normalized_margin_2D,0,0.8433105078607726
OOD_2250,normalized_margin_2D,0,0.3656864241519974
OOD_2251,normalized_margin_2D,0,0.3589886208320059
OOD_2252,normalized_margin_2D,0,0.7200940965488712
OOD_2253,normalized_margin_2D,1,0.6600532613676023
OOD_2254,normalized_margin_2D,0,0.5074563354802302
OOD_2255,normalized_margin_2D,1,0.9263266116099632
OOD_2256,normalized_margin_2D,0,0.6517035069793234
OOD_2257,normalized_margin_2D,0,0.7747467335218633
OOD_2258,normalized_margin_2D,0,0.9262747861728506
OOD_2259,normalized_margin_2D,1,0.9994863657130898
OOD_2260,normalized_margin_2D,1,0.9752425664022759
OOD_2261,normalized_margin_2D,0,0.2268317696210619
OOD_2262,normalized_margin_2D,0,0.4328349683217878
OOD_2263,normalized_margin_2D,0,0.2803710173582404
OOD_2264,normalized_margin_2D,0,0.7082329406382457
OOD_2265,normalized_margin_2D,0,0.17709944643381748
OOD_2266,normalized_margin_2D,0,0.23155723628793687
OOD_2267,normalized_margin_2D,0,0.3950829422845983
OOD_2268,normalized_margin_2D,1,0.8569515556403842
OOD_2269,normalized_margin_2D,1,0.993322773493192
OOD_2270,normalized_margin_2D,0,0.5319059542003884
OOD_2271,normalized_margin_2D,1,0.6162123383871186
OOD_2272,normalized_margin_2D,0,0.3071820193546317
OOD_2273,normalized_margin_2D,0,0.6305972592788371
OOD_2274,normalized_margin_2D,1,0.7815168125392495
OOD_2275,normalized_margin_2D,0,0.21393122595362565
OOD_2276,normalized_margin_2D,1,0.4785597200788273
OOD_2277,normalized_margin_2D,1,0.9932241572656634
OOD_2278,normalized_margin_2D,1,0.9466332939415044
OOD_2279,normalized_margin_2D,0,0.9004745811987301
OOD_2280,normalized_margin_2D,1,0.843776093860574
OOD_2281,normalized_margin_2D,0,0.23522964448857092
OOD_2282,normalized_margin_2D,0,0.1980200206237011
OOD_2283,normalized_margin_2D,1,0.9942357029652364
OOD_2284,normalized_margin_2D,1,0.9634258438197028
OOD_2285,normalized_margin_2D,0,0.6110659608040119
OOD_2286,normalized_margin_2D,0,0.5963848872688294
OOD_2287,normalized_margin_2D,0,0.19375893300650537
OOD_2288,normalized_margin_2D,1,0.5809221216371903
OOD_2289,normalized_margin_2D,0,0.7973075018809399
OOD_2290,normalized_margin_2D,0,0.9628839947674462
OOD_2291,normalized_margin_2D,0,0.332968146946917
OOD_2292,normalized_margin_2D,0,0.37735457368836267
OOD_2293,normalized_margin_2D,1,0.9972902268585493
OOD_2294,normalized_margin_2D,1,0.90879675973111
OOD_2295,normalized_margin_2D,0,0.5021383565663726
OOD_2296,normalized_margin_2D,1,0.8447607718255286
OOD_2297,normalized_margin_2D,0,0.5200931004160894
OOD_2298,normalized_margin_2D,0,0.43671385366991694
OOD_2299,normalized_margin_2D,0,0.3611065548307139
OOD_2300,normalized_margin_2D,1,0.9985376348246603
OOD_2301,normalized_margin_2D,0,0.3076951970378357
OOD_2302,normalized_margin_2D,1,0.2786814580736163
OOD_2303,normalized_margin_2D,1,0.943998754300445
OOD_2304,normalized_margin_2D,0,0.30844929147223804
OOD_2305,normalized_margin_2D,0,0.5487963824542786
OOD_2306,normalized_margin_2D,0,0.8585427877123355
OOD_2307,normalized_margin_2D,0,0.4851045330491925
OOD_2308,normalized_margin_2D,1,0.9928001251292597
OOD_2309,normalized_margin_2D,1,0.6784148232410333
OOD_2310,normalized_margin_2D,1,0.9984644342557243
OOD_2311,normalized_margin_2D,1,0.9168719059738121
OOD_2312,normalized_margin_2D,1,0.9939919572550248
OOD_2313,normalized_margin_2D,0,0.881117208477052
OOD_2314,normalized_margin_2D,0,0.6516869473512023
OOD_2315,normalized_margin_2D,0,0.5428709109837089
OOD_2316,normalized_margin_2D,0,0.26254505746167967
OOD_2317,normalized_margin_2D,0,0.26476004348082394
OOD_2318,normalized_margin_2D,0,0.5080754402239606
OOD_2319,normalized_margin_2D,0,0.6206942443403802
OOD_2320,normalized_margin_2D,0,0.43449838241402416
OOD_2321,normalized_margin_2D,0,0.8229499477837104
OOD_2322,normalized_margin_2D,1,0.9906038567977519
OOD_2323,normalized_margin_2D,0,0.44495850220810995
OOD_2324,normalized_margin_2D,1,0.9760683960276322
OOD_2325,normalized_margin_2D,1,0.9312023324220342
OOD_2326,normalized_margin_2D,1,0.8853982971067136
OOD_2327,normalized_margin_2D,1,0.9978533375624151
OOD_2328,normalized_margin_2D,0,0.8668089153374174
OOD_2329,normalized_margin_2D,0,0.2743866685041432
OOD_2330,normalized_margin_2D,0,0.8771566183519832
OOD_2331,normalized_margin_2D,1,0.9787839490840928
OOD_2332,normalized_margin_2D,0,0.20706783364998785
OOD_2333,normalized_margin_2D,0,0.5267926823028619
OOD_2334,normalized_margin_2D,1,0.8890066184486265
OOD_2335,normalized_margin_2D,0,0.556748691389168
OOD_2336,normalized_margin_2D,0,0.6756428065304361
OOD_2337,normalized_margin_2D,0,0.33008592734936115
OOD_2338,normalized_margin_2D,0,0.8166453552733034
OOD_2339,normalized_margin_2D,0,0.31482926306517983
OOD_2340,normalized_margin_2D,1,0.9959774238285095
OOD_2341,normalized_margin_2D,0,0.3283300977378904
OOD_2342,normalized_margin_2D,0,0.33409792348998363
OOD_2343,normalized_margin_2D,0,0.43640582334581235
OOD_2344,normalized_margin_2D,0,0.2359983510969557
OOD_2345,normalized_margin_2D,0,0.25238059566379756
OOD_2346,normalized_margin_2D,1,0.6193928978766519
OOD_2347,normalized_margin_2D,0,0.29583440776084574
OOD_2348,normalized_margin_2D,0,0.7676603411726597
OOD_2349,normalized_margin_2D,0,0.24842335630150827
OOD_2350,normalized_margin_2D,0,0.6428008117248971
OOD_2351,normalized_margin_2D,1,0.95543351835974
OOD_2352,normalized_margin_2D,0,0.3530536820547442
OOD_2353,normalized_margin_2D,0,0.46053219326118827
OOD_2354,normalized_margin_2D,0,0.5742315019338747
OOD_2355,normalized_margin_2D,0,0.37404553223400605
OOD_2356,normalized_margin_2D,0,0.5131985605672542
OOD_2357,normalized_margin_2D,1,0.5866174468548111
OOD_2358,normalized_margin_2D,0,0.6515258757073052
OOD_2359,normalized_margin_2D,0,0.5071745785521
OOD_2360,normalized_margin_2D,0,0.9371309793177763
OOD_2361,normalized_margin_2D,0,0.29802010849251326
OOD_2362,normalized_margin_2D,1,0.7445989688939046
OOD_2363,normalized_margin_2D,0,0.36041121445122626
OOD_2364,normalized_margin_2D,1,0.41364171371102537
OOD_2365,normalized_margin_2D,0,0.9295811894880913
OOD_2366,normalized_margin_2D,1,0.9969824463693203
OOD_2367,normalized_margin_2D,1,0.998835919067083
OOD_2368,normalized_margin_2D,1,0.7407014751115586
OOD_2369,normalized_margin_2D,0,0.20852751251604545
OOD_2370,normalized_margin_2D,0,0.45240140766143105
OOD_2371,normalized_margin_2D,1,0.9994461459770771
OOD_2372,normalized_margin_2D,1,0.9974803310535568
OOD_2373,normalized_margin_2D,0,0.43090722237569196
OOD_2374,normalized_margin_2D,1,0.495846828611953
OOD_2375,normalized_margin_2D,0,0.388821285392764
OOD_2376,normalized_margin_2D,0,0.7286979668365772
OOD_2377,normalized_margin_2D,0,0.4135126232228258
OOD_2378,normalized_margin_2D,1,0.8773664885194975
OOD_2379,normalized_margin_2D,0,0.8746624413991195
OOD_2380,normalized_margin_2D,0,0.2662769800449098
OOD_2381,normalized_margin_2D,0,0.6052646898658878
OOD_2382,normalized_margin_2D,0,0.9403387199892134
OOD_2383,normalized_margin_2D,0,0.5126227460135683
OOD_2384,normalized_margin_2D,1,0.8379895125185605
OOD_2385,normalized_margin_2D,1,0.9918803646273714
OOD_2386,normalized_margin_2D,1,0.8369597294549989
OOD_2387,normalized_margin_2D,1,0.9160179466435902
OOD_2388,normalized_margin_2D,1,0.9073823930491439
OOD_2389,normalized_margin_2D,0,0.3667602744644906
OOD_2390,normalized_margin_2D,0,0.4756240053111069
OOD_2391,normalized_margin_2D,0,0.6837520858560634
OOD_2392,normalized_margin_2D,1,0.9931121615658722
OOD_2393,normalized_margin_2D,1,0.9814320770885504
OOD_2394,normalized_margin_2D,0,0.3251479263987444
OOD_2395,normalized_margin_2D,1,0.9694453368533643
OOD_2396,normalized_margin_2D,0,0.8055175700494335
OOD_2397,normalized_margin_2D,1,0.9976216573161194
OOD_2398,normalized_margin_2D,0,0.41781163852577163
OOD_2399,normalized_margin_2D,0,0.7406699341070876
OOD_2400,normalized_margin_2D,0,0.6421092429459252
OOD_2401,normalized_margin_2D,1,0.9625531592941486
OOD_2402,normalized_margin_2D,0,0.23842564263536348
OOD_2403,normalized_margin_2D,1,0.8801242389808267
OOD_2404,normalized_margin_2D,1,0.7952723202105749
OOD_2405,normalized_margin_2D,0,0.6685843512622163
OOD_2406,normalized_margin_2D,0,0.4293877380955248
OOD_2407,normalized_margin_2D,0,0.6510340670202105
OOD_2408,normalized_margin_2D,0,0.33070259872903923
OOD_2409,normalized_margin_2D,0,0.2828560655636281
OOD_2410,normalized_margin_2D,0,0.3919827759346975
OOD_2411,normalized_margin_2D,0,0.32807687941039293
OOD_2412,normalized_margin_2D,0,0.9609248895110608
OOD_2413,normalized_margin_2D,1,0.9957042393206005
OOD_2414,normalized_margin_2D,0,0.20796208071233538
OOD_2415,normalized_margin_2D,0,0.427867073440567
OOD_2416,normalized_margin_2D,0,0.25145168927578215
OOD_2417,normalized_margin_2D,0,0.501937812294692
OOD_2418,normalized_margin_2D,0,0.32419715101448304
OOD_2419,normalized_margin_2D,0,0.5648643092213403
OOD_2420,normalized_margin_2D,0,0.31772975033255674
OOD_2421,normalized_margin_2D,1,0.6819298626646584
OOD_2422,normalized_margin_2D,1,0.9551078531632549
OOD_2423,normalized_margin_2D,1,0.8146710099732336
OOD_2424,normalized_margin_2D,1,0.9838483542279811
OOD_2425,normalized_margin_2D,1,0.4842217822135248
OOD_2426,normalized_margin_2D,1,0.8607904927200546
OOD_2427,normalized_margin_2D,1,0.9989489142482345
OOD_2428,normalized_margin_2D,0,0.7273336273492406
OOD_2429,normalized_margin_2D,1,0.8656091097301403
OOD_2430,normalized_margin_2D,1,0.9567848984060331
OOD_2431,normalized_margin_2D,1,0.9972569194597756
OOD_2432,normalized_margin_2D,1,0.9927071234038314
OOD_2433,normalized_margin_2D,1,0.9230792768608392
OOD_2434,normalized_margin_2D,0,0.6548232745813468
OOD_2435,normalized_margin_2D,0,0.19438447736270384
OOD_2436,normalized_margin_2D,1,0.4667971413089076
OOD_2437,normalized_margin_2D,0,0.37473805023097273
OOD_2438,normalized_margin_2D,0,0.7193955120234212
OOD_2439,normalized_margin_2D,0,0.5234614817627886
OOD_2440,normalized_margin_2D,0,0.23412400940305655
OOD_2441,normalized_margin_2D,1,0.995112903154714
OOD_2442,normalized_margin_2D,0,0.4603443713917372
OOD_2443,normalized_margin_2D,1,0.9415782740850585
OOD_2444,normalized_margin_2D,0,0.24942296578428477
OOD_2445,normalized_margin_2D,0,0.3505261886183873
OOD_2446,normalized_margin_2D,1,0.993774602819432
OOD_2447,normalized_margin_2D,1,0.41477407780311515
OOD_2448,normalized_margin_2D,0,0.4787832939633543
OOD_2449,normalized_margin_2D,0,0.4206661023454751
OOD_2450,normalized_margin_2D,1,0.9969372984035576
OOD_2451,normalized_margin_2D,0,0.8055661014214583
OOD_2452,normalized_margin_2D,0,0.3712279689650627
OOD_2453,normalized_margin_2D,0,0.19561554735890777
OOD_2454,normalized_margin_2D,0,0.2478774279469109
OOD_2455,normalized_margin_2D,0,0.9988584617779879
OOD_2456,normalized_margin_2D,1,0.475597432015909
OOD_2457,normalized_margin_2D,1,0.9966217956113925
OOD_2458,normalized_margin_2D,0,0.2081964327345248
OOD_2459,normalized_margin_2D,0,0.45838934345372995
OOD_2460,normalized_margin_2D,0,0.3038477393926482
OOD_2461,normalized_margin_2D,1,0.7972209801766671
OOD_2462,normalized_margin_2D,0,0.6825224292012998
OOD_2463,normalized_margin_2D,0,0.7796864478729147
OOD_2464,normalized_margin_2D,1,0.9596311304731432
OOD_2465,normalized_margin_2D,0,0.2228287593126847
OOD_2466,normalized_margin_2D,1,0.7088124780221898
OOD_2467,normalized_margin_2D,0,0.24899398434703754
OOD_2468,normalized_margin_2D,0,0.6599793529452557
OOD_2469,normalized_margin_2D,0,0.31984284228209325
OOD_2470,normalized_margin_2D,0,0.868989797634177
OOD_2471,normalized_margin_2D,1,0.9154592263244486
OOD_2472,normalized_margin_2D,1,0.9973103094831743
OOD_2473,normalized_margin_2D,0,0.9707193180182386
OOD_2474,normalized_margin_2D,0,0.1965583115406626
OOD_2475,normalized_margin_2D,1,0.9912157956607213
OOD_2476,normalized_margin_2D,0,0.4308588084607517
OOD_2477,normalized_margin_2D,0,0.6341245722610225
OOD_2478,normalized_margin_2D,1,0.9831223073928312
OOD_2479,normalized_margin_2D,1,0.9485879320009736
OOD_2480,normalized_margin_2D,0,0.19448290878369728
OOD_2481,normalized_margin_2D,0,0.9512455408960454
OOD_2482,normalized_margin_2D,0,0.44165833462077786
OOD_2483,normalized_margin_2D,1,0.9975358208875952
OOD_2484,normalized_margin_2D,1,0.7184159494137192
OOD_2485,normalized_margin_2D,0,0.8264735401229751
OOD_2486,normalized_margin_2D,0,0.1627585509444148
OOD_2487,normalized_margin_2D,0,0.22535837031317546
OOD_2488,normalized_margin_2D,0,0.34106087140953834
OOD_2489,normalized_margin_2D,1,0.9748812456463833
OOD_2490,normalized_margin_2D,0,0.3006932124047543
OOD_2491,normalized_margin_2D,1,0.9950317415551087
OOD_2492,normalized_margin_2D,0,0.7088561041726881
OOD_2493,normalized_margin_2D,0,0.4132670894071574
OOD_2494,normalized_margin_2D,0,0.349276886755801
OOD_2495,normalized_margin_2D,0,0.2714263219347346
OOD_2496,normalized_margin_2D,1,0.9985950624115496
OOD_2497,normalized_margin_2D,0,0.20847196988591937
OOD_2498,normalized_margin_2D,0,0.32513016090346464
OOD_2499,normalized_margin_2D,1,0.4217280192001473
OOD_2500,normalized_margin_2D,1,0.9883518412863694
OOD_2501,normalized_margin_2D,0,0.7020970941849064
OOD_2502,normalized_margin_2D,0,0.393831256932454
OOD_2503,normalized_margin_2D,1,0.9995179999993231
OOD_2504,normalized_margin_2D,0,0.5012981829983311
OOD_2505,normalized_margin_2D,0,0.5280205646900404
OOD_2506,normalized_margin_2D,0,0.27799187625845356
OOD_2507,normalized_margin_2D,1,0.8352258115537431
OOD_2508,normalized_margin_2D,0,0.69599735782679
OOD_2509,normalized_margin_2D,1,0.9930728570347369
OOD_2510,normalized_margin_2D,1,0.9958575270767338
OOD_2511,normalized_margin_2D,1,0.9274639677634833
OOD_2512,normalized_margin_2D,1,0.43996191226785725
OOD_2513,normalized_margin_2D,1,0.8403342765301036
OOD_2514,normalized_margin_2D,0,0.2538452453188985
OOD_2515,normalized_margin_2D,0,0.37447901884287244
OOD_2516,normalized_margin_2D,0,0.4244682140140399
OOD_2517,normalized_margin_2D,0,0.2059585838274143
OOD_2518,normalized_margin_2D,0,0.23533054542146334
OOD_2519,normalized_margin_2D,0,0.7682068381332304
OOD_2520,normalized_margin_2D,0,0.44269547481553195
OOD_2521,normalized_margin_2D,1,0.9978745542540953
OOD_2522,normalized_margin_2D,0,0.9192647122116078
OOD_2523,normalized_margin_2D,1,0.9929106675473938
OOD_2524,normalized_margin_2D,0,0.2975075147057458
OOD_2525,normalized_margin_2D,1,0.8327191850966775
OOD_2526,normalized_margin_2D,0,0.4740800395269891
OOD_2527,normalized_margin_2D,0,0.30438561791192636
OOD_2528,normalized_margin_2D,0,0.4166812426365178
OOD_2529,normalized_margin_2D,0,0.704867181766171
OOD_2530,normalized_margin_2D,0,0.34331662100131444
OOD_2531,normalized_margin_2D,0,0.2856577928839947
OOD_2532,normalized_margin_2D,0,0.7167198475517585
OOD_2533,normalized_margin_2D,0,0.19043228894876088
OOD_2534,normalized_margin_2D,0,0.8447266570329846
OOD_2535,normalized_margin_2D,0,0.9097309725253664
OOD_2536,normalized_margin_2D,1,0.7589261729231199
OOD_2537,normalized_margin_2D,1,0.9994033499258714
OOD_2538,normalized_margin_2D,1,0.9915281319886896
OOD_2539,normalized_margin_2D,0,0.23130056990877343
OOD_2540,normalized_margin_2D,0,0.7587208762907178
OOD_2541,normalized_margin_2D,0,0.7776079370215193
OOD_2542,normalized_margin_2D,0,0.19278043534360687
OOD_2543,normalized_margin_2D,1,0.6623073359331855
OOD_2544,normalized_margin_2D,0,0.26073347727329466
OOD_2545,normalized_margin_2D,1,0.9672356158715456
OOD_2546,normalized_margin_2D,1,0.49177160301338435
OOD_2547,normalized_margin_2D,0,0.3603917722415805
OOD_2548,normalized_margin_2D,1,0.8582898784082871
OOD_2549,normalized_margin_2D,1,0.8360031741703957
OOD_2550,normalized_margin_2D,0,0.5770369557206181
OOD_2551,normalized_margin_2D,0,0.6888770421977964
OOD_2552,normalized_margin_2D,1,0.9991239859797291
OOD_2553,normalized_margin_2D,0,0.595984143944932
OOD_2554,normalized_margin_2D,0,0.5516604578400487
OOD_2555,normalized_margin_2D,1,0.92468963260678
OOD_2556,normalized_margin_2D,0,0.7688268449373727
OOD_2557,normalized_margin_2D,0,0.28815235574125403
OOD_2558,normalized_margin_2D,0,0.824014450514929
OOD_2559,normalized_margin_2D,0,0.2127560871100825
OOD_2560,normalized_margin_2D,1,0.9994813220162808
OOD_2561,normalized_margin_2D,1,0.5885651849519847
OOD_2562,normalized_margin_2D,0,0.5814693246862602
OOD_2563,normalized_margin_2D,0,0.6807552724649829
OOD_2564,normalized_margin_2D,0,0.8163511435957717
OOD_2565,normalized_margin_2D,0,0.9923599245995024
OOD_2566,normalized_margin_2D,1,0.7772644855968046
OOD_2567,normalized_margin_2D,0,0.5656990885590861
OOD_2568,normalized_margin_2D,1,0.9223937598179103
OOD_2569,normalized_margin_2D,0,0.2622771472669135
OOD_2570,normalized_margin_2D,0,0.17659472894410402
OOD_2571,normalized_margin_2D,1,0.4063571766209111
OOD_2572,normalized_margin_2D,1,0.8914721832902022
OOD_2573,normalized_margin_2D,0,0.7076290953386775
OOD_2574,normalized_margin_2D,1,0.38059027473930285
OOD_2575,normalized_margin_2D,1,0.2851779252525503
OOD_2576,normalized_margin_2D,0,0.5660024910454097
OOD_2577,normalized_margin_2D,1,0.9796683450013545
OOD_2578,normalized_margin_2D,1,0.4703849825007529
OOD_2579,normalized_margin_2D,0,0.3542562301824593
OOD_2580,normalized_margin_2D,0,0.29666352993211836
OOD_2581,normalized_margin_2D,0,0.9830461259501628
OOD_2582,normalized_margin_2D,0,0.3706551525143226
OOD_2583,normalized_margin_2D,0,0.4328611113285931
OOD_2584,normalized_margin_2D,1,0.8260766579549016
OOD_2585,normalized_margin_2D,0,0.3684381752600957
OOD_2586,normalized_margin_2D,1,0.731861229251601
OOD_2587,normalized_margin_2D,0,0.39245436793462024
OOD_2588,normalized_margin_2D,0,0.9742422090801067
OOD_2589,normalized_margin_2D,0,0.6701735115036076
OOD_2590,normalized_margin_2D,1,0.733869123555768
OOD_2591,normalized_margin_2D,0,0.37804794639616146
OOD_2592,normalized_margin_2D,0,0.23502820764591442
OOD_2593,normalized_margin_2D,1,0.7035215585823529
OOD_2594,normalized_margin_2D,0,0.230474868040844
OOD_2595,normalized_margin_2D,0,0.27012364205151207
OOD_2596,normalized_margin_2D,1,0.9837937672019985
OOD_2597,normalized_margin_2D,0,0.4281964975481537
OOD_2598,normalized_margin_2D,0,0.49816685469063654
OOD_2599,normalized_margin_2D,0,0.9499327873165285
OOD_2600,normalized_margin_2D,0,0.553409120884054
OOD_2601,normalized_margin_2D,0,0.16547334143697728
OOD_2602,normalized_margin_2D,0,0.25875570483549454
OOD_2603,normalized_margin_2D,0,0.38449755712120454
OOD_2604,normalized_margin_2D,0,0.5079520992781669
OOD_2605,normalized_margin_2D,0,0.3500703616958059
OOD_2606,normalized_margin_2D,1,0.9980886045511514
OOD_2607,normalized_margin_2D,0,0.2654728518445132
OOD_2608,normalized_margin_2D,1,0.8435070893403073
OOD_2609,normalized_margin_2D,1,0.9053304481700162
OOD_2610,normalized_margin_2D,1,0.8131223569590177
OOD_2611,normalized_margin_2D,0,0.24333696121561807
OOD_2612,normalized_margin_2D,1,0.692969674046705
OOD_2613,normalized_margin_2D,0,0.3127920570182387
OOD_2614,normalized_margin_2D,0,0.544913843261938
OOD_2615,normalized_margin_2D,1,0.49745408024188614
OOD_2616,normalized_margin_2D,0,0.38918803415772973
OOD_2617,normalized_margin_2D,1,0.996847640046159
OOD_2618,normalized_margin_2D,1,0.9953644972456732
OOD_2619,normalized_margin_2D,1,0.9948150736152508
OOD_2620,normalized_margin_2D,1,0.644497699354444
OOD_2621,normalized_margin_2D,0,0.8006037978277154
OOD_2622,normalized_margin_2D,0,0.2238516145488199
OOD_2623,normalized_margin_2D,0,0.22248794135136152
OOD_2624,normalized_margin_2D,0,0.8809211302090576
OOD_2625,normalized_margin_2D,1,0.8938942744538441
OOD_2626,normalized_margin_2D,0,0.8070423264973153
OOD_2627,normalized_margin_2D,1,0.9483898730138427
OOD_2628,normalized_margin_2D,0,0.5626603583559
OOD_2629,normalized_margin_2D,0,0.20753477435349763
OOD_2630,normalized_margin_2D,0,0.22643368931349134
OOD_2631,normalized_margin_2D,1,0.9926947763750225
OOD_2632,normalized_margin_2D,0,0.5240814177028023
OOD_2633,normalized_margin_2D,0,0.9956471870856131
OOD_2634,normalized_margin_2D,0,0.15350898418194506
OOD_2635,normalized_margin_2D,0,0.2559946218450959
OOD_2636,normalized_margin_2D,0,0.7081361145143128
OOD_2637,normalized_margin_2D,0,0.22663352365733289
OOD_2638,normalized_margin_2D,0,0.4943711125478212
OOD_2639,normalized_margin_2D,1,0.9992734597247008
OOD_2640,normalized_margin_2D,0,0.45034473601075636
OOD_2641,normalized_margin_2D,0,0.4764579525664974
OOD_2642,normalized_margin_2D,0,0.37407383165415986
OOD_2643,normalized_margin_2D,0,0.31847054019306403
OOD_2644,normalized_margin_2D,1,0.9039236482251785
OOD_2645,normalized_margin_2D,1,0.40115609632481647
OOD_2646,normalized_margin_2D,0,0.3256220951526148
OOD_2647,normalized_margin_2D,0,0.4041364164213356
OOD_2648,normalized_margin_2D,0,0.9796821881222668
OOD_2649,normalized_margin_2D,0,0.33471470593767033
OOD_2650,normalized_margin_2D,0,0.5325428227495353
OOD_2651,normalized_margin_2D,0,0.7083209413529866
OOD_2652,normalized_margin_2D,1,0.9976025299813688
OOD_2653,normalized_margin_2D,0,0.19959082835243466
OOD_2654,normalized_margin_2D,1,0.9959289495245471
OOD_2655,normalized_margin_2D,1,0.7897570667057977
OOD_2656,normalized_margin_2D,1,0.9904880706196579
OOD_2657,normalized_margin_2D,0,0.8993826957906595
OOD_2658,normalized_margin_2D,0,0.3487733391862261
OOD_2659,normalized_margin_2D,0,0.947083468045826
OOD_2660,normalized_margin_2D,1,0.7104031149936019
OOD_2661,normalized_margin_2D,0,0.425478889372683
OOD_2662,normalized_margin_2D,0,0.5661245803516379
OOD_2663,normalized_margin_2D,0,0.5583802154831573
OOD_2664,normalized_margin_2D,0,0.9501027209158136
OOD_2665,normalized_margin_2D,0,0.23232183216809527
OOD_2666,normalized_margin_2D,1,0.9192914486517627
OOD_2667,normalized_margin_2D,0,0.5402520600152484
OOD_2668,normalized_margin_2D,0,0.5653891832099566
OOD_2669,normalized_margin_2D,1,0.4822660122571833
OOD_2670,normalized_margin_2D,1,0.888730595821301
OOD_2671,normalized_margin_2D,1,0.9974038914929098
OOD_2672,normalized_margin_2D,0,0.4649644156866757
OOD_2673,normalized_margin_2D,1,0.9841328628955135
OOD_2674,normalized_margin_2D,1,0.8211541493071718
OOD_2675,normalized_margin_2D,1,0.9966046073278545
OOD_2676,normalized_margin_2D,0,0.45909237455570734
OOD_2677,normalized_margin_2D,1,0.4450659366852999
OOD_2678,normalized_margin_2D,0,0.5117897366408094
OOD_2679,normalized_margin_2D,0,0.9984245184397377
OOD_2680,normalized_margin_2D,1,0.9991309890765944
OOD_2681,normalized_margin_2D,1,0.9971330217215796
OOD_2682,normalized_margin_2D,0,0.27073669096077935
OOD_2683,normalized_margin_2D,1,0.9988228951793973
OOD_2684,normalized_margin_2D,1,0.6393588128166607
OOD_2685,normalized_margin_2D,0,0.23759970264572103
OOD_2686,normalized_margin_2D,1,0.998995803323483
OOD_2687,normalized_margin_2D,0,0.3056670669702445
OOD_2688,normalized_margin_2D,0,0.564320150934526
OOD_2689,normalized_margin_2D,0,0.5018954028679957
OOD_2690,normalized_margin_2D,1,0.6098896610125393
OOD_2691,normalized_margin_2D,1,0.8043652777357966
OOD_2692,normalized_margin_2D,0,0.34505855511207634
OOD_2693,normalized_margin_2D,0,0.912981276226499
OOD_2694,normalized_margin_2D,1,0.7496080713156136
OOD_2695,normalized_margin_2D,0,0.6737452933806941
OOD_2696,normalized_margin_2D,0,0.6949409824227697
OOD_2697,normalized_margin_2D,0,0.8219109659557375
OOD_2698,normalized_margin_2D,0,0.8321416748975832
OOD_2699,normalized_margin_2D,0,0.2344836801914431
OOD_2700,normalized_margin_2D,1,0.7760998680057558
OOD_2701,normalized_margin_2D,0,0.2759530980407652
OOD_2702,normalized_margin_2D,0,0.6188244508150338
OOD_2703,normalized_margin_2D,0,0.4380652437890826
OOD_2704,normalized_margin_2D,0,0.6862013346330345
OOD_2705,normalized_margin_2D,0,0.2000443707786591
OOD_2706,normalized_margin_2D,1,0.9666573287007745
OOD_2707,normalized_margin_2D,0,0.9922854280946778
OOD_2708,normalized_margin_2D,0,0.32032591713568953
OOD_2709,normalized_margin_2D,0,0.3134488696540517
OOD_2710,normalized_margin_2D,1,0.9729430292648918
OOD_2711,normalized_margin_2D,0,0.8545253415810472
OOD_2712,normalized_margin_2D,0,0.3337813877970193
OOD_2713,normalized_margin_2D,1,0.7535312500630531
OOD_2714,normalized_margin_2D,1,0.9381327726693414
OOD_2715,normalized_margin_2D,0,0.3357498569669009
OOD_2716,normalized_margin_2D,0,0.7040286102359458
OOD_2717,normalized_margin_2D,1,0.9835956705998892
OOD_2718,normalized_margin_2D,1,0.7988058351143923
OOD_2719,normalized_margin_2D,0,0.36381795180996496
OOD_2720,normalized_margin_2D,0,0.3074019700060887
OOD_2721,normalized_margin_2D,1,0.968438049867547
OOD_2722,normalized_margin_2D,1,0.8599369306653337
OOD_2723,normalized_margin_2D,1,0.9306877777522616
OOD_2724,normalized_margin_2D,0,0.36416935368058456
OOD_2725,normalized_margin_2D,0,0.4300978409901731
OOD_2726,normalized_margin_2D,0,0.6295751047084969
OOD_2727,normalized_margin_2D,1,0.9993934940341697
OOD_2728,normalized_margin_2D,1,0.7108279159701246
OOD_2729,normalized_margin_2D,1,0.803086741850885
OOD_2730,normalized_margin_2D,1,0.9950222540162289
OOD_2731,normalized_margin_2D,1,0.9622105947989414
OOD_2732,normalized_margin_2D,1,0.993184927658497
OOD_2733,normalized_margin_2D,1,0.9964824552618609
OOD_2734,normalized_margin_2D,0,0.3041631059941056
OOD_2735,normalized_margin_2D,1,0.7912168221120199
OOD_2736,normalized_margin_2D,1,0.9381209385257592
OOD_2737,normalized_margin_2D,0,0.563854445607913
OOD_2738,normalized_margin_2D,0,0.5366581013567886
OOD_2739,normalized_margin_2D,1,0.9889859779801268
OOD_2740,normalized_margin_2D,0,0.16832673182606145
OOD_2741,normalized_margin_2D,1,0.9946467869169645
OOD_2742,normalized_margin_2D,0,0.8715951305071571
OOD_2743,normalized_margin_2D,0,0.5620596590446448
OOD_2744,normalized_margin_2D,1,0.9266686716665916
OOD_2745,normalized_margin_2D,0,0.3543065801088829
OOD_2746,normalized_margin_2D,0,0.44317133128839203
OOD_2747,normalized_margin_2D,1,0.7849060705338364
OOD_2748,normalized_margin_2D,0,0.574159912199681
OOD_2749,normalized_margin_2D,1,0.6809365063458283
OOD_2750,normalized_margin_2D,0,0.23554403838493929
OOD_2751,normalized_margin_2D,0,0.6426694520745234
OOD_2752,normalized_margin_2D,1,0.7536915975686682
OOD_2753,normalized_margin_2D,0,0.4088152835370902
OOD_2754,normalized_margin_2D,0,0.8675408919295104
OOD_2755,normalized_margin_2D,1,0.9963419292661655
OOD_2756,normalized_margin_2D,0,0.610915318420068
OOD_2757,normalized_margin_2D,0,0.6288390120103259
OOD_2758,normalized_margin_2D,1,0.9993413291674195
OOD_2759,normalized_margin_2D,0,0.26783901020460926
OOD_2760,normalized_margin_2D,1,0.9688000958707316
OOD_2761,normalized_margin_2D,0,0.5111918940112659
OOD_2762,normalized_margin_2D,1,0.9976831028217498
OOD_2763,normalized_margin_2D,0,0.9193745856071889
OOD_2764,normalized_margin_2D,0,0.34180620710048765
OOD_2765,normalized_margin_2D,0,0.1978243983332525
OOD_2766,normalized_margin_2D,0,0.19636360439722908
OOD_2767,normalized_margin_2D,1,0.5882828118847914
OOD_2768,normalized_margin_2D,1,0.7549756639057907
OOD_2769,normalized_margin_2D,1,0.273388665862707
OOD_2770,normalized_margin_2D,1,0.8421096224188758
OOD_2771,normalized_margin_2D,0,0.8396236495371642
OOD_2772,normalized_margin_2D,0,0.21388312534131115
OOD_2773,normalized_margin_2D,0,0.6239280523254804
OOD_2774,normalized_margin_2D,0,0.22058936568125476
OOD_2775,normalized_margin_2D,0,0.36774458452448827
OOD_2776,normalized_margin_2D,1,0.7193897365894745
OOD_2777,normalized_margin_2D,1,0.8935768243286389
OOD_2778,normalized_margin_2D,1,0.9741721891377001
OOD_2779,normalized_margin_2D,0,0.21273857487290618
OOD_2780,normalized_margin_2D,0,0.8036070110896807
OOD_2781,normalized_margin_2D,0,0.25851426632196345
OOD_2782,normalized_margin_2D,1,0.9878611191179891
OOD_2783,normalized_margin_2D,1,0.9972363056758962
OOD_2784,normalized_margin_2D,0,0.5954021811392224
OOD_2785,normalized_margin_2D,1,0.8629050594067508
OOD_2786,normalized_margin_2D,0,0.38724616194280337
OOD_2787,normalized_margin_2D,1,0.7903428463803291
OOD_2788,normalized_margin_2D,0,0.7754242690016591
OOD_2789,normalized_margin_2D,0,0.7352166597510311
OOD_2790,normalized_margin_2D,0,0.22869714212198095
OOD_2791,normalized_margin_2D,0,0.23076433277895078
OOD_2792,normalized_margin_2D,0,0.7018307516602877
OOD_2793,normalized_margin_2D,0,0.4675665931563803
OOD_2794,normalized_margin_2D,0,0.17306964569980676
OOD_2795,normalized_margin_2D,0,0.36408458454687725
OOD_2796,normalized_margin_2D,1,0.9881707428188868
OOD_2797,normalized_margin_2D,0,0.8147967300647314
OOD_2798,normalized_margin_2D,0,0.7480375780261613
OOD_2799,normalized_margin_2D,0,0.44746885326773106
OOD_2800,normalized_margin_2D,0,0.32921856532685057
OOD_2801,normalized_margin_2D,1,0.9939729588403958
OOD_2802,normalized_margin_2D,0,0.4911603806233668
OOD_2803,normalized_margin_2D,0,0.3054752176219148
OOD_2804,normalized_margin_2D,0,0.4291680161914741
OOD_2805,normalized_margin_2D,1,0.9914848438862023
OOD_2806,normalized_margin_2D,0,0.5112964641715296
OOD_2807,normalized_margin_2D,0,0.34122328555539166
OOD_2808,normalized_margin_2D,1,0.901639676869593
OOD_2809,normalized_margin_2D,0,0.33351659280621004
OOD_2810,normalized_margin_2D,0,0.8074243450693598
OOD_2811,normalized_margin_2D,0,0.7201267500978766
OOD_2812,normalized_margin_2D,0,0.3300725046500794
OOD_2813,normalized_margin_2D,0,0.6281789500594946
OOD_2814,normalized_margin_2D,0,0.29501428999460677
OOD_2815,normalized_margin_2D,0,0.4867176703986665
OOD_2816,normalized_margin_2D,0,0.339480426760209
OOD_2817,normalized_margin_2D,1,0.9536839529618731
OOD_2818,normalized_margin_2D,1,0.9959533543059528
OOD_2819,normalized_margin_2D,0,0.36869638401173316
OOD_2820,normalized_margin_2D,0,0.4066424469260075
OOD_2821,normalized_margin_2D,1,0.9971395762269111
OOD_2822,normalized_margin_2D,1,0.9083099337937778
OOD_2823,normalized_margin_2D,1,0.9280204559072821
OOD_2824,normalized_margin_2D,0,0.2133334613695404
OOD_2825,normalized_margin_2D,0,0.8383338576436005
OOD_2826,normalized_margin_2D,0,0.8592350949213471
OOD_2827,normalized_margin_2D,0,0.7825795490810481
OOD_2828,normalized_margin_2D,0,0.41985860631354394
OOD_2829,normalized_margin_2D,0,0.4812805206117943
OOD_2830,normalized_margin_2D,1,0.9986815375830337
OOD_2831,normalized_margin_2D,0,0.304912057530182
OOD_2832,normalized_margin_2D,0,0.8225384016350522
OOD_2833,normalized_margin_2D,0,0.5601678473555669
OOD_2834,normalized_margin_2D,0,0.1966926870526577
OOD_2835,normalized_margin_2D,0,0.7726953156350007
OOD_2836,normalized_margin_2D,0,0.4568893879685775
OOD_2837,normalized_margin_2D,0,0.21197225328214214
OOD_2838,normalized_margin_2D,0,0.34036716346684603
OOD_2839,normalized_margin_2D,0,0.34326349435387477
OOD_2840,normalized_margin_2D,0,0.6312182399264196
OOD_2841,normalized_margin_2D,1,0.5478320195814754
OOD_2842,normalized_margin_2D,0,0.4440976288580232
OOD_2843,normalized_margin_2D,1,0.9969801148914273
OOD_2844,normalized_margin_2D,0,0.2983564421865753
OOD_2845,normalized_margin_2D,0,0.9884850252081451
OOD_2846,normalized_margin_2D,0,0.8808128222671084
OOD_2847,normalized_margin_2D,0,0.7243489086624937
OOD_2848,normalized_margin_2D,0,0.4630295108080346
OOD_2849,normalized_margin_2D,0,0.8267018656849386
OOD_2850,normalized_margin_2D,1,0.9987717705068762
OOD_2851,normalized_margin_2D,0,0.3467860230468838
OOD_2852,normalized_margin_2D,0,0.24628451084060649
OOD_2853,normalized_margin_2D,0,0.41635884806373363
OOD_2854,normalized_margin_2D,1,0.6870190709326826
OOD_2855,normalized_margin_2D,1,0.33961448493347995
OOD_2856,normalized_margin_2D,1,0.9885493402296767
OOD_2857,normalized_margin_2D,1,0.9985543029862348
OOD_2858,normalized_margin_2D,0,0.2193068290166116
OOD_2859,normalized_margin_2D,0,0.27818352360599585
OOD_2860,normalized_margin_2D,1,0.509309174871597
OOD_2861,normalized_margin_2D,0,0.6197266113833714
OOD_2862,normalized_margin_2D,1,0.805953961824194
OOD_2863,normalized_margin_2D,0,0.29258829957599886
OOD_2864,normalized_margin_2D,0,0.4318055201996368
OOD_2865,normalized_margin_2D,0,0.17292545886937297
OOD_2866,normalized_margin_2D,0,0.6447521781955714
OOD_2867,normalized_margin_2D,1,0.8877167444903402
OOD_2868,normalized_margin_2D,1,0.8956803215303876
OOD_2869,normalized_margin_2D,0,0.8004400487223046
OOD_2870,normalized_margin_2D,1,0.9101667949060233
OOD_2871,normalized_margin_2D,1,0.995115146598629
OOD_2872,normalized_margin_2D,0,0.2873574108362924
OOD_2873,normalized_margin_2D,1,0.9442554041125832
OOD_2874,normalized_margin_2D,0,0.3832394043602131
OOD_2875,normalized_margin_2D,0,0.22717220655426357
OOD_2876,normalized_margin_2D,0,0.5960906470194244
OOD_2877,normalized_margin_2D,1,0.7143008387826949
OOD_2878,normalized_margin_2D,0,0.7770315356179383
OOD_2879,normalized_margin_2D,1,0.7508095766338551
OOD_2880,normalized_margin_2D,1,0.8675631297812212
OOD_2881,normalized_margin_2D,0,0.9091184349586966
OOD_2882,normalized_margin_2D,0,0.9203933232141285
OOD_2883,normalized_margin_2D,0,0.7724988391585041
OOD_2884,normalized_margin_2D,1,0.8762593198444194
OOD_2885,normalized_margin_2D,1,0.9556426450604323
OOD_2886,normalized_margin_2D,0,0.44921129766412266
OOD_2887,normalized_margin_2D,0,0.3180463327407214
OOD_2888,normalized_margin_2D,0,0.30978266524101916
OOD_2889,normalized_margin_2D,1,0.8711634151146858
OOD_2890,normalized_margin_2D,1,0.9248102196156983
OOD_2891,normalized_margin_2D,1,0.9975094754025698
OOD_2892,normalized_margin_2D,0,0.6191380973980293
OOD_2893,normalized_margin_2D,0,0.39367704029368983
OOD_2894,normalized_margin_2D,0,0.4343922778458414
OOD_2895,normalized_margin_2D,1,0.7364085017504086
OOD_2896,normalized_margin_2D,1,0.8040378427382918
OOD_2897,normalized_margin_2D,0,0.25978092175041617
OOD_2898,normalized_margin_2D,0,0.3261577932682689
OOD_2899,normalized_margin_2D,1,0.648245696529139
OOD_2900,normalized_margin_2D,0,0.7486907778709673
OOD_2901,normalized_margin_2D,1,0.6094029087339372
OOD_2902,normalized_margin_2D,1,0.7570950231296107
OOD_2903,normalized_margin_2D,1,0.9955164339631511
OOD_2904,normalized_margin_2D,0,0.21127722625377052
OOD_2905,normalized_margin_2D,0,0.24354569224009634
OOD_2906,normalized_margin_2D,0,0.9573560099638964
OOD_2907,normalized_margin_2D,0,0.469195101646842
OOD_2908,normalized_margin_2D,1,0.9946312856157657
OOD_2909,normalized_margin_2D,0,0.8690737209093155
OOD_2910,normalized_margin_2D,0,0.40682387860191677
OOD_2911,normalized_margin_2D,0,0.21914582761546805
OOD_2912,normalized_margin_2D,0,0.5789871917281562
OOD_2913,normalized_margin_2D,1,0.7774966557631834
OOD_2914,normalized_margin_2D,0,0.36510789899576596
OOD_2915,normalized_margin_2D,1,0.567797124764033
OOD_2916,normalized_margin_2D,0,0.21522086766296247
OOD_2917,normalized_margin_2D,1,0.7111873241721386
OOD_2918,normalized_margin_2D,0,0.38510036098469574
OOD_2919,normalized_margin_2D,0,0.31542763447116534
OOD_2920,normalized_margin_2D,0,0.3207666096729846
OOD_2921,normalized_margin_2D,0,0.2739794628681677
OOD_2922,normalized_margin_2D,0,0.23910780567398635
OOD_2923,normalized_margin_2D,0,0.9302090713069439
OOD_2924,normalized_margin_2D,0,0.5242306042016613
OOD_2925,normalized_margin_2D,0,0.3153368294809306
OOD_2926,normalized_margin_2D,0,0.37747160245279054
OOD_2927,normalized_margin_2D,0,0.4755256145186428
OOD_2928,normalized_margin_2D,1,0.9956185668389484
OOD_2929,normalized_margin_2D,0,0.852229259375695
OOD_2930,normalized_margin_2D,0,0.26015789810325396
OOD_2931,normalized_margin_2D,1,0.8284906575602918
OOD_2932,normalized_margin_2D,1,0.955949994190249
OOD_2933,normalized_margin_2D,0,0.5747370288750264
OOD_2934,normalized_margin_2D,0,0.30186121172948227
OOD_2935,normalized_margin_2D,1,0.9991834752905497
OOD_2936,normalized_margin_2D,0,0.38047725578097447
OOD_2937,normalized_margin_2D,1,0.8769651576115837
OOD_2938,normalized_margin_2D,0,0.7912881557295622
OOD_2939,normalized_margin_2D,0,0.2074840287432602
OOD_2940,normalized_margin_2D,1,0.995818932214273
OOD_2941,normalized_margin_2D,0,0.2352120859334745
OOD_2942,normalized_margin_2D,0,0.5434939141950945
OOD_2943,normalized_margin_2D,1,0.9801684120655059
OOD_2944,normalized_margin_2D,0,0.43949186447610256
OOD_2945,normalized_margin_2D,1,0.9915361667408267
OOD_2946,normalized_margin_2D,0,0.3354976373837751
OOD_2947,normalized_margin_2D,1,0.3539301868109923
OOD_2948,normalized_margin_2D,0,0.3318908980403543
OOD_2949,normalized_margin_2D,0,0.4043145195864235
OOD_2950,normalized_margin_2D,0,0.2500233517343662
OOD_2951,normalized_margin_2D,0,0.6755556855734163
OOD_2952,normalized_margin_2D,1,0.9536501360155288
OOD_2953,normalized_margin_2D,0,0.3455887760752094
OOD_2954,normalized_margin_2D,0,0.6735812434076976
OOD_2955,normalized_margin_2D,1,0.9985987164510755
OOD_2956,normalized_margin_2D,1,0.531612642781092
OOD_2957,normalized_margin_2D,1,0.9938767532131287
OOD_2958,normalized_margin_2D,1,0.9692683063885782
OOD_2959,normalized_margin_2D,1,0.9845167615125512
OOD_2960,normalized_margin_2D,1,0.9869082462503218
OOD_2961,normalized_margin_2D,0,0.41467459965675685
OOD_2962,normalized_margin_2D,0,0.5035994655349594
OOD_2963,normalized_margin_2D,1,0.9749933648971172
OOD_2964,normalized_margin_2D,1,0.9912505212452688
OOD_2965,normalized_margin_2D,0,0.4009160894355098
OOD_2966,normalized_margin_2D,1,0.9897781859531172
OOD_2967,normalized_margin_2D,0,0.36670690294710606
OOD_2968,normalized_margin_2D,1,0.6116984627348391
OOD_2969,normalized_margin_2D,0,0.209835861676654
OOD_2970,normalized_margin_2D,1,0.994987511854467
OOD_2971,normalized_margin_2D,1,0.6396645515769214
OOD_2972,normalized_margin_2D,0,0.37371046233633926
OOD_2973,normalized_margin_2D,1,0.9919651705023681
OOD_2974,normalized_margin_2D,0,0.3556648036595217
OOD_2975,normalized_margin_2D,1,0.9987155139243933
OOD_2976,normalized_margin_2D,0,0.3869684910010954
OOD_2977,normalized_margin_2D,1,0.5321392731094062
OOD_2978,normalized_margin_2D,0,0.5045179738435492
OOD_2979,normalized_margin_2D,0,0.45986716043280135
OOD_2980,normalized_margin_2D,0,0.35069737270906126
OOD_2981,normalized_margin_2D,1,0.9987333477292802
OOD_2982,normalized_margin_2D,0,0.6646166421158576
OOD_2983,normalized_margin_2D,1,0.8738522627231913
OOD_2984,normalized_margin_2D,1,0.9098019296420256
OOD_2985,normalized_margin_2D,1,0.7168184401372593
OOD_2986,normalized_margin_2D,0,0.23827017592243976
OOD_2987,normalized_margin_2D,1,0.5425316306878488
OOD_2988,normalized_margin_2D,0,0.6489597747939344
OOD_2989,normalized_margin_2D,1,0.5994561633225551
OOD_2990,normalized_margin_2D,1,0.9959547354052659
OOD_2991,normalized_margin_2D,1,0.8055119626206166
OOD_2992,normalized_margin_2D,1,0.9243799938337494
OOD_2993,normalized_margin_2D,0,0.6354590203632724
OOD_2994,normalized_margin_2D,1,0.9882809238559598
OOD_2995,normalized_margin_2D,0,0.4725038519256786
OOD_2996,normalized_margin_2D,0,0.2641594630805465
OOD_2997,normalized_margin_2D,0,0.9732687008337857
OOD_2998,normalized_margin_2D,1,0.9399190856618808
OOD_2999,normalized_margin_2D,0,0.5231780271459021
OOD_0000,normalized_margin_3D,1,0.8055500481529272
OOD_0001,normalized_margin_3D,0,0.15976396771866777
OOD_0002,normalized_margin_3D,0,0.1400019865710068
OOD_0003,normalized_margin_3D,0,0.14140566184484119
OOD_0004,normalized_margin_3D,0,0.14094546221019635
OOD_0005,normalized_margin_3D,0,0.20113739216687315
OOD_0006,normalized_margin_3D,0,0.25150659001773185
OOD_0007,normalized_margin_3D,1,0.3594775104325436
OOD_0008,normalized_margin_3D,0,0.16534470331162987
OOD_0009,normalized_margin_3D,1,0.8010570851536856
OOD_0010,normalized_margin_3D,1,0.15808114266792683
OOD_0011,normalized_margin_3D,0,0.25488769225973507
OOD_0012,normalized_margin_3D,1,0.6620660160932379
OOD_0013,normalized_margin_3D,1,0.51878541776682
OOD_0014,normalized_margin_3D,1,0.48010116720701584
OOD_0015,normalized_margin_3D,0,0.1423699522961873
OOD_0016,normalized_margin_3D,1,0.4582674361444321
OOD_0017,normalized_margin_3D,0,0.23852340504834307
OOD_0018,normalized_margin_3D,0,0.21384926856930972
OOD_0019,normalized_margin_3D,0,0.18144288796702204
OOD_0020,normalized_margin_3D,1,0.23869877097474324
OOD_0021,normalized_margin_3D,1,0.29025123997424335
OOD_0022,normalized_margin_3D,0,0.189276946267908
OOD_0023,normalized_margin_3D,1,0.3262373462701356
OOD_0024,normalized_margin_3D,1,0.778271772631347
OOD_0025,normalized_margin_3D,1,0.15194224493339212
OOD_0026,normalized_margin_3D,0,0.288461034894325
OOD_0027,normalized_margin_3D,0,0.2121091395002305
OOD_0028,normalized_margin_3D,1,0.27106915750738375
OOD_0029,normalized_margin_3D,1,0.2521490161756659
OOD_0030,normalized_margin_3D,0,0.15495046819339692
OOD_0031,normalized_margin_3D,1,0.48529017821776094
OOD_0032,normalized_margin_3D,1,0.6600030622661544
OOD_0033,normalized_margin_3D,0,0.17970513737192267
OOD_0034,normalized_margin_3D,1,0.5812829716950662
OOD_0035,normalized_margin_3D,0,0.33919280216749825
OOD_0036,normalized_margin_3D,0,0.3361219945148848
OOD_0037,normalized_margin_3D,0,0.1505787883289781
OOD_0038,normalized_margin_3D,0,0.2151994060112466
OOD_0039,normalized_margin_3D,0,0.21448982692086843
OOD_0040,normalized_margin_3D,0,0.17441661416474652
OOD_0041,normalized_margin_3D,1,0.25663013154283765
OOD_0042,normalized_margin_3D,0,0.31530499740982904
OOD_0043,normalized_margin_3D,1,0.6448894334470509
OOD_0044,normalized_margin_3D,1,0.5535942352102524
OOD_0045,normalized_margin_3D,0,0.17843556150183337
OOD_0046,normalized_margin_3D,0,0.23123232643275088
OOD_0047,normalized_margin_3D,1,0.5627143490692584
OOD_0048,normalized_margin_3D,1,0.6134630214433574
OOD_0049,normalized_margin_3D,0,0.22904009062214503
OOD_0050,normalized_margin_3D,0,0.2146020065118986
OOD_0051,normalized_margin_3D,0,0.14596735971163913
OOD_0052,normalized_margin_3D,0,0.16513834673306202
OOD_0053,normalized_margin_3D,0,0.20741886636991871
OOD_0054,normalized_margin_3D,0,0.17047533888764796
OOD_0055,normalized_margin_3D,0,0.19512484875983396
OOD_0056,normalized_margin_3D,0,0.14564809045255286
OOD_0057,normalized_margin_3D,1,0.18974220029624997
OOD_0058,normalized_margin_3D,0,0.1558272758121736
OOD_0059,normalized_margin_3D,0,0.14645267135453857
OOD_0060,normalized_margin_3D,0,0.1917585058464309
OOD_0061,normalized_margin_3D,0,0.18155916405652023
OOD_0062,normalized_margin_3D,0,0.20415761683733985
OOD_0063,normalized_margin_3D,0,0.3535707201148683
OOD_0064,normalized_margin_3D,0,0.26807431029708223
OOD_0065,normalized_margin_3D,0,0.2474442563104115
OOD_0066,normalized_margin_3D,0,0.21406335119979478
OOD_0067,normalized_margin_3D,0,0.14097292062549685
OOD_0068,normalized_margin_3D,0,0.21368280173128185
OOD_0069,normalized_margin_3D,0,0.14231728800654345
OOD_0070,normalized_margin_3D,0,0.1331144255602713
OOD_0071,normalized_margin_3D,0,0.16656709205714626
OOD_0072,normalized_margin_3D,0,0.20531050195349626
OOD_0073,normalized_margin_3D,0,0.14336990915881753
OOD_0074,normalized_margin_3D,0,0.1660531061286918
OOD_0075,normalized_margin_3D,0,0.17575266020292865
OOD_0076,normalized_margin_3D,0,0.13683997437696352
OOD_0077,normalized_margin_3D,0,0.13397405475618085
OOD_0078,normalized_margin_3D,0,0.15725323052816503
OOD_0079,normalized_margin_3D,0,0.154640932121237
OOD_0080,normalized_margin_3D,0,0.16071336429171298
OOD_0081,normalized_margin_3D,0,0.40013361570225375
OOD_0082,normalized_margin_3D,1,0.4215433600308218
OOD_0083,normalized_margin_3D,0,0.16401823950767674
OOD_0084,normalized_margin_3D,1,0.6579809328392926
OOD_0085,normalized_margin_3D,0,0.33795061528934006
OOD_0086,normalized_margin_3D,0,0.22320888300404768
OOD_0087,normalized_margin_3D,0,0.15299781382662947
OOD_0088,normalized_margin_3D,1,0.25024387593879466
OOD_0089,normalized_margin_3D,0,0.1549343066582912
OOD_0090,normalized_margin_3D,0,0.16203906348704333
OOD_0091,normalized_margin_3D,0,0.24342989434310164
OOD_0092,normalized_margin_3D,0,0.18002195341798746
OOD_0093,normalized_margin_3D,0,0.14872835162149947
OOD_0094,normalized_margin_3D,0,0.21096479448622207
OOD_0095,normalized_margin_3D,1,0.5366965134255919
OOD_0096,normalized_margin_3D,0,0.2699287623439445
OOD_0097,normalized_margin_3D,0,0.14568186008029266
OOD_0098,normalized_margin_3D,0,0.22153608985157097
OOD_0099,normalized_margin_3D,0,0.23227542536786813
OOD_0100,normalized_margin_3D,0,0.2578775163419403
OOD_0101,normalized_margin_3D,0,0.16200719260182353
OOD_0102,normalized_margin_3D,1,0.7937795863431619
OOD_0103,normalized_margin_3D,0,0.19407053305308292
OOD_0104,normalized_margin_3D,0,0.15296043172967166
OOD_0105,normalized_margin_3D,0,0.14618872137738545
OOD_0106,normalized_margin_3D,0,0.16346354975614524
OOD_0107,normalized_margin_3D,0,0.14692181256697212
OOD_0108,normalized_margin_3D,0,0.20888484496080076
OOD_0109,normalized_margin_3D,0,0.3308760924710087
OOD_0110,normalized_margin_3D,0,0.23062310973475328
OOD_0111,normalized_margin_3D,1,0.6850894571331921
OOD_0112,normalized_margin_3D,1,0.2165980158769996
OOD_0113,normalized_margin_3D,1,0.7592153382777883
OOD_0114,normalized_margin_3D,1,0.5570714218278939
OOD_0115,normalized_margin_3D,1,0.3975643831482078
OOD_0116,normalized_margin_3D,1,0.22799826340350285
OOD_0117,normalized_margin_3D,0,0.13617801159574616
OOD_0118,normalized_margin_3D,1,0.17116769257315656
OOD_0119,normalized_margin_3D,0,0.364854543287083
OOD_0120,normalized_margin_3D,0,0.13449195190939828
OOD_0121,normalized_margin_3D,0,0.16553068408200788
OOD_0122,normalized_margin_3D,1,0.5961850689986204
OOD_0123,normalized_margin_3D,0,0.1525944930599571
OOD_0124,normalized_margin_3D,1,0.5944570200076101
OOD_0125,normalized_margin_3D,0,0.28567980911779844
OOD_0126,normalized_margin_3D,0,0.25056274305464504
OOD_0127,normalized_margin_3D,0,0.13559219541730283
OOD_0128,normalized_margin_3D,0,0.25465450976989074
OOD_0129,normalized_margin_3D,1,0.4718499145738141
OOD_0130,normalized_margin_3D,0,0.2045096153078364
OOD_0131,normalized_margin_3D,0,0.14450500995202745
OOD_0132,normalized_margin_3D,0,0.43740672947951764
OOD_0133,normalized_margin_3D,1,0.42044466705082306
OOD_0134,normalized_margin_3D,0,0.21232940940627257
OOD_0135,normalized_margin_3D,0,0.24352044020628885
OOD_0136,normalized_margin_3D,0,0.20599221621043926
OOD_0137,normalized_margin_3D,1,0.25825219829673274
OOD_0138,normalized_margin_3D,1,0.538062191881505
OOD_0139,normalized_margin_3D,1,0.46544510752848267
OOD_0140,normalized_margin_3D,0,0.20235850185295348
OOD_0141,normalized_margin_3D,1,0.27524156513069087
OOD_0142,normalized_margin_3D,0,0.247692857789464
OOD_0143,normalized_margin_3D,1,0.2819275244974269
OOD_0144,normalized_margin_3D,1,0.46676955686985294
OOD_0145,normalized_margin_3D,0,0.133688652552981
OOD_0146,normalized_margin_3D,0,0.15083470318670902
OOD_0147,normalized_margin_3D,0,0.15941919245795055
OOD_0148,normalized_margin_3D,0,0.18922419657137474
OOD_0149,normalized_margin_3D,0,0.17515470268822447
OOD_0150,normalized_margin_3D,1,0.18126324092429913
OOD_0151,normalized_margin_3D,0,0.2103030913995795
OOD_0152,normalized_margin_3D,0,0.17815765679990125
OOD_0153,normalized_margin_3D,1,0.6025805013674546
OOD_0154,normalized_margin_3D,0,0.18373125679547944
OOD_0155,normalized_margin_3D,1,0.18878426356110012
OOD_0156,normalized_margin_3D,0,0.24359835520516326
OOD_0157,normalized_margin_3D,0,0.15964556820008682
OOD_0158,normalized_margin_3D,0,0.18425421725439348
OOD_0159,normalized_margin_3D,0,0.2777059975414737
OOD_0160,normalized_margin_3D,0,0.14729132804612666
OOD_0161,normalized_margin_3D,0,0.22650337992319244
OOD_0162,normalized_margin_3D,0,0.199800266637375
OOD_0163,normalized_margin_3D,0,0.18435858661412077
OOD_0164,normalized_margin_3D,1,0.5975681113085325
OOD_0165,normalized_margin_3D,1,0.29757299950891514
OOD_0166,normalized_margin_3D,1,0.5110462240473967
OOD_0167,normalized_margin_3D,1,0.24464863178187968
OOD_0168,normalized_margin_3D,0,0.16767472545566092
OOD_0169,normalized_margin_3D,1,0.19296472574366083
OOD_0170,normalized_margin_3D,0,0.3467114238792172
OOD_0171,normalized_margin_3D,0,0.1789650862770172
OOD_0172,normalized_margin_3D,1,0.5317814816114009
OOD_0173,normalized_margin_3D,0,0.36701088652608654
OOD_0174,normalized_margin_3D,0,0.15094826020919452
OOD_0175,normalized_margin_3D,1,0.1902676177075804
OOD_0176,normalized_margin_3D,0,0.15558544303535318
OOD_0177,normalized_margin_3D,0,0.16514614755094917
OOD_0178,normalized_margin_3D,0,0.4013043525711152
OOD_0179,normalized_margin_3D,1,0.6240072743864574
OOD_0180,normalized_margin_3D,1,0.24593884078952857
OOD_0181,normalized_margin_3D,0,0.27556908772944577
OOD_0182,normalized_margin_3D,1,0.7950969868544735
OOD_0183,normalized_margin_3D,0,0.14686884521539106
OOD_0184,normalized_margin_3D,0,0.16751357558226762
OOD_0185,normalized_margin_3D,0,0.23848468672588707
OOD_0186,normalized_margin_3D,1,0.6145148271601708
OOD_0187,normalized_margin_3D,1,0.2666176876516315
OOD_0188,normalized_margin_3D,0,0.18616748150748572
OOD_0189,normalized_margin_3D,0,0.21143265867734623
OOD_0190,normalized_margin_3D,0,0.17595711003868908
OOD_0191,normalized_margin_3D,0,0.15127020528622545
OOD_0192,normalized_margin_3D,1,0.24998007432452518
OOD_0193,normalized_margin_3D,0,0.13762575168399088
OOD_0194,normalized_margin_3D,0,0.1501576571651587
OOD_0195,normalized_margin_3D,0,0.1404468772789746
OOD_0196,normalized_margin_3D,1,0.275785840469778
OOD_0197,normalized_margin_3D,1,0.16231363121539702
OOD_0198,normalized_margin_3D,1,0.7218560285867993
OOD_0199,normalized_margin_3D,1,0.2727511427873142
OOD_0200,normalized_margin_3D,1,0.5500291345873369
OOD_0201,normalized_margin_3D,0,0.18337915467025817
OOD_0202,normalized_margin_3D,1,0.894116608559101
OOD_0203,normalized_margin_3D,0,0.2169922482914795
OOD_0204,normalized_margin_3D,1,0.29690456326552916
OOD_0205,normalized_margin_3D,1,0.44942831222569063
OOD_0206,normalized_margin_3D,0,0.15533538035398398
OOD_0207,normalized_margin_3D,0,0.16835019480393848
OOD_0208,normalized_margin_3D,0,0.13764758057036078
OOD_0209,normalized_margin_3D,0,0.18522020037211498
OOD_0210,normalized_margin_3D,0,0.2139343404319249
OOD_0211,normalized_margin_3D,0,0.20011338840482082
OOD_0212,normalized_margin_3D,0,0.27687233964763036
OOD_0213,normalized_margin_3D,1,0.37672443773551756
OOD_0214,normalized_margin_3D,0,0.26879288693914005
OOD_0215,normalized_margin_3D,0,0.17272112991488195
OOD_0216,normalized_margin_3D,0,0.3507144733342663
OOD_0217,normalized_margin_3D,1,0.7115324098037307
OOD_0218,normalized_margin_3D,0,0.17171196758162796
OOD_0219,normalized_margin_3D,0,0.2213259218237681
OOD_0220,normalized_margin_3D,1,0.7316849484534304
OOD_0221,normalized_margin_3D,1,0.1719354080252883
OOD_0222,normalized_margin_3D,1,0.4173439098278231
OOD_0223,normalized_margin_3D,0,0.27238231214677144
OOD_0224,normalized_margin_3D,1,0.1924113295238826
OOD_0225,normalized_margin_3D,1,0.5573123096207729
OOD_0226,normalized_margin_3D,0,0.15991283734736877
OOD_0227,normalized_margin_3D,0,0.1378372245812406
OOD_0228,normalized_margin_3D,0,0.18699590200244662
OOD_0229,normalized_margin_3D,0,0.14198858817617294
OOD_0230,normalized_margin_3D,1,0.2892053245479989
OOD_0231,normalized_margin_3D,0,0.2961025302167319
OOD_0232,normalized_margin_3D,0,0.189735794724761
OOD_0233,normalized_margin_3D,0,0.1646858320834552
OOD_0234,normalized_margin_3D,0,0.1462953611713404
OOD_0235,normalized_margin_3D,0,0.26458894952887396
OOD_0236,normalized_margin_3D,0,0.2620242447983673
OOD_0237,normalized_margin_3D,1,0.22228930536845568
OOD_0238,normalized_margin_3D,1,0.652838319029483
OOD_0239,normalized_margin_3D,0,0.1777797016797685
OOD_0240,normalized_margin_3D,1,0.9586093119701036
OOD_0241,normalized_margin_3D,0,0.17815487837304736
OOD_0242,normalized_margin_3D,1,0.583157743676424
OOD_0243,normalized_margin_3D,1,0.8027975431673888
OOD_0244,normalized_margin_3D,1,0.3935944200861701
OOD_0245,normalized_margin_3D,0,0.16298859633542603
OOD_0246,normalized_margin_3D,0,0.40528492513648123
OOD_0247,normalized_margin_3D,1,0.3844307035984707
OOD_0248,normalized_margin_3D,0,0.15813091912408597
OOD_0249,normalized_margin_3D,1,0.8461208257290378
OOD_0250,normalized_margin_3D,0,0.2904462307693794
OOD_0251,normalized_margin_3D,0,0.13914434907676013
OOD_0252,normalized_margin_3D,1,0.8505313979048111
OOD_0253,normalized_margin_3D,0,0.17036714576448214
OOD_0254,normalized_margin_3D,1,0.31762591464664935
OOD_0255,normalized_margin_3D,0,0.3737226168641491
OOD_0256,normalized_margin_3D,0,0.32168009183589463
OOD_0257,normalized_margin_3D,0,0.3001478256094756
OOD_0258,normalized_margin_3D,0,0.18949590736414135
OOD_0259,normalized_margin_3D,1,0.683695219391187
OOD_0260,normalized_margin_3D,1,0.165529341489597
OOD_0261,normalized_margin_3D,1,0.47803939517967997
OOD_0262,normalized_margin_3D,0,0.20041915532233495
OOD_0263,normalized_margin_3D,0,0.21945238195440187
OOD_0264,normalized_margin_3D,0,0.40511106838689215
OOD_0265,normalized_margin_3D,0,0.1741217287472979
OOD_0266,normalized_margin_3D,1,0.2618368385829222
OOD_0267,normalized_margin_3D,0,0.15175119190950895
OOD_0268,normalized_margin_3D,1,0.5496764223591756
OOD_0269,normalized_margin_3D,1,0.3068122817554951
OOD_0270,normalized_margin_3D,1,0.46616350934529244
OOD_0271,normalized_margin_3D,1,0.6814174708996605
OOD_0272,normalized_margin_3D,0,0.32338147166779435
OOD_0273,normalized_margin_3D,0,0.19100991657854272
OOD_0274,normalized_margin_3D,1,0.6884095418833819
OOD_0275,normalized_margin_3D,0,0.22881257594009108
OOD_0276,normalized_margin_3D,0,0.3895986639941112
OOD_0277,normalized_margin_3D,1,0.42279026613733006
OOD_0278,normalized_margin_3D,0,0.22947152933482254
OOD_0279,normalized_margin_3D,0,0.3581091409179639
OOD_0280,normalized_margin_3D,1,0.46058988020808955
OOD_0281,normalized_margin_3D,1,0.38024025900854364
OOD_0282,normalized_margin_3D,0,0.14543564149788346
OOD_0283,normalized_margin_3D,1,0.2650093844538275
OOD_0284,normalized_margin_3D,0,0.2763170823588997
OOD_0285,normalized_margin_3D,1,0.4545030635062222
OOD_0286,normalized_margin_3D,1,0.48954185674294454
OOD_0287,normalized_margin_3D,1,0.1479274399865415
OOD_0288,normalized_margin_3D,0,0.1515706344311338
OOD_0289,normalized_margin_3D,0,0.14019894136852318
OOD_0290,normalized_margin_3D,1,0.34440476672476655
OOD_0291,normalized_margin_3D,0,0.15627245026208272
OOD_0292,normalized_margin_3D,1,0.18580383157915403
OOD_0293,normalized_margin_3D,0,0.4937433541112675
OOD_0294,normalized_margin_3D,0,0.20762372322959494
OOD_0295,normalized_margin_3D,1,0.590190549538885
OOD_0296,normalized_margin_3D,1,0.15373692255931382
OOD_0297,normalized_margin_3D,1,0.19766311380567358
OOD_0298,normalized_margin_3D,0,0.13930205916202004
OOD_0299,normalized_margin_3D,0,0.1720982410040668
OOD_0300,normalized_margin_3D,1,0.17142617365633833
OOD_0301,normalized_margin_3D,0,0.19710386043369282
OOD_0302,normalized_margin_3D,1,0.39383961214980806
OOD_0303,normalized_margin_3D,0,0.2242896903984388
OOD_0304,normalized_margin_3D,1,0.6238322838687708
OOD_0305,normalized_margin_3D,1,0.2571943668393954
OOD_0306,normalized_margin_3D,0,0.1681412161754912
OOD_0307,normalized_margin_3D,0,0.16836250518732684
OOD_0308,normalized_margin_3D,1,0.7805868575886167
OOD_0309,normalized_margin_3D,0,0.2632981568804774
OOD_0310,normalized_margin_3D,0,0.14815404160460807
OOD_0311,normalized_margin_3D,0,0.3779694149213683
OOD_0312,normalized_margin_3D,0,0.3226832982023824
OOD_0313,normalized_margin_3D,0,0.18089780855433585
OOD_0314,normalized_margin_3D,1,0.6689139178414687
OOD_0315,normalized_margin_3D,0,0.2321550071480943
OOD_0316,normalized_margin_3D,0,0.20988188805338706
OOD_0317,normalized_margin_3D,1,0.5814315634743932
OOD_0318,normalized_margin_3D,1,0.5826535803740546
OOD_0319,normalized_margin_3D,1,0.8533985235425429
OOD_0320,normalized_margin_3D,0,0.1428189956028027
OOD_0321,normalized_margin_3D,0,0.24692655451162068
OOD_0322,normalized_margin_3D,0,0.14949594559842883
OOD_0323,normalized_margin_3D,0,0.22760891338892478
OOD_0324,normalized_margin_3D,0,0.17226555096147125
OOD_0325,normalized_margin_3D,1,0.16023586461084594
OOD_0326,normalized_margin_3D,0,0.17008187966211388
OOD_0327,normalized_margin_3D,0,0.17036930926090396
OOD_0328,normalized_margin_3D,0,0.17113782160842406
OOD_0329,normalized_margin_3D,1,0.3337809197040415
OOD_0330,normalized_margin_3D,0,0.20657237770946368
OOD_0331,normalized_margin_3D,0,0.2216422267790008
OOD_0332,normalized_margin_3D,0,0.16487569403491867
OOD_0333,normalized_margin_3D,0,0.1350791172966827
OOD_0334,normalized_margin_3D,0,0.21090745480444906
OOD_0335,normalized_margin_3D,1,0.7329501068201301
OOD_0336,normalized_margin_3D,0,0.18770224430451324
OOD_0337,normalized_margin_3D,0,0.19335780544957756
OOD_0338,normalized_margin_3D,1,0.6412252727953051
OOD_0339,normalized_margin_3D,0,0.16365690303541144
OOD_0340,normalized_margin_3D,1,0.32565354085101933
OOD_0341,normalized_margin_3D,0,0.14846022015079466
OOD_0342,normalized_margin_3D,0,0.1548169173667168
OOD_0343,normalized_margin_3D,0,0.34675587195450486
OOD_0344,normalized_margin_3D,0,0.14423108912606605
OOD_0345,normalized_margin_3D,1,0.4512322558688861
OOD_0346,normalized_margin_3D,1,0.4604592904020276
OOD_0347,normalized_margin_3D,1,0.22443306353523088
OOD_0348,normalized_margin_3D,0,0.1669398990199512
OOD_0349,normalized_margin_3D,0,0.27047433862633935
OOD_0350,normalized_margin_3D,0,0.13652360601605873
OOD_0351,normalized_margin_3D,0,0.13780714007888314
OOD_0352,normalized_margin_3D,0,0.14279731041491295
OOD_0353,normalized_margin_3D,0,0.4169488822379385
OOD_0354,normalized_margin_3D,0,0.251148612488458
OOD_0355,normalized_margin_3D,1,0.9391517330388608
OOD_0356,normalized_margin_3D,0,0.25400746925300327
OOD_0357,normalized_margin_3D,0,0.36984485099791026
OOD_0358,normalized_margin_3D,0,0.262602559587545
OOD_0359,normalized_margin_3D,1,0.24484564606425147
OOD_0360,normalized_margin_3D,0,0.14462997416614062
OOD_0361,normalized_margin_3D,0,0.14765763070610743
OOD_0362,normalized_margin_3D,0,0.21854468745731098
OOD_0363,normalized_margin_3D,1,0.3051916370787678
OOD_0364,normalized_margin_3D,0,0.25965746782546684
OOD_0365,normalized_margin_3D,1,0.8292337145123777
OOD_0366,normalized_margin_3D,1,0.21225075833951743
OOD_0367,normalized_margin_3D,1,0.34368255245950036
OOD_0368,normalized_margin_3D,0,0.261772226310384
OOD_0369,normalized_margin_3D,0,0.235900248911707
OOD_0370,normalized_margin_3D,0,0.16289316048071245
OOD_0371,normalized_margin_3D,0,0.16370817151595812
OOD_0372,normalized_margin_3D,0,0.2578239327390177
OOD_0373,normalized_margin_3D,1,0.7018576488596212
OOD_0374,normalized_margin_3D,1,0.5171116505768139
OOD_0375,normalized_margin_3D,0,0.2223963862641942
OOD_0376,normalized_margin_3D,0,0.1433049360211163
OOD_0377,normalized_margin_3D,1,0.5067782498146324
OOD_0378,normalized_margin_3D,0,0.1399437873576195
OOD_0379,normalized_margin_3D,0,0.1818442392780158
OOD_0380,normalized_margin_3D,0,0.16638938084114324
OOD_0381,normalized_margin_3D,0,0.17080941424687412
OOD_0382,normalized_margin_3D,0,0.21662199963893108
OOD_0383,normalized_margin_3D,1,0.1693311010042243
OOD_0384,normalized_margin_3D,1,0.6152171935407863
OOD_0385,normalized_margin_3D,0,0.3326963372536753
OOD_0386,normalized_margin_3D,0,0.2413038876957995
OOD_0387,normalized_margin_3D,1,0.7154312066516326
OOD_0388,normalized_margin_3D,0,0.1953121683699839
OOD_0389,normalized_margin_3D,1,0.24326941958714543
OOD_0390,normalized_margin_3D,0,0.3771115463716861
OOD_0391,normalized_margin_3D,0,0.16242927109010466
OOD_0392,normalized_margin_3D,1,0.6806877435055034
OOD_0393,normalized_margin_3D,1,0.16864861205529283
OOD_0394,normalized_margin_3D,0,0.2805651692582074
OOD_0395,normalized_margin_3D,1,0.28847378296946996
OOD_0396,normalized_margin_3D,0,0.14273369643479555
OOD_0397,normalized_margin_3D,0,0.21931084437512408
OOD_0398,normalized_margin_3D,0,0.2394078377521776
OOD_0399,normalized_margin_3D,1,0.6395750341225062
OOD_0400,normalized_margin_3D,1,0.6216094062858092
OOD_0401,normalized_margin_3D,0,0.18050816200366385
OOD_0402,normalized_margin_3D,1,0.31364846210059283
OOD_0403,normalized_margin_3D,0,0.33899890977409797
OOD_0404,normalized_margin_3D,1,0.20309513611861932
OOD_0405,normalized_margin_3D,0,0.2482842555846248
OOD_0406,normalized_margin_3D,0,0.20876892791128845
OOD_0407,normalized_margin_3D,0,0.1739127909760554
OOD_0408,normalized_margin_3D,1,0.18232175447706067
OOD_0409,normalized_margin_3D,0,0.23487107892910652
OOD_0410,normalized_margin_3D,1,0.7474779967115002
OOD_0411,normalized_margin_3D,0,0.19792379835660442
OOD_0412,normalized_margin_3D,0,0.15289370806677904
OOD_0413,normalized_margin_3D,1,0.5569618996865682
OOD_0414,normalized_margin_3D,0,0.3721849838965168
OOD_0415,normalized_margin_3D,0,0.40762880013533787
OOD_0416,normalized_margin_3D,0,0.2084007105019188
OOD_0417,normalized_margin_3D,0,0.23788595094714265
OOD_0418,normalized_margin_3D,0,0.2465552720838209
OOD_0419,normalized_margin_3D,0,0.18961303684722552
OOD_0420,normalized_margin_3D,0,0.2668483542623622
OOD_0421,normalized_margin_3D,1,0.5046797570620447
OOD_0422,normalized_margin_3D,0,0.21416841594326855
OOD_0423,normalized_margin_3D,0,0.20242721683583315
OOD_0424,normalized_margin_3D,0,0.19485632029971356
OOD_0425,normalized_margin_3D,0,0.165189338388102
OOD_0426,normalized_margin_3D,0,0.14146341075099803
OOD_0427,normalized_margin_3D,1,0.6303281430431272
OOD_0428,normalized_margin_3D,1,0.3802214146740008
OOD_0429,normalized_margin_3D,0,0.21816244051594974
OOD_0430,normalized_margin_3D,0,0.2490068859650891
OOD_0431,normalized_margin_3D,1,0.39480783985076273
OOD_0432,normalized_margin_3D,0,0.24322622747990788
OOD_0433,normalized_margin_3D,0,0.1527425206477051
OOD_0434,normalized_margin_3D,1,0.27959714093181637
OOD_0435,normalized_margin_3D,0,0.16177737690858
OOD_0436,normalized_margin_3D,1,0.626558385845858
OOD_0437,normalized_margin_3D,0,0.1654362829860077
OOD_0438,normalized_margin_3D,1,0.2704616276118309
OOD_0439,normalized_margin_3D,0,0.15365178056325696
OOD_0440,normalized_margin_3D,0,0.2159346629521879
OOD_0441,normalized_margin_3D,1,0.3933708259913627
OOD_0442,normalized_margin_3D,1,0.3795972381141339
OOD_0443,normalized_margin_3D,0,0.19065939941826335
OOD_0444,normalized_margin_3D,0,0.15238590107375105
OOD_0445,normalized_margin_3D,0,0.2222173836581901
OOD_0446,normalized_margin_3D,1,0.682338201037497
OOD_0447,normalized_margin_3D,1,0.23970403719424105
OOD_0448,normalized_margin_3D,0,0.17650886279778338
OOD_0449,normalized_margin_3D,1,0.18656461145471512
OOD_0450,normalized_margin_3D,0,0.1886238862464691
OOD_0451,normalized_margin_3D,0,0.22414121931882933
OOD_0452,normalized_margin_3D,0,0.14294749388205447
OOD_0453,normalized_margin_3D,0,0.4500199742908793
OOD_0454,normalized_margin_3D,0,0.30234305866284067
OOD_0455,normalized_margin_3D,0,0.13990004763831992
OOD_0456,normalized_margin_3D,0,0.15308238401871513
OOD_0457,normalized_margin_3D,1,0.49714801800960345
OOD_0458,normalized_margin_3D,0,0.15582985807439628
OOD_0459,normalized_margin_3D,1,0.19129653049715392
OOD_0460,normalized_margin_3D,1,0.2835885062170082
OOD_0461,normalized_margin_3D,1,0.2722519647120998
OOD_0462,normalized_margin_3D,0,0.29309541531628575
OOD_0463,normalized_margin_3D,0,0.14769061261382865
OOD_0464,normalized_margin_3D,0,0.15027500798189036
OOD_0465,normalized_margin_3D,1,0.49389009949538476
OOD_0466,normalized_margin_3D,0,0.21116360224340122
OOD_0467,normalized_margin_3D,0,0.15364068069985012
OOD_0468,normalized_margin_3D,1,0.6660755548830829
OOD_0469,normalized_margin_3D,1,0.6645169217161822
OOD_0470,normalized_margin_3D,1,0.43719614072011415
OOD_0471,normalized_margin_3D,0,0.36504276031930993
OOD_0472,normalized_margin_3D,1,0.25861999776781847
OOD_0473,normalized_margin_3D,0,0.19144751249482506
OOD_0474,normalized_margin_3D,1,0.5938665939290139
OOD_0475,normalized_margin_3D,1,0.5208511241363963
OOD_0476,normalized_margin_3D,1,0.18672377159921869
OOD_0477,normalized_margin_3D,0,0.1396395948353063
OOD_0478,normalized_margin_3D,1,0.44448833004794897
OOD_0479,normalized_margin_3D,1,0.287182012313308
OOD_0480,normalized_margin_3D,0,0.1753624655627825
OOD_0481,normalized_margin_3D,0,0.24760543334383858
OOD_0482,normalized_margin_3D,1,0.5586655691795243
OOD_0483,normalized_margin_3D,0,0.2317372928668125
OOD_0484,normalized_margin_3D,1,0.7687453968905638
OOD_0485,normalized_margin_3D,1,0.6811504227202047
OOD_0486,normalized_margin_3D,0,0.15392148559967614
OOD_0487,normalized_margin_3D,1,0.5721334240415791
OOD_0488,normalized_margin_3D,0,0.13438054225775878
OOD_0489,normalized_margin_3D,1,0.5835058190895327
OOD_0490,normalized_margin_3D,0,0.1541089897915037
OOD_0491,normalized_margin_3D,0,0.1849254035952729
OOD_0492,normalized_margin_3D,1,0.20996279503856757
OOD_0493,normalized_margin_3D,0,0.1763480907162375
OOD_0494,normalized_margin_3D,0,0.1712555738784908
OOD_0495,normalized_margin_3D,0,0.34603781681586204
OOD_0496,normalized_margin_3D,1,0.5887406555808692
OOD_0497,normalized_margin_3D,1,0.18412819472657402
OOD_0498,normalized_margin_3D,0,0.17149566959569804
OOD_0499,normalized_margin_3D,0,0.20246981878125428
OOD_0500,normalized_margin_3D,1,0.1756198646303722
OOD_0501,normalized_margin_3D,0,0.14203814255152308
OOD_0502,normalized_margin_3D,1,0.5885177283503098
OOD_0503,normalized_margin_3D,1,0.46522826306269416
OOD_0504,normalized_margin_3D,0,0.15862464787321753
OOD_0505,normalized_margin_3D,0,0.485844594956041
OOD_0506,normalized_margin_3D,1,0.47984860624491266
OOD_0507,normalized_margin_3D,1,0.3563358727849811
OOD_0508,normalized_margin_3D,0,0.2828332902567211
OOD_0509,normalized_margin_3D,0,0.16071100146970707
OOD_0510,normalized_margin_3D,1,0.7669729926779322
OOD_0511,normalized_margin_3D,1,0.4265893407331047
OOD_0512,normalized_margin_3D,1,0.7712085771932485
OOD_0513,normalized_margin_3D,0,0.13285581316784661
OOD_0514,normalized_margin_3D,0,0.22842286225478844
OOD_0515,normalized_margin_3D,0,0.17243704189161216
OOD_0516,normalized_margin_3D,0,0.13743580605743883
OOD_0517,normalized_margin_3D,0,0.1512266798264048
OOD_0518,normalized_margin_3D,0,0.18993173077483932
OOD_0519,normalized_margin_3D,1,0.6046217578123079
OOD_0520,normalized_margin_3D,0,0.256190152224581
OOD_0521,normalized_margin_3D,0,0.2258845061315169
OOD_0522,normalized_margin_3D,0,0.25973908497451914
OOD_0523,normalized_margin_3D,0,0.3084190046235235
OOD_0524,normalized_margin_3D,1,0.8994797631509718
OOD_0525,normalized_margin_3D,1,0.26459734569814386
OOD_0526,normalized_margin_3D,0,0.13595086296998155
OOD_0527,normalized_margin_3D,0,0.1964783013228653
OOD_0528,normalized_margin_3D,0,0.1403999354886582
OOD_0529,normalized_margin_3D,1,0.7247219671335146
OOD_0530,normalized_margin_3D,0,0.21513091896330272
OOD_0531,normalized_margin_3D,1,0.5981130169865945
OOD_0532,normalized_margin_3D,0,0.15917242974266424
OOD_0533,normalized_margin_3D,0,0.1525406441548679
OOD_0534,normalized_margin_3D,0,0.23198200754490145
OOD_0535,normalized_margin_3D,1,0.42880074055762635
OOD_0536,normalized_margin_3D,1,0.27243978452588663
OOD_0537,normalized_margin_3D,1,0.2137219880817253
OOD_0538,normalized_margin_3D,0,0.21194268880312164
OOD_0539,normalized_margin_3D,1,0.9313866579604468
OOD_0540,normalized_margin_3D,0,0.1538350079311536
OOD_0541,normalized_margin_3D,0,0.136781299977992
OOD_0542,normalized_margin_3D,0,0.4507287147518323
OOD_0543,normalized_margin_3D,1,0.4701102942565837
OOD_0544,normalized_margin_3D,0,0.14215514712185381
OOD_0545,normalized_margin_3D,0,0.21515440718274134
OOD_0546,normalized_margin_3D,0,0.20807587319060525
OOD_0547,normalized_margin_3D,0,0.23370135809027348
OOD_0548,normalized_margin_3D,0,0.13540133269955854
OOD_0549,normalized_margin_3D,1,0.51432161204716
OOD_0550,normalized_margin_3D,1,0.2242558539556524
OOD_0551,normalized_margin_3D,1,0.49425470796499454
OOD_0552,normalized_margin_3D,0,0.15046208013511544
OOD_0553,normalized_margin_3D,0,0.17282202982514924
OOD_0554,normalized_margin_3D,1,0.301005154740753
OOD_0555,normalized_margin_3D,0,0.24392742117429023
OOD_0556,normalized_margin_3D,1,0.6854067673117795
OOD_0557,normalized_margin_3D,0,0.24733243046359135
OOD_0558,normalized_margin_3D,0,0.1772674503702771
OOD_0559,normalized_margin_3D,1,0.8163396058189858
OOD_0560,normalized_margin_3D,1,0.3853277830265327
OOD_0561,normalized_margin_3D,0,0.22277026283393683
OOD_0562,normalized_margin_3D,0,0.16390153342054867
OOD_0563,normalized_margin_3D,1,0.3845490790218745
OOD_0564,normalized_margin_3D,0,0.14806656616579575
OOD_0565,normalized_margin_3D,1,0.28480659766892125
OOD_0566,normalized_margin_3D,0,0.142502132240424
OOD_0567,normalized_margin_3D,0,0.1709708781537788
OOD_0568,normalized_margin_3D,0,0.3835887864532582
OOD_0569,normalized_margin_3D,0,0.33649255930204236
OOD_0570,normalized_margin_3D,0,0.1419567923203849
OOD_0571,normalized_margin_3D,0,0.25710086726600506
OOD_0572,normalized_margin_3D,1,0.5733646743483787
OOD_0573,normalized_margin_3D,1,0.3117300550493145
OOD_0574,normalized_margin_3D,1,0.3918910558491063
OOD_0575,normalized_margin_3D,1,0.8918896770672818
OOD_0576,normalized_margin_3D,0,0.14298513739633648
OOD_0577,normalized_margin_3D,0,0.14212955406701044
OOD_0578,normalized_margin_3D,0,0.25336600281138144
OOD_0579,normalized_margin_3D,1,0.6013482882771003
OOD_0580,normalized_margin_3D,0,0.40159830783040024
OOD_0581,normalized_margin_3D,0,0.17249031478667268
OOD_0582,normalized_margin_3D,0,0.4331779723970225
OOD_0583,normalized_margin_3D,0,0.13778343639420879
OOD_0584,normalized_margin_3D,1,0.42519478242994885
OOD_0585,normalized_margin_3D,0,0.30470918266015035
OOD_0586,normalized_margin_3D,0,0.16062042066899632
OOD_0587,normalized_margin_3D,0,0.13731265719046115
OOD_0588,normalized_margin_3D,1,0.4953366139617804
OOD_0589,normalized_margin_3D,1,0.4090287998775856
OOD_0590,normalized_margin_3D,0,0.2802226830753175
OOD_0591,normalized_margin_3D,0,0.15766601882485323
OOD_0592,normalized_margin_3D,0,0.16294325760163827
OOD_0593,normalized_margin_3D,1,0.5346005196529742
OOD_0594,normalized_margin_3D,1,0.17407921538532573
OOD_0595,normalized_margin_3D,0,0.1338487181930217
OOD_0596,normalized_margin_3D,0,0.23305343695246994
OOD_0597,normalized_margin_3D,0,0.28565742507743147
OOD_0598,normalized_margin_3D,0,0.3132725431065134
OOD_0599,normalized_margin_3D,1,0.27915006969471845
OOD_0600,normalized_margin_3D,1,0.22186366305284952
OOD_0601,normalized_margin_3D,0,0.4493120212570418
OOD_0602,normalized_margin_3D,0,0.26317805926300475
OOD_0603,normalized_margin_3D,0,0.14706942910057486
OOD_0604,normalized_margin_3D,1,0.5811144960173217
OOD_0605,normalized_margin_3D,0,0.18740674695032938
OOD_0606,normalized_margin_3D,1,0.8125619063293825
OOD_0607,normalized_margin_3D,1,0.2974157484619066
OOD_0608,normalized_margin_3D,1,0.3063227975513446
OOD_0609,normalized_margin_3D,0,0.4792454001752271
OOD_0610,normalized_margin_3D,1,0.32961566882299115
OOD_0611,normalized_margin_3D,1,0.3883603439975855
OOD_0612,normalized_margin_3D,0,0.1634652971194826
OOD_0613,normalized_margin_3D,0,0.5067696205416051
OOD_0614,normalized_margin_3D,0,0.14092549335489282
OOD_0615,normalized_margin_3D,1,0.4053376887925658
OOD_0616,normalized_margin_3D,0,0.22181018181351891
OOD_0617,normalized_margin_3D,0,0.24974490141274336
OOD_0618,normalized_margin_3D,0,0.2247812461350343
OOD_0619,normalized_margin_3D,0,0.37485513862510916
OOD_0620,normalized_margin_3D,0,0.13337034472231113
OOD_0621,normalized_margin_3D,0,0.15397093863183167
OOD_0622,normalized_margin_3D,0,0.13847811003858418
OOD_0623,normalized_margin_3D,1,0.3786452947496547
OOD_0624,normalized_margin_3D,1,0.6587709884031988
OOD_0625,normalized_margin_3D,0,0.16924240825115697
OOD_0626,normalized_margin_3D,1,0.7903705257671779
OOD_0627,normalized_margin_3D,1,0.41003170326399246
OOD_0628,normalized_margin_3D,0,0.31625196604101774
OOD_0629,normalized_margin_3D,0,0.28956863957234136
OOD_0630,normalized_margin_3D,1,0.383698382784306
OOD_0631,normalized_margin_3D,0,0.2678268365022646
OOD_0632,normalized_margin_3D,0,0.3209070749681589
OOD_0633,normalized_margin_3D,0,0.2992548584332504
OOD_0634,normalized_margin_3D,1,0.7150586014757061
OOD_0635,normalized_margin_3D,1,0.15066529728898992
OOD_0636,normalized_margin_3D,1,0.3593991522873394
OOD_0637,normalized_margin_3D,0,0.14118597068661518
OOD_0638,normalized_margin_3D,0,0.16333620014735112
OOD_0639,normalized_margin_3D,1,0.22035048881709723
OOD_0640,normalized_margin_3D,0,0.35317385290516884
OOD_0641,normalized_margin_3D,0,0.16422629529905977
OOD_0642,normalized_margin_3D,1,0.8577789086806359
OOD_0643,normalized_margin_3D,0,0.1620853845246788
OOD_0644,normalized_margin_3D,1,0.4363490396380206
OOD_0645,normalized_margin_3D,0,0.18101698298517682
OOD_0646,normalized_margin_3D,1,0.4217713376294996
OOD_0647,normalized_margin_3D,0,0.17014184620609438
OOD_0648,normalized_margin_3D,0,0.2273327860306418
OOD_0649,normalized_margin_3D,0,0.1938455975644926
OOD_0650,normalized_margin_3D,1,0.7955997663651526
OOD_0651,normalized_margin_3D,1,0.307571442005825
OOD_0652,normalized_margin_3D,1,0.407516790607531
OOD_0653,normalized_margin_3D,0,0.14756336078688817
OOD_0654,normalized_margin_3D,0,0.15133882064659868
OOD_0655,normalized_margin_3D,0,0.1819618125772548
OOD_0656,normalized_margin_3D,0,0.21640379683828082
OOD_0657,normalized_margin_3D,1,0.5534943212929031
OOD_0658,normalized_margin_3D,1,0.34258969183887333
OOD_0659,normalized_margin_3D,0,0.21622681564805182
OOD_0660,normalized_margin_3D,0,0.13465890994273708
OOD_0661,normalized_margin_3D,1,0.3715993660617483
OOD_0662,normalized_margin_3D,0,0.24082184019809455
OOD_0663,normalized_margin_3D,1,0.1994982229665529
OOD_0664,normalized_margin_3D,0,0.29211882773780584
OOD_0665,normalized_margin_3D,0,0.1696551804279931
OOD_0666,normalized_margin_3D,1,0.3174622207772318
OOD_0667,normalized_margin_3D,1,0.17694836180328632
OOD_0668,normalized_margin_3D,0,0.3064134448438553
OOD_0669,normalized_margin_3D,0,0.1910552781066007
OOD_0670,normalized_margin_3D,1,0.5421948183190014
OOD_0671,normalized_margin_3D,1,0.18489351356948042
OOD_0672,normalized_margin_3D,1,0.27617332223253865
OOD_0673,normalized_margin_3D,0,0.14419392605749917
OOD_0674,normalized_margin_3D,0,0.17375710661552823
OOD_0675,normalized_margin_3D,0,0.19840843725255627
OOD_0676,normalized_margin_3D,1,0.34750884108422514
OOD_0677,normalized_margin_3D,0,0.18519402721070669
OOD_0678,normalized_margin_3D,0,0.19194359370886963
OOD_0679,normalized_margin_3D,1,0.6454167183062144
OOD_0680,normalized_margin_3D,1,0.1833539662897328
OOD_0681,normalized_margin_3D,0,0.17110235583413688
OOD_0682,normalized_margin_3D,0,0.13644426663162887
OOD_0683,normalized_margin_3D,1,0.5311998417731084
OOD_0684,normalized_margin_3D,0,0.35508062504214927
OOD_0685,normalized_margin_3D,0,0.26994388602113667
OOD_0686,normalized_margin_3D,1,0.5540015766540884
OOD_0687,normalized_margin_3D,1,0.34597959525169375
OOD_0688,normalized_margin_3D,0,0.16427236621358746
OOD_0689,normalized_margin_3D,1,0.2075014252623931
OOD_0690,normalized_margin_3D,1,0.17456535540758186
OOD_0691,normalized_margin_3D,0,0.23422167275883196
OOD_0692,normalized_margin_3D,0,0.14257900588005518
OOD_0693,normalized_margin_3D,0,0.15143671749419405
OOD_0694,normalized_margin_3D,1,0.7458100814731534
OOD_0695,normalized_margin_3D,0,0.1398836894009124
OOD_0696,normalized_margin_3D,0,0.1588316902187227
OOD_0697,normalized_margin_3D,1,0.635462208990894
OOD_0698,normalized_margin_3D,1,0.39688441482371123
OOD_0699,normalized_margin_3D,0,0.1352263094883384
OOD_0700,normalized_margin_3D,0,0.16005656742411287
OOD_0701,normalized_margin_3D,0,0.15287056651974654
OOD_0702,normalized_margin_3D,0,0.3058103508928626
OOD_0703,normalized_margin_3D,0,0.13856924626943293
OOD_0704,normalized_margin_3D,0,0.2465608356303369
OOD_0705,normalized_margin_3D,0,0.19457144955284875
OOD_0706,normalized_margin_3D,1,0.8292563227594587
OOD_0707,normalized_margin_3D,0,0.1374417792545923
OOD_0708,normalized_margin_3D,1,0.8428133121107907
OOD_0709,normalized_margin_3D,0,0.1954794859641513
OOD_0710,normalized_margin_3D,0,0.2402481432142734
OOD_0711,normalized_margin_3D,0,0.16450336578650326
OOD_0712,normalized_margin_3D,0,0.27755113726168545
OOD_0713,normalized_margin_3D,1,0.7883758718680581
OOD_0714,normalized_margin_3D,0,0.138182875725074
OOD_0715,normalized_margin_3D,0,0.26406341939774997
OOD_0716,normalized_margin_3D,1,0.3504430986367614
OOD_0717,normalized_margin_3D,0,0.13857095173536654
OOD_0718,normalized_margin_3D,1,0.21990527155102665
OOD_0719,normalized_margin_3D,0,0.15436818830886997
OOD_0720,normalized_margin_3D,0,0.19524549049483864
OOD_0721,normalized_margin_3D,0,0.47006679727533335
OOD_0722,normalized_margin_3D,0,0.1377550590611625
OOD_0723,normalized_margin_3D,0,0.14591547189000856
OOD_0724,normalized_margin_3D,0,0.2457856923719585
OOD_0725,normalized_margin_3D,1,0.2508880901879516
OOD_0726,normalized_margin_3D,0,0.1806479648594974
OOD_0727,normalized_margin_3D,0,0.13488826072939486
OOD_0728,normalized_margin_3D,1,0.2924971123079746
OOD_0729,normalized_margin_3D,0,0.3857650556113618
OOD_0730,normalized_margin_3D,1,0.8912045924771265
OOD_0731,normalized_margin_3D,0,0.19155139580434347
OOD_0732,normalized_margin_3D,0,0.15892521478551233
OOD_0733,normalized_margin_3D,1,0.3598891722247196
OOD_0734,normalized_margin_3D,0,0.23487450669710214
OOD_0735,normalized_margin_3D,0,0.15210345457974003
OOD_0736,normalized_margin_3D,0,0.16111754052114946
OOD_0737,normalized_margin_3D,1,0.48874673628463206
OOD_0738,normalized_margin_3D,1,0.17412236847258855
OOD_0739,normalized_margin_3D,0,0.264480189710019
OOD_0740,normalized_margin_3D,1,0.5483343945538225
OOD_0741,normalized_margin_3D,1,0.27331215646341783
OOD_0742,normalized_margin_3D,0,0.2810863253179725
OOD_0743,normalized_margin_3D,0,0.1578029054135609
OOD_0744,normalized_margin_3D,0,0.14849118366907985
OOD_0745,normalized_margin_3D,0,0.1570885464891519
OOD_0746,normalized_margin_3D,0,0.1687518339203277
OOD_0747,normalized_margin_3D,0,0.3248919502953141
OOD_0748,normalized_margin_3D,0,0.2702143615599037
OOD_0749,normalized_margin_3D,1,0.218141028027789
OOD_0750,normalized_margin_3D,1,0.526960095234767
OOD_0751,normalized_margin_3D,1,0.31830817345037754
OOD_0752,normalized_margin_3D,0,0.2797882999822257
OOD_0753,normalized_margin_3D,1,0.23886230349540355
OOD_0754,normalized_margin_3D,0,0.14993573888981437
OOD_0755,normalized_margin_3D,1,0.20571860371778958
OOD_0756,normalized_margin_3D,0,0.21227394014991524
OOD_0757,normalized_margin_3D,1,0.6041889182064494
OOD_0758,normalized_margin_3D,0,0.2788101397620589
OOD_0759,normalized_margin_3D,0,0.14853220688397367
OOD_0760,normalized_margin_3D,0,0.5004131681277737
OOD_0761,normalized_margin_3D,1,0.20581077322236055
OOD_0762,normalized_margin_3D,0,0.23781580354448753
OOD_0763,normalized_margin_3D,0,0.2845458878196393
OOD_0764,normalized_margin_3D,1,0.5420677455342937
OOD_0765,normalized_margin_3D,0,0.2852544638861698
OOD_0766,normalized_margin_3D,1,0.43200725241810506
OOD_0767,normalized_margin_3D,0,0.23886812377304323
OOD_0768,normalized_margin_3D,1,0.2097762730588879
OOD_0769,normalized_margin_3D,0,0.4309345481457171
OOD_0770,normalized_margin_3D,0,0.19973214141726522
OOD_0771,normalized_margin_3D,0,0.2126195419670774
OOD_0772,normalized_margin_3D,1,0.5595778732086995
OOD_0773,normalized_margin_3D,0,0.14314179271827737
OOD_0774,normalized_margin_3D,1,0.31529278350337314
OOD_0775,normalized_margin_3D,1,0.376701828145445
OOD_0776,normalized_margin_3D,0,0.17561862390097052
OOD_0777,normalized_margin_3D,0,0.3346379119329909
OOD_0778,normalized_margin_3D,0,0.13496970764294236
OOD_0779,normalized_margin_3D,1,0.7764537761001504
OOD_0780,normalized_margin_3D,1,0.3599722013172917
OOD_0781,normalized_margin_3D,0,0.24706826378277708
OOD_0782,normalized_margin_3D,0,0.23220252254945778
OOD_0783,normalized_margin_3D,0,0.22968096178195738
OOD_0784,normalized_margin_3D,0,0.16266299984044022
OOD_0785,normalized_margin_3D,1,0.5952447228669063
OOD_0786,normalized_margin_3D,1,0.22198752712031797
OOD_0787,normalized_margin_3D,0,0.1674894863235531
OOD_0788,normalized_margin_3D,1,0.16390814751669858
OOD_0789,normalized_margin_3D,1,0.48507172810416094
OOD_0790,normalized_margin_3D,0,0.13404643115377635
OOD_0791,normalized_margin_3D,1,0.427350481235271
OOD_0792,normalized_margin_3D,0,0.2181995641775777
OOD_0793,normalized_margin_3D,0,0.3344804079547312
OOD_0794,normalized_margin_3D,1,0.23290126614230675
OOD_0795,normalized_margin_3D,0,0.1573372867253308
OOD_0796,normalized_margin_3D,1,0.20241693747001782
OOD_0797,normalized_margin_3D,0,0.23507711585801183
OOD_0798,normalized_margin_3D,0,0.17783599338715783
OOD_0799,normalized_margin_3D,1,0.17615306816502546
OOD_0800,normalized_margin_3D,0,0.153008510484629
OOD_0801,normalized_margin_3D,1,0.7485905573490482
OOD_0802,normalized_margin_3D,0,0.29874500322383896
OOD_0803,normalized_margin_3D,0,0.17223855016157594
OOD_0804,normalized_margin_3D,0,0.22500403431409938
OOD_0805,normalized_margin_3D,1,0.7109602458578257
OOD_0806,normalized_margin_3D,1,0.5777375465446299
OOD_0807,normalized_margin_3D,1,0.32595916796532837
OOD_0808,normalized_margin_3D,0,0.14069242322772477
OOD_0809,normalized_margin_3D,1,0.21089088392484073
OOD_0810,normalized_margin_3D,1,0.3122985456018459
OOD_0811,normalized_margin_3D,0,0.22596870885394932
OOD_0812,normalized_margin_3D,0,0.14407171318243878
OOD_0813,normalized_margin_3D,0,0.2637923031076779
OOD_0814,normalized_margin_3D,0,0.32452262807284116
OOD_0815,normalized_margin_3D,0,0.21526784894796688
OOD_0816,normalized_margin_3D,1,0.1544080698527331
OOD_0817,normalized_margin_3D,0,0.17042658063388905
OOD_0818,normalized_margin_3D,0,0.13168463753590126
OOD_0819,normalized_margin_3D,0,0.17606389191609687
OOD_0820,normalized_margin_3D,1,0.5973742724075009
OOD_0821,normalized_margin_3D,1,0.1945882931881817
OOD_0822,normalized_margin_3D,1,0.4999889911668827
OOD_0823,normalized_margin_3D,1,0.4920877431349701
OOD_0824,normalized_margin_3D,1,0.2253431791076009
OOD_0825,normalized_margin_3D,0,0.20794361435211872
OOD_0826,normalized_margin_3D,0,0.15821464609031122
OOD_0827,normalized_margin_3D,1,0.7746400595765868
OOD_0828,normalized_margin_3D,0,0.16525410412574296
OOD_0829,normalized_margin_3D,1,0.21991993220516082
OOD_0830,normalized_margin_3D,1,0.23168649176323527
OOD_0831,normalized_margin_3D,0,0.14156693733475553
OOD_0832,normalized_margin_3D,0,0.38284947023654436
OOD_0833,normalized_margin_3D,0,0.17197451273236383
OOD_0834,normalized_margin_3D,1,0.1615621285811443
OOD_0835,normalized_margin_3D,1,0.16044863338667906
OOD_0836,normalized_margin_3D,0,0.27478595583219406
OOD_0837,normalized_margin_3D,0,0.17174326419400865
OOD_0838,normalized_margin_3D,1,0.48163694518145495
OOD_0839,normalized_margin_3D,1,0.2886947700028752
OOD_0840,normalized_margin_3D,0,0.13863400358586397
OOD_0841,normalized_margin_3D,0,0.17137809707400473
OOD_0842,normalized_margin_3D,1,0.3637177267064788
OOD_0843,normalized_margin_3D,0,0.14895242411556742
OOD_0844,normalized_margin_3D,1,0.36150410447626136
OOD_0845,normalized_margin_3D,0,0.23826109300512763
OOD_0846,normalized_margin_3D,1,0.3389897611115272
OOD_0847,normalized_margin_3D,1,0.6095063546895603
OOD_0848,normalized_margin_3D,0,0.3452749181863421
OOD_0849,normalized_margin_3D,0,0.1432328428562396
OOD_0850,normalized_margin_3D,1,0.421104024045544
OOD_0851,normalized_margin_3D,1,0.8447158199419946
OOD_0852,normalized_margin_3D,0,0.20334618741957752
OOD_0853,normalized_margin_3D,0,0.16047413592524268
OOD_0854,normalized_margin_3D,1,0.5962745463427145
OOD_0855,normalized_margin_3D,1,0.3289755775146522
OOD_0856,normalized_margin_3D,0,0.20634159817424372
OOD_0857,normalized_margin_3D,1,0.4182397989971797
OOD_0858,normalized_margin_3D,1,0.30293214132385254
OOD_0859,normalized_margin_3D,0,0.21631147618602223
OOD_0860,normalized_margin_3D,1,0.17528579782529966
OOD_0861,normalized_margin_3D,0,0.23458455457233116
OOD_0862,normalized_margin_3D,0,0.2831953130205636
OOD_0863,normalized_margin_3D,0,0.19577456261982662
OOD_0864,normalized_margin_3D,1,0.2399668877419015
OOD_0865,normalized_margin_3D,0,0.2404916285575854
OOD_0866,normalized_margin_3D,1,0.7589006442762339
OOD_0867,normalized_margin_3D,0,0.16931818924121012
OOD_0868,normalized_margin_3D,0,0.2292641350422069
OOD_0869,normalized_margin_3D,0,0.1454939565838909
OOD_0870,normalized_margin_3D,0,0.15761814483055345
OOD_0871,normalized_margin_3D,0,0.19441291558254292
OOD_0872,normalized_margin_3D,1,0.34666016787373294
OOD_0873,normalized_margin_3D,1,0.2048552470748702
OOD_0874,normalized_margin_3D,1,0.22039013378020128
OOD_0875,normalized_margin_3D,0,0.24556789646636018
OOD_0876,normalized_margin_3D,1,0.36218103660504036
OOD_0877,normalized_margin_3D,1,0.3057966807283784
OOD_0878,normalized_margin_3D,1,0.16629257911939407
OOD_0879,normalized_margin_3D,0,0.23565445824249603
OOD_0880,normalized_margin_3D,0,0.1383639547467363
OOD_0881,normalized_margin_3D,0,0.2496719888742319
OOD_0882,normalized_margin_3D,1,0.7639656404252874
OOD_0883,normalized_margin_3D,0,0.2681860161833431
OOD_0884,normalized_margin_3D,0,0.16806572196602806
OOD_0885,normalized_margin_3D,0,0.2619884112438789
OOD_0886,normalized_margin_3D,1,0.9424844915461924
OOD_0887,normalized_margin_3D,0,0.1398707174218146
OOD_0888,normalized_margin_3D,0,0.35107866005469657
OOD_0889,normalized_margin_3D,1,0.2620651368822885
OOD_0890,normalized_margin_3D,0,0.14715606030673206
OOD_0891,normalized_margin_3D,1,0.8919592076260401
OOD_0892,normalized_margin_3D,0,0.22231844138437667
OOD_0893,normalized_margin_3D,1,0.3557162043735151
OOD_0894,normalized_margin_3D,1,0.1908328140321041
OOD_0895,normalized_margin_3D,0,0.17135119607828508
OOD_0896,normalized_margin_3D,0,0.43293072106322694
OOD_0897,normalized_margin_3D,1,0.19635397375818595
OOD_0898,normalized_margin_3D,1,0.422276341379896
OOD_0899,normalized_margin_3D,0,0.22842196533980502
OOD_0900,normalized_margin_3D,1,0.1469155586202183
OOD_0901,normalized_margin_3D,0,0.2973850189075281
OOD_0902,normalized_margin_3D,0,0.20990384380286348
OOD_0903,normalized_margin_3D,1,0.18154367742827043
OOD_0904,normalized_margin_3D,0,0.19977507729378147
OOD_0905,normalized_margin_3D,0,0.1819691075256891
OOD_0906,normalized_margin_3D,1,0.2878921448337148
OOD_0907,normalized_margin_3D,0,0.18590123858883761
OOD_0908,normalized_margin_3D,1,0.3380044669088163
OOD_0909,normalized_margin_3D,0,0.21117407169455285
OOD_0910,normalized_margin_3D,1,0.3649971350443426
OOD_0911,normalized_margin_3D,0,0.13635713063146412
OOD_0912,normalized_margin_3D,0,0.1428307812673946
OOD_0913,normalized_margin_3D,0,0.21204359478248094
OOD_0914,normalized_margin_3D,0,0.18386048037874397
OOD_0915,normalized_margin_3D,0,0.23291130655061618
OOD_0916,normalized_margin_3D,1,0.29629475879612327
OOD_0917,normalized_margin_3D,1,0.29817706784326936
OOD_0918,normalized_margin_3D,1,0.44231986502605547
OOD_0919,normalized_margin_3D,1,0.5301595755187855
OOD_0920,normalized_margin_3D,1,0.15000597404537308
OOD_0921,normalized_margin_3D,1,0.17255968874582278
OOD_0922,normalized_margin_3D,0,0.14083043967594208
OOD_0923,normalized_margin_3D,0,0.1479958755714518
OOD_0924,normalized_margin_3D,0,0.15474298705100598
OOD_0925,normalized_margin_3D,0,0.2175583607507213
OOD_0926,normalized_margin_3D,0,0.20150394290793203
OOD_0927,normalized_margin_3D,0,0.20939274687930884
OOD_0928,normalized_margin_3D,1,0.3740315957458744
OOD_0929,normalized_margin_3D,1,0.39479706645168916
OOD_0930,normalized_margin_3D,0,0.18060286133212525
OOD_0931,normalized_margin_3D,1,0.855701233855984
OOD_0932,normalized_margin_3D,0,0.14675560243252433
OOD_0933,normalized_margin_3D,1,0.22848303890805882
OOD_0934,normalized_margin_3D,1,0.45314598399382566
OOD_0935,normalized_margin_3D,1,0.49608747208446324
OOD_0936,normalized_margin_3D,0,0.14513740066556433
OOD_0937,normalized_margin_3D,0,0.4547509997058992
OOD_0938,normalized_margin_3D,1,0.708689772275345
OOD_0939,normalized_margin_3D,0,0.14467320802732567
OOD_0940,normalized_margin_3D,1,0.6466883272154382
OOD_0941,normalized_margin_3D,0,0.22592365198971284
OOD_0942,normalized_margin_3D,1,0.17805919037989607
OOD_0943,normalized_margin_3D,1,0.5104683706970751
OOD_0944,normalized_margin_3D,0,0.26907268171101434
OOD_0945,normalized_margin_3D,0,0.19605429176971922
OOD_0946,normalized_margin_3D,0,0.13758092566486085
OOD_0947,normalized_margin_3D,0,0.2166154747355225
OOD_0948,normalized_margin_3D,0,0.1388238513048331
OOD_0949,normalized_margin_3D,0,0.14239969880114361
OOD_0950,normalized_margin_3D,0,0.25435177197328573
OOD_0951,normalized_margin_3D,1,0.2047426898620183
OOD_0952,normalized_margin_3D,0,0.26384525476702597
OOD_0953,normalized_margin_3D,0,0.1346189918392115
OOD_0954,normalized_margin_3D,1,0.15357292649031198
OOD_0955,normalized_margin_3D,1,0.7972954890214528
OOD_0956,normalized_margin_3D,0,0.1420208313339899
OOD_0957,normalized_margin_3D,0,0.1346874472003142
OOD_0958,normalized_margin_3D,0,0.2389863761697153
OOD_0959,normalized_margin_3D,1,0.9720452618220811
OOD_0960,normalized_margin_3D,0,0.17995352063738387
OOD_0961,normalized_margin_3D,0,0.1529741833277027
OOD_0962,normalized_margin_3D,0,0.1975859475362004
OOD_0963,normalized_margin_3D,0,0.153583594979325
OOD_0964,normalized_margin_3D,0,0.14970407048595813
OOD_0965,normalized_margin_3D,0,0.19580047393003536
OOD_0966,normalized_margin_3D,0,0.21744608897568918
OOD_0967,normalized_margin_3D,1,0.7897091398590853
OOD_0968,normalized_margin_3D,1,0.9068690439273344
OOD_0969,normalized_margin_3D,0,0.17084625551099838
OOD_0970,normalized_margin_3D,0,0.14399459396283534
OOD_0971,normalized_margin_3D,0,0.15530681276008265
OOD_0972,normalized_margin_3D,0,0.13577278733151585
OOD_0973,normalized_margin_3D,0,0.1763506614533067
OOD_0974,normalized_margin_3D,0,0.18820720336042124
OOD_0975,normalized_margin_3D,0,0.1769193833341084
OOD_0976,normalized_margin_3D,1,0.17278789532501437
OOD_0977,normalized_margin_3D,1,0.19715440834563272
OOD_0978,normalized_margin_3D,0,0.14717680669176225
OOD_0979,normalized_margin_3D,0,0.1409993886933152
OOD_0980,normalized_margin_3D,0,0.17293323517342307
OOD_0981,normalized_margin_3D,1,0.3942730230737852
OOD_0982,normalized_margin_3D,1,0.279929336102655
OOD_0983,normalized_margin_3D,1,0.3368418605406921
OOD_0984,normalized_margin_3D,0,0.4398233638695651
OOD_0985,normalized_margin_3D,0,0.229904999729191
OOD_0986,normalized_margin_3D,0,0.19808430365454763
OOD_0987,normalized_margin_3D,1,0.29989639425870485
OOD_0988,normalized_margin_3D,1,0.5505299656718409
OOD_0989,normalized_margin_3D,0,0.1621097450853903
OOD_0990,normalized_margin_3D,0,0.2215767899943578
OOD_0991,normalized_margin_3D,0,0.279727808327998
OOD_0992,normalized_margin_3D,0,0.15118643123027803
OOD_0993,normalized_margin_3D,1,0.4120370759644876
OOD_0994,normalized_margin_3D,0,0.20798941939399973
OOD_0995,normalized_margin_3D,1,0.7910091657671529
OOD_0996,normalized_margin_3D,0,0.1477630363212684
OOD_0997,normalized_margin_3D,1,0.922676963147479
OOD_0998,normalized_margin_3D,0,0.38927682038240113
OOD_0999,normalized_margin_3D,1,0.4185334997962473
OOD_1000,normalized_margin_3D,1,0.45440289522737615
OOD_1001,normalized_margin_3D,1,0.14932476898086047
OOD_1002,normalized_margin_3D,1,0.33269895461141286
OOD_1003,normalized_margin_3D,0,0.1852700215753936
OOD_1004,normalized_margin_3D,0,0.3955137683778699
OOD_1005,normalized_margin_3D,1,0.6746759837869158
OOD_1006,normalized_margin_3D,1,0.8967786156919678
OOD_1007,normalized_margin_3D,1,0.25539761851369075
OOD_1008,normalized_margin_3D,0,0.21390589592293544
OOD_1009,normalized_margin_3D,0,0.13458313336746008
OOD_1010,normalized_margin_3D,0,0.13532759588513701
OOD_1011,normalized_margin_3D,0,0.2435405676629133
OOD_1012,normalized_margin_3D,1,0.7671675325700892
OOD_1013,normalized_margin_3D,0,0.20727251930220086
OOD_1014,normalized_margin_3D,0,0.16716381413401607
OOD_1015,normalized_margin_3D,0,0.16560409472888107
OOD_1016,normalized_margin_3D,0,0.1982769754255273
OOD_1017,normalized_margin_3D,0,0.1410103608914642
OOD_1018,normalized_margin_3D,1,0.3459181615812823
OOD_1019,normalized_margin_3D,0,0.31079377311261075
OOD_1020,normalized_margin_3D,0,0.2113299310794266
OOD_1021,normalized_margin_3D,1,0.27250078979846376
OOD_1022,normalized_margin_3D,1,0.18837994468492192
OOD_1023,normalized_margin_3D,0,0.187647424582811
OOD_1024,normalized_margin_3D,1,0.5737082749958181
OOD_1025,normalized_margin_3D,1,0.5949152304498879
OOD_1026,normalized_margin_3D,0,0.15130755739852023
OOD_1027,normalized_margin_3D,0,0.3262552418186397
OOD_1028,normalized_margin_3D,0,0.3001609997668182
OOD_1029,normalized_margin_3D,1,0.22686680272168025
OOD_1030,normalized_margin_3D,1,0.22619641380298253
OOD_1031,normalized_margin_3D,0,0.2784028063374972
OOD_1032,normalized_margin_3D,0,0.1494297193618355
OOD_1033,normalized_margin_3D,1,0.18850011980869666
OOD_1034,normalized_margin_3D,1,0.7043588316555393
OOD_1035,normalized_margin_3D,1,0.20998040694907832
OOD_1036,normalized_margin_3D,1,0.34115680014463295
OOD_1037,normalized_margin_3D,0,0.14551937203840168
OOD_1038,normalized_margin_3D,0,0.163765654353142
OOD_1039,normalized_margin_3D,1,0.25389971338594314
OOD_1040,normalized_margin_3D,0,0.2396341796558806
OOD_1041,normalized_margin_3D,1,0.27106382503265913
OOD_1042,normalized_margin_3D,0,0.31344514057653483
OOD_1043,normalized_margin_3D,0,0.31022770477984063
OOD_1044,normalized_margin_3D,0,0.30162495860185196
OOD_1045,normalized_margin_3D,0,0.19652654681051324
OOD_1046,normalized_margin_3D,1,0.5851611964215839
OOD_1047,normalized_margin_3D,0,0.22077575669227104
OOD_1048,normalized_margin_3D,0,0.16304797469695587
OOD_1049,normalized_margin_3D,0,0.14982104060621076
OOD_1050,normalized_margin_3D,0,0.1535039324083806
OOD_1051,normalized_margin_3D,0,0.14973636459621736
OOD_1052,normalized_margin_3D,1,0.6371705309377204
OOD_1053,normalized_margin_3D,1,0.6103380412362565
OOD_1054,normalized_margin_3D,0,0.2412870155680841
OOD_1055,normalized_margin_3D,0,0.1817535307272448
OOD_1056,normalized_margin_3D,0,0.13865874908903777
OOD_1057,normalized_margin_3D,0,0.15294132600528665
OOD_1058,normalized_margin_3D,0,0.200631747965994
OOD_1059,normalized_margin_3D,0,0.13564582413174306
OOD_1060,normalized_margin_3D,0,0.1407757262741787
OOD_1061,normalized_margin_3D,0,0.32510434084053724
OOD_1062,normalized_margin_3D,0,0.1781066401632716
OOD_1063,normalized_margin_3D,1,0.17479164390257576
OOD_1064,normalized_margin_3D,0,0.1484265482117295
OOD_1065,normalized_margin_3D,1,0.4499519046968101
OOD_1066,normalized_margin_3D,1,0.3338128127567095
OOD_1067,normalized_margin_3D,1,0.502657021399604
OOD_1068,normalized_margin_3D,0,0.15111489075357376
OOD_1069,normalized_margin_3D,0,0.15878707348147011
OOD_1070,normalized_margin_3D,0,0.14849871747643972
OOD_1071,normalized_margin_3D,0,0.18894365623890746
OOD_1072,normalized_margin_3D,0,0.29068330242003737
OOD_1073,normalized_margin_3D,0,0.1907639777036151
OOD_1074,normalized_margin_3D,0,0.1801622409234324
OOD_1075,normalized_margin_3D,1,0.4924583678120447
OOD_1076,normalized_margin_3D,0,0.2344074707617471
OOD_1077,normalized_margin_3D,0,0.36796792827863123
OOD_1078,normalized_margin_3D,0,0.13811145680301945
OOD_1079,normalized_margin_3D,0,0.22083401690523122
OOD_1080,normalized_margin_3D,1,0.7980057415432777
OOD_1081,normalized_margin_3D,0,0.20106470151090877
OOD_1082,normalized_margin_3D,1,0.7020298977578867
OOD_1083,normalized_margin_3D,0,0.16664144129343875
OOD_1084,normalized_margin_3D,0,0.3444350548693643
OOD_1085,normalized_margin_3D,0,0.18844328239776842
OOD_1086,normalized_margin_3D,0,0.38795283992038115
OOD_1087,normalized_margin_3D,1,0.42788060185822907
OOD_1088,normalized_margin_3D,0,0.23034195367582397
OOD_1089,normalized_margin_3D,0,0.18610050565770747
OOD_1090,normalized_margin_3D,1,0.2155492994460342
OOD_1091,normalized_margin_3D,1,0.38205954632395467
OOD_1092,normalized_margin_3D,1,0.5400828830267068
OOD_1093,normalized_margin_3D,0,0.3604186016598888
OOD_1094,normalized_margin_3D,0,0.2625128954204308
OOD_1095,normalized_margin_3D,1,0.7399678782551847
OOD_1096,normalized_margin_3D,0,0.44364265845810985
OOD_1097,normalized_margin_3D,0,0.3389153605258613
OOD_1098,normalized_margin_3D,0,0.15123947498260923
OOD_1099,normalized_margin_3D,1,0.7694933504786399
OOD_1100,normalized_margin_3D,0,0.16740713055548923
OOD_1101,normalized_margin_3D,0,0.2341619706988625
OOD_1102,normalized_margin_3D,0,0.2636935782366842
OOD_1103,normalized_margin_3D,0,0.13672377733643534
OOD_1104,normalized_margin_3D,1,0.7741172289174678
OOD_1105,normalized_margin_3D,0,0.14548626859018893
OOD_1106,normalized_margin_3D,0,0.2635571989858078
OOD_1107,normalized_margin_3D,0,0.14807731265263332
OOD_1108,normalized_margin_3D,0,0.2102587387087549
OOD_1109,normalized_margin_3D,1,0.44016247493088423
OOD_1110,normalized_margin_3D,1,0.24074812246004781
OOD_1111,normalized_margin_3D,0,0.3003275174464746
OOD_1112,normalized_margin_3D,1,0.26875085313507235
OOD_1113,normalized_margin_3D,0,0.224376532341305
OOD_1114,normalized_margin_3D,1,0.17024438760018562
OOD_1115,normalized_margin_3D,1,0.3344451766835944
OOD_1116,normalized_margin_3D,1,0.42855570505797275
OOD_1117,normalized_margin_3D,0,0.2571157320180435
OOD_1118,normalized_margin_3D,1,0.5028538392110841
OOD_1119,normalized_margin_3D,0,0.1586721455934926
OOD_1120,normalized_margin_3D,0,0.14017827360865284
OOD_1121,normalized_margin_3D,0,0.20428757871551345
OOD_1122,normalized_margin_3D,0,0.1782155913112383
OOD_1123,normalized_margin_3D,0,0.1498652011013017
OOD_1124,normalized_margin_3D,1,0.3757923778573168
OOD_1125,normalized_margin_3D,0,0.1688453192344714
OOD_1126,normalized_margin_3D,1,0.9550906879008145
OOD_1127,normalized_margin_3D,1,0.36052591956677954
OOD_1128,normalized_margin_3D,0,0.17163714263642477
OOD_1129,normalized_margin_3D,1,0.288387987922219
OOD_1130,normalized_margin_3D,0,0.15956779436847057
OOD_1131,normalized_margin_3D,0,0.20106907565367507
OOD_1132,normalized_margin_3D,0,0.1416397276326144
OOD_1133,normalized_margin_3D,0,0.15576752314420741
OOD_1134,normalized_margin_3D,0,0.2120323662758637
OOD_1135,normalized_margin_3D,0,0.2978089451869845
OOD_1136,normalized_margin_3D,1,0.8305725380527985
OOD_1137,normalized_margin_3D,1,0.2159132418200519
OOD_1138,normalized_margin_3D,0,0.14955832475371977
OOD_1139,normalized_margin_3D,0,0.16976651893883676
OOD_1140,normalized_margin_3D,1,0.26550668249523546
OOD_1141,normalized_margin_3D,0,0.44524148983253564
OOD_1142,normalized_margin_3D,0,0.23253148597974316
OOD_1143,normalized_margin_3D,0,0.15121674405565214
OOD_1144,normalized_margin_3D,0,0.25750673431447957
OOD_1145,normalized_margin_3D,0,0.15097825096547035
OOD_1146,normalized_margin_3D,0,0.2534515894246999
OOD_1147,normalized_margin_3D,0,0.2439043085683462
OOD_1148,normalized_margin_3D,0,0.16996041822861618
OOD_1149,normalized_margin_3D,0,0.1337743496857006
OOD_1150,normalized_margin_3D,1,0.37243016680529545
OOD_1151,normalized_margin_3D,1,0.6521008347786277
OOD_1152,normalized_margin_3D,0,0.3308499848358793
OOD_1153,normalized_margin_3D,0,0.28147439544749725
OOD_1154,normalized_margin_3D,1,0.18421788290669236
OOD_1155,normalized_margin_3D,0,0.14677858733686683
OOD_1156,normalized_margin_3D,0,0.16403099508562363
OOD_1157,normalized_margin_3D,1,0.45333257974866814
OOD_1158,normalized_margin_3D,0,0.1518091076454998
OOD_1159,normalized_margin_3D,0,0.14089614823972324
OOD_1160,normalized_margin_3D,1,0.7229125811360267
OOD_1161,normalized_margin_3D,1,0.834622086046836
OOD_1162,normalized_margin_3D,1,0.31333358092562374
OOD_1163,normalized_margin_3D,1,0.596985789871674
OOD_1164,normalized_margin_3D,0,0.21899269601179203
OOD_1165,normalized_margin_3D,0,0.3367476513543001
OOD_1166,normalized_margin_3D,0,0.21811395373154827
OOD_1167,normalized_margin_3D,1,0.4122339849614562
OOD_1168,normalized_margin_3D,0,0.32119958608879695
OOD_1169,normalized_margin_3D,0,0.20307175256127097
OOD_1170,normalized_margin_3D,0,0.1685080161723589
OOD_1171,normalized_margin_3D,1,0.8271443167266535
OOD_1172,normalized_margin_3D,0,0.1699359733386916
OOD_1173,normalized_margin_3D,0,0.20154438835631888
OOD_1174,normalized_margin_3D,0,0.16809748075012218
OOD_1175,normalized_margin_3D,0,0.2407926781017901
OOD_1176,normalized_margin_3D,0,0.19620212130158093
OOD_1177,normalized_margin_3D,0,0.16570561449063306
OOD_1178,normalized_margin_3D,0,0.2840770726447044
OOD_1179,normalized_margin_3D,0,0.1551723935614567
OOD_1180,normalized_margin_3D,1,0.7914968691239389
OOD_1181,normalized_margin_3D,1,0.16209275728645164
OOD_1182,normalized_margin_3D,0,0.18753053272532078
OOD_1183,normalized_margin_3D,1,0.277953683140894
OOD_1184,normalized_margin_3D,0,0.1588836869885997
OOD_1185,normalized_margin_3D,0,0.22192625575704586
OOD_1186,normalized_margin_3D,0,0.1369019786465426
OOD_1187,normalized_margin_3D,1,0.3145411668592957
OOD_1188,normalized_margin_3D,1,0.1887590105569611
OOD_1189,normalized_margin_3D,1,0.2807369599297378
OOD_1190,normalized_margin_3D,1,0.31523140148010975
OOD_1191,normalized_margin_3D,0,0.1366807955187987
OOD_1192,normalized_margin_3D,0,0.19467191252057356
OOD_1193,normalized_margin_3D,1,0.4323263431521559
OOD_1194,normalized_margin_3D,0,0.15630384276485104
OOD_1195,normalized_margin_3D,0,0.25033573518857677
OOD_1196,normalized_margin_3D,0,0.36450167112259596
OOD_1197,normalized_margin_3D,0,0.19470671448282537
OOD_1198,normalized_margin_3D,0,0.20668397236380043
OOD_1199,normalized_margin_3D,1,0.23742028544369112
OOD_1200,normalized_margin_3D,1,0.5481955480462869
OOD_1201,normalized_margin_3D,1,0.19696322966833857
OOD_1202,normalized_margin_3D,0,0.16522889804835778
OOD_1203,normalized_margin_3D,1,0.46840763835822885
OOD_1204,normalized_margin_3D,1,0.5267969367474357
OOD_1205,normalized_margin_3D,1,0.3065094398107854
OOD_1206,normalized_margin_3D,0,0.23655492635843586
OOD_1207,normalized_margin_3D,0,0.18910688904197137
OOD_1208,normalized_margin_3D,0,0.3366805274524012
OOD_1209,normalized_margin_3D,0,0.14996310176541086
OOD_1210,normalized_margin_3D,0,0.1906783222690282
OOD_1211,normalized_margin_3D,0,0.14758466503593642
OOD_1212,normalized_margin_3D,0,0.13881490990458117
OOD_1213,normalized_margin_3D,0,0.16413892709305603
OOD_1214,normalized_margin_3D,0,0.2385703956264378
OOD_1215,normalized_margin_3D,0,0.18148617656012697
OOD_1216,normalized_margin_3D,0,0.19580759458887606
OOD_1217,normalized_margin_3D,0,0.3217494444019456
OOD_1218,normalized_margin_3D,0,0.2813380702490278
OOD_1219,normalized_margin_3D,1,0.3444233746298923
OOD_1220,normalized_margin_3D,1,0.19267236540990543
OOD_1221,normalized_margin_3D,1,0.3022214353628005
OOD_1222,normalized_margin_3D,0,0.14905615561174196
OOD_1223,normalized_margin_3D,0,0.18420462857415762
OOD_1224,normalized_margin_3D,0,0.22342518518015606
OOD_1225,normalized_margin_3D,0,0.1626934351728927
OOD_1226,normalized_margin_3D,1,0.18213832094043753
OOD_1227,normalized_margin_3D,0,0.18053705428287736
OOD_1228,normalized_margin_3D,0,0.18796582081939633
OOD_1229,normalized_margin_3D,0,0.18526349228133135
OOD_1230,normalized_margin_3D,1,0.3157982295422432
OOD_1231,normalized_margin_3D,0,0.2128787287893233
OOD_1232,normalized_margin_3D,1,0.6050913638599911
OOD_1233,normalized_margin_3D,1,0.4934578350155241
OOD_1234,normalized_margin_3D,1,0.42076576202361243
OOD_1235,normalized_margin_3D,1,0.7133282853921441
OOD_1236,normalized_margin_3D,0,0.18558290108908343
OOD_1237,normalized_margin_3D,0,0.14053446994554394
OOD_1238,normalized_margin_3D,1,0.21497653897692448
OOD_1239,normalized_margin_3D,0,0.15898554974697343
OOD_1240,normalized_margin_3D,1,0.18018316886668967
OOD_1241,normalized_margin_3D,0,0.1563224301530352
OOD_1242,normalized_margin_3D,1,0.8524639140400747
OOD_1243,normalized_margin_3D,1,0.5162407556086103
OOD_1244,normalized_margin_3D,0,0.22432157886647153
OOD_1245,normalized_margin_3D,1,0.8917861226382454
OOD_1246,normalized_margin_3D,0,0.1700161758902389
OOD_1247,normalized_margin_3D,0,0.17637352989331878
OOD_1248,normalized_margin_3D,1,0.380427500043706
OOD_1249,normalized_margin_3D,0,0.16081694640460156
OOD_1250,normalized_margin_3D,1,0.4241342403969568
OOD_1251,normalized_margin_3D,0,0.17574745679998238
OOD_1252,normalized_margin_3D,0,0.19966844397711989
OOD_1253,normalized_margin_3D,0,0.1473801185259856
OOD_1254,normalized_margin_3D,1,0.18362557319312042
OOD_1255,normalized_margin_3D,0,0.2805619359822467
OOD_1256,normalized_margin_3D,1,0.2907651985974454
OOD_1257,normalized_margin_3D,1,0.7620296658940477
OOD_1258,normalized_margin_3D,0,0.14461724606467072
OOD_1259,normalized_margin_3D,1,0.20976479054491592
OOD_1260,normalized_margin_3D,0,0.20613204233113103
OOD_1261,normalized_margin_3D,0,0.4510910734966913
OOD_1262,normalized_margin_3D,0,0.1859808417089851
OOD_1263,normalized_margin_3D,1,0.4336232628113064
OOD_1264,normalized_margin_3D,0,0.3380655881007399
OOD_1265,normalized_margin_3D,0,0.3972201991886752
OOD_1266,normalized_margin_3D,0,0.15278147889238214
OOD_1267,normalized_margin_3D,1,0.21105147535511642
OOD_1268,normalized_margin_3D,0,0.1831761097272057
OOD_1269,normalized_margin_3D,1,0.4613541153291306
OOD_1270,normalized_margin_3D,1,0.35396431895893316
OOD_1271,normalized_margin_3D,0,0.15696001214047042
OOD_1272,normalized_margin_3D,1,0.5967019709106379
OOD_1273,normalized_margin_3D,1,0.8577543801061479
OOD_1274,normalized_margin_3D,1,0.567227529107689
OOD_1275,normalized_margin_3D,1,0.1641689484277642
OOD_1276,normalized_margin_3D,0,0.15426881467226466
OOD_1277,normalized_margin_3D,0,0.2001107839544047
OOD_1278,normalized_margin_3D,1,0.15979550823833635
OOD_1279,normalized_margin_3D,0,0.14120676952823288
OOD_1280,normalized_margin_3D,1,0.45549107141244655
OOD_1281,normalized_margin_3D,1,0.3000693479163435
OOD_1282,normalized_margin_3D,1,0.7996586760021646
OOD_1283,normalized_margin_3D,0,0.1829908879312732
OOD_1284,normalized_margin_3D,0,0.28960119006986956
OOD_1285,normalized_margin_3D,0,0.17502947024899004
OOD_1286,normalized_margin_3D,1,0.23743192340329936
OOD_1287,normalized_margin_3D,0,0.17710446036981667
OOD_1288,normalized_margin_3D,1,0.6349835628906026
OOD_1289,normalized_margin_3D,0,0.1604061130090344
OOD_1290,normalized_margin_3D,0,0.1831010593638712
OOD_1291,normalized_margin_3D,1,0.18571795102417113
OOD_1292,normalized_margin_3D,0,0.3956883028745523
OOD_1293,normalized_margin_3D,0,0.1370288303596873
OOD_1294,normalized_margin_3D,0,0.15204342437266544
OOD_1295,normalized_margin_3D,0,0.1544511682835772
OOD_1296,normalized_margin_3D,0,0.19216682222018233
OOD_1297,normalized_margin_3D,0,0.5359386582545516
OOD_1298,normalized_margin_3D,1,0.23421951452569584
OOD_1299,normalized_margin_3D,0,0.17074222887316234
OOD_1300,normalized_margin_3D,0,0.2128032302816619
OOD_1301,normalized_margin_3D,0,0.2910996249286132
OOD_1302,normalized_margin_3D,0,0.14641835836538483
OOD_1303,normalized_margin_3D,1,0.2917981187968217
OOD_1304,normalized_margin_3D,1,0.600295505717923
OOD_1305,normalized_margin_3D,0,0.17307246761199818
OOD_1306,normalized_margin_3D,1,0.40455138311096134
OOD_1307,normalized_margin_3D,0,0.1978043351107652
OOD_1308,normalized_margin_3D,1,0.35723137659001947
OOD_1309,normalized_margin_3D,0,0.3005168508059675
OOD_1310,normalized_margin_3D,0,0.1563447603369332
OOD_1311,normalized_margin_3D,0,0.33610695619027864
OOD_1312,normalized_margin_3D,1,0.24770130396266704
OOD_1313,normalized_margin_3D,0,0.20570640077444693
OOD_1314,normalized_margin_3D,0,0.2617593655588156
OOD_1315,normalized_margin_3D,0,0.14425922265326155
OOD_1316,normalized_margin_3D,0,0.2565320179383416
OOD_1317,normalized_margin_3D,0,0.15997594275726945
OOD_1318,normalized_margin_3D,0,0.1494729370381387
OOD_1319,normalized_margin_3D,1,0.19364835586556706
OOD_1320,normalized_margin_3D,0,0.1345055141886222
OOD_1321,normalized_margin_3D,1,0.25959594779228556
OOD_1322,normalized_margin_3D,0,0.20649054635491174
OOD_1323,normalized_margin_3D,0,0.2235098535185986
OOD_1324,normalized_margin_3D,1,0.5123828213037264
OOD_1325,normalized_margin_3D,0,0.18596337165012033
OOD_1326,normalized_margin_3D,1,0.9737161560690551
OOD_1327,normalized_margin_3D,1,0.49394361534872266
OOD_1328,normalized_margin_3D,0,0.23235582068062194
OOD_1329,normalized_margin_3D,0,0.26931917316607096
OOD_1330,normalized_margin_3D,1,0.46762683288062484
OOD_1331,normalized_margin_3D,0,0.16546767018874348
OOD_1332,normalized_margin_3D,0,0.21861289064846798
OOD_1333,normalized_margin_3D,0,0.3419973262410655
OOD_1334,normalized_margin_3D,1,0.29516233470371656
OOD_1335,normalized_margin_3D,0,0.17282351153872696
OOD_1336,normalized_margin_3D,1,0.29479974716851803
OOD_1337,normalized_margin_3D,0,0.20953182964677272
OOD_1338,normalized_margin_3D,1,0.5004735237870893
OOD_1339,normalized_margin_3D,0,0.13669486491906802
OOD_1340,normalized_margin_3D,1,0.6168278710999038
OOD_1341,normalized_margin_3D,0,0.15602193190188288
OOD_1342,normalized_margin_3D,0,0.25608195097224706
OOD_1343,normalized_margin_3D,1,0.1801317573222814
OOD_1344,normalized_margin_3D,0,0.14656639419329165
OOD_1345,normalized_margin_3D,1,0.440942294128603
OOD_1346,normalized_margin_3D,1,0.1725243722440289
OOD_1347,normalized_margin_3D,0,0.16633596401125528
OOD_1348,normalized_margin_3D,1,0.2342946189277047
OOD_1349,normalized_margin_3D,1,0.4558564470626672
OOD_1350,normalized_margin_3D,0,0.2558039491643055
OOD_1351,normalized_margin_3D,0,0.25394221583432375
OOD_1352,normalized_margin_3D,1,0.21727413915650814
OOD_1353,normalized_margin_3D,0,0.13599975263612218
OOD_1354,normalized_margin_3D,0,0.22363480655215767
OOD_1355,normalized_margin_3D,0,0.1807271204060019
OOD_1356,normalized_margin_3D,0,0.1326511311105691
OOD_1357,normalized_margin_3D,1,0.9110482323517225
OOD_1358,normalized_margin_3D,0,0.2152702700350639
OOD_1359,normalized_margin_3D,0,0.22811134725910814
OOD_1360,normalized_margin_3D,0,0.15807559418840453
OOD_1361,normalized_margin_3D,0,0.13424453826390226
OOD_1362,normalized_margin_3D,0,0.13777964614659352
OOD_1363,normalized_margin_3D,1,0.20337923219273907
OOD_1364,normalized_margin_3D,0,0.20895634730090556
OOD_1365,normalized_margin_3D,0,0.15155500577220146
OOD_1366,normalized_margin_3D,0,0.13595368290409945
OOD_1367,normalized_margin_3D,1,0.8146094558472885
OOD_1368,normalized_margin_3D,1,0.23602861054284924
OOD_1369,normalized_margin_3D,0,0.28489845757530224
OOD_1370,normalized_margin_3D,1,0.2056320836291535
OOD_1371,normalized_margin_3D,0,0.25645770616008556
OOD_1372,normalized_margin_3D,0,0.17037586205706115
OOD_1373,normalized_margin_3D,0,0.16603564862492545
OOD_1374,normalized_margin_3D,0,0.2329521650729148
OOD_1375,normalized_margin_3D,1,0.7830120511987101
OOD_1376,normalized_margin_3D,1,0.4536207785389078
OOD_1377,normalized_margin_3D,0,0.1601824583472782
OOD_1378,normalized_margin_3D,0,0.1765677858236669
OOD_1379,normalized_margin_3D,0,0.18184811824502625
OOD_1380,normalized_margin_3D,0,0.1917301054640631
OOD_1381,normalized_margin_3D,1,0.47974995036422485
OOD_1382,normalized_margin_3D,0,0.22004078065232388
OOD_1383,normalized_margin_3D,1,0.19620054646554422
OOD_1384,normalized_margin_3D,0,0.23570838395640473
OOD_1385,normalized_margin_3D,1,0.3811576959628687
OOD_1386,normalized_margin_3D,0,0.17373115042855314
OOD_1387,normalized_margin_3D,1,0.2938829975350335
OOD_1388,normalized_margin_3D,0,0.19761261985466333
OOD_1389,normalized_margin_3D,0,0.315207226320472
OOD_1390,normalized_margin_3D,0,0.48082474913860046
OOD_1391,normalized_margin_3D,0,0.15039191248782333
OOD_1392,normalized_margin_3D,1,0.47117965519774924
OOD_1393,normalized_margin_3D,0,0.37909307139497905
OOD_1394,normalized_margin_3D,0,0.16235459462187513
OOD_1395,normalized_margin_3D,0,0.17759626429218195
OOD_1396,normalized_margin_3D,0,0.13645957602909517
OOD_1397,normalized_margin_3D,0,0.2816012871681267
OOD_1398,normalized_margin_3D,0,0.17710514852917764
OOD_1399,normalized_margin_3D,1,0.27163211636692647
OOD_1400,normalized_margin_3D,0,0.15385288403356132
OOD_1401,normalized_margin_3D,0,0.15338016762411333
OOD_1402,normalized_margin_3D,0,0.13744423548131846
OOD_1403,normalized_margin_3D,1,0.6111000850841122
OOD_1404,normalized_margin_3D,0,0.14906880754870558
OOD_1405,normalized_margin_3D,1,0.3781015962153213
OOD_1406,normalized_margin_3D,0,0.23899755617440563
OOD_1407,normalized_margin_3D,1,0.7952307663446219
OOD_1408,normalized_margin_3D,1,0.6914399789423444
OOD_1409,normalized_margin_3D,0,0.1921926869381104
OOD_1410,normalized_margin_3D,1,0.22493597762118805
OOD_1411,normalized_margin_3D,0,0.15062483362281961
OOD_1412,normalized_margin_3D,1,0.1681001613996146
OOD_1413,normalized_margin_3D,0,0.1764194257339177
OOD_1414,normalized_margin_3D,0,0.1679956781820468
OOD_1415,normalized_margin_3D,0,0.19116686468146707
OOD_1416,normalized_margin_3D,1,0.7978736151917353
OOD_1417,normalized_margin_3D,0,0.14895444451474818
OOD_1418,normalized_margin_3D,0,0.3278437697654359
OOD_1419,normalized_margin_3D,0,0.28822905271864535
OOD_1420,normalized_margin_3D,0,0.1795464939992634
OOD_1421,normalized_margin_3D,0,0.3047164157156777
OOD_1422,normalized_margin_3D,1,0.4430596290020072
OOD_1423,normalized_margin_3D,0,0.22025890545065382
OOD_1424,normalized_margin_3D,0,0.3046526885780574
OOD_1425,normalized_margin_3D,0,0.24452674711515188
OOD_1426,normalized_margin_3D,1,0.2849174769212949
OOD_1427,normalized_margin_3D,0,0.4010167729512358
OOD_1428,normalized_margin_3D,0,0.33200923802792964
OOD_1429,normalized_margin_3D,0,0.40075603903079715
OOD_1430,normalized_margin_3D,0,0.18114235044439822
OOD_1431,normalized_margin_3D,0,0.14013942537804255
OOD_1432,normalized_margin_3D,0,0.15830239656560396
OOD_1433,normalized_margin_3D,0,0.14526526534097706
OOD_1434,normalized_margin_3D,1,0.15048590784482258
OOD_1435,normalized_margin_3D,1,0.33869196621023434
OOD_1436,normalized_margin_3D,1,0.3071359142185693
OOD_1437,normalized_margin_3D,0,0.14031216278726044
OOD_1438,normalized_margin_3D,0,0.15557338332491602
OOD_1439,normalized_margin_3D,1,0.6817092898064923
OOD_1440,normalized_margin_3D,1,0.415749584267849
OOD_1441,normalized_margin_3D,1,0.8128243934734299
OOD_1442,normalized_margin_3D,0,0.19644002281374687
OOD_1443,normalized_margin_3D,1,0.46189742406330375
OOD_1444,normalized_margin_3D,0,0.30225207898342055
OOD_1445,normalized_margin_3D,0,0.1473493390834911
OOD_1446,normalized_margin_3D,1,0.15149070576548074
OOD_1447,normalized_margin_3D,0,0.25809691010178937
OOD_1448,normalized_margin_3D,0,0.13931290790036627
OOD_1449,normalized_margin_3D,0,0.13785603266799695
OOD_1450,normalized_margin_3D,0,0.29464512568660345
OOD_1451,normalized_margin_3D,0,0.18871153423563153
OOD_1452,normalized_margin_3D,1,0.5339725995228582
OOD_1453,normalized_margin_3D,0,0.17880011077894198
OOD_1454,normalized_margin_3D,0,0.19901589308492637
OOD_1455,normalized_margin_3D,1,0.759746224975435
OOD_1456,normalized_margin_3D,0,0.13541423820609058
OOD_1457,normalized_margin_3D,1,0.24543152927403053
OOD_1458,normalized_margin_3D,0,0.20112985713044654
OOD_1459,normalized_margin_3D,0,0.21979211699648155
OOD_1460,normalized_margin_3D,0,0.5199724862239985
OOD_1461,normalized_margin_3D,1,0.7914701448200407
OOD_1462,normalized_margin_3D,0,0.24020724242112973
OOD_1463,normalized_margin_3D,0,0.1535917632309065
OOD_1464,normalized_margin_3D,1,0.2290647258518337
OOD_1465,normalized_margin_3D,1,0.2575558100101606
OOD_1466,normalized_margin_3D,0,0.24244306467135995
OOD_1467,normalized_margin_3D,0,0.2586065388104565
OOD_1468,normalized_margin_3D,0,0.19396198436965084
OOD_1469,normalized_margin_3D,0,0.22183399450285157
OOD_1470,normalized_margin_3D,0,0.39357486428389016
OOD_1471,normalized_margin_3D,1,0.5687961168507715
OOD_1472,normalized_margin_3D,1,0.799701850422249
OOD_1473,normalized_margin_3D,0,0.21381824143688122
OOD_1474,normalized_margin_3D,1,0.5826402522227525
OOD_1475,normalized_margin_3D,1,0.7721419163886489
OOD_1476,normalized_margin_3D,0,0.22623673184120485
OOD_1477,normalized_margin_3D,0,0.1669751370283056
OOD_1478,normalized_margin_3D,0,0.33583494383486784
OOD_1479,normalized_margin_3D,0,0.16089127559817623
OOD_1480,normalized_margin_3D,1,0.4160043804585293
OOD_1481,normalized_margin_3D,0,0.21075978164606984
OOD_1482,normalized_margin_3D,0,0.17979533681304588
OOD_1483,normalized_margin_3D,1,0.26099804625188433
OOD_1484,normalized_margin_3D,0,0.17179577637112464
OOD_1485,normalized_margin_3D,0,0.22182945478273483
OOD_1486,normalized_margin_3D,0,0.1363989714518438
OOD_1487,normalized_margin_3D,0,0.1389882929292927
OOD_1488,normalized_margin_3D,1,0.3693572823133059
OOD_1489,normalized_margin_3D,0,0.4247336088897815
OOD_1490,normalized_margin_3D,1,0.3599533836813875
OOD_1491,normalized_margin_3D,0,0.164616526861358
OOD_1492,normalized_margin_3D,0,0.14854455266282593
OOD_1493,normalized_margin_3D,1,0.8406115326014115
OOD_1494,normalized_margin_3D,0,0.1383755601249124
OOD_1495,normalized_margin_3D,0,0.18869542785857055
OOD_1496,normalized_margin_3D,1,0.7504839792422309
OOD_1497,normalized_margin_3D,0,0.21015146802781232
OOD_1498,normalized_margin_3D,1,0.17032974612215884
OOD_1499,normalized_margin_3D,1,0.5627520998745676
OOD_1500,normalized_margin_3D,0,0.14242726426949856
OOD_1501,normalized_margin_3D,1,0.6137442337246857
OOD_1502,normalized_margin_3D,0,0.17475087693839117
OOD_1503,normalized_margin_3D,1,0.9351375735001238
OOD_1504,normalized_margin_3D,1,0.6659588931076128
OOD_1505,normalized_margin_3D,1,0.8561353850666236
OOD_1506,normalized_margin_3D,0,0.13852197998140767
OOD_1507,normalized_margin_3D,0,0.1487121682919814
OOD_1508,normalized_margin_3D,0,0.2153978704753747
OOD_1509,normalized_margin_3D,1,0.1469239381517903
OOD_1510,normalized_margin_3D,0,0.40471195066782617
OOD_1511,normalized_margin_3D,0,0.1541405607611905
OOD_1512,normalized_margin_3D,1,0.6603678136206779
OOD_1513,normalized_margin_3D,0,0.16248830909080197
OOD_1514,normalized_margin_3D,0,0.15813818950068037
OOD_1515,normalized_margin_3D,1,0.31271500237926925
OOD_1516,normalized_margin_3D,1,0.5307280943644299
OOD_1517,normalized_margin_3D,1,0.48271483203523996
OOD_1518,normalized_margin_3D,0,0.14062605427221753
OOD_1519,normalized_margin_3D,0,0.2133096898782388
OOD_1520,normalized_margin_3D,0,0.22841444628126056
OOD_1521,normalized_margin_3D,0,0.18547262114749413
OOD_1522,normalized_margin_3D,0,0.15053790368478953
OOD_1523,normalized_margin_3D,0,0.17951774234229423
OOD_1524,normalized_margin_3D,1,0.4533563372393466
OOD_1525,normalized_margin_3D,1,0.1656164103244847
OOD_1526,normalized_margin_3D,1,0.7819297882477906
OOD_1527,normalized_margin_3D,1,0.5416320496426357
OOD_1528,normalized_margin_3D,0,0.2208100164062946
OOD_1529,normalized_margin_3D,1,0.28889091901349545
OOD_1530,normalized_margin_3D,1,0.23427575054843383
OOD_1531,normalized_margin_3D,1,0.6887657505562539
OOD_1532,normalized_margin_3D,1,0.31909380331473913
OOD_1533,normalized_margin_3D,0,0.3176148430475338
OOD_1534,normalized_margin_3D,0,0.14884082111014424
OOD_1535,normalized_margin_3D,1,0.32631406532187607
OOD_1536,normalized_margin_3D,0,0.23745445314151703
OOD_1537,normalized_margin_3D,1,0.32256267766137875
OOD_1538,normalized_margin_3D,1,0.16292359325763256
OOD_1539,normalized_margin_3D,1,0.37643680774904237
OOD_1540,normalized_margin_3D,0,0.32339505990388623
OOD_1541,normalized_margin_3D,1,0.23286695649142633
OOD_1542,normalized_margin_3D,0,0.1416923703377903
OOD_1543,normalized_margin_3D,1,0.4892545202739256
OOD_1544,normalized_margin_3D,0,0.1886222955624963
OOD_1545,normalized_margin_3D,0,0.1683365307488476
OOD_1546,normalized_margin_3D,1,0.45175118373262085
OOD_1547,normalized_margin_3D,0,0.16124520345089516
OOD_1548,normalized_margin_3D,1,0.47053041589469236
OOD_1549,normalized_margin_3D,1,0.4262131734216649
OOD_1550,normalized_margin_3D,0,0.18776656950789058
OOD_1551,normalized_margin_3D,0,0.29828548642057706
OOD_1552,normalized_margin_3D,0,0.349645400303113
OOD_1553,normalized_margin_3D,0,0.19347835148167586
OOD_1554,normalized_margin_3D,1,0.3401640526034666
OOD_1555,normalized_margin_3D,0,0.26503967591981825
OOD_1556,normalized_margin_3D,0,0.16273129717155163
OOD_1557,normalized_margin_3D,0,0.2902506059926704
OOD_1558,normalized_margin_3D,1,0.5614307778354285
OOD_1559,normalized_margin_3D,0,0.16551244552243752
OOD_1560,normalized_margin_3D,0,0.1933095988593925
OOD_1561,normalized_margin_3D,1,0.2609447514688302
OOD_1562,normalized_margin_3D,1,0.5134396197493551
OOD_1563,normalized_margin_3D,0,0.1778006932461407
OOD_1564,normalized_margin_3D,0,0.2046746550471236
OOD_1565,normalized_margin_3D,0,0.15870234773980238
OOD_1566,normalized_margin_3D,1,0.9311529355249039
OOD_1567,normalized_margin_3D,0,0.22969568377810298
OOD_1568,normalized_margin_3D,0,0.25186029899774437
OOD_1569,normalized_margin_3D,0,0.22579126768830318
OOD_1570,normalized_margin_3D,0,0.1522155726695014
OOD_1571,normalized_margin_3D,0,0.16188429865509127
OOD_1572,normalized_margin_3D,0,0.13951472958194822
OOD_1573,normalized_margin_3D,0,0.20681893502117193
OOD_1574,normalized_margin_3D,0,0.31472962920916675
OOD_1575,normalized_margin_3D,0,0.34211349831983867
OOD_1576,normalized_margin_3D,0,0.16098680535303336
OOD_1577,normalized_margin_3D,0,0.15039838386560925
OOD_1578,normalized_margin_3D,0,0.14086175268196463
OOD_1579,normalized_margin_3D,1,0.20992017389112771
OOD_1580,normalized_margin_3D,1,0.4119495749786167
OOD_1581,normalized_margin_3D,0,0.18029774294251855
OOD_1582,normalized_margin_3D,0,0.21852726616111734
OOD_1583,normalized_margin_3D,1,0.8777266585246858
OOD_1584,normalized_margin_3D,0,0.2502474443405161
OOD_1585,normalized_margin_3D,0,0.1404987940644555
OOD_1586,normalized_margin_3D,1,0.36253316386401707
OOD_1587,normalized_margin_3D,1,0.4486144100118412
OOD_1588,normalized_margin_3D,0,0.2248513638865185
OOD_1589,normalized_margin_3D,1,0.48119162179968217
OOD_1590,normalized_margin_3D,1,0.813400341235652
OOD_1591,normalized_margin_3D,0,0.14268646854503617
OOD_1592,normalized_margin_3D,0,0.1790693981125584
OOD_1593,normalized_margin_3D,1,0.679829092903763
OOD_1594,normalized_margin_3D,0,0.18351783331663016
OOD_1595,normalized_margin_3D,1,0.3863950089013256
OOD_1596,normalized_margin_3D,1,0.6622354729246792
OOD_1597,normalized_margin_3D,0,0.20780618423314748
OOD_1598,normalized_margin_3D,1,0.2891744694480981
OOD_1599,normalized_margin_3D,0,0.2524606858526444
OOD_1600,normalized_margin_3D,1,0.19509994081959942
OOD_1601,normalized_margin_3D,0,0.1760428239951672
OOD_1602,normalized_margin_3D,1,0.1577440253729647
OOD_1603,normalized_margin_3D,1,0.7055994211648462
OOD_1604,normalized_margin_3D,1,0.7605399731256843
OOD_1605,normalized_margin_3D,1,0.3359584178424062
OOD_1606,normalized_margin_3D,0,0.14621095747278964
OOD_1607,normalized_margin_3D,0,0.2233696665340884
OOD_1608,normalized_margin_3D,1,0.26486231820300077
OOD_1609,normalized_margin_3D,0,0.26591577283534307
OOD_1610,normalized_margin_3D,0,0.16888442654034336
OOD_1611,normalized_margin_3D,0,0.2496043776897284
OOD_1612,normalized_margin_3D,1,0.6334961871792253
OOD_1613,normalized_margin_3D,0,0.14038584712287933
OOD_1614,normalized_margin_3D,0,0.2011318175745286
OOD_1615,normalized_margin_3D,1,0.4316150561484114
OOD_1616,normalized_margin_3D,1,0.8087240552077086
OOD_1617,normalized_margin_3D,0,0.18502962791322733
OOD_1618,normalized_margin_3D,1,0.5190285571637232
OOD_1619,normalized_margin_3D,0,0.3686315922189337
OOD_1620,normalized_margin_3D,1,0.3976711493240751
OOD_1621,normalized_margin_3D,1,0.5017867323498302
OOD_1622,normalized_margin_3D,1,0.7076011991553741
OOD_1623,normalized_margin_3D,1,0.9192421318603137
OOD_1624,normalized_margin_3D,1,0.6705141370728762
OOD_1625,normalized_margin_3D,0,0.21087283003062046
OOD_1626,normalized_margin_3D,0,0.1534066221919377
OOD_1627,normalized_margin_3D,0,0.1614656394487978
OOD_1628,normalized_margin_3D,1,0.17747136104118916
OOD_1629,normalized_margin_3D,0,0.28888323057336757
OOD_1630,normalized_margin_3D,0,0.17773523331156954
OOD_1631,normalized_margin_3D,1,0.3386833368629346
OOD_1632,normalized_margin_3D,0,0.24250494009570894
OOD_1633,normalized_margin_3D,1,0.4273383165365413
OOD_1634,normalized_margin_3D,0,0.37507048115928854
OOD_1635,normalized_margin_3D,1,0.30449717636561857
OOD_1636,normalized_margin_3D,0,0.15194080596709575
OOD_1637,normalized_margin_3D,1,0.3244691165747426
OOD_1638,normalized_margin_3D,1,0.8423642474485392
OOD_1639,normalized_margin_3D,1,0.7815767037238622
OOD_1640,normalized_margin_3D,0,0.21222358532863436
OOD_1641,normalized_margin_3D,0,0.13555887277929796
OOD_1642,normalized_margin_3D,0,0.4363915169264707
OOD_1643,normalized_margin_3D,0,0.19629327481831177
OOD_1644,normalized_margin_3D,1,0.3664972507116961
OOD_1645,normalized_margin_3D,0,0.14281677218506805
OOD_1646,normalized_margin_3D,1,0.1796184865254661
OOD_1647,normalized_margin_3D,1,0.4270703126320753
OOD_1648,normalized_margin_3D,0,0.21506165012065925
OOD_1649,normalized_margin_3D,1,0.2896885997219111
OOD_1650,normalized_margin_3D,0,0.1539105118681405
OOD_1651,normalized_margin_3D,0,0.14312408184122788
OOD_1652,normalized_margin_3D,1,0.2705305466580421
OOD_1653,normalized_margin_3D,0,0.21052559125410783
OOD_1654,normalized_margin_3D,1,0.8420300271804595
OOD_1655,normalized_margin_3D,0,0.20559859900952285
OOD_1656,normalized_margin_3D,1,0.26614719599768893
OOD_1657,normalized_margin_3D,0,0.2080091216112903
OOD_1658,normalized_margin_3D,0,0.13721443743381373
OOD_1659,normalized_margin_3D,0,0.16186003170334828
OOD_1660,normalized_margin_3D,0,0.18110006394734104
OOD_1661,normalized_margin_3D,0,0.21288621040637218
OOD_1662,normalized_margin_3D,1,0.23179224435609147
OOD_1663,normalized_margin_3D,0,0.14296894557780845
OOD_1664,normalized_margin_3D,0,0.16861243422798436
OOD_1665,normalized_margin_3D,0,0.1871451836777061
OOD_1666,normalized_margin_3D,1,0.1512585478718175
OOD_1667,normalized_margin_3D,0,0.1528896256486563
OOD_1668,normalized_margin_3D,1,0.664255502314043
OOD_1669,normalized_margin_3D,0,0.1528492162591703
OOD_1670,normalized_margin_3D,0,0.16352264460955057
OOD_1671,normalized_margin_3D,1,0.16864913431022985
OOD_1672,normalized_margin_3D,0,0.15881123488644858
OOD_1673,normalized_margin_3D,0,0.13468568764643735
OOD_1674,normalized_margin_3D,0,0.2613238409986088
OOD_1675,normalized_margin_3D,0,0.1772432522820171
OOD_1676,normalized_margin_3D,0,0.13058296580158876
OOD_1677,normalized_margin_3D,1,0.3682283863631493
OOD_1678,normalized_margin_3D,0,0.1977796701228674
OOD_1679,normalized_margin_3D,1,0.5842650553022475
OOD_1680,normalized_margin_3D,0,0.18721707142824798
OOD_1681,normalized_margin_3D,0,0.16788855103299236
OOD_1682,normalized_margin_3D,0,0.14085699420414613
OOD_1683,normalized_margin_3D,1,0.15922118723865764
OOD_1684,normalized_margin_3D,0,0.23259820103881806
OOD_1685,normalized_margin_3D,0,0.2781114426038266
OOD_1686,normalized_margin_3D,0,0.15550055165461218
OOD_1687,normalized_margin_3D,0,0.16975147012532266
OOD_1688,normalized_margin_3D,0,0.180387069968643
OOD_1689,normalized_margin_3D,1,0.8025330653475002
OOD_1690,normalized_margin_3D,0,0.24462147714569552
OOD_1691,normalized_margin_3D,1,0.29103630692997684
OOD_1692,normalized_margin_3D,1,0.41298175785971003
OOD_1693,normalized_margin_3D,1,0.2877158744973749
OOD_1694,normalized_margin_3D,1,0.6616367303460191
OOD_1695,normalized_margin_3D,0,0.3317521359081303
OOD_1696,normalized_margin_3D,0,0.14790328184456314
OOD_1697,normalized_margin_3D,0,0.14554196395769656
OOD_1698,normalized_margin_3D,0,0.17070859124429885
OOD_1699,normalized_margin_3D,1,0.539369584673278
OOD_1700,normalized_margin_3D,1,0.516316964198781
OOD_1701,normalized_margin_3D,0,0.14267272714686846
OOD_1702,normalized_margin_3D,0,0.4423142501819398
OOD_1703,normalized_margin_3D,0,0.14885814387498003
OOD_1704,normalized_margin_3D,1,0.24931363868232886
OOD_1705,normalized_margin_3D,0,0.1740161660349456
OOD_1706,normalized_margin_3D,0,0.24639450690742642
OOD_1707,normalized_margin_3D,1,0.27559077846513547
OOD_1708,normalized_margin_3D,0,0.1744699544886765
OOD_1709,normalized_margin_3D,0,0.18265731782264633
OOD_1710,normalized_margin_3D,0,0.19118306238655353
OOD_1711,normalized_margin_3D,1,0.1736377416550813
OOD_1712,normalized_margin_3D,1,0.1971250809243625
OOD_1713,normalized_margin_3D,0,0.18553542982126292
OOD_1714,normalized_margin_3D,0,0.26107673174259105
OOD_1715,normalized_margin_3D,1,0.2765071657375511
OOD_1716,normalized_margin_3D,0,0.1683764053637361
OOD_1717,normalized_margin_3D,0,0.15597825659409234
OOD_1718,normalized_margin_3D,0,0.2673650021826251
OOD_1719,normalized_margin_3D,1,0.2449308168967814
OOD_1720,normalized_margin_3D,1,0.15671212244558932
OOD_1721,normalized_margin_3D,0,0.2643556137448328
OOD_1722,normalized_margin_3D,1,0.1713347017155735
OOD_1723,normalized_margin_3D,0,0.20616591829315364
OOD_1724,normalized_margin_3D,0,0.1632103821634855
OOD_1725,normalized_margin_3D,0,0.23173750382671066
OOD_1726,normalized_margin_3D,1,0.5544439180125382
OOD_1727,normalized_margin_3D,0,0.3030831648473899
OOD_1728,normalized_margin_3D,0,0.23233164735540515
OOD_1729,normalized_margin_3D,0,0.1459816808892428
OOD_1730,normalized_margin_3D,0,0.19181687664245198
OOD_1731,normalized_margin_3D,0,0.17976172917286606
OOD_1732,normalized_margin_3D,0,0.4108806902532595
OOD_1733,normalized_margin_3D,0,0.14778281499399426
OOD_1734,normalized_margin_3D,0,0.19430774520387625
OOD_1735,normalized_margin_3D,0,0.18554782675340248
OOD_1736,normalized_margin_3D,1,0.32942186376020033
OOD_1737,normalized_margin_3D,0,0.255502221260811
OOD_1738,normalized_margin_3D,0,0.2450483503736064
OOD_1739,normalized_margin_3D,1,0.27910705766380184
OOD_1740,normalized_margin_3D,1,0.4589398092099977
OOD_1741,normalized_margin_3D,0,0.15597569881078802
OOD_1742,normalized_margin_3D,0,0.23630919149861015
OOD_1743,normalized_margin_3D,0,0.2791404411881408
OOD_1744,normalized_margin_3D,1,0.15763718143467587
OOD_1745,normalized_margin_3D,0,0.14556217916939937
OOD_1746,normalized_margin_3D,1,0.4072095601723632
OOD_1747,normalized_margin_3D,0,0.3068305264207143
OOD_1748,normalized_margin_3D,1,0.3057056623374484
OOD_1749,normalized_margin_3D,1,0.5046932617675728
OOD_1750,normalized_margin_3D,0,0.19058795184488625
OOD_1751,normalized_margin_3D,0,0.1562919685936144
OOD_1752,normalized_margin_3D,0,0.1719542762171597
OOD_1753,normalized_margin_3D,0,0.15305877352850716
OOD_1754,normalized_margin_3D,0,0.19073266047267257
OOD_1755,normalized_margin_3D,0,0.14910866258247119
OOD_1756,normalized_margin_3D,1,0.6543942512097506
OOD_1757,normalized_margin_3D,1,0.19641839659255775
OOD_1758,normalized_margin_3D,0,0.1684861914373912
OOD_1759,normalized_margin_3D,0,0.1988924668174446
OOD_1760,normalized_margin_3D,1,0.2381285116451912
OOD_1761,normalized_margin_3D,1,0.49479844658604444
OOD_1762,normalized_margin_3D,0,0.19656232446305846
OOD_1763,normalized_margin_3D,0,0.2502272356925002
OOD_1764,normalized_margin_3D,0,0.22200575275228093
OOD_1765,normalized_margin_3D,1,0.17397175637014176
OOD_1766,normalized_margin_3D,1,0.5146034159533736
OOD_1767,normalized_margin_3D,1,0.49225045065868483
OOD_1768,normalized_margin_3D,0,0.16416572959902986
OOD_1769,normalized_margin_3D,0,0.15215671853234652
OOD_1770,normalized_margin_3D,0,0.1361157308980266
OOD_1771,normalized_margin_3D,0,0.2988269875645585
OOD_1772,normalized_margin_3D,0,0.13380307739185732
OOD_1773,normalized_margin_3D,0,0.15390762400253022
OOD_1774,normalized_margin_3D,0,0.2036970991853006
OOD_1775,normalized_margin_3D,0,0.34518079835155957
OOD_1776,normalized_margin_3D,0,0.22284447787627754
OOD_1777,normalized_margin_3D,0,0.16672112501274577
OOD_1778,normalized_margin_3D,1,0.21918993367238157
OOD_1779,normalized_margin_3D,0,0.15745711321246328
OOD_1780,normalized_margin_3D,1,0.5586869071747856
OOD_1781,normalized_margin_3D,0,0.1476961029117417
OOD_1782,normalized_margin_3D,1,0.8168858796359183
OOD_1783,normalized_margin_3D,0,0.18190306292088254
OOD_1784,normalized_margin_3D,1,0.662510599780674
OOD_1785,normalized_margin_3D,1,0.6900404445312468
OOD_1786,normalized_margin_3D,0,0.22376473720809645
OOD_1787,normalized_margin_3D,0,0.19016540779674976
OOD_1788,normalized_margin_3D,0,0.13861291300824274
OOD_1789,normalized_margin_3D,0,0.1566066942053247
OOD_1790,normalized_margin_3D,0,0.1444059435163519
OOD_1791,normalized_margin_3D,0,0.31829605430128777
OOD_1792,normalized_margin_3D,0,0.1547187849631623
OOD_1793,normalized_margin_3D,0,0.1387368511947859
OOD_1794,normalized_margin_3D,1,0.25726543525520873
OOD_1795,normalized_margin_3D,1,0.16365359047539085
OOD_1796,normalized_margin_3D,0,0.26411171431723895
OOD_1797,normalized_margin_3D,0,0.293280097386308
OOD_1798,normalized_margin_3D,0,0.14671603316407872
OOD_1799,normalized_margin_3D,0,0.15849257020744292
OOD_1800,normalized_margin_3D,0,0.18222261178954707
OOD_1801,normalized_margin_3D,1,0.42183922583548605
OOD_1802,normalized_margin_3D,1,0.37556120990892017
OOD_1803,normalized_margin_3D,1,0.37275895937573467
OOD_1804,normalized_margin_3D,1,0.3770518990478422
OOD_1805,normalized_margin_3D,0,0.16870922843439
OOD_1806,normalized_margin_3D,0,0.23759068710928094
OOD_1807,normalized_margin_3D,0,0.1435816884990172
OOD_1808,normalized_margin_3D,1,0.680283745240608
OOD_1809,normalized_margin_3D,0,0.15324696646146624
OOD_1810,normalized_margin_3D,0,0.15310966750526978
OOD_1811,normalized_margin_3D,0,0.14622588187250543
OOD_1812,normalized_margin_3D,0,0.14306256670772688
OOD_1813,normalized_margin_3D,0,0.17035199935816375
OOD_1814,normalized_margin_3D,0,0.18986556308124033
OOD_1815,normalized_margin_3D,1,0.3209638265962035
OOD_1816,normalized_margin_3D,0,0.13668292640810836
OOD_1817,normalized_margin_3D,1,0.2870879443334405
OOD_1818,normalized_margin_3D,0,0.1785394277040312
OOD_1819,normalized_margin_3D,0,0.18534619033619723
OOD_1820,normalized_margin_3D,1,0.5902368224093196
OOD_1821,normalized_margin_3D,1,0.4440263468570758
OOD_1822,normalized_margin_3D,1,0.20290928435236685
OOD_1823,normalized_margin_3D,0,0.2278681022918767
OOD_1824,normalized_margin_3D,1,0.6827253902922105
OOD_1825,normalized_margin_3D,0,0.27038908275010326
OOD_1826,normalized_margin_3D,0,0.13568693874184076
OOD_1827,normalized_margin_3D,0,0.13681844997663237
OOD_1828,normalized_margin_3D,0,0.39729745085363194
OOD_1829,normalized_margin_3D,1,0.20872057785282008
OOD_1830,normalized_margin_3D,1,0.4595622937877281
OOD_1831,normalized_margin_3D,0,0.177876359368048
OOD_1832,normalized_margin_3D,0,0.23835710663873463
OOD_1833,normalized_margin_3D,0,0.18244475467053872
OOD_1834,normalized_margin_3D,1,0.3324089278988291
OOD_1835,normalized_margin_3D,0,0.18904544864485365
OOD_1836,normalized_margin_3D,1,0.275268105785181
OOD_1837,normalized_margin_3D,1,0.7110792025360908
OOD_1838,normalized_margin_3D,1,0.48904216986321764
OOD_1839,normalized_margin_3D,0,0.19760868641949636
OOD_1840,normalized_margin_3D,0,0.1607656513311482
OOD_1841,normalized_margin_3D,1,0.2099139028269246
OOD_1842,normalized_margin_3D,1,0.8822203366126824
OOD_1843,normalized_margin_3D,1,0.2761416952942859
OOD_1844,normalized_margin_3D,1,0.19047712879864634
OOD_1845,normalized_margin_3D,0,0.14195242427145716
OOD_1846,normalized_margin_3D,1,0.8876333843129868
OOD_1847,normalized_margin_3D,0,0.13964006330160306
OOD_1848,normalized_margin_3D,1,0.35867779031549685
OOD_1849,normalized_margin_3D,1,0.7132112233239263
OOD_1850,normalized_margin_3D,0,0.3842988419572005
OOD_1851,normalized_margin_3D,1,0.16472508917776277
OOD_1852,normalized_margin_3D,0,0.14687457614236787
OOD_1853,normalized_margin_3D,0,0.164787339763489
OOD_1854,normalized_margin_3D,0,0.1424197301597127
OOD_1855,normalized_margin_3D,0,0.2417849512217676
OOD_1856,normalized_margin_3D,1,0.32118667765839587
OOD_1857,normalized_margin_3D,1,0.28080251545142215
OOD_1858,normalized_margin_3D,0,0.19886449716465887
OOD_1859,normalized_margin_3D,0,0.1678079396041293
OOD_1860,normalized_margin_3D,0,0.26028454933577466
OOD_1861,normalized_margin_3D,1,0.4358052038723371
OOD_1862,normalized_margin_3D,0,0.16358244005459877
OOD_1863,normalized_margin_3D,1,0.925603412928582
OOD_1864,normalized_margin_3D,1,0.2334049532979481
OOD_1865,normalized_margin_3D,0,0.20708583789972634
OOD_1866,normalized_margin_3D,0,0.1669786518631708
OOD_1867,normalized_margin_3D,0,0.13634415128480115
OOD_1868,normalized_margin_3D,0,0.14088817611151014
OOD_1869,normalized_margin_3D,1,0.14843193489541612
OOD_1870,normalized_margin_3D,1,0.2997133402151388
OOD_1871,normalized_margin_3D,1,0.2757106399292825
OOD_1872,normalized_margin_3D,1,0.8269191100273631
OOD_1873,normalized_margin_3D,0,0.345915143699452
OOD_1874,normalized_margin_3D,1,0.3022266206454941
OOD_1875,normalized_margin_3D,1,0.619129207300962
OOD_1876,normalized_margin_3D,1,0.5407291164652943
OOD_1877,normalized_margin_3D,0,0.37310010788224324
OOD_1878,normalized_margin_3D,1,0.2198821898874275
OOD_1879,normalized_margin_3D,0,0.23026074323836196
OOD_1880,normalized_margin_3D,0,0.15526215944755692
OOD_1881,normalized_margin_3D,1,0.5155459864006682
OOD_1882,normalized_margin_3D,0,0.24319987571355803
OOD_1883,normalized_margin_3D,0,0.2124339208901019
OOD_1884,normalized_margin_3D,0,0.13639954687253195
OOD_1885,normalized_margin_3D,0,0.13714452151670442
OOD_1886,normalized_margin_3D,1,0.3382117517138034
OOD_1887,normalized_margin_3D,1,0.5740800291142852
OOD_1888,normalized_margin_3D,1,0.5000410022973121
OOD_1889,normalized_margin_3D,1,0.349037340406219
OOD_1890,normalized_margin_3D,1,0.5848916584930224
OOD_1891,normalized_margin_3D,0,0.24074627853774905
OOD_1892,normalized_margin_3D,0,0.20378291486578723
OOD_1893,normalized_margin_3D,0,0.19322348663398017
OOD_1894,normalized_margin_3D,0,0.2953720073785771
OOD_1895,normalized_margin_3D,1,0.8295752926887497
OOD_1896,normalized_margin_3D,1,0.3741261937274712
OOD_1897,normalized_margin_3D,1,0.3738497616565559
OOD_1898,normalized_margin_3D,1,0.7742461464277258
OOD_1899,normalized_margin_3D,0,0.13930624348348958
OOD_1900,normalized_margin_3D,0,0.13440852740698897
OOD_1901,normalized_margin_3D,1,0.35392627715507796
OOD_1902,normalized_margin_3D,1,0.24810088508401665
OOD_1903,normalized_margin_3D,0,0.14585084432056922
OOD_1904,normalized_margin_3D,1,0.9396221052558895
OOD_1905,normalized_margin_3D,0,0.2703808708870166
OOD_1906,normalized_margin_3D,0,0.4292457111119279
OOD_1907,normalized_margin_3D,0,0.16527397498697696
OOD_1908,normalized_margin_3D,1,0.47490672691043195
OOD_1909,normalized_margin_3D,1,0.17666460416439228
OOD_1910,normalized_margin_3D,1,0.33759488025671613
OOD_1911,normalized_margin_3D,0,0.17402278156852904
OOD_1912,normalized_margin_3D,0,0.27426978611703734
OOD_1913,normalized_margin_3D,1,0.39325225009929116
OOD_1914,normalized_margin_3D,0,0.1759878976320292
OOD_1915,normalized_margin_3D,0,0.18419649832737175
OOD_1916,normalized_margin_3D,0,0.16953711975330532
OOD_1917,normalized_margin_3D,1,0.208782041900693
OOD_1918,normalized_margin_3D,0,0.17598291392234341
OOD_1919,normalized_margin_3D,0,0.19610078411190227
OOD_1920,normalized_margin_3D,0,0.255196588351029
OOD_1921,normalized_margin_3D,0,0.1399249802234034
OOD_1922,normalized_margin_3D,1,0.33104799962952663
OOD_1923,normalized_margin_3D,0,0.14276866866705973
OOD_1924,normalized_margin_3D,1,0.8375129493179897
OOD_1925,normalized_margin_3D,1,0.4902453017632046
OOD_1926,normalized_margin_3D,1,0.1758688245770235
OOD_1927,normalized_margin_3D,1,0.8766588906521189
OOD_1928,normalized_margin_3D,0,0.2520342870289143
OOD_1929,normalized_margin_3D,0,0.17120938416049208
OOD_1930,normalized_margin_3D,0,0.27440960110503027
OOD_1931,normalized_margin_3D,1,0.838232058913935
OOD_1932,normalized_margin_3D,1,0.7886453786763307
OOD_1933,normalized_margin_3D,1,0.7510748386795966
OOD_1934,normalized_margin_3D,1,0.5662478221881606
OOD_1935,normalized_margin_3D,0,0.13736661865051772
OOD_1936,normalized_margin_3D,0,0.1419294214306424
OOD_1937,normalized_margin_3D,1,0.5490250812511163
OOD_1938,normalized_margin_3D,1,0.3387591929821133
OOD_1939,normalized_margin_3D,1,0.1695921118344419
OOD_1940,normalized_margin_3D,0,0.2373077439869428
OOD_1941,normalized_margin_3D,0,0.13296935926742
OOD_1942,normalized_margin_3D,0,0.16708282603831842
OOD_1943,normalized_margin_3D,1,0.8811553077729909
OOD_1944,normalized_margin_3D,1,0.2193132152260941
OOD_1945,normalized_margin_3D,1,0.33474461263878746
OOD_1946,normalized_margin_3D,1,0.18150996486096796
OOD_1947,normalized_margin_3D,0,0.2018989150501641
OOD_1948,normalized_margin_3D,0,0.13343575233899688
OOD_1949,normalized_margin_3D,1,0.373383178128517
OOD_1950,normalized_margin_3D,0,0.2226095694359544
OOD_1951,normalized_margin_3D,0,0.19060246018567145
OOD_1952,normalized_margin_3D,1,0.31648305286704936
OOD_1953,normalized_margin_3D,0,0.14251875282941157
OOD_1954,normalized_margin_3D,0,0.17855018103245043
OOD_1955,normalized_margin_3D,0,0.1605244542642687
OOD_1956,normalized_margin_3D,1,0.9422479521257128
OOD_1957,normalized_margin_3D,0,0.17184424409696492
OOD_1958,normalized_margin_3D,0,0.2661707136423866
OOD_1959,normalized_margin_3D,1,0.44921204922658525
OOD_1960,normalized_margin_3D,0,0.3033437878248155
OOD_1961,normalized_margin_3D,0,0.13446897204743405
OOD_1962,normalized_margin_3D,0,0.1363883772126519
OOD_1963,normalized_margin_3D,0,0.2806159762296521
OOD_1964,normalized_margin_3D,0,0.23089108286508495
OOD_1965,normalized_margin_3D,0,0.18014815707557605
OOD_1966,normalized_margin_3D,0,0.1430183811877633
OOD_1967,normalized_margin_3D,0,0.1472509816564776
OOD_1968,normalized_margin_3D,0,0.17278137929180787
OOD_1969,normalized_margin_3D,0,0.2724836971200114
OOD_1970,normalized_margin_3D,0,0.21482593513537016
OOD_1971,normalized_margin_3D,1,0.38104251751258317
OOD_1972,normalized_margin_3D,1,0.5783433515135004
OOD_1973,normalized_margin_3D,0,0.30342025055974536
OOD_1974,normalized_margin_3D,0,0.188936324732573
OOD_1975,normalized_margin_3D,0,0.17912924984721548
OOD_1976,normalized_margin_3D,0,0.1408172816028333
OOD_1977,normalized_margin_3D,1,0.3132686861338575
OOD_1978,normalized_margin_3D,0,0.24280398382174093
OOD_1979,normalized_margin_3D,1,0.20699542106102867
OOD_1980,normalized_margin_3D,0,0.26103254147919414
OOD_1981,normalized_margin_3D,1,0.7434493756648264
OOD_1982,normalized_margin_3D,0,0.16355504800322745
OOD_1983,normalized_margin_3D,1,0.8091462753708653
OOD_1984,normalized_margin_3D,0,0.15146259725963637
OOD_1985,normalized_margin_3D,0,0.2110420562367377
OOD_1986,normalized_margin_3D,1,0.7718789441053572
OOD_1987,normalized_margin_3D,0,0.14655931865662547
OOD_1988,normalized_margin_3D,0,0.15579132689876127
OOD_1989,normalized_margin_3D,0,0.23743307774303773
OOD_1990,normalized_margin_3D,0,0.17199788794914325
OOD_1991,normalized_margin_3D,0,0.2052142881710427
OOD_1992,normalized_margin_3D,1,0.3057666727183213
OOD_1993,normalized_margin_3D,0,0.31667113202873726
OOD_1994,normalized_margin_3D,1,0.20567190506832436
OOD_1995,normalized_margin_3D,1,0.298008695309539
OOD_1996,normalized_margin_3D,0,0.17867777752931552
OOD_1997,normalized_margin_3D,0,0.2293983669357454
OOD_1998,normalized_margin_3D,0,0.14705962628632913
OOD_1999,normalized_margin_3D,0,0.3458775993155853
OOD_2000,normalized_margin_3D,0,0.13958890861929166
OOD_2001,normalized_margin_3D,1,0.6593141924685696
OOD_2002,normalized_margin_3D,0,0.1993512791245423
OOD_2003,normalized_margin_3D,1,0.4194846885580546
OOD_2004,normalized_margin_3D,0,0.16837650057003534
OOD_2005,normalized_margin_3D,1,0.7361489756833367
OOD_2006,normalized_margin_3D,0,0.3243350106659516
OOD_2007,normalized_margin_3D,0,0.2858527587458822
OOD_2008,normalized_margin_3D,1,0.4678711612530399
OOD_2009,normalized_margin_3D,0,0.2123327430899414
OOD_2010,normalized_margin_3D,0,0.17373170290935777
OOD_2011,normalized_margin_3D,0,0.19545313216702936
OOD_2012,normalized_margin_3D,1,0.8419050607723938
OOD_2013,normalized_margin_3D,1,0.22253629980152476
OOD_2014,normalized_margin_3D,1,0.30030895072298525
OOD_2015,normalized_margin_3D,0,0.3299882032851151
OOD_2016,normalized_margin_3D,1,0.23572245424164145
OOD_2017,normalized_margin_3D,0,0.21560047323987935
OOD_2018,normalized_margin_3D,0,0.3671432318395675
OOD_2019,normalized_margin_3D,0,0.16775984641569344
OOD_2020,normalized_margin_3D,0,0.1895280846123723
OOD_2021,normalized_margin_3D,0,0.13442005570000332
OOD_2022,normalized_margin_3D,0,0.2482616525246836
OOD_2023,normalized_margin_3D,0,0.26036056459217144
OOD_2024,normalized_margin_3D,0,0.2465764990290903
OOD_2025,normalized_margin_3D,1,0.8176450709897968
OOD_2026,normalized_margin_3D,0,0.14289659985870504
OOD_2027,normalized_margin_3D,0,0.15364301452634962
OOD_2028,normalized_margin_3D,1,0.5616620351188656
OOD_2029,normalized_margin_3D,1,0.4150872912571139
OOD_2030,normalized_margin_3D,0,0.27203796377549483
OOD_2031,normalized_margin_3D,0,0.17068801677336193
OOD_2032,normalized_margin_3D,0,0.2704391624164575
OOD_2033,normalized_margin_3D,0,0.14107102165977362
OOD_2034,normalized_margin_3D,1,0.5438629579642859
OOD_2035,normalized_margin_3D,0,0.1608867197748919
OOD_2036,normalized_margin_3D,1,0.724078079725938
OOD_2037,normalized_margin_3D,1,0.4664513490002565
OOD_2038,normalized_margin_3D,0,0.28865686547485314
OOD_2039,normalized_margin_3D,0,0.2242151136239215
OOD_2040,normalized_margin_3D,0,0.2567692832655173
OOD_2041,normalized_margin_3D,0,0.16558616695075756
OOD_2042,normalized_margin_3D,0,0.17256160690472855
OOD_2043,normalized_margin_3D,1,0.48237277299381975
OOD_2044,normalized_margin_3D,0,0.20015596915482822
OOD_2045,normalized_margin_3D,1,0.24605435200024214
OOD_2046,normalized_margin_3D,0,0.17032977992263862
OOD_2047,normalized_margin_3D,0,0.1601457213247933
OOD_2048,normalized_margin_3D,1,0.7651476918277693
OOD_2049,normalized_margin_3D,0,0.14370597271793858
OOD_2050,normalized_margin_3D,0,0.16901089126831487
OOD_2051,normalized_margin_3D,1,0.4072551889854109
OOD_2052,normalized_margin_3D,1,0.7961751035044451
OOD_2053,normalized_margin_3D,1,0.6097715472120727
OOD_2054,normalized_margin_3D,0,0.19201632244284392
OOD_2055,normalized_margin_3D,0,0.19487283384751036
OOD_2056,normalized_margin_3D,0,0.13916261243097164
OOD_2057,normalized_margin_3D,0,0.184194162299838
OOD_2058,normalized_margin_3D,1,0.17063215862597764
OOD_2059,normalized_margin_3D,0,0.304843667927849
OOD_2060,normalized_margin_3D,0,0.20940933165993175
OOD_2061,normalized_margin_3D,1,0.31481485163665573
OOD_2062,normalized_margin_3D,0,0.2600676738990513
OOD_2063,normalized_margin_3D,1,0.3962207765436394
OOD_2064,normalized_margin_3D,1,0.693358422026701
OOD_2065,normalized_margin_3D,1,0.7903655348260135
OOD_2066,normalized_margin_3D,1,0.6615735952065507
OOD_2067,normalized_margin_3D,0,0.14350442107807168
OOD_2068,normalized_margin_3D,1,0.17552872032806904
OOD_2069,normalized_margin_3D,1,0.15774720418975616
OOD_2070,normalized_margin_3D,1,0.4410969153908439
OOD_2071,normalized_margin_3D,1,0.4033498939819122
OOD_2072,normalized_margin_3D,1,0.447545247444351
OOD_2073,normalized_margin_3D,0,0.21894215096915368
OOD_2074,normalized_margin_3D,1,0.671973466915827
OOD_2075,normalized_margin_3D,0,0.1761054786740396
OOD_2076,normalized_margin_3D,1,0.23022868973729324
OOD_2077,normalized_margin_3D,0,0.18351114228024534
OOD_2078,normalized_margin_3D,1,0.34027232464705903
OOD_2079,normalized_margin_3D,0,0.16513026675885137
OOD_2080,normalized_margin_3D,1,0.23981845131490115
OOD_2081,normalized_margin_3D,1,0.900947304189564
OOD_2082,normalized_margin_3D,0,0.1408942676350885
OOD_2083,normalized_margin_3D,1,0.17194335983342618
OOD_2084,normalized_margin_3D,1,0.9466414496194776
OOD_2085,normalized_margin_3D,0,0.18627643104994263
OOD_2086,normalized_margin_3D,0,0.1757461907120605
OOD_2087,normalized_margin_3D,1,0.19117142052228173
OOD_2088,normalized_margin_3D,0,0.1478454343057755
OOD_2089,normalized_margin_3D,1,0.7511258727214134
OOD_2090,normalized_margin_3D,0,0.13784368133782218
OOD_2091,normalized_margin_3D,0,0.16058012586557543
OOD_2092,normalized_margin_3D,0,0.23432526253355979
OOD_2093,normalized_margin_3D,1,0.6165700579344715
OOD_2094,normalized_margin_3D,0,0.1973222217467579
OOD_2095,normalized_margin_3D,1,0.4081418774980754
OOD_2096,normalized_margin_3D,0,0.33176915835364335
OOD_2097,normalized_margin_3D,1,0.6527362001919154
OOD_2098,normalized_margin_3D,1,0.309800749154761
OOD_2099,normalized_margin_3D,0,0.1933937745679725
OOD_2100,normalized_margin_3D,1,0.22685488753210173
OOD_2101,normalized_margin_3D,0,0.1449563541605238
OOD_2102,normalized_margin_3D,1,0.2546492268683436
OOD_2103,normalized_margin_3D,0,0.16872241248734485
OOD_2104,normalized_margin_3D,0,0.23679445145746672
OOD_2105,normalized_margin_3D,1,0.22360104837161823
OOD_2106,normalized_margin_3D,0,0.1641811363705617
OOD_2107,normalized_margin_3D,0,0.15617759541914886
OOD_2108,normalized_margin_3D,0,0.1884813794030387
OOD_2109,normalized_margin_3D,0,0.13953382833030545
OOD_2110,normalized_margin_3D,1,0.39825855651677683
OOD_2111,normalized_margin_3D,1,0.16174566606087407
OOD_2112,normalized_margin_3D,0,0.14533200718742992
OOD_2113,normalized_margin_3D,0,0.4421667378665106
OOD_2114,normalized_margin_3D,0,0.3054303908354851
OOD_2115,normalized_margin_3D,1,0.634552474361694
OOD_2116,normalized_margin_3D,0,0.2582110191295439
OOD_2117,normalized_margin_3D,1,0.27881981604902095
OOD_2118,normalized_margin_3D,0,0.15152335238866466
OOD_2119,normalized_margin_3D,0,0.19984475896153256
OOD_2120,normalized_margin_3D,0,0.2237268365375395
OOD_2121,normalized_margin_3D,0,0.16044858170335327
OOD_2122,normalized_margin_3D,0,0.17338199569108867
OOD_2123,normalized_margin_3D,0,0.17352673111843483
OOD_2124,normalized_margin_3D,0,0.14378061980741574
OOD_2125,normalized_margin_3D,0,0.1328642453710653
OOD_2126,normalized_margin_3D,0,0.13517626192242327
OOD_2127,normalized_margin_3D,0,0.15282626455863194
OOD_2128,normalized_margin_3D,0,0.13922589270355365
OOD_2129,normalized_margin_3D,1,0.275750040478257
OOD_2130,normalized_margin_3D,0,0.1797386032761057
OOD_2131,normalized_margin_3D,1,0.47997266649272574
OOD_2132,normalized_margin_3D,0,0.1949247274716302
OOD_2133,normalized_margin_3D,0,0.3132281414671388
OOD_2134,normalized_margin_3D,1,0.4171778732854975
OOD_2135,normalized_margin_3D,0,0.16579384324325158
OOD_2136,normalized_margin_3D,0,0.2289955766400895
OOD_2137,normalized_margin_3D,1,0.3299257741667378
OOD_2138,normalized_margin_3D,1,0.20846145180749898
OOD_2139,normalized_margin_3D,1,0.7318010426522026
OOD_2140,normalized_margin_3D,0,0.14162646485863542
OOD_2141,normalized_margin_3D,0,0.2656030703001107
OOD_2142,normalized_margin_3D,0,0.33088940534437083
OOD_2143,normalized_margin_3D,0,0.14381698849882973
OOD_2144,normalized_margin_3D,0,0.14870861719944103
OOD_2145,normalized_margin_3D,1,0.17719750542748958
OOD_2146,normalized_margin_3D,1,0.3111439241430145
OOD_2147,normalized_margin_3D,1,0.3134730871450878
OOD_2148,normalized_margin_3D,0,0.16946736468337617
OOD_2149,normalized_margin_3D,0,0.15476236542497693
OOD_2150,normalized_margin_3D,1,0.48806708467545296
OOD_2151,normalized_margin_3D,1,0.42699320941969515
OOD_2152,normalized_margin_3D,1,0.46131040428192144
OOD_2153,normalized_margin_3D,1,0.8020271451093393
OOD_2154,normalized_margin_3D,1,0.7731447188651315
OOD_2155,normalized_margin_3D,1,0.7188244733875135
OOD_2156,normalized_margin_3D,0,0.1760791588400487
OOD_2157,normalized_margin_3D,1,0.2532720900954335
OOD_2158,normalized_margin_3D,0,0.24105173687964457
OOD_2159,normalized_margin_3D,1,0.35981143254580267
OOD_2160,normalized_margin_3D,0,0.15507454814272517
OOD_2161,normalized_margin_3D,0,0.22063399671235887
OOD_2162,normalized_margin_3D,1,0.7220443588988749
OOD_2163,normalized_margin_3D,0,0.32334897811115
OOD_2164,normalized_margin_3D,0,0.1339844293266071
OOD_2165,normalized_margin_3D,1,0.26864662541401324
OOD_2166,normalized_margin_3D,0,0.3227517738010989
OOD_2167,normalized_margin_3D,1,0.36951303981736366
OOD_2168,normalized_margin_3D,0,0.16539365256959643
OOD_2169,normalized_margin_3D,0,0.1616846926712942
OOD_2170,normalized_margin_3D,0,0.15657805440128347
OOD_2171,normalized_margin_3D,1,0.7691055666200969
OOD_2172,normalized_margin_3D,0,0.19280727619668475
OOD_2173,normalized_margin_3D,1,0.38886966934063855
OOD_2174,normalized_margin_3D,1,0.7245150701192
OOD_2175,normalized_margin_3D,0,0.36717839675128316
OOD_2176,normalized_margin_3D,0,0.18074890102566576
OOD_2177,normalized_margin_3D,0,0.16971701071969972
OOD_2178,normalized_margin_3D,0,0.22678580345034602
OOD_2179,normalized_margin_3D,1,0.5628482062643372
OOD_2180,normalized_margin_3D,1,0.2304278641041657
OOD_2181,normalized_margin_3D,1,0.8340203339802108
OOD_2182,normalized_margin_3D,0,0.19695245674547285
OOD_2183,normalized_margin_3D,1,0.45626926640413407
OOD_2184,normalized_margin_3D,1,0.7976340975715258
OOD_2185,normalized_margin_3D,1,0.8678571885671891
OOD_2186,normalized_margin_3D,1,0.19166171323684916
OOD_2187,normalized_margin_3D,1,0.7038764034662081
OOD_2188,normalized_margin_3D,0,0.23585521741091492
OOD_2189,normalized_margin_3D,1,0.3594074233586241
OOD_2190,normalized_margin_3D,1,0.24284244685881637
OOD_2191,normalized_margin_3D,0,0.19568174769148258
OOD_2192,normalized_margin_3D,0,0.22493588183835445
OOD_2193,normalized_margin_3D,0,0.31421831770361786
OOD_2194,normalized_margin_3D,1,0.5937112091877882
OOD_2195,normalized_margin_3D,1,0.4053263524819697
OOD_2196,normalized_margin_3D,1,0.4567321471228232
OOD_2197,normalized_margin_3D,1,0.8574488042025968
OOD_2198,normalized_margin_3D,0,0.17726775414800938
OOD_2199,normalized_margin_3D,1,0.4543819761150738
OOD_2200,normalized_margin_3D,0,0.14935033874946352
OOD_2201,normalized_margin_3D,0,0.18210701323065637
OOD_2202,normalized_margin_3D,1,0.25912198766593764
OOD_2203,normalized_margin_3D,1,0.39593729374294284
OOD_2204,normalized_margin_3D,0,0.1921984080728142
OOD_2205,normalized_margin_3D,0,0.1640892772514216
OOD_2206,normalized_margin_3D,0,0.17139423135241416
OOD_2207,normalized_margin_3D,1,0.21847663348410723
OOD_2208,normalized_margin_3D,0,0.24993839928230968
OOD_2209,normalized_margin_3D,0,0.1440728961697261
OOD_2210,normalized_margin_3D,1,0.1685541302431421
OOD_2211,normalized_margin_3D,0,0.19907328190415122
OOD_2212,normalized_margin_3D,0,0.13624592756153373
OOD_2213,normalized_margin_3D,0,0.16216681828817933
OOD_2214,normalized_margin_3D,0,0.1770836059930581
OOD_2215,normalized_margin_3D,0,0.29709028313930685
OOD_2216,normalized_margin_3D,0,0.1920387885715024
OOD_2217,normalized_margin_3D,1,0.20145384093551316
OOD_2218,normalized_margin_3D,0,0.17262094170515324
OOD_2219,normalized_margin_3D,0,0.48791882750618826
OOD_2220,normalized_margin_3D,0,0.19586402202676495
OOD_2221,normalized_margin_3D,0,0.23976149800502075
OOD_2222,normalized_margin_3D,1,0.24612006150096316
OOD_2223,normalized_margin_3D,0,0.18076040450308925
OOD_2224,normalized_margin_3D,1,0.7227381024405168
OOD_2225,normalized_margin_3D,0,0.2153415221272233
OOD_2226,normalized_margin_3D,1,0.3467109786782097
OOD_2227,normalized_margin_3D,0,0.17533599863981547
OOD_2228,normalized_margin_3D,0,0.20110164686825457
OOD_2229,normalized_margin_3D,1,0.4195321275321026
OOD_2230,normalized_margin_3D,1,0.7323308272435829
OOD_2231,normalized_margin_3D,1,0.398685507947451
OOD_2232,normalized_margin_3D,1,0.3444803355159644
OOD_2233,normalized_margin_3D,0,0.18469858158329697
OOD_2234,normalized_margin_3D,1,0.16237638507451324
OOD_2235,normalized_margin_3D,0,0.3258449139384374
OOD_2236,normalized_margin_3D,0,0.28220687816409235
OOD_2237,normalized_margin_3D,0,0.1994911861768977
OOD_2238,normalized_margin_3D,0,0.15002027105324411
OOD_2239,normalized_margin_3D,1,0.6907415076954497
OOD_2240,normalized_margin_3D,0,0.1554786626867682
OOD_2241,normalized_margin_3D,0,0.1571067761902781
OOD_2242,normalized_margin_3D,1,0.5378918826251777
OOD_2243,normalized_margin_3D,1,0.5519638691086799
OOD_2244,normalized_margin_3D,0,0.21716099663995267
OOD_2245,normalized_margin_3D,0,0.182673358985228
OOD_2246,normalized_margin_3D,0,0.17884864400878586
OOD_2247,normalized_margin_3D,0,0.2477223528025801
OOD_2248,normalized_margin_3D,0,0.17088277408678265
OOD_2249,normalized_margin_3D,0,0.32043513558477205
OOD_2250,normalized_margin_3D,0,0.21928707632615121
OOD_2251,normalized_margin_3D,0,0.2130784494101984
OOD_2252,normalized_margin_3D,0,0.15401979473378874
OOD_2253,normalized_margin_3D,1,0.2194471108944868
OOD_2254,normalized_margin_3D,0,0.16632142149977383
OOD_2255,normalized_margin_3D,1,0.2583093569886644
OOD_2256,normalized_margin_3D,0,0.14703106396392682
OOD_2257,normalized_margin_3D,0,0.2265538654051131
OOD_2258,normalized_margin_3D,0,0.15234000809882622
OOD_2259,normalized_margin_3D,1,0.7897845240285765
OOD_2260,normalized_margin_3D,1,0.8124615562306473
OOD_2261,normalized_margin_3D,0,0.14395687910947388
OOD_2262,normalized_margin_3D,0,0.2088611902393639
OOD_2263,normalized_margin_3D,0,0.262788515546662
OOD_2264,normalized_margin_3D,0,0.21727120493361102
OOD_2265,normalized_margin_3D,0,0.13133142746614127
OOD_2266,normalized_margin_3D,0,0.13582766464647217
OOD_2267,normalized_margin_3D,0,0.2470881501304671
OOD_2268,normalized_margin_3D,1,0.43216754590524253
OOD_2269,normalized_margin_3D,1,0.17161544972136572
OOD_2270,normalized_margin_3D,0,0.2421284440633604
OOD_2271,normalized_margin_3D,1,0.27777593667800754
OOD_2272,normalized_margin_3D,0,0.13996012092234314
OOD_2273,normalized_margin_3D,0,0.27030566174186266
OOD_2274,normalized_margin_3D,1,0.23527752621687606
OOD_2275,normalized_margin_3D,0,0.16264925761899726
OOD_2276,normalized_margin_3D,1,0.373734314023572
OOD_2277,normalized_margin_3D,1,0.21231714784365419
OOD_2278,normalized_margin_3D,1,0.42533580366518214
OOD_2279,normalized_margin_3D,0,0.1638804175360516
OOD_2280,normalized_margin_3D,1,0.2113220257841694
OOD_2281,normalized_margin_3D,0,0.18316172277819845
OOD_2282,normalized_margin_3D,0,0.14309392754604006
OOD_2283,normalized_margin_3D,1,0.49710900014106285
OOD_2284,normalized_margin_3D,1,0.5055462256032576
OOD_2285,normalized_margin_3D,0,0.25887916223327395
OOD_2286,normalized_margin_3D,0,0.35337401448567407
OOD_2287,normalized_margin_3D,0,0.13987477148615376
OOD_2288,normalized_margin_3D,1,0.16668184111920173
OOD_2289,normalized_margin_3D,0,0.2527234994128064
OOD_2290,normalized_margin_3D,0,0.17241629740208075
OOD_2291,normalized_margin_3D,0,0.25105533839995764
OOD_2292,normalized_margin_3D,0,0.2932687212881594
OOD_2293,normalized_margin_3D,1,0.40122196125529247
OOD_2294,normalized_margin_3D,1,0.17238580167694217
OOD_2295,normalized_margin_3D,0,0.14253437949722636
OOD_2296,normalized_margin_3D,1,0.3862029071829879
OOD_2297,normalized_margin_3D,0,0.20503381415157337
OOD_2298,normalized_margin_3D,0,0.23202541099004287
OOD_2299,normalized_margin_3D,0,0.16113590822870544
OOD_2300,normalized_margin_3D,1,0.43236364888319934
OOD_2301,normalized_margin_3D,0,0.21147045869099773
OOD_2302,normalized_margin_3D,1,0.18196532221709394
OOD_2303,normalized_margin_3D,1,0.8228356574050282
OOD_2304,normalized_margin_3D,0,0.14681893903005752
OOD_2305,normalized_margin_3D,0,0.1439255997724521
OOD_2306,normalized_margin_3D,0,0.14516945434636502
OOD_2307,normalized_margin_3D,0,0.17966893345169754
OOD_2308,normalized_margin_3D,1,0.5424005486846649
OOD_2309,normalized_margin_3D,1,0.2944325180265396
OOD_2310,normalized_margin_3D,1,0.8167534357149369
OOD_2311,normalized_margin_3D,1,0.27221963550838857
OOD_2312,normalized_margin_3D,1,0.4637276050455027
OOD_2313,normalized_margin_3D,0,0.2125544557652626
OOD_2314,normalized_margin_3D,0,0.359488182310009
OOD_2315,normalized_margin_3D,0,0.3089299247194312
OOD_2316,normalized_margin_3D,0,0.13477862921606124
OOD_2317,normalized_margin_3D,0,0.24104617329941908
OOD_2318,normalized_margin_3D,0,0.13978167052198903
OOD_2319,normalized_margin_3D,0,0.21864414946844749
OOD_2320,normalized_margin_3D,0,0.2483391371314218
OOD_2321,normalized_margin_3D,0,0.15097283338160797
OOD_2322,normalized_margin_3D,1,0.259414818523535
OOD_2323,normalized_margin_3D,0,0.346388670414907
OOD_2324,normalized_margin_3D,1,0.6873685119804966
OOD_2325,normalized_margin_3D,1,0.34821427661227805
OOD_2326,normalized_margin_3D,1,0.17897606273232114
OOD_2327,normalized_margin_3D,1,0.27011862362234923
OOD_2328,normalized_margin_3D,0,0.1729056882625624
OOD_2329,normalized_margin_3D,0,0.2112921212994566
OOD_2330,normalized_margin_3D,0,0.15368474988264622
OOD_2331,normalized_margin_3D,1,0.4868257566278955
OOD_2332,normalized_margin_3D,0,0.1861016948245
OOD_2333,normalized_margin_3D,0,0.21071776033281828
OOD_2334,normalized_margin_3D,1,0.3208300698892827
OOD_2335,normalized_margin_3D,0,0.29247790518081274
OOD_2336,normalized_margin_3D,0,0.2670706878149478
OOD_2337,normalized_margin_3D,0,0.14003353498767115
OOD_2338,normalized_margin_3D,0,0.15791263228250257
OOD_2339,normalized_margin_3D,0,0.15680759469218214
OOD_2340,normalized_margin_3D,1,0.3040572030290797
OOD_2341,normalized_margin_3D,0,0.3112233419320982
OOD_2342,normalized_margin_3D,0,0.15818067675677322
OOD_2343,normalized_margin_3D,0,0.2952146669441074
OOD_2344,normalized_margin_3D,0,0.19120297373905634
OOD_2345,normalized_margin_3D,0,0.2075412877703273
OOD_2346,normalized_margin_3D,1,0.3341194555879417
OOD_2347,normalized_margin_3D,0,0.15595501087958147
OOD_2348,normalized_margin_3D,0,0.14558099581738065
OOD_2349,normalized_margin_3D,0,0.22592062510759592
OOD_2350,normalized_margin_3D,0,0.17494572939434208
OOD_2351,normalized_margin_3D,1,0.38387235483029786
OOD_2352,normalized_margin_3D,0,0.21882904114111468
OOD_2353,normalized_margin_3D,0,0.44315550437902335
OOD_2354,normalized_margin_3D,0,0.19255631389759034
OOD_2355,normalized_margin_3D,0,0.24759626168135293
OOD_2356,normalized_margin_3D,0,0.2148229287589051
OOD_2357,normalized_margin_3D,1,0.18085721999158336
OOD_2358,normalized_margin_3D,0,0.14115531573774281
OOD_2359,normalized_margin_3D,0,0.16795131065040017
OOD_2360,normalized_margin_3D,0,0.2284090332419157
OOD_2361,normalized_margin_3D,0,0.25629073761731835
OOD_2362,normalized_margin_3D,1,0.615834523999736
OOD_2363,normalized_margin_3D,0,0.21273938051636612
OOD_2364,normalized_margin_3D,1,0.1874238364342253
OOD_2365,normalized_margin_3D,0,0.3292767822320954
OOD_2366,normalized_margin_3D,1,0.8652658893512097
OOD_2367,normalized_margin_3D,1,0.2638073161345478
OOD_2368,normalized_margin_3D,1,0.49021485987140834
OOD_2369,normalized_margin_3D,0,0.14127440932636598
OOD_2370,normalized_margin_3D,0,0.15956661327773589
OOD_2371,normalized_margin_3D,1,0.9259481745612298
OOD_2372,normalized_margin_3D,1,0.8627027933439727
OOD_2373,normalized_margin_3D,0,0.14062140286946254
OOD_2374,normalized_margin_3D,1,0.1703248741735151
OOD_2375,normalized_margin_3D,0,0.14425334491506647
OOD_2376,normalized_margin_3D,0,0.16703753091622892
OOD_2377,normalized_margin_3D,0,0.18516104050074586
OOD_2378,normalized_margin_3D,1,0.28213412427685103
OOD_2379,normalized_margin_3D,0,0.1582400946457725
OOD_2380,normalized_margin_3D,0,0.13240531969642994
OOD_2381,normalized_margin_3D,0,0.20143598953122446
OOD_2382,normalized_margin_3D,0,0.19067947705663746
OOD_2383,normalized_margin_3D,0,0.24021305484026131
OOD_2384,normalized_margin_3D,1,0.3625809521089744
OOD_2385,normalized_margin_3D,1,0.6841841431954914
OOD_2386,normalized_margin_3D,1,0.6763238619160096
OOD_2387,normalized_margin_3D,1,0.6369602793563203
OOD_2388,normalized_margin_3D,1,0.18962993090437755
OOD_2389,normalized_margin_3D,0,0.3589475381513218
OOD_2390,normalized_margin_3D,0,0.23476704068006843
OOD_2391,normalized_margin_3D,0,0.3232369758465315
OOD_2392,normalized_margin_3D,1,0.8095246723133086
OOD_2393,normalized_margin_3D,1,0.714127523599475
OOD_2394,normalized_margin_3D,0,0.14942117205818606
OOD_2395,normalized_margin_3D,1,0.39149151932564946
OOD_2396,normalized_margin_3D,0,0.1453752804447002
OOD_2397,normalized_margin_3D,1,0.9314802326185193
OOD_2398,normalized_margin_3D,0,0.15704494884078657
OOD_2399,normalized_margin_3D,0,0.1704107670721808
OOD_2400,normalized_margin_3D,0,0.4586635605095743
OOD_2401,normalized_margin_3D,1,0.5281206581411897
OOD_2402,normalized_margin_3D,0,0.14174368917536523
OOD_2403,normalized_margin_3D,1,0.17444955071709417
OOD_2404,normalized_margin_3D,1,0.1785706573102007
OOD_2405,normalized_margin_3D,0,0.16200714432559943
OOD_2406,normalized_margin_3D,0,0.3376240534470725
OOD_2407,normalized_margin_3D,0,0.19061655784290685
OOD_2408,normalized_margin_3D,0,0.31545010874613233
OOD_2409,normalized_margin_3D,0,0.16346829517740796
OOD_2410,normalized_margin_3D,0,0.1790773099589214
OOD_2411,normalized_margin_3D,0,0.22638605132039555
OOD_2412,normalized_margin_3D,0,0.48494072323127796
OOD_2413,normalized_margin_3D,1,0.7583726042389238
OOD_2414,normalized_margin_3D,0,0.16875652657691664
OOD_2415,normalized_margin_3D,0,0.26708922368647964
OOD_2416,normalized_margin_3D,0,0.18139895914060886
OOD_2417,normalized_margin_3D,0,0.15213530472379994
OOD_2418,normalized_margin_3D,0,0.13839243457265307
OOD_2419,normalized_margin_3D,0,0.22411804346344408
OOD_2420,normalized_margin_3D,0,0.14559040289188083
OOD_2421,normalized_margin_3D,1,0.38250286034072395
OOD_2422,normalized_margin_3D,1,0.4098507935987578
OOD_2423,normalized_margin_3D,1,0.3990813069714314
OOD_2424,normalized_margin_3D,1,0.616662023587167
OOD_2425,normalized_margin_3D,1,0.3774943753561754
OOD_2426,normalized_margin_3D,1,0.4855126849189848
OOD_2427,normalized_margin_3D,1,0.2259388900526398
OOD_2428,normalized_margin_3D,0,0.16278199282071196
OOD_2429,normalized_margin_3D,1,0.5766616243702931
OOD_2430,normalized_margin_3D,1,0.4528774024393978
OOD_2431,normalized_margin_3D,1,0.22796062016203528
OOD_2432,normalized_margin_3D,1,0.64759435601651
OOD_2433,normalized_margin_3D,1,0.5795149228826384
OOD_2434,normalized_margin_3D,0,0.38436467762475757
OOD_2435,normalized_margin_3D,0,0.13551264343257122
OOD_2436,normalized_margin_3D,1,0.39922525040786133
OOD_2437,normalized_margin_3D,0,0.1570587561736543
OOD_2438,normalized_margin_3D,0,0.2408813768472223
OOD_2439,normalized_margin_3D,0,0.41832224374982263
OOD_2440,normalized_margin_3D,0,0.13504906001842373
OOD_2441,normalized_margin_3D,1,0.3009811223231718
OOD_2442,normalized_margin_3D,0,0.35687246569293324
OOD_2443,normalized_margin_3D,1,0.6312686955080498
OOD_2444,normalized_margin_3D,0,0.15500580275701023
OOD_2445,normalized_margin_3D,0,0.15312637167840698
OOD_2446,normalized_margin_3D,1,0.8267305772506964
OOD_2447,normalized_margin_3D,1,0.3270590241255439
OOD_2448,normalized_margin_3D,0,0.13448927819756287
OOD_2449,normalized_margin_3D,0,0.330878840480858
OOD_2450,normalized_margin_3D,1,0.9251108031333621
OOD_2451,normalized_margin_3D,0,0.21433102216656089
OOD_2452,normalized_margin_3D,0,0.1873605627682913
OOD_2453,normalized_margin_3D,0,0.15034806719375204
OOD_2454,normalized_margin_3D,0,0.15785063945047315
OOD_2455,normalized_margin_3D,0,0.21161602835794066
OOD_2456,normalized_margin_3D,1,0.37439338247221715
OOD_2457,normalized_margin_3D,1,0.622581910303446
OOD_2458,normalized_margin_3D,0,0.1962546659478434
OOD_2459,normalized_margin_3D,0,0.215672551589685
OOD_2460,normalized_margin_3D,0,0.18582366598105104
OOD_2461,normalized_margin_3D,1,0.28785966010244396
OOD_2462,normalized_margin_3D,0,0.31213128889940556
OOD_2463,normalized_margin_3D,0,0.16717825817438173
OOD_2464,normalized_margin_3D,1,0.22246366326201894
OOD_2465,normalized_margin_3D,0,0.1366605599116937
OOD_2466,normalized_margin_3D,1,0.2653926301966422
OOD_2467,normalized_margin_3D,0,0.21062187170497504
OOD_2468,normalized_margin_3D,0,0.18058045276568063
OOD_2469,normalized_margin_3D,0,0.22455987046725226
OOD_2470,normalized_margin_3D,0,0.1775096034227936
OOD_2471,normalized_margin_3D,1,0.33018963385251576
OOD_2472,normalized_margin_3D,1,0.2928648036374471
OOD_2473,normalized_margin_3D,0,0.32360048745587805
OOD_2474,normalized_margin_3D,0,0.1556108417132672
OOD_2475,normalized_margin_3D,1,0.873116161150474
OOD_2476,normalized_margin_3D,0,0.14583274321219727
OOD_2477,normalized_margin_3D,0,0.49197359688014786
OOD_2478,normalized_margin_3D,1,0.6145640579266981
OOD_2479,normalized_margin_3D,1,0.7768192909376894
OOD_2480,normalized_margin_3D,0,0.16522552925376432
OOD_2481,normalized_margin_3D,0,0.16502918728015678
OOD_2482,normalized_margin_3D,0,0.14993077103699165
OOD_2483,normalized_margin_3D,1,0.4941752467973719
OOD_2484,normalized_margin_3D,1,0.3654215613319125
OOD_2485,normalized_margin_3D,0,0.19689687954516735
OOD_2486,normalized_margin_3D,0,0.1425501467452253
OOD_2487,normalized_margin_3D,0,0.14407198295775928
OOD_2488,normalized_margin_3D,0,0.15007178475000144
OOD_2489,normalized_margin_3D,1,0.45321464540446194
OOD_2490,normalized_margin_3D,0,0.20625539642831536
OOD_2491,normalized_margin_3D,1,0.9013488635696348
OOD_2492,normalized_margin_3D,0,0.16178541599627244
OOD_2493,normalized_margin_3D,0,0.34172737468462155
OOD_2494,normalized_margin_3D,0,0.1583926612814243
OOD_2495,normalized_margin_3D,0,0.17162871267548907
OOD_2496,normalized_margin_3D,1,0.40161363741291567
OOD_2497,normalized_margin_3D,0,0.16301796397344914
OOD_2498,normalized_margin_3D,0,0.16423956556179678
OOD_2499,normalized_margin_3D,1,0.17070134900618789
OOD_2500,normalized_margin_3D,1,0.38619467462167534
OOD_2501,normalized_margin_3D,0,0.18912037949724597
OOD_2502,normalized_margin_3D,0,0.17181853761554997
OOD_2503,normalized_margin_3D,1,0.26063566092061524
OOD_2504,normalized_margin_3D,0,0.3535976651288715
OOD_2505,normalized_margin_3D,0,0.18918243826719186
OOD_2506,normalized_margin_3D,0,0.19426527035109487
OOD_2507,normalized_margin_3D,1,0.2416642653363264
OOD_2508,normalized_margin_3D,0,0.2892024224493931
OOD_2509,normalized_margin_3D,1,0.5908644769636469
OOD_2510,normalized_margin_3D,1,0.682151108318994
OOD_2511,normalized_margin_3D,1,0.23655118063176941
OOD_2512,normalized_margin_3D,1,0.14918358089528913
OOD_2513,normalized_margin_3D,1,0.3833988936876424
OOD_2514,normalized_margin_3D,0,0.17207763391306252
OOD_2515,normalized_margin_3D,0,0.2873406626541733
OOD_2516,normalized_margin_3D,0,0.1387980877143066
OOD_2517,normalized_margin_3D,0,0.15742756546419245
OOD_2518,normalized_margin_3D,0,0.13460080946669384
OOD_2519,normalized_margin_3D,0,0.1690459517797894
OOD_2520,normalized_margin_3D,0,0.24587773528330215
OOD_2521,normalized_margin_3D,1,0.1767017515556673
OOD_2522,normalized_margin_3D,0,0.23591668144220418
OOD_2523,normalized_margin_3D,1,0.4133828787054909
OOD_2524,normalized_margin_3D,0,0.18470714637231936
OOD_2525,normalized_margin_3D,1,0.541405908231104
OOD_2526,normalized_margin_3D,0,0.13984350868827392
OOD_2527,normalized_margin_3D,0,0.1561441938822395
OOD_2528,normalized_margin_3D,0,0.20360394160308912
OOD_2529,normalized_margin_3D,0,0.20708761305424378
OOD_2530,normalized_margin_3D,0,0.21364002967376697
OOD_2531,normalized_margin_3D,0,0.1368567864157901
OOD_2532,normalized_margin_3D,0,0.27764435888676264
OOD_2533,normalized_margin_3D,0,0.14441146087675305
OOD_2534,normalized_margin_3D,0,0.24921359745786476
OOD_2535,normalized_margin_3D,0,0.267015332983177
OOD_2536,normalized_margin_3D,1,0.35000435329948865
OOD_2537,normalized_margin_3D,1,0.2169973003238653
OOD_2538,normalized_margin_3D,1,0.19621324668208404
OOD_2539,normalized_margin_3D,0,0.1392822849473218
OOD_2540,normalized_margin_3D,0,0.5734137897921255
OOD_2541,normalized_margin_3D,0,0.3946410283439358
OOD_2542,normalized_margin_3D,0,0.14997968514397647
OOD_2543,normalized_margin_3D,1,0.6298173555491019
OOD_2544,normalized_margin_3D,0,0.14405086232087952
OOD_2545,normalized_margin_3D,1,0.8274980935366694
OOD_2546,normalized_margin_3D,1,0.46061725106296475
OOD_2547,normalized_margin_3D,0,0.24214530569140996
OOD_2548,normalized_margin_3D,1,0.3375419857335151
OOD_2549,normalized_margin_3D,1,0.6729244647948684
OOD_2550,normalized_margin_3D,0,0.17222876552078206
OOD_2551,normalized_margin_3D,0,0.5204042465304236
OOD_2552,normalized_margin_3D,1,0.5520809070477855
OOD_2553,normalized_margin_3D,0,0.17580650249064744
OOD_2554,normalized_margin_3D,0,0.15168730678302997
OOD_2555,normalized_margin_3D,1,0.6900580693722191
OOD_2556,normalized_margin_3D,0,0.16464927123422832
OOD_2557,normalized_margin_3D,0,0.18713939297893759
OOD_2558,normalized_margin_3D,0,0.16864451223602
OOD_2559,normalized_margin_3D,0,0.1601621888434675
OOD_2560,normalized_margin_3D,1,0.6568985564886327
OOD_2561,normalized_margin_3D,1,0.5561344569658667
OOD_2562,normalized_margin_3D,0,0.49746168544201297
OOD_2563,normalized_margin_3D,0,0.26996776785587556
OOD_2564,normalized_margin_3D,0,0.3959648119614373
OOD_2565,normalized_margin_3D,0,0.44138583475603616
OOD_2566,normalized_margin_3D,1,0.30006132245986233
OOD_2567,normalized_margin_3D,0,0.25313336619174986
OOD_2568,normalized_margin_3D,1,0.7878456703094497
OOD_2569,normalized_margin_3D,0,0.16743346647680005
OOD_2570,normalized_margin_3D,0,0.14334921243564713
OOD_2571,normalized_margin_3D,1,0.1788264384589541
OOD_2572,normalized_margin_3D,1,0.29500151214453507
OOD_2573,normalized_margin_3D,0,0.1422395116207379
OOD_2574,normalized_margin_3D,1,0.2795014350758686
OOD_2575,normalized_margin_3D,1,0.1623021280206243
OOD_2576,normalized_margin_3D,0,0.1611657275405234
OOD_2577,normalized_margin_3D,1,0.20881298316623575
OOD_2578,normalized_margin_3D,1,0.34468369642291435
OOD_2579,normalized_margin_3D,0,0.16747205922913336
OOD_2580,normalized_margin_3D,0,0.17643144298810587
OOD_2581,normalized_margin_3D,0,0.2600917247139021
OOD_2582,normalized_margin_3D,0,0.15567772715724215
OOD_2583,normalized_margin_3D,0,0.20858576485034458
OOD_2584,normalized_margin_3D,1,0.640809338762413
OOD_2585,normalized_margin_3D,0,0.32827781214258994
OOD_2586,normalized_margin_3D,1,0.4193264864681558
OOD_2587,normalized_margin_3D,0,0.21178298924846997
OOD_2588,normalized_margin_3D,0,0.22319588321588826
OOD_2589,normalized_margin_3D,0,0.41188424627015946
OOD_2590,normalized_margin_3D,1,0.6969675379942047
OOD_2591,normalized_margin_3D,0,0.21978516252083796
OOD_2592,normalized_margin_3D,0,0.16855282804350935
OOD_2593,normalized_margin_3D,1,0.6479829083950743
OOD_2594,normalized_margin_3D,0,0.17278180282969058
OOD_2595,normalized_margin_3D,0,0.17156742039892972
OOD_2596,normalized_margin_3D,1,0.24173085550717385
OOD_2597,normalized_margin_3D,0,0.1402462208286601
OOD_2598,normalized_margin_3D,0,0.13690551239289556
OOD_2599,normalized_margin_3D,0,0.30204362734883267
OOD_2600,normalized_margin_3D,0,0.15116443322294965
OOD_2601,normalized_margin_3D,0,0.14490777964456203
OOD_2602,normalized_margin_3D,0,0.13614206377917012
OOD_2603,normalized_margin_3D,0,0.1729624432356013
OOD_2604,normalized_margin_3D,0,0.1478797675211681
OOD_2605,normalized_margin_3D,0,0.2765475104997515
OOD_2606,normalized_margin_3D,1,0.7605848559581622
OOD_2607,normalized_margin_3D,0,0.17006639206235072
OOD_2608,normalized_margin_3D,1,0.6854694869809829
OOD_2609,normalized_margin_3D,1,0.6625950767926845
OOD_2610,normalized_margin_3D,1,0.3024666205070471
OOD_2611,normalized_margin_3D,0,0.1715960817903147
OOD_2612,normalized_margin_3D,1,0.5189593678660983
OOD_2613,normalized_margin_3D,0,0.15020717683252655
OOD_2614,normalized_margin_3D,0,0.18138655394960596
OOD_2615,normalized_margin_3D,1,0.40898438406577614
OOD_2616,normalized_margin_3D,0,0.14771284598871942
OOD_2617,normalized_margin_3D,1,0.7457982129498003
OOD_2618,normalized_margin_3D,1,0.17754188250667888
OOD_2619,normalized_margin_3D,1,0.8576515392676622
OOD_2620,normalized_margin_3D,1,0.337261382965116
OOD_2621,normalized_margin_3D,0,0.20167025672748123
OOD_2622,normalized_margin_3D,0,0.1368743768219177
OOD_2623,normalized_margin_3D,0,0.2323051703512553
OOD_2624,normalized_margin_3D,0,0.3318181144656069
OOD_2625,normalized_margin_3D,1,0.4385850544301982
OOD_2626,normalized_margin_3D,0,0.165346229130145
OOD_2627,normalized_margin_3D,1,0.18126738327404396
OOD_2628,normalized_margin_3D,0,0.14358030834941696
OOD_2629,normalized_margin_3D,0,0.13346514190732425
OOD_2630,normalized_margin_3D,0,0.14496597236298983
OOD_2631,normalized_margin_3D,1,0.8370673513707392
OOD_2632,normalized_margin_3D,0,0.42394523908014003
OOD_2633,normalized_margin_3D,0,0.17881687855893816
OOD_2634,normalized_margin_3D,0,0.13460542870943984
OOD_2635,normalized_margin_3D,0,0.13672351412873476
OOD_2636,normalized_margin_3D,0,0.5669280531987578
OOD_2637,normalized_margin_3D,0,0.18344693373629717
OOD_2638,normalized_margin_3D,0,0.1549503332847662
OOD_2639,normalized_margin_3D,1,0.4417196821110123
OOD_2640,normalized_margin_3D,0,0.15909468344731859
OOD_2641,normalized_margin_3D,0,0.14562511388662885
OOD_2642,normalized_margin_3D,0,0.13261269831585462
OOD_2643,normalized_margin_3D,0,0.16385464683148215
OOD_2644,normalized_margin_3D,1,0.5635983833209051
OOD_2645,normalized_margin_3D,1,0.3107766328926121
OOD_2646,normalized_margin_3D,0,0.16712283933801217
OOD_2647,normalized_margin_3D,0,0.1337224436581529
OOD_2648,normalized_margin_3D,0,0.2798106878419556
OOD_2649,normalized_margin_3D,0,0.2962607698096868
OOD_2650,normalized_margin_3D,0,0.1424993758133929
OOD_2651,normalized_margin_3D,0,0.4267621387733374
OOD_2652,normalized_margin_3D,1,0.8895620431007124
OOD_2653,normalized_margin_3D,0,0.13496512102727895
OOD_2654,normalized_margin_3D,1,0.5103521676973608
OOD_2655,normalized_margin_3D,1,0.397490075501768
OOD_2656,normalized_margin_3D,1,0.4340416842481022
OOD_2657,normalized_margin_3D,0,0.18591983487818092
OOD_2658,normalized_margin_3D,0,0.15908796652637602
OOD_2659,normalized_margin_3D,0,0.15534855445330456
OOD_2660,normalized_margin_3D,1,0.293253030714359
OOD_2661,normalized_margin_3D,0,0.1400510114351474
OOD_2662,normalized_margin_3D,0,0.3112262921479216
OOD_2663,normalized_margin_3D,0,0.14341871710992957
OOD_2664,normalized_margin_3D,0,0.1788831635477941
OOD_2665,normalized_margin_3D,0,0.16465947737462563
OOD_2666,normalized_margin_3D,1,0.21365882989384197
OOD_2667,normalized_margin_3D,0,0.21850583508765112
OOD_2668,normalized_margin_3D,0,0.2570801347686042
OOD_2669,normalized_margin_3D,1,0.4436299346227678
OOD_2670,normalized_margin_3D,1,0.47787802527112766
OOD_2671,normalized_margin_3D,1,0.3576810864922006
OOD_2672,normalized_margin_3D,0,0.269530400175165
OOD_2673,normalized_margin_3D,1,0.6637782620151023
OOD_2674,normalized_margin_3D,1,0.31353511560337044
OOD_2675,normalized_margin_3D,1,0.36897713194690784
OOD_2676,normalized_margin_3D,0,0.25098157623713835
OOD_2677,normalized_margin_3D,1,0.1530129959356448
OOD_2678,normalized_margin_3D,0,0.25244804170619817
OOD_2679,normalized_margin_3D,0,0.2140671714904714
OOD_2680,normalized_margin_3D,1,0.2823921566087383
OOD_2681,normalized_margin_3D,1,0.3065045002617783
OOD_2682,normalized_margin_3D,0,0.13632836324799005
OOD_2683,normalized_margin_3D,1,0.34680216973699196
OOD_2684,normalized_margin_3D,1,0.5388382380958426
OOD_2685,normalized_margin_3D,0,0.1939447520099452
OOD_2686,normalized_margin_3D,1,0.6435715220138319
OOD_2687,normalized_margin_3D,0,0.18648748219858502
OOD_2688,normalized_margin_3D,0,0.21669963345403934
OOD_2689,normalized_margin_3D,0,0.1411055754171951
OOD_2690,normalized_margin_3D,1,0.47571887718539324
OOD_2691,normalized_margin_3D,1,0.48827776652135335
OOD_2692,normalized_margin_3D,0,0.2679838985518916
OOD_2693,normalized_margin_3D,0,0.24171897408546536
OOD_2694,normalized_margin_3D,1,0.35926599966896716
OOD_2695,normalized_margin_3D,0,0.15939610049782396
OOD_2696,normalized_margin_3D,0,0.13998075826080741
OOD_2697,normalized_margin_3D,0,0.3463925178768647
OOD_2698,normalized_margin_3D,0,0.35493849799238564
OOD_2699,normalized_margin_3D,0,0.1966220873942498
OOD_2700,normalized_margin_3D,1,0.3946331001565458
OOD_2701,normalized_margin_3D,0,0.20266223558857185
OOD_2702,normalized_margin_3D,0,0.22313924015927183
OOD_2703,normalized_margin_3D,0,0.16464330603333652
OOD_2704,normalized_margin_3D,0,0.16080024816422622
OOD_2705,normalized_margin_3D,0,0.16531560762471523
OOD_2706,normalized_margin_3D,1,0.33506927602620323
OOD_2707,normalized_margin_3D,0,0.20814196542572688
OOD_2708,normalized_margin_3D,0,0.22896683298149972
OOD_2709,normalized_margin_3D,0,0.19173795765658985
OOD_2710,normalized_margin_3D,1,0.7830920250900447
OOD_2711,normalized_margin_3D,0,0.2647600862030727
OOD_2712,normalized_margin_3D,0,0.1529876989969143
OOD_2713,normalized_margin_3D,1,0.4002613431823275
OOD_2714,normalized_margin_3D,1,0.20845471527361648
OOD_2715,normalized_margin_3D,0,0.17644358130230267
OOD_2716,normalized_margin_3D,0,0.35130040128279955
OOD_2717,normalized_margin_3D,1,0.20109367251154167
OOD_2718,normalized_margin_3D,1,0.17164626974238567
OOD_2719,normalized_margin_3D,0,0.3508298564764842
OOD_2720,normalized_margin_3D,0,0.134624948534327
OOD_2721,normalized_margin_3D,1,0.2950653244610142
OOD_2722,normalized_margin_3D,1,0.17655161437108868
OOD_2723,normalized_margin_3D,1,0.5705708170280126
OOD_2724,normalized_margin_3D,0,0.1991500245071671
OOD_2725,normalized_margin_3D,0,0.2295030827023058
OOD_2726,normalized_margin_3D,0,0.1421673021262129
OOD_2727,normalized_margin_3D,1,0.3207860823818664
OOD_2728,normalized_margin_3D,1,0.4089988873047262
OOD_2729,normalized_margin_3D,1,0.5684203248572212
OOD_2730,normalized_margin_3D,1,0.7201890266580642
OOD_2731,normalized_margin_3D,1,0.6147276767788769
OOD_2732,normalized_margin_3D,1,0.30475778571820017
OOD_2733,normalized_margin_3D,1,0.5638863122038994
OOD_2734,normalized_margin_3D,0,0.21489417181051917
OOD_2735,normalized_margin_3D,1,0.20432866902067992
OOD_2736,normalized_margin_3D,1,0.1636289902673312
OOD_2737,normalized_margin_3D,0,0.15109835871824015
OOD_2738,normalized_margin_3D,0,0.19256206064980594
OOD_2739,normalized_margin_3D,1,0.15330881328635415
OOD_2740,normalized_margin_3D,0,0.14315592086616336
OOD_2741,normalized_margin_3D,1,0.31002745695359757
OOD_2742,normalized_margin_3D,0,0.15412528148921975
OOD_2743,normalized_margin_3D,0,0.2080267098636515
OOD_2744,normalized_margin_3D,1,0.5211515898796008
OOD_2745,normalized_margin_3D,0,0.2861183649674472
OOD_2746,normalized_margin_3D,0,0.20980497947637514
OOD_2747,normalized_margin_3D,1,0.2352742773654021
OOD_2748,normalized_margin_3D,0,0.29398577165413864
OOD_2749,normalized_margin_3D,1,0.17820484587511237
OOD_2750,normalized_margin_3D,0,0.1802586674953629
OOD_2751,normalized_margin_3D,0,0.27321416218559963
OOD_2752,normalized_margin_3D,1,0.417985026092782
OOD_2753,normalized_margin_3D,0,0.17797064860983083
OOD_2754,normalized_margin_3D,0,0.1538680579949134
OOD_2755,normalized_margin_3D,1,0.9515451507728362
OOD_2756,normalized_margin_3D,0,0.16926688073682866
OOD_2757,normalized_margin_3D,0,0.32327210703630715
OOD_2758,normalized_margin_3D,1,0.5107935247893752
OOD_2759,normalized_margin_3D,0,0.19446457341963874
OOD_2760,normalized_margin_3D,1,0.1825795899618627
OOD_2761,normalized_margin_3D,0,0.1565023243214591
OOD_2762,normalized_margin_3D,1,0.295547545547231
OOD_2763,normalized_margin_3D,0,0.21149418881140153
OOD_2764,normalized_margin_3D,0,0.26645979214028875
OOD_2765,normalized_margin_3D,0,0.14165324796924908
OOD_2766,normalized_margin_3D,0,0.16838864106029697
OOD_2767,normalized_margin_3D,1,0.2055462788813715
OOD_2768,normalized_margin_3D,1,0.6231835615343967
OOD_2769,normalized_margin_3D,1,0.17185170853167023
OOD_2770,normalized_margin_3D,1,0.5191371719171367
OOD_2771,normalized_margin_3D,0,0.29914203433110037
OOD_2772,normalized_margin_3D,0,0.14969998890610683
OOD_2773,normalized_margin_3D,0,0.16771383416747435
OOD_2774,normalized_margin_3D,0,0.14451574704086498
OOD_2775,normalized_margin_3D,0,0.28544518051013207
OOD_2776,normalized_margin_3D,1,0.31895525803308233
OOD_2777,normalized_margin_3D,1,0.740240446614562
OOD_2778,normalized_margin_3D,1,0.8201387130456422
OOD_2779,normalized_margin_3D,0,0.1350821283264799
OOD_2780,normalized_margin_3D,0,0.18077016140811342
OOD_2781,normalized_margin_3D,0,0.21374539140646268
OOD_2782,normalized_margin_3D,1,0.39491511967373033
OOD_2783,normalized_margin_3D,1,0.8674838431835654
OOD_2784,normalized_margin_3D,0,0.2807582638399362
OOD_2785,normalized_margin_3D,1,0.26665278700973216
OOD_2786,normalized_margin_3D,0,0.1940577798344176
OOD_2787,normalized_margin_3D,1,0.5437479554855086
OOD_2788,normalized_margin_3D,0,0.22253269403483972
OOD_2789,normalized_margin_3D,0,0.1530924406005223
OOD_2790,normalized_margin_3D,0,0.22133005009208487
OOD_2791,normalized_margin_3D,0,0.16195323015143534
OOD_2792,normalized_margin_3D,0,0.32575587902733266
OOD_2793,normalized_margin_3D,0,0.30267461995768435
OOD_2794,normalized_margin_3D,0,0.1340159187664516
OOD_2795,normalized_margin_3D,0,0.19600131158572373
OOD_2796,normalized_margin_3D,1,0.19594862011165462
OOD_2797,normalized_margin_3D,0,0.1572548351972302
OOD_2798,normalized_margin_3D,0,0.35670683968660616
OOD_2799,normalized_margin_3D,0,0.22802973695322862
OOD_2800,normalized_margin_3D,0,0.15561542515287538
OOD_2801,normalized_margin_3D,1,0.7599506346016076
OOD_2802,normalized_margin_3D,0,0.1783398021460284
OOD_2803,normalized_margin_3D,0,0.3182799915717927
OOD_2804,normalized_margin_3D,0,0.30425107073869245
OOD_2805,normalized_margin_3D,1,0.40411261486419836
OOD_2806,normalized_margin_3D,0,0.16017978796734483
OOD_2807,normalized_margin_3D,0,0.26458251732286686
OOD_2808,normalized_margin_3D,1,0.6010400220252679
OOD_2809,normalized_margin_3D,0,0.3225703394474402
OOD_2810,normalized_margin_3D,0,0.29032868812110224
OOD_2811,normalized_margin_3D,0,0.46263007021143754
OOD_2812,normalized_margin_3D,0,0.15495923824075775
OOD_2813,normalized_margin_3D,0,0.17542338609836466
OOD_2814,normalized_margin_3D,0,0.23771304882304012
OOD_2815,normalized_margin_3D,0,0.32123829202975096
OOD_2816,normalized_margin_3D,0,0.1379627363744374
OOD_2817,normalized_margin_3D,1,0.33288888668132227
OOD_2818,normalized_margin_3D,1,0.22266811771962322
OOD_2819,normalized_margin_3D,0,0.3209318886340973
OOD_2820,normalized_margin_3D,0,0.14403538396536691
OOD_2821,normalized_margin_3D,1,0.7176739125912341
OOD_2822,normalized_margin_3D,1,0.345133322438317
OOD_2823,normalized_margin_3D,1,0.15477467101216139
OOD_2824,normalized_margin_3D,0,0.14258742602210833
OOD_2825,normalized_margin_3D,0,0.14993487105316985
OOD_2826,normalized_margin_3D,0,0.1892742601102326
OOD_2827,normalized_margin_3D,0,0.2750496600021709
OOD_2828,normalized_margin_3D,0,0.14574432365752127
OOD_2829,normalized_margin_3D,0,0.1924361852384377
OOD_2830,normalized_margin_3D,1,0.4527914536575276
OOD_2831,normalized_margin_3D,0,0.18699225159613045
OOD_2832,normalized_margin_3D,0,0.24201052730131642
OOD_2833,normalized_margin_3D,0,0.27858671618483866
OOD_2834,normalized_margin_3D,0,0.17928764322791244
OOD_2835,normalized_margin_3D,0,0.49639521665507735
OOD_2836,normalized_margin_3D,0,0.24317830784107594
OOD_2837,normalized_margin_3D,0,0.14250831477945589
OOD_2838,normalized_margin_3D,0,0.2358348881907255
OOD_2839,normalized_margin_3D,0,0.13610411180535306
OOD_2840,normalized_margin_3D,0,0.4456240692068346
OOD_2841,normalized_margin_3D,1,0.5118561592717827
OOD_2842,normalized_margin_3D,0,0.18324744413791513
OOD_2843,normalized_margin_3D,1,0.7690161628071327
OOD_2844,normalized_margin_3D,0,0.1920931426809578
OOD_2845,normalized_margin_3D,0,0.21130306752615696
OOD_2846,normalized_margin_3D,0,0.24120826955473296
OOD_2847,normalized_margin_3D,0,0.2844071643277032
OOD_2848,normalized_margin_3D,0,0.255872907980389
OOD_2849,normalized_margin_3D,0,0.1489988810341093
OOD_2850,normalized_margin_3D,1,0.24002849525602074
OOD_2851,normalized_margin_3D,0,0.21759464624827304
OOD_2852,normalized_margin_3D,0,0.16298260188164587
OOD_2853,normalized_margin_3D,0,0.34458816424259137
OOD_2854,normalized_margin_3D,1,0.4509985061001074
OOD_2855,normalized_margin_3D,1,0.268322843311849
OOD_2856,normalized_margin_3D,1,0.36029011823066426
OOD_2857,normalized_margin_3D,1,0.5746977598612824
OOD_2858,normalized_margin_3D,0,0.160777086447357
OOD_2859,normalized_margin_3D,0,0.15772721635061232
OOD_2860,normalized_margin_3D,1,0.36449397750502927
OOD_2861,normalized_margin_3D,0,0.1435346368787971
OOD_2862,normalized_margin_3D,1,0.46255083858405927
OOD_2863,normalized_margin_3D,0,0.14366815567488064
OOD_2864,normalized_margin_3D,0,0.22947855165356437
OOD_2865,normalized_margin_3D,0,0.1521511493794266
OOD_2866,normalized_margin_3D,0,0.1472290393706113
OOD_2867,normalized_margin_3D,1,0.4030067077698457
OOD_2868,normalized_margin_3D,1,0.47807706287244744
OOD_2869,normalized_margin_3D,0,0.21010331124442508
OOD_2870,normalized_margin_3D,1,0.6122551342745615
OOD_2871,normalized_margin_3D,1,0.5271285082099576
OOD_2872,normalized_margin_3D,0,0.15729435553136628
OOD_2873,normalized_margin_3D,1,0.5371616763416664
OOD_2874,normalized_margin_3D,0,0.4012102915677598
OOD_2875,normalized_margin_3D,0,0.16458627335242454
OOD_2876,normalized_margin_3D,0,0.28201543802323176
OOD_2877,normalized_margin_3D,1,0.5807536208781026
OOD_2878,normalized_margin_3D,0,0.19545462744232356
OOD_2879,normalized_margin_3D,1,0.4440952939939075
OOD_2880,normalized_margin_3D,1,0.4545384269379789
OOD_2881,normalized_margin_3D,0,0.38707701028129143
OOD_2882,normalized_margin_3D,0,0.43203497508256544
OOD_2883,normalized_margin_3D,0,0.2042548116617278
OOD_2884,normalized_margin_3D,1,0.24306326777528686
OOD_2885,normalized_margin_3D,1,0.8716758656922986
OOD_2886,normalized_margin_3D,0,0.14549885043364785
OOD_2887,normalized_margin_3D,0,0.19227327302767827
OOD_2888,normalized_margin_3D,0,0.30092476430471504
OOD_2889,normalized_margin_3D,1,0.3180350751370779
OOD_2890,normalized_margin_3D,1,0.7634138400612569
OOD_2891,normalized_margin_3D,1,0.24046212024499103
OOD_2892,normalized_margin_3D,0,0.1465488535109886
OOD_2893,normalized_margin_3D,0,0.21665405277101105
OOD_2894,normalized_margin_3D,0,0.19908690843007917
OOD_2895,normalized_margin_3D,1,0.6402652559550344
OOD_2896,normalized_margin_3D,1,0.4028805007625177
OOD_2897,normalized_margin_3D,0,0.19073987964348757
OOD_2898,normalized_margin_3D,0,0.15955619598024223
OOD_2899,normalized_margin_3D,1,0.3150533188963834
OOD_2900,normalized_margin_3D,0,0.159278064544008
OOD_2901,normalized_margin_3D,1,0.1889119867231795
OOD_2902,normalized_margin_3D,1,0.20155432251660288
OOD_2903,normalized_margin_3D,1,0.29489648078222264
OOD_2904,normalized_margin_3D,0,0.2111305973936376
OOD_2905,normalized_margin_3D,0,0.24519104495483515
OOD_2906,normalized_margin_3D,0,0.21983878890531375
OOD_2907,normalized_margin_3D,0,0.33266742206955563
OOD_2908,normalized_margin_3D,1,0.850619394236723
OOD_2909,normalized_margin_3D,0,0.2780295057201147
OOD_2910,normalized_margin_3D,0,0.13795475365140922
OOD_2911,normalized_margin_3D,0,0.14268301737816885
OOD_2912,normalized_margin_3D,0,0.3023337266279105
OOD_2913,normalized_margin_3D,1,0.18544339932184334
OOD_2914,normalized_margin_3D,0,0.14004662441490914
OOD_2915,normalized_margin_3D,1,0.2543246623761426
OOD_2916,normalized_margin_3D,0,0.13731395465237956
OOD_2917,normalized_margin_3D,1,0.19472306681056098
OOD_2918,normalized_margin_3D,0,0.15042834513728648
OOD_2919,normalized_margin_3D,0,0.19796305338477554
OOD_2920,normalized_margin_3D,0,0.26251810481105076
OOD_2921,normalized_margin_3D,0,0.2035356637817299
OOD_2922,normalized_margin_3D,0,0.2222863499281924
OOD_2923,normalized_margin_3D,0,0.2088141742072442
OOD_2924,normalized_margin_3D,0,0.14420651739521315
OOD_2925,normalized_margin_3D,0,0.16517599101303357
OOD_2926,normalized_margin_3D,0,0.19963162420250946
OOD_2927,normalized_margin_3D,0,0.153593320294484
OOD_2928,normalized_margin_3D,1,0.19058699740879897
OOD_2929,normalized_margin_3D,0,0.15951878679830964
OOD_2930,normalized_margin_3D,0,0.22073162593720197
OOD_2931,normalized_margin_3D,1,0.36950291907167254
OOD_2932,normalized_margin_3D,1,0.5082173315032019
OOD_2933,normalized_margin_3D,0,0.44379483491141336
OOD_2934,normalized_margin_3D,0,0.1464962973713773
OOD_2935,normalized_margin_3D,1,0.9576927935051323
OOD_2936,normalized_margin_3D,0,0.1479720810650773
OOD_2937,normalized_margin_3D,1,0.6042361839027987
OOD_2938,normalized_margin_3D,0,0.20969486688887348
OOD_2939,normalized_margin_3D,0,0.14364482234466022
OOD_2940,normalized_margin_3D,1,0.2980409844629053
OOD_2941,normalized_margin_3D,0,0.18975480582658855
OOD_2942,normalized_margin_3D,0,0.18531155292331733
OOD_2943,normalized_margin_3D,1,0.34287798539044434
OOD_2944,normalized_margin_3D,0,0.2006760513323722
OOD_2945,normalized_margin_3D,1,0.5504695346529779
OOD_2946,normalized_margin_3D,0,0.21136452556981458
OOD_2947,normalized_margin_3D,1,0.26357009487000216
OOD_2948,normalized_margin_3D,0,0.18315218477185188
OOD_2949,normalized_margin_3D,0,0.22487688754829957
OOD_2950,normalized_margin_3D,0,0.2178661998325891
OOD_2951,normalized_margin_3D,0,0.20283067088460602
OOD_2952,normalized_margin_3D,1,0.3369276828734192
OOD_2953,normalized_margin_3D,0,0.26869682555795504
OOD_2954,normalized_margin_3D,0,0.17787549489145615
OOD_2955,normalized_margin_3D,1,0.4017572418572287
OOD_2956,normalized_margin_3D,1,0.3872603242235338
OOD_2957,normalized_margin_3D,1,0.7288801339934984
OOD_2958,normalized_margin_3D,1,0.18465477675040612
OOD_2959,normalized_margin_3D,1,0.19798481812081864
OOD_2960,normalized_margin_3D,1,0.19834627323685092
OOD_2961,normalized_margin_3D,0,0.1987227968487304
OOD_2962,normalized_margin_3D,0,0.18110707776301235
OOD_2963,normalized_margin_3D,1,0.7152625365345883
OOD_2964,normalized_margin_3D,1,0.8216743624722727
OOD_2965,normalized_margin_3D,0,0.35364340023596436
OOD_2966,normalized_margin_3D,1,0.8223630170154027
OOD_2967,normalized_margin_3D,0,0.19715305385910054
OOD_2968,normalized_margin_3D,1,0.17037906840125414
OOD_2969,normalized_margin_3D,0,0.14237356208310514
OOD_2970,normalized_margin_3D,1,0.30694333112753763
OOD_2971,normalized_margin_3D,1,0.49540177516858086
OOD_2972,normalized_margin_3D,0,0.1688477995817991
OOD_2973,normalized_margin_3D,1,0.7437474765230603
OOD_2974,normalized_margin_3D,0,0.13550916895819284
OOD_2975,normalized_margin_3D,1,0.2252778306282666
OOD_2976,normalized_margin_3D,0,0.1736489697506718
OOD_2977,normalized_margin_3D,1,0.2569304253836586
OOD_2978,normalized_margin_3D,0,0.14721211404581605
OOD_2979,normalized_margin_3D,0,0.16761919575467601
OOD_2980,normalized_margin_3D,0,0.1584571433323741
OOD_2981,normalized_margin_3D,1,0.6671198315483824
OOD_2982,normalized_margin_3D,0,0.3618320388024339
OOD_2983,normalized_margin_3D,1,0.35979086595105825
OOD_2984,normalized_margin_3D,1,0.5285882485903656
OOD_2985,normalized_margin_3D,1,0.3586126006467305
OOD_2986,normalized_margin_3D,0,0.1346666433239845
OOD_2987,normalized_margin_3D,1,0.3716888353299126
OOD_2988,normalized_margin_3D,0,0.1889101960530454
OOD_2989,normalized_margin_3D,1,0.3749027605726398
OOD_2990,normalized_margin_3D,1,0.7598431430414191
OOD_2991,normalized_margin_3D,1,0.19860436791773584
OOD_2992,normalized_margin_3D,1,0.19329598579981427
OOD_2993,normalized_margin_3D,0,0.40063743484078285
OOD_2994,normalized_margin_3D,1,0.5629833873923821
OOD_2995,normalized_margin_3D,0,0.34246964986160194
OOD_2996,normalized_margin_3D,0,0.15335008346108767
OOD_2997,normalized_margin_3D,0,0.2291367048855478
OOD_2998,normalized_margin_3D,1,0.6958692175925425
OOD_2999,normalized_margin_3D,0,0.1973974356282032
